series_id,省,市,站点,楼栋,机房,设备类型,设备,测点类型,监控量,上报时间,上报值,单位,__file,__sheet,监控值,组别,测点编码,n_points,duration_s,window_found,v_min,v_max,v_range,label,anomaly_original,is_far,is_knn_high,knn_score,cluster_dist,best_shift,v_mean,d2_std,zigzag,shift_abs,dbscan_eps,dbscan_noise_ratio,dbscan_clusters,hard_anomaly,similarity_group,similarity_keep,anomaly
咸阳秦都西咸数据中心1号楼J301电力电池机房|10#开关电源蓄电池组|第1组|第1组单体6电池电压|1-J301电池室放电电池数据表.xlsx|DC10|DC10,陕西省,咸阳,中国移动西咸数据中心,咸阳秦都西咸数据中心1号楼站点,咸阳秦都西咸数据中心1号楼J301电力电池机房,铅酸电池,10#开关电源蓄电池组,单体XX电压,第1组单体6电池电压,2025-07-09T02:43:36,3.32,V,1-J301电池室放电电池数据表.xlsx,DC10,3.32,第1组,DC10,24,1701.0,False,0.0,3.32,-3.160722941586413,-1,True,True,True,9.491740532417369,9.491740532417369,7,26.074399550135894,-0.37843675689407275,0.8858840604285808,4.52970043850866,1.0763127160481123,0.060072815533980584,7,True,0.04397096638108281,False,True
咸阳秦都西咸数据中心1号楼J301电力电池机房|09#开关电源蓄电池组|第1组|第1组单体7电池电压|1-J301电池室放电电池数据表.xlsx|DC9|DC9,陕西省,咸阳,中国移动西咸数据中心,咸阳秦都西咸数据中心1号楼站点,咸阳秦都西咸数据中心1号楼J301电力电池机房,铅酸电池,09#开关电源蓄电池组,单体XX电压,第1组单体7电池电压,2025-07-09T02:13:03,2.211,V,1-J301电池室放电电池数据表.xlsx,DC9,2.211,第1组,DC9,29,4290.0,True,0.0,3.395,3.648016378668508,-1,True,True,True,8.7037189502576,8.7037189502576,-7,22.60899687020578,2.09593334599666,-0.5977315418187545,-3.9733428851405557,1.0763127160481123,0.060072815533980584,7,True,-0.7980825436434031,False,True
咸阳秦都西咸数据中心1号楼J301电力电池机房|11#开关电源蓄电池组|第1组|第1组单体10电池电压|1-J301电池室放电电池数据表.xlsx|DC11|DC11,陕西省,咸阳,中国移动西咸数据中心,咸阳秦都西咸数据中心1号楼站点,咸阳秦都西咸数据中心1号楼J301电力电池机房,铅酸电池,11#开关电源蓄电池组,单体XX电压,第1组单体10电池电压,2025-07-08T02:35:50,2.116,V,1-J301电池室放电电池数据表.xlsx,DC11,2.116,第1组,DC11,26,2381.0,True,0.0,3.424,-9.881193166597903,-1,True,True,True,7.494280311197207,7.494280311197207,-4,31.363356132027018,-0.34111998144990907,0.7396503624844663,5.536191638114241,1.0763127160481123,0.060072815533980584,7,True,-0.18412607378737883,False,True
咸阳秦都西咸数据中心1号楼J301电力电池机房|11#开关电源蓄电池组|第2组|第2组单体17电池电压|1-J301电池室放电电池数据表.xlsx|DC11|DC11,陕西省,咸阳,中国移动西咸数据中心,咸阳秦都西咸数据中心1号楼站点,咸阳秦都西咸数据中心1号楼J301电力电池机房,铅酸电池,11#开关电源蓄电池组,单体XX电压,第2组单体17电池电压,2025-07-08T02:32:29,3.298,V,1-J301电池室放电电池数据表.xlsx,DC11,3.298,第2组,DC11,29,1308.0,True,0.0,3.387,-5.034869989137944,-1,True,True,True,6.722714264411403,6.722714264411403,3,33.81734163115118,-0.8957593276536047,-2.2642927198728344,-5.502745564744864,1.0763127160481123,0.060072815533980584,7,True,0.021925492751403954,False,True
咸阳秦都西咸数据中心1号楼J301电力电池机房|10#开关电源蓄电池组|第1组|第1组单体2电池电压|1-J301电池室放电电池数据表.xlsx|DC10|DC10,陕西省,咸阳,中国移动西咸数据中心,咸阳秦都西咸数据中心1号楼站点,咸阳秦都西咸数据中心1号楼J301电力电池机房,铅酸电池,10#开关电源蓄电池组,单体XX电压,第1组单体2电池电压,2025-07-09T02:44:46,0.0,V,1-J301电池室放电电池数据表.xlsx,DC10,0.0,第1组,DC10,21,855.0,True,0.0,3.245,-5.208906523070924,-1,True,False,True,5.9935878427543425,5.9935878427543425,6,31.174235927027606,-2.1183936309587805,-0.9759385556549707,-2.5682640266319545,1.0763127160481123,0.060072815533980584,7,True,0.09381396884985793,False,True
咸阳秦都西咸数据中心1号楼J301电力电池机房|09#开关电源蓄电池组|第1组|第1组单体10电池电压|1-J301电池室放电电池数据表.xlsx|DC9|DC9,陕西省,咸阳,中国移动西咸数据中心,咸阳秦都西咸数据中心1号楼站点,咸阳秦都西咸数据中心1号楼J301电力电池机房,铅酸电池,09#开关电源蓄电池组,单体XX电压,第1组单体10电池电压,2025-07-09T02:17:07,2.266,V,1-J301电池室放电电池数据表.xlsx,DC9,2.266,第1组,DC9,29,1474.0,True,0.0,3.38,-11.174505459055277,-1,True,False,True,5.939929406894621,5.939929406894621,7,39.73056541808367,-2.9929472021593684,-0.27580303919075055,-2.298748472396041,1.0763127160481123,0.060072815533980584,7,True,0.34909052595572654,False,True
咸阳秦都西咸数据中心1号楼J301电力电池机房|09#开关电源蓄电池组|第1组|第1组单体2电池电压|1-J301电池室放电电池数据表.xlsx|DC9|DC9,陕西省,咸阳,中国移动西咸数据中心,咸阳秦都西咸数据中心1号楼站点,咸阳秦都西咸数据中心1号楼J301电力电池机房,铅酸电池,09#开关电源蓄电池组,单体XX电压,第1组单体2电池电压,2025-07-09T02:17:24,2.313,V,1-J301电池室放电电池数据表.xlsx,DC9,2.313,第1组,DC9,26,4282.0,True,0.0,3.286,5.3007874661424115,-1,True,False,True,5.90558096116497,5.90558096116497,-7,17.276268323367628,1.9190809579364232,-0.677918396864603,-3.736259889592555,1.0763127160481123,0.060072815533980584,7,True,-0.8516460414941054,False,True
咸阳秦都西咸数据中心1号楼J301电力电池机房|10#开关电源蓄电池组|第2组|第2组单体20电池电压|1-J301电池室放电电池数据表.xlsx|DC10|DC10,陕西省,咸阳,中国移动西咸数据中心,咸阳秦都西咸数据中心1号楼站点,咸阳秦都西咸数据中心1号楼J301电力电池机房,铅酸电池,10#开关电源蓄电池组,单体XX电压,第2组单体20电池电压,2025-07-09T02:35:19,0.0,V,1-J301电池室放电电池数据表.xlsx,DC10,0.0,第2组,DC10,29,1483.0,True,0.0,3.31,-12.587897080483037,-1,True,False,True,5.876845518169657,5.876845518169657,7,38.60776799930183,-2.00762439396085,0.6133459772078449,0.13822984855774198,1.0763127160481123,0.060072815533980584,7,True,0.26319607005030954,False,True
咸阳秦都西咸数据中心1号楼J301电力电池机房|08#开关电源蓄电池组|第2组|第2组单体18电池电压|1-J301电池室放电电池数据表.xlsx|DC8|DC8,陕西省,咸阳,中国移动西咸数据中心,咸阳秦都西咸数据中心1号楼站点,咸阳秦都西咸数据中心1号楼J301电力电池机房,铅酸电池,08#开关电源蓄电池组,单体XX电压,第2组单体18电池电压,2025-07-09T02:14:44,2.687,V,1-J301电池室放电电池数据表.xlsx,DC8,2.687,第2组,DC8,35,9862.0,True,0.0,3.33,-5.996105115434,-1,True,False,True,5.397826327498651,5.397826327498651,7,31.371637331418643,-0.6771678894390599,0.19168264337784058,-0.6439659835925882,1.0763127160481123,0.060072815533980584,7,True,0.37648785737206664,False,True
咸阳秦都西咸数据中心1号楼J301电力电池机房|09#开关电源蓄电池组|第1组|第1组单体4电池电压|1-J301电池室放电电池数据表.xlsx|DC9|DC9,陕西省,咸阳,中国移动西咸数据中心,咸阳秦都西咸数据中心1号楼站点,咸阳秦都西咸数据中心1号楼J301电力电池机房,铅酸电池,09#开关电源蓄电池组,单体XX电压,第1组单体4电池电压,2025-07-09T02:17:33,2.402,V,1-J301电池室放电电池数据表.xlsx,DC9,2.402,第1组,DC9,25,1971.0,True,0.0,3.395,-10.056498533306106,-1,True,False,True,4.657309223438048,4.657309223438048,7,37.66521441261612,-2.925148550463022,-0.05675772111996957,-0.5060481692494031,1.0763127160481123,0.060072815533980584,7,True,0.38590986793141757,False,True
咸阳秦都西咸数据中心1号楼J301电力电池机房|11#开关电源蓄电池组|第2组|第2组单体19电池电压|1-J301电池室放电电池数据表.xlsx|DC11|DC11,陕西省,咸阳,中国移动西咸数据中心,咸阳秦都西咸数据中心1号楼站点,咸阳秦都西咸数据中心1号楼J301电力电池机房,铅酸电池,11#开关电源蓄电池组,单体XX电压,第2组单体19电池电压,2025-07-08T02:34:22,0.0,V,1-J301电池室放电电池数据表.xlsx,DC11,0.0,第2组,DC11,27,1308.0,True,0.0,3.409,-8.599939725960947,-1,True,False,True,4.6382606148474395,4.6382606148474395,2,36.67604953145466,-1.0583791271756529,-1.2741297402906633,0.6678331195037275,1.0763127160481123,0.060072815533980584,7,True,0.008991049094792114,False,True
咸阳秦都西咸数据中心1号楼J301电力电池机房|10#开关电源蓄电池组|第2组|第2组单体14电池电压|1-J301电池室放电电池数据表.xlsx|DC10|DC10,陕西省,咸阳,中国移动西咸数据中心,咸阳秦都西咸数据中心1号楼站点,咸阳秦都西咸数据中心1号楼J301电力电池机房,铅酸电池,10#开关电源蓄电池组,单体XX电压,第2组单体14电池电压,2025-07-09T02:24:16,2.277,V,1-J301电池室放电电池数据表.xlsx,DC10,2.277,第2组,DC10,39,1457.0,True,0.0,3.344,-8.42723589242601,-1,True,False,True,4.276177293595548,4.276177293595548,7,35.7038373601716,-0.8393358254348261,0.29157732532436115,-0.9809534259171726,1.0763127160481123,0.060072815533980584,7,True,0.22723334458090524,False,True
咸阳秦都西咸数据中心2号楼J301电力电池机房|01#开关电源蓄电池组|第1组|第1组单体6电池电压|2-J301电池室放电电池数据表.xlsx|DC1|DC1,陕西省,咸阳,中国移动西咸数据中心,咸阳秦都西咸数据中心2号楼站点,咸阳秦都西咸数据中心2号楼J301电力电池机房,铅酸电池,01#开关电源蓄电池组,单体XX电压,第1组单体6电池电压,2025-07-11T03:11:44,2.811,V,2-J301电池室放电电池数据表.xlsx,DC1,2.811,第1组,DC1,31,1300.0,True,0.0,3.416,7.966239040833779,-1,True,False,True,3.980433430266914,3.980433430266914,7,11.906724717743426,2.973682398680359,0.004770357337772757,-0.09754105159493587,1.0763127160481123,0.060072815533980584,7,True,0.3989939620232952,False,True
咸阳秦都西咸数据中心2号楼J301电力电池机房|01#开关电源蓄电池组|第1组|第1组单体2电池电压|2-J301电池室放电电池数据表.xlsx|DC1|DC1,陕西省,咸阳,中国移动西咸数据中心,咸阳秦都西咸数据中心2号楼站点,咸阳秦都西咸数据中心2号楼J301电力电池机房,铅酸电池,01#开关电源蓄电池组,单体XX电压,第1组单体2电池电压,2025-07-11T03:15:27,2.276,V,2-J301电池室放电电池数据表.xlsx,DC1,2.276,第1组,DC1,30,1352.0,True,0.0,3.357,10.956818943642142,-1,True,False,True,3.8747413567682276,3.8747413567682276,7,17.509741643104086,2.7237875639636147,-0.6998305391769206,-0.602181183280804,1.0763127160481123,0.060072815533980584,7,True,0.08674652854923641,False,True
咸阳秦都西咸数据中心2号楼J301电力电池机房|01#开关电源蓄电池组|第1组|第1组单体4电池电压|2-J301电池室放电电池数据表.xlsx|DC1|DC1,陕西省,咸阳,中国移动西咸数据中心,咸阳秦都西咸数据中心2号楼站点,咸阳秦都西咸数据中心2号楼J301电力电池机房,铅酸电池,01#开关电源蓄电池组,单体XX电压,第1组单体4电池电压,2025-07-11T03:12:47,3.262,V,2-J301电池室放电电池数据表.xlsx,DC1,3.262,第1组,DC1,30,1530.0,True,0.0,3.36,9.950520199074777,-1,True,False,True,3.7666177479366505,3.7666177479366505,7,12.448798697106291,2.7801430018414375,-0.37728301059358826,-0.40710991084292536,1.0763127160481123,0.060072815533980584,7,True,0.23197267768680643,False,True
咸阳秦都西咸数据中心1号楼D203电力电池机房|2#开关电源蓄电池组|第2组|第2组单体8电池电压|1-D203电池室放电电池数据表.xlsx|DC2|DC2,陕西省,咸阳,中国移动西咸数据中心,咸阳秦都西咸数据中心1号楼站点,咸阳秦都西咸数据中心1号楼D203电力电池机房,铅酸电池,2#开关电源蓄电池组,单体XX电压,第2组单体8电池电压,2025-07-11T00:25:34,2.338,V,1-D203电池室放电电池数据表.xlsx,DC2,2.338,第2组,DC2,36,2911.0,False,0.0,3.359,10.751598108679921,-1,True,False,True,3.6314854107215235,3.6314854107215235,7,16.945072328314893,3.925842919846777,-0.16431352205753857,0.3567503832996325,1.0763127160481123,0.060072815533980584,7,True,0.6127183995406574,False,True
咸阳秦都西咸数据中心1号楼J301电力电池机房|07#开关电源蓄电池组|第1组|第1组单体23电池电压|1-J301电池室放电电池数据表.xlsx|DC7|DC7,陕西省,咸阳,中国移动西咸数据中心,咸阳秦都西咸数据中心1号楼站点,咸阳秦都西咸数据中心1号楼J301电力电池机房,铅酸电池,07#开关电源蓄电池组,单体XX电压,第1组单体23电池电压,2025-07-09T01:28:44,3.081,V,1-J301电池室放电电池数据表.xlsx,DC7,3.081,第1组,DC7,11,9859.0,False,2.761,3.143,-2.261302138850605,-1,True,False,True,3.5482294426715892,3.5482294426715892,7,0.5382631272585574,5.195865378306776,2.182637319198732,-0.8262810825604577,1.0763127160481123,0.060072815533980584,7,False,0.6321259299864358,False,True
咸阳秦都西咸数据中心1号楼J301电力电池机房|10#开关电源蓄电池组|第1组|第1组单体9电池电压|1-J301电池室放电电池数据表.xlsx|DC10|DC10,陕西省,咸阳,中国移动西咸数据中心,咸阳秦都西咸数据中心1号楼站点,咸阳秦都西咸数据中心1号楼J301电力电池机房,铅酸电池,10#开关电源蓄电池组,单体XX电压,第1组单体9电池电压,2025-07-09T02:20:12,2.387,V,1-J301电池室放电电池数据表.xlsx,DC10,2.387,第1组,DC10,15,567.0,True,0.0,2.351,8.761279657618156,-1,True,False,False,3.5129886848448115,3.5129886848448115,7,10.21690227858243,0.9242784602702434,-0.41751496042539826,1.2057629567711043,1.0763127160481123,0.060072815533980584,7,False,0.8386314225732606,False,True
咸阳秦都西咸数据中心1号楼D203电力电池机房|2#开关电源蓄电池组|第2组|第2组单体10电池电压|1-D203电池室放电电池数据表.xlsx|DC2|DC2,陕西省,咸阳,中国移动西咸数据中心,咸阳秦都西咸数据中心1号楼站点,咸阳秦都西咸数据中心1号楼D203电力电池机房,铅酸电池,2#开关电源蓄电池组,单体XX电压,第2组单体10电池电压,2025-07-11T00:25:51,2.043,V,1-D203电池室放电电池数据表.xlsx,DC2,2.043,第2组,DC2,35,2959.0,True,0.0,3.406,10.941639814515431,-1,True,False,False,3.4088435453223442,3.4088435453223442,7,16.32347163342166,3.489797983562599,-0.46283930620942004,-0.6848246489160119,1.0763127160481123,0.060072815533980584,7,True,0.33974419595646704,False,True
咸阳秦都西咸数据中心1号楼D203电力电池机房|2#开关电源蓄电池组|第2组|第2组单体6电池电压|1-D203电池室放电电池数据表.xlsx|DC2|DC2,陕西省,咸阳,中国移动西咸数据中心,咸阳秦都西咸数据中心1号楼站点,咸阳秦都西咸数据中心1号楼D203电力电池机房,铅酸电池,2#开关电源蓄电池组,单体XX电压,第2组单体6电池电压,2025-07-11T00:43:21,3.047,V,1-D203电池室放电电池数据表.xlsx,DC2,3.047,第2组,DC2,31,2911.0,False,0.0,3.42,10.366725234402187,-1,True,False,False,3.4072113258315637,3.4072113258315637,7,16.721725292914744,3.773411912812982,-0.19085516475226427,0.1036795782505571,1.0763127160481123,0.060072815533980584,7,True,0.4456881408108171,False,True
咸阳秦都西咸数据中心1号楼J301电力电池机房|09#开关电源蓄电池组|第1组|第1组单体23电池电压|1-J301电池室放电电池数据表.xlsx|DC9|DC9,陕西省,咸阳,中国移动西咸数据中心,咸阳秦都西咸数据中心1号楼站点,咸阳秦都西咸数据中心1号楼J301电力电池机房,铅酸电池,09#开关电源蓄电池组,单体XX电压,第1组单体23电池电压,2025-07-09T03:06:14,2.54,V,1-J301电池室放电电池数据表.xlsx,DC9,2.54,第1组,DC9,81,5127.0,True,2.05,2.749,-5.427339937204175,-1,True,False,False,3.361016090865077,3.361016090865077,7,7.813019876736464,0.2556984586673877,0.8892884594752508,-1.5744905956452988,1.0763127160481123,0.060072815533980584,7,False,-0.15239899642052226,False,True
咸阳秦都西咸数据中心2号楼J301电力电池机房|01#开关电源蓄电池组|第1组|第1组单体12电池电压|2-J301电池室放电电池数据表.xlsx|DC1|DC1,陕西省,咸阳,中国移动西咸数据中心,咸阳秦都西咸数据中心2号楼站点,咸阳秦都西咸数据中心2号楼J301电力电池机房,铅酸电池,01#开关电源蓄电池组,单体XX电压,第1组单体12电池电压,2025-07-11T03:11:40,2.535,V,2-J301电池室放电电池数据表.xlsx,DC1,2.535,第1组,DC1,21,1539.0,True,2.05,3.022,-2.167582421266663,-1,True,False,False,3.0264371200714075,3.0264371200714075,0,6.986199621446073,0.6038990018010433,-1.882683744740845,-1.5056102591363938,1.0763127160481123,0.060072815533980584,7,False,-0.22004929883504404,False,True
咸阳秦都西咸数据中心1号楼J301电力电池机房|10#开关电源蓄电池组|第2组|第2组单体12电池电压|1-J301电池室放电电池数据表.xlsx|DC10|DC10,陕西省,咸阳,中国移动西咸数据中心,咸阳秦都西咸数据中心1号楼站点,咸阳秦都西咸数据中心1号楼J301电力电池机房,铅酸电池,10#开关电源蓄电池组,单体XX电压,第2组单体12电池电压,2025-07-09T02:49:07,2.181,V,1-J301电池室放电电池数据表.xlsx,DC10,2.181,第2组,DC10,37,1448.0,True,2.176,3.28,-2.6104318491536445,-1,True,False,False,2.8231544315795585,2.8231544315795585,7,8.992829187959513,0.9371249985633512,0.5319502036132717,-2.45846561851926,1.0763127160481123,0.060072815533980584,7,False,-0.2945166933731472,False,True
咸阳秦都西咸数据中心1号楼J301电力电池机房|10#开关电源蓄电池组|第1组|第1组单体8电池电压|1-J301电池室放电电池数据表.xlsx|DC10|DC10,陕西省,咸阳,中国移动西咸数据中心,咸阳秦都西咸数据中心1号楼站点,咸阳秦都西咸数据中心1号楼J301电力电池机房,铅酸电池,10#开关电源蓄电池组,单体XX电压,第1组单体8电池电压,2025-07-09T02:42:35,2.281,V,1-J301电池室放电电池数据表.xlsx,DC10,2.281,第1组,DC10,24,1831.0,False,1.948,3.418,0.8936074026581715,-1,True,False,False,2.8178367003229217,2.8178367003229217,7,9.026302952588788,1.4131207589859764,0.3093182908847221,-1.7898090739940162,1.0763127160481123,0.060072815533980584,7,False,0.04906158077499154,False,True
咸阳秦都西咸数据中心1号楼J301电力电池机房|07#开关电源蓄电池组|第1组|第1组单体22电池电压|1-J301电池室放电电池数据表.xlsx|DC7|DC7,陕西省,咸阳,中国移动西咸数据中心,咸阳秦都西咸数据中心1号楼站点,咸阳秦都西咸数据中心1号楼J301电力电池机房,铅酸电池,07#开关电源蓄电池组,单体XX电压,第1组单体22电池电压,2025-07-09T01:50:32,1.292,V,1-J301电池室放电电池数据表.xlsx,DC7,1.292,第1组,DC7,6,9859.0,False,1.157,1.317,0.8569504769472955,-1,True,False,False,2.7303850631332978,2.7303850631332978,-7,-1.7795231058429102,-5.2626153307399415,-0.8930595825584509,0.4579334209217466,1.0763127160481123,0.060072815533980584,7,False,0.0725662705101872,False,True
咸阳秦都西咸数据中心1号楼J301电力电池机房|10#开关电源蓄电池组|第2组|第2组单体2电池电压|1-J301电池室放电电池数据表.xlsx|DC10|DC10,陕西省,咸阳,中国移动西咸数据中心,咸阳秦都西咸数据中心1号楼站点,咸阳秦都西咸数据中心1号楼J301电力电池机房,铅酸电池,10#开关电源蓄电池组,单体XX电压,第2组单体2电池电压,2025-07-09T03:15:43,2.072,V,1-J301电池室放电电池数据表.xlsx,DC10,2.072,第2组,DC10,36,4055.0,False,1.168,2.231,0.645836394777703,-1,True,False,False,2.6014408865312215,2.6014408865312215,-7,6.110913300970257,-1.5510543315778458,-0.056901450046723756,0.3825823869589148,1.0763127160481123,0.060072815533980584,7,False,-0.7986677404151072,False,True
咸阳秦都西咸数据中心1号楼J301电力电池机房|10#开关电源蓄电池组|第2组|第2组单体1电池电压|1-J301电池室放电电池数据表.xlsx|DC10|DC10,陕西省,咸阳,中国移动西咸数据中心,咸阳秦都西咸数据中心1号楼站点,咸阳秦都西咸数据中心1号楼J301电力电池机房,铅酸电池,10#开关电源蓄电池组,单体XX电压,第2组单体1电池电压,2025-07-09T02:38:22,2.052,V,1-J301电池室放电电池数据表.xlsx,DC10,2.052,第2组,DC10,39,4055.0,True,1.992,3.153,-0.9082801389703223,-1,True,False,False,2.566061657422509,2.566061657422509,-7,7.320323128460801,2.6228194072669586,1.1265133801180873,-0.6063156731869118,1.0763127160481123,0.060072815533980584,7,False,0.7029232385408173,False,True
咸阳秦都西咸数据中心1号楼J301电力电池机房|10#开关电源蓄电池组|第1组|第1组单体12电池电压|1-J301电池室放电电池数据表.xlsx|DC10|DC10,陕西省,咸阳,中国移动西咸数据中心,咸阳秦都西咸数据中心1号楼站点,咸阳秦都西咸数据中心1号楼J301电力电池机房,铅酸电池,10#开关电源蓄电池组,单体XX电压,第1组单体12电池电压,2025-07-09T02:18:54,2.189,V,1-J301电池室放电电池数据表.xlsx,DC10,2.189,第1组,DC10,27,1874.0,False,2.06,3.417,0.8613998300924739,-1,True,False,False,2.447546656208914,2.447546656208914,7,7.925005411434613,2.0042942474425907,0.5973712661307131,-1.252340391227404,1.0763127160481123,0.060072815533980584,7,False,0.04266526710608624,False,True
咸阳秦都西咸数据中心1号楼J301电力电池机房|10#开关电源蓄电池组|第2组|第2组单体10电池电压|1-J301电池室放电电池数据表.xlsx|DC10|DC10,陕西省,咸阳,中国移动西咸数据中心,咸阳秦都西咸数据中心1号楼站点,咸阳秦都西咸数据中心1号楼J301电力电池机房,铅酸电池,10#开关电源蓄电池组,单体XX电压,第2组单体10电池电压,2025-07-09T02:35:28,2.929,V,1-J301电池室放电电池数据表.xlsx,DC10,2.929,第2组,DC10,26,1308.0,True,1.755,2.929,-0.5678446087665096,-1,True,False,False,2.386765885293052,2.386765885293052,7,7.891652504197193,0.12882150011591195,0.23208756565696187,-1.4301294892821688,1.0763127160481123,0.060072815533980584,7,True,-0.02274766097444293,False,True
咸阳秦都西咸数据中心1号楼D203电力电池机房|5#开关电源蓄电池组|第2组|第2组单体19电池电压|1-D203电池室放电电池数据表.xlsx|DC5|DC5,陕西省,咸阳,中国移动西咸数据中心,咸阳秦都西咸数据中心1号楼站点,咸阳秦都西咸数据中心1号楼D203电力电池机房,铅酸电池,5#开关电源蓄电池组,单体XX电压,第2组单体19电池电压,2025-07-11T01:39:01,1.354,V,1-D203电池室放电电池数据表.xlsx,DC5,1.354,第2组,DC5,6,33.0,True,1.061,1.726,2.611731149973263,-1,True,False,False,2.3802827655700822,2.3802827655700822,7,1.4637945036356472,-4.744481927796271,-1.2059342707893987,-0.3780446982231893,1.0763127160481123,0.060072815533980584,7,False,-0.7657057480888749,False,True
咸阳秦都西咸数据中心1号楼J301电力电池机房|06#开关电源蓄电池组|第1组|第1组单体7电池电压|1-J301电池室放电电池数据表.xlsx|DC6|DC6,陕西省,咸阳,中国移动西咸数据中心,咸阳秦都西咸数据中心1号楼站点,咸阳秦都西咸数据中心1号楼J301电力电池机房,铅酸电池,06#开关电源蓄电池组,单体XX电压,第1组单体7电池电压,2025-07-09T00:14:34,2.376,V,1-J301电池室放电电池数据表.xlsx,DC6,2.376,第1组,DC6,35,4038.0,True,1.799,3.334,4.033650009370719,-1,True,False,False,2.3208729157069694,2.3208729157069694,6,6.062502747088635,3.21313809147224,0.4922835087474573,0.45506849188456133,1.0763127160481123,0.060072815533980584,7,True,0.26101057136924666,False,True
咸阳秦都西咸数据中心1号楼J301电力电池机房|10#开关电源蓄电池组|第1组|第1组单体14电池电压|1-J301电池室放电电池数据表.xlsx|DC10|DC10,陕西省,咸阳,中国移动西咸数据中心,咸阳秦都西咸数据中心1号楼站点,咸阳秦都西咸数据中心1号楼J301电力电池机房,铅酸电池,10#开关电源蓄电池组,单体XX电压,第1组单体14电池电压,2025-07-09T02:18:45,2.144,V,1-J301电池室放电电池数据表.xlsx,DC10,2.144,第1组,DC10,18,1474.0,True,0.823,3.006,7.469375905797554,-1,True,False,False,2.192953731498205,2.192953731498205,7,6.809176157765341,2.1578842156329716,0.05015236882909346,0.30794153612782227,1.0763127160481123,0.060072815533980584,7,True,0.2101352796689343,False,True
咸阳秦都西咸数据中心1号楼J301电力电池机房|10#开关电源蓄电池组|第1组|第1组单体20电池电压|1-J301电池室放电电池数据表.xlsx|DC10|DC10,陕西省,咸阳,中国移动西咸数据中心,咸阳秦都西咸数据中心1号楼站点,咸阳秦都西咸数据中心1号楼J301电力电池机房,铅酸电池,10#开关电源蓄电池组,单体XX电压,第1组单体20电池电压,2025-07-09T02:40:50,2.139,V,1-J301电池室放电电池数据表.xlsx,DC10,2.139,第1组,DC10,14,541.0,True,1.015,2.92,6.817771343749275,-1,True,False,False,2.1920497719492715,2.1920497719492715,7,7.473524196725284,2.0169374977854395,0.11215772947724506,0.5184674184392115,1.0763127160481123,0.060072815533980584,7,True,0.8387716866301763,False,True
咸阳秦都西咸数据中心1号楼J301电力电池机房|12#开关电源蓄电池组|第2组|第2组单体18电池电压|1-J301电池室放电电池数据表.xlsx|DC12|DC12,陕西省,咸阳,中国移动西咸数据中心,咸阳秦都西咸数据中心1号楼站点,咸阳秦都西咸数据中心1号楼J301电力电池机房,铅酸电池,12#开关电源蓄电池组,单体XX电压,第2组单体18电池电压,2025-07-08T02:36:26,1.771,V,1-J301电池室放电电池数据表.xlsx,DC12,1.771,第2组,DC12,22,1064.0,True,1.546,2.086,-0.8715898876855539,-1,True,False,False,2.1313867731540532,2.1313867731540532,7,2.4485616105713417,-3.0394334181666394,-0.3299270793064316,-0.5988759004729006,1.0763127160481123,0.060072815533980584,7,False,0.23220850691465347,False,True
咸阳秦都西咸数据中心1号楼J301电力电池机房|09#开关电源蓄电池组|第1组|第1组单体16电池电压|1-J301电池室放电电池数据表.xlsx|DC9|DC9,陕西省,咸阳,中国移动西咸数据中心,咸阳秦都西咸数据中心1号楼站点,咸阳秦都西咸数据中心1号楼J301电力电池机房,铅酸电池,09#开关电源蓄电池组,单体XX电压,第1组单体16电池电压,2025-07-09T02:20:53,2.765,V,1-J301电池室放电电池数据表.xlsx,DC9,2.765,第1组,DC9,24,1474.0,True,2.036,2.923,-1.0738760940162815,-1,True,False,False,2.098813747677313,2.098813747677313,-7,5.0022549278581385,2.4897470365711265,0.9308345004181269,-2.1232701882699763,1.0763127160481123,0.060072815533980584,7,False,-0.7919511462337597,False,True
咸阳秦都西咸数据中心1号楼D203电力电池机房|5#开关电源蓄电池组|第2组|第2组单体17电池电压|1-D203电池室放电电池数据表.xlsx|DC5|DC5,陕西省,咸阳,中国移动西咸数据中心,咸阳秦都西咸数据中心1号楼站点,咸阳秦都西咸数据中心1号楼D203电力电池机房,铅酸电池,5#开关电源蓄电池组,单体XX电压,第2组单体17电池电压,2025-07-11T01:39:34,1.25,V,1-D203电池室放电电池数据表.xlsx,DC5,1.25,第2组,DC5,6,33.0,True,1.175,1.733,2.2429844989336654,-1,True,False,False,1.918643769889886,1.918643769889886,7,0.6242048855213007,-4.196093006810884,-0.9754146577412215,-0.3519020539936609,1.0763127160481123,0.060072815533980584,7,False,-0.7816640748813753,False,True
咸阳秦都西咸数据中心1号楼J301电力电池机房|12#开关电源蓄电池组|第2组|第2组单体16电池电压|1-J301电池室放电电池数据表.xlsx|DC12|DC12,陕西省,咸阳,中国移动西咸数据中心,咸阳秦都西咸数据中心1号楼站点,咸阳秦都西咸数据中心1号楼J301电力电池机房,铅酸电池,12#开关电源蓄电池组,单体XX电压,第2组单体16电池电压,2025-07-08T02:57:04,0.622,V,1-J301电池室放电电池数据表.xlsx,DC12,0.622,第2组,DC12,21,881.0,True,0.674,1.882,3.8499698395104893,-1,True,False,False,1.8233125665002372,1.8233125665002372,7,5.485715862269096,-4.368016533235821,-1.4726802842109277,-0.9701217952872163,1.0763127160481123,0.060072815533980584,7,False,0.3136609523905365,False,True
咸阳秦都西咸数据中心1号楼J301电力电池机房|08#开关电源蓄电池组|第2组|第2组单体8电池电压|1-J301电池室放电电池数据表.xlsx|DC8|DC8,陕西省,咸阳,中国移动西咸数据中心,咸阳秦都西咸数据中心1号楼站点,咸阳秦都西咸数据中心1号楼J301电力电池机房,铅酸电池,08#开关电源蓄电池组,单体XX电压,第2组单体8电池电压,2025-07-09T00:15:41,2.224,V,1-J301电池室放电电池数据表.xlsx,DC8,2.224,第2组,DC8,30,9862.0,False,1.859,2.868,-2.690305415898198,-1,True,False,False,1.8162293589315033,1.8162293589315033,4,7.889925737863644,0.5944368304982657,-0.15069476951559269,0.21214391597232676,1.0763127160481123,0.060072815533980584,7,True,-0.7401632089907497,False,True
咸阳秦都西咸数据中心2号楼J301电力电池机房|01#开关电源蓄电池组|第1组|第1组单体8电池电压|2-J301电池室放电电池数据表.xlsx|DC1|DC1,陕西省,咸阳,中国移动西咸数据中心,咸阳秦都西咸数据中心2号楼站点,咸阳秦都西咸数据中心2号楼J301电力电池机房,铅酸电池,01#开关电源蓄电池组,单体XX电压,第1组单体8电池电压,2025-07-11T03:10:42,2.361,V,2-J301电池室放电电池数据表.xlsx,DC1,2.361,第1组,DC1,27,1290.0,True,2.028,3.307,2.0777902620977944,-1,True,False,False,1.8081361772761064,1.8081361772761064,7,6.152867907636102,1.2238045881716488,0.40910213022019726,-0.3744324418874697,1.0763127160481123,0.060072815533980584,7,False,0.5797526563240832,False,True
咸阳秦都西咸数据中心1号楼J301电力电池机房|09#开关电源蓄电池组|第1组|第1组单体18电池电压|1-J301电池室放电电池数据表.xlsx|DC9|DC9,陕西省,咸阳,中国移动西咸数据中心,咸阳秦都西咸数据中心1号楼站点,咸阳秦都西咸数据中心1号楼J301电力电池机房,铅酸电池,09#开关电源蓄电池组,单体XX电压,第1组单体18电池电压,2025-07-09T02:20:45,2.612,V,1-J301电池室放电电池数据表.xlsx,DC9,2.612,第1组,DC9,19,1482.0,False,2.076,2.72,-0.45627852994783613,-1,True,False,False,1.750411122454926,1.750411122454926,-7,2.3516422606693395,1.9430997865943564,0.8051055702344136,-1.9068423584211374,1.0763127160481123,0.060072815533980584,7,False,-0.7826110953586131,False,True
咸阳秦都西咸数据中心1号楼J301电力电池机房|14#开关电源蓄电池组|第1组|第1组单体19电池电压|1-J301电池室放电电池数据表.xlsx|DC14|DC14,陕西省,咸阳,中国移动西咸数据中心,咸阳秦都西咸数据中心1号楼站点,咸阳秦都西咸数据中心1号楼J301电力电池机房,铅酸电池,14#开关电源蓄电池组,单体XX电压,第1组单体19电池电压,2025-07-08T03:24:29,2.17,V,1-J301电池室放电电池数据表.xlsx,DC14,2.17,第1组,DC14,7,340.0,True,2.12,2.91,0.1825473540571405,-1,True,False,False,1.7178220719663981,1.7178220719663981,-7,2.658937393380694,3.2956719036224813,1.2999687851880952,-0.6188835755972274,1.0763127160481123,0.060072815533980584,7,False,0.2783548922094323,False,True
咸阳秦都西咸数据中心1号楼J301电力电池机房|05#开关电源蓄电池组|第2组|第2组单体20电池电压|1-J301电池室放电电池数据表.xlsx|DC5|DC5,陕西省,咸阳,中国移动西咸数据中心,咸阳秦都西咸数据中心1号楼站点,咸阳秦都西咸数据中心1号楼J301电力电池机房,铅酸电池,05#开关电源蓄电池组,单体XX电压,第2组单体20电池电压,2025-07-09T01:10:03,2.776,V,1-J301电池室放电电池数据表.xlsx,DC5,2.776,第2组,DC5,34,7782.0,True,1.876,2.856,-2.8235834187989215,-1,True,False,False,1.7068174488998928,1.7068174488998928,-7,7.1463768338097315,-0.008638181888200203,0.9334689759027127,1.1714768953671355,1.0763127160481123,0.060072815533980584,7,True,0.28130774256633617,False,True
咸阳秦都西咸数据中心1号楼J301电力电池机房|14#开关电源蓄电池组|第1组|第1组单体17电池电压|1-J301电池室放电电池数据表.xlsx|DC14|DC14,陕西省,咸阳,中国移动西咸数据中心,咸阳秦都西咸数据中心1号楼站点,咸阳秦都西咸数据中心1号楼J301电力电池机房,铅酸电池,14#开关电源蓄电池组,单体XX电压,第1组单体17电池电压,2025-07-08T03:25:47,2.118,V,1-J301电池室放电电池数据表.xlsx,DC14,2.118,第1组,DC14,7,846.0,True,2.118,2.926,-1.221417952331455,-1,True,False,False,1.5469760853808014,1.5469760853808014,-7,4.225786100241683,2.8215106039265874,1.2886745610794685,-0.7418314607753956,1.0763127160481123,0.060072815533980584,7,False,-0.17365276158790482,False,True
咸阳秦都西咸数据中心1号楼J301电力电池机房|09#开关电源蓄电池组|第1组|第1组单体22电池电压|1-J301电池室放电电池数据表.xlsx|DC9|DC9,陕西省,咸阳,中国移动西咸数据中心,咸阳秦都西咸数据中心1号楼站点,咸阳秦都西咸数据中心1号楼J301电力电池机房,铅酸电池,09#开关电源蓄电池组,单体XX电压,第1组单体22电池电压,2025-07-09T03:06:14,1.904,V,1-J301电池室放电电池数据表.xlsx,DC9,1.904,第1组,DC9,13,680.0,True,1.533,2.226,-0.4736899932769409,-1,True,False,False,1.5230332913428317,1.5230332913428317,7,3.4484320276047695,-0.9964759035563734,0.2194934935359633,-0.24887504303417018,1.0763127160481123,0.060072815533980584,7,False,0.3134801751761593,False,True
咸阳秦都西咸数据中心1号楼J301电力电池机房|12#开关电源蓄电池组|第2组|第2组单体11电池电压|1-J301电池室放电电池数据表.xlsx|DC12|DC12,陕西省,咸阳,中国移动西咸数据中心,咸阳秦都西咸数据中心1号楼站点,咸阳秦都西咸数据中心1号楼J301电力电池机房,铅酸电池,12#开关电源蓄电池组,单体XX电压,第2组单体11电池电压,2025-07-08T02:40:39,2.024,V,1-J301电池室放电电池数据表.xlsx,DC12,2.024,第2组,DC12,19,4055.0,False,2.013,2.782,-0.8707679265290753,-1,True,False,False,1.5152895643885356,1.5152895643885356,7,3.5213779119310313,2.7739928400964184,1.3277772147652889,-0.2530323479034444,1.0763127160481123,0.060072815533980584,7,False,-0.47665543135102384,False,True
咸阳秦都西咸数据中心1号楼J301电力电池机房|14#开关电源蓄电池组|第2组|第2组单体15电池电压|1-J301电池室放电电池数据表.xlsx|DC14|DC14,陕西省,咸阳,中国移动西咸数据中心,咸阳秦都西咸数据中心1号楼站点,咸阳秦都西咸数据中心1号楼J301电力电池机房,铅酸电池,14#开关电源蓄电池组,单体XX电压,第2组单体15电池电压,2025-07-08T03:45:07,2.243,V,1-J301电池室放电电池数据表.xlsx,DC14,2.243,第2组,DC14,7,262.0,True,2.194,2.754,-0.04997449172751095,-1,True,False,False,1.5064958806010624,1.5064958806010624,-7,0.7964027791194586,3.0113308727124615,1.2775737326752385,-0.777297717698519,1.0763127160481123,0.060072815533980584,7,False,0.22338059600098467,False,True
咸阳秦都西咸数据中心1号楼D203电力电池机房|5#开关电源蓄电池组|第2组|第2组单体21电池电压|1-D203电池室放电电池数据表.xlsx|DC5|DC5,陕西省,咸阳,中国移动西咸数据中心,咸阳秦都西咸数据中心1号楼站点,咸阳秦都西咸数据中心1号楼D203电力电池机房,铅酸电池,5#开关电源蓄电池组,单体XX电压,第2组单体21电池电压,2025-07-11T01:39:16,0.87,V,1-D203电池室放电电池数据表.xlsx,DC5,0.87,第2组,DC5,8,5912.0,True,0.791,2.189,5.819788648851745,-1,True,False,False,1.4805845202779113,1.4805845202779113,1,3.3159866815118093,2.4551224547542687,-1.5891076662915693,0.807040226837792,1.0763127160481123,0.060072815533980584,7,False,,False,True
咸阳秦都西咸数据中心1号楼J301电力电池机房|05#开关电源蓄电池组|第2组|第2组单体4电池电压|1-J301电池室放电电池数据表.xlsx|DC5|DC5,陕西省,咸阳,中国移动西咸数据中心,咸阳秦都西咸数据中心1号楼站点,咸阳秦都西咸数据中心1号楼J301电力电池机房,铅酸电池,05#开关电源蓄电池组,单体XX电压,第2组单体4电池电压,2025-07-09T01:11:14,3.413,V,1-J301电池室放电电池数据表.xlsx,DC5,3.413,第2组,DC5,42,7778.0,True,0.0,3.413,-1.9708835302186596,-1,True,False,False,1.4672442755182993,1.4672442755182993,-7,10.666668781625043,0.9727280227404842,1.1571617697686194,2.15971143519013,1.0763127160481123,0.060072815533980584,7,True,0.4489835931539452,False,True
咸阳秦都西咸数据中心1号楼J301电力电池机房|06#开关电源蓄电池组|第1组|第1组单体5电池电压|1-J301电池室放电电池数据表.xlsx|DC6|DC6,陕西省,咸阳,中国移动西咸数据中心,咸阳秦都西咸数据中心1号楼站点,咸阳秦都西咸数据中心1号楼J301电力电池机房,铅酸电池,06#开关电源蓄电池组,单体XX电压,第1组单体5电池电压,2025-07-09T01:12:13,2.251,V,1-J301电池室放电电池数据表.xlsx,DC6,2.251,第1组,DC6,14,498.0,True,1.339,2.251,2.550450272448511,-1,True,False,False,1.464812440585224,1.464812440585224,7,3.3139291132018966,-2.501345290539209,-0.6903362114521379,-0.8126591479364674,1.0763127160481123,0.060072815533980584,7,False,-0.5166433453943753,False,True
咸阳秦都西咸数据中心1号楼J301电力电池机房|12#开关电源蓄电池组|第2组|第2组单体17电池电压|1-J301电池室放电电池数据表.xlsx|DC12|DC12,陕西省,咸阳,中国移动西咸数据中心,咸阳秦都西咸数据中心1号楼站点,咸阳秦都西咸数据中心1号楼J301电力电池机房,铅酸电池,12#开关电源蓄电池组,单体XX电压,第2组单体17电池电压,2025-07-08T03:12:29,2.627,V,1-J301电池室放电电池数据表.xlsx,DC12,2.627,第2组,DC12,27,1108.0,True,1.959,2.749,-1.2741934812198918,-1,True,False,False,1.4142587490667782,1.4142587490667782,-7,3.975226259087373,1.8342124088070961,0.9483055317316647,-1.2193508410652818,1.0763127160481123,0.060072815533980584,7,False,0.3260448707277922,False,True
咸阳秦都西咸数据中心1号楼D303电力电池机房|6#开关电源蓄电池组|第2组|第2组单体19电池电压|1-D303电池室放电电池数据表.xlsx|DC6|DC6,陕西省,咸阳,中国移动西咸数据中心,咸阳秦都西咸数据中心1号楼站点,咸阳秦都西咸数据中心1号楼D303电力电池机房,铅酸电池,6#开关电源蓄电池组,单体XX电压,第2组单体19电池电压,2025-07-10T02:09:17,1.856,V,1-D303电池室放电电池数据表.xlsx,DC6,1.856,第2组,DC6,15,9152.0,False,1.726,2.359,-1.8933516061198354,-1,True,False,False,1.3989267957918883,1.3989267957918883,-2,3.335331249857944,0.91100754878913,-0.7435787478818103,0.22656128345709511,1.0763127160481123,0.060072815533980584,7,False,-0.3990058194044024,False,True
咸阳秦都西咸数据中心1号楼D301电力电池机房|1#开关电源蓄电池组|第2组|第2组单体1电池电压|1-D301电池室放电电池数据表.xlsx|DC1|DC1,陕西省,咸阳,中国移动西咸数据中心,咸阳秦都西咸数据中心1号楼站点,咸阳秦都西咸数据中心1号楼D301电力电池机房,铅酸电池,1#开关电源蓄电池组,单体XX电压,第2组单体1电池电压,2025-07-08T01:44:51,2.507,V,1-D301电池室放电电池数据表.xlsx,DC1,2.507,第2组,DC1,24,944.0,True,2.075,2.721,-2.6832393423405345,-1,True,False,False,1.3951005762607254,1.3951005762607254,7,4.850911721508291,-0.3073953202122686,0.6757591176841442,-0.18729032730039535,1.0763127160481123,0.060072815533980584,7,False,-0.0920565932215349,False,True
咸阳秦都西咸数据中心1号楼J301电力电池机房|09#开关电源蓄电池组|第2组|第2组单体9电池电压|1-J301电池室放电电池数据表.xlsx|DC9|DC9,陕西省,咸阳,中国移动西咸数据中心,咸阳秦都西咸数据中心1号楼站点,咸阳秦都西咸数据中心1号楼J301电力电池机房,铅酸电池,09#开关电源蓄电池组,单体XX电压,第2组单体9电池电压,2025-07-09T01:28:17,2.468,V,1-J301电池室放电电池数据表.xlsx,DC9,2.468,第2组,DC9,24,2695.0,True,2.262,3.001,0.7709323880041419,-1,True,False,False,1.349419298294439,1.349419298294439,-7,1.9550339972669668,2.270293261696659,0.954673049835814,-0.6150670352917145,1.0763127160481123,0.060072815533980584,7,False,0.11582302066549234,False,True
咸阳秦都西咸数据中心1号楼J301电力电池机房|06#开关电源蓄电池组|第1组|第1组单体13电池电压|1-J301电池室放电电池数据表.xlsx|DC6|DC6,陕西省,咸阳,中国移动西咸数据中心,咸阳秦都西咸数据中心1号楼站点,咸阳秦都西咸数据中心1号楼J301电力电池机房,铅酸电池,06#开关电源蓄电池组,单体XX电压,第1组单体13电池电压,2025-07-09T01:22:00,2.027,V,1-J301电池室放电电池数据表.xlsx,DC6,2.027,第1组,DC6,35,9928.0,True,1.968,2.669,-2.8826289643502356,-1,True,False,False,1.3494018374195806,1.3494018374195806,7,3.7576882644942966,-0.14972710595334765,0.8776806463618232,0.4347867642288019,1.0763127160481123,0.060072815533980584,7,False,0.27352976997249867,False,True
咸阳秦都西咸数据中心1号楼D203电力电池机房|6#开关电源蓄电池组|第2组|第2组单体9电池电压|1-D203电池室放电电池数据表.xlsx|DC6|DC6,陕西省,咸阳,中国移动西咸数据中心,咸阳秦都西咸数据中心1号楼站点,咸阳秦都西咸数据中心1号楼D203电力电池机房,铅酸电池,6#开关电源蓄电池组,单体XX电压,第2组单体9电池电压,2025-07-11T01:43:34,2.01,V,1-D203电池室放电电池数据表.xlsx,DC6,2.01,第2组,DC6,24,7442.0,False,1.957,2.57,-3.1779613973258907,-1,True,False,False,1.338896774219589,1.338896774219589,-7,4.298983267782786,0.4484073234087499,0.9485047183705714,-0.31319147197759023,1.0763127160481123,0.060072815533980584,7,False,0.12181569050559717,False,True
咸阳秦都西咸数据中心1号楼D203电力电池机房|2#开关电源蓄电池组|第2组|第2组单体9电池电压|1-D203电池室放电电池数据表.xlsx|DC2|DC2,陕西省,咸阳,中国移动西咸数据中心,咸阳秦都西咸数据中心1号楼站点,咸阳秦都西咸数据中心1号楼D203电力电池机房,铅酸电池,2#开关电源蓄电池组,单体XX电压,第2组单体9电池电压,2025-07-11T00:26:09,1.916,V,1-D203电池室放电电池数据表.xlsx,DC2,1.916,第2组,DC2,23,2397.0,True,0.7,2.204,5.752430427416816,-1,True,False,False,1.319170462825586,1.319170462825586,7,5.141696565253477,0.4378653007343529,-0.2110277720243392,-0.014970221681081919,1.0763127160481123,0.060072815533980584,7,False,0.7895422343561495,False,True
咸阳秦都西咸数据中心1号楼D203电力电池机房|6#开关电源蓄电池组|第2组|第2组单体13电池电压|1-D203电池室放电电池数据表.xlsx|DC6|DC6,陕西省,咸阳,中国移动西咸数据中心,咸阳秦都西咸数据中心1号楼站点,咸阳秦都西咸数据中心1号楼D203电力电池机房,铅酸电池,6#开关电源蓄电池组,单体XX电压,第2组单体13电池电压,2025-07-11T01:42:35,2.021,V,1-D203电池室放电电池数据表.xlsx,DC6,2.021,第2组,DC6,23,6674.0,True,1.967,2.832,1.427603538274107,-1,True,False,False,1.3119733475279374,1.3119733475279374,3,2.063046218051686,1.6411527635973342,-0.5507277509829311,0.46224023738482556,1.0763127160481123,0.060072815533980584,7,False,-0.028745974343569618,False,True
咸阳秦都西咸数据中心1号楼D203电力电池机房|5#开关电源蓄电池组|第2组|第2组单体15电池电压|1-D203电池室放电电池数据表.xlsx|DC5|DC5,陕西省,咸阳,中国移动西咸数据中心,咸阳秦都西咸数据中心1号楼站点,咸阳秦都西咸数据中心1号楼D203电力电池机房,铅酸电池,5#开关电源蓄电池组,单体XX电压,第2组单体15电池电压,2025-07-11T01:39:29,1.353,V,1-D203电池室放电电池数据表.xlsx,DC5,1.353,第2组,DC5,6,33.0,True,1.392,1.951,1.915104701761603,-1,True,False,False,1.3047744933026175,1.3047744933026175,7,0.5738716421470595,-2.796784084461565,-0.5740007351809715,-0.5757229929248617,1.0763127160481123,0.060072815533980584,7,False,-0.7954433164682849,False,True
咸阳秦都西咸数据中心1号楼J301电力电池机房|12#开关电源蓄电池组|第2组|第2组单体13电池电压|1-J301电池室放电电池数据表.xlsx|DC12|DC12,陕西省,咸阳,中国移动西咸数据中心,咸阳秦都西咸数据中心1号楼站点,咸阳秦都西咸数据中心1号楼J301电力电池机房,铅酸电池,12#开关电源蓄电池组,单体XX电压,第2组单体13电池电压,2025-07-08T02:40:39,2.007,V,1-J301电池室放电电池数据表.xlsx,DC12,2.007,第2组,DC12,18,1238.0,True,2.007,2.67,0.37895815889042733,-1,True,False,False,1.288316877087028,1.288316877087028,7,1.8224085347007135,1.4985363611139502,0.7029558735192771,-1.1755056468384695,1.0763127160481123,0.060072815533980584,7,False,-0.15190739723415525,False,True
咸阳秦都西咸数据中心1号楼D203电力电池机房|5#开关电源蓄电池组|第1组|第1组单体12电池电压|1-D203电池室放电电池数据表.xlsx|DC5|DC5,陕西省,咸阳,中国移动西咸数据中心,咸阳秦都西咸数据中心1号楼站点,咸阳秦都西咸数据中心1号楼D203电力电池机房,铅酸电池,5#开关电源蓄电池组,单体XX电压,第1组单体12电池电压,2025-07-11T01:38:48,2.327,V,1-D203电池室放电电池数据表.xlsx,DC5,2.327,第1组,DC5,8,75.0,True,1.577,2.313,1.9096564949174382,-1,True,False,False,1.2808809404340342,1.2808809404340342,-7,2.0501464035309116,-1.7976906810127153,-0.4215236599979999,-1.1154138753025664,1.0763127160481123,0.060072815533980584,7,False,0.5699195457711553,False,True
咸阳秦都西咸数据中心1号楼J301电力电池机房|06#开关电源蓄电池组|第1组|第1组单体8电池电压|1-J301电池室放电电池数据表.xlsx|DC6|DC6,陕西省,咸阳,中国移动西咸数据中心,咸阳秦都西咸数据中心1号楼站点,咸阳秦都西咸数据中心1号楼J301电力电池机房,铅酸电池,06#开关电源蓄电池组,单体XX电压,第1组单体8电池电压,2025-07-09T01:21:56,2.612,V,1-J301电池室放电电池数据表.xlsx,DC6,2.612,第1组,DC6,22,3716.0,True,0.838,2.082,5.438616175604609,-1,True,False,False,1.2730849784660607,1.2730849784660607,4,2.6052702227823117,1.194756464417296,-0.8342075879434983,0.6742414080376209,1.0763127160481123,0.060072815533980584,7,False,0.5817393175727203,False,True
咸阳秦都西咸数据中心1号楼J301电力电池机房|10#开关电源蓄电池组|第2组|第2组单体5电池电压|1-J301电池室放电电池数据表.xlsx|DC10|DC10,陕西省,咸阳,中国移动西咸数据中心,咸阳秦都西咸数据中心1号楼站点,咸阳秦都西咸数据中心1号楼J301电力电池机房,铅酸电池,10#开关电源蓄电池组,单体XX电压,第2组单体5电池电压,2025-07-09T02:35:28,2.472,V,1-J301电池室放电电池数据表.xlsx,DC10,2.472,第2组,DC10,17,724.0,True,1.846,2.472,-0.1259741150855748,-1,True,False,False,1.267315943205812,1.267315943205812,7,2.4745834908218924,-0.3306522833543963,0.20221026664050584,-1.39632727541053,1.0763127160481123,0.060072815533980584,7,False,0.5061945736873422,False,True
咸阳秦都西咸数据中心1号楼D203电力电池机房|6#开关电源蓄电池组|第2组|第2组单体11电池电压|1-D203电池室放电电池数据表.xlsx|DC6|DC6,陕西省,咸阳,中国移动西咸数据中心,咸阳秦都西咸数据中心1号楼站点,咸阳秦都西咸数据中心1号楼D203电力电池机房,铅酸电池,6#开关电源蓄电池组,单体XX电压,第2组单体11电池电压,2025-07-11T00:00:53,2.361,V,1-D203电池室放电电池数据表.xlsx,DC6,2.361,第2组,DC6,28,7025.0,False,1.962,2.72,-2.2905808462177952,-1,True,False,False,1.2419841768092184,1.2419841768092184,-7,4.613519149525451,0.7572074090456138,0.8456685308988621,-0.7048205401336317,1.0763127160481123,0.060072815533980584,7,False,-0.12729065209082616,False,True
咸阳秦都西咸数据中心1号楼D203电力电池机房|5#开关电源蓄电池组|第2组|第2组单体7电池电压|1-D203电池室放电电池数据表.xlsx|DC5|DC5,陕西省,咸阳,中国移动西咸数据中心,咸阳秦都西咸数据中心1号楼站点,咸阳秦都西咸数据中心1号楼D203电力电池机房,铅酸电池,5#开关电源蓄电池组,单体XX电压,第2组单体7电池电压,2025-07-11T00:00:53,2.081,V,1-D203电池室放电电池数据表.xlsx,DC5,2.081,第2组,DC5,8,5912.0,True,1.403,2.083,2.7072662493844084,-1,True,False,False,1.2341316947252703,1.2341316947252703,1,-0.222290179256036,0.8652330915242643,-1.5799130785068298,0.4639689770018164,1.0763127160481123,0.060072815533980584,7,False,0.7812622701958652,False,True
咸阳秦都西咸数据中心1号楼D203电力电池机房|2#开关电源蓄电池组|第2组|第2组单体14电池电压|1-D203电池室放电电池数据表.xlsx|DC2|DC2,陕西省,咸阳,中国移动西咸数据中心,咸阳秦都西咸数据中心1号楼站点,咸阳秦都西咸数据中心1号楼D203电力电池机房,铅酸电池,2#开关电源蓄电池组,单体XX电压,第2组单体14电池电压,2025-07-11T00:44:19,2.919,V,1-D203电池室放电电池数据表.xlsx,DC2,2.919,第2组,DC2,25,2788.0,False,2.054,3.04,2.972853798233198,-1,True,False,False,1.2222555206885597,1.2222555206885597,7,2.4522372139108963,1.488926125575034,0.4997789306942527,-0.18437726517577738,1.0763127160481123,0.060072815533980584,7,False,0.7763875518121566,False,True
咸阳秦都西咸数据中心1号楼D201电力电池机房|4#开关电源蓄电池组|第1组|第1组单体13电池电压|1-D201电池室放电电池数据表.xlsx|DC4|DC4,陕西省,咸阳,中国移动西咸数据中心,咸阳秦都西咸数据中心1号楼站点,咸阳秦都西咸数据中心1号楼D201电力电池机房,铅酸电池,4#开关电源蓄电池组,单体XX电压,第1组单体13电池电压,2025-07-08T01:00:49,2.048,V,1-D201电池室放电电池数据表.xlsx,DC4,2.048,第1组,DC4,28,1295.0,False,1.946,3.112,2.496513499465854,-1,True,False,False,1.205997977076001,1.205997977076001,7,4.835752436114779,0.791205236619493,0.23531316626179227,-0.5843363002291233,1.0763127160481123,0.060072815533980584,7,False,0.5153846331441007,False,True
咸阳秦都西咸数据中心1号楼J301电力电池机房|06#开关电源蓄电池组|第1组|第1组单体21电池电压|1-J301电池室放电电池数据表.xlsx|DC6|DC6,陕西省,咸阳,中国移动西咸数据中心,咸阳秦都西咸数据中心1号楼站点,咸阳秦都西咸数据中心1号楼J301电力电池机房,铅酸电池,06#开关电源蓄电池组,单体XX电压,第1组单体21电池电压,2025-07-09T01:12:32,1.931,V,1-J301电池室放电电池数据表.xlsx,DC6,1.931,第1组,DC6,22,3984.0,True,0.895,2.084,4.504831636916021,-1,True,False,False,1.1905646592598693,1.1905646592598693,7,3.161050811012397,0.5648015351392347,0.15680166749039087,0.67503035217591,1.0763127160481123,0.060072815533980584,7,False,-0.2136231856688066,False,True
咸阳秦都西咸数据中心1号楼D203电力电池机房|5#开关电源蓄电池组|第1组|第1组单体3电池电压|1-D203电池室放电电池数据表.xlsx|DC5|DC5,陕西省,咸阳,中国移动西咸数据中心,咸阳秦都西咸数据中心1号楼站点,咸阳秦都西咸数据中心1号楼D203电力电池机房,铅酸电池,5#开关电源蓄电池组,单体XX电压,第1组单体3电池电压,2025-07-11T01:39:49,1.96,V,1-D203电池室放电电池数据表.xlsx,DC5,1.96,第1组,DC5,10,146.0,True,1.762,2.374,1.0966622189597126,-1,True,False,False,1.1896032179357026,1.1896032179357026,-7,1.125582458774912,0.029696242149788,0.20463727919435076,-1.2411173024510194,1.0763127160481123,0.060072815533980584,7,False,0.31092308522148904,False,True
咸阳秦都西咸数据中心1号楼J301电力电池机房|08#开关电源蓄电池组|第2组|第2组单体10电池电压|1-J301电池室放电电池数据表.xlsx|DC8|DC8,陕西省,咸阳,中国移动西咸数据中心,咸阳秦都西咸数据中心1号楼站点,咸阳秦都西咸数据中心1号楼J301电力电池机房,铅酸电池,08#开关电源蓄电池组,单体XX电压,第2组单体10电池电压,2025-07-09T02:00:37,2.557,V,1-J301电池室放电电池数据表.xlsx,DC8,2.557,第2组,DC8,30,9862.0,True,1.954,3.057,-2.8621109078765623,-1,True,False,False,1.189066091353027,1.189066091353027,7,8.96470583172148,0.49656516085170155,0.9488480752003545,0.673715723447728,1.0763127160481123,0.060072815533980584,7,False,0.10022502108340123,False,True
咸阳秦都西咸数据中心1号楼D203电力电池机房|5#开关电源蓄电池组|第2组|第2组单体9电池电压|1-D203电池室放电电池数据表.xlsx|DC5|DC5,陕西省,咸阳,中国移动西咸数据中心,咸阳秦都西咸数据中心1号楼站点,咸阳秦都西咸数据中心1号楼D203电力电池机房,铅酸电池,5#开关电源蓄电池组,单体XX电压,第2组单体9电池电压,2025-07-11T01:38:48,2.112,V,1-D203电池室放电电池数据表.xlsx,DC5,2.112,第2组,DC5,8,5912.0,True,1.545,2.112,2.1515836279287854,-1,True,False,False,1.1727661832459302,1.1727661832459302,1,-0.7896792276019651,0.8880309543034928,-1.4988833717074082,0.372477292959135,1.0763127160481123,0.060072815533980584,7,False,0.7812622701958846,False,True
咸阳秦都西咸数据中心1号楼J301电力电池机房|06#开关电源蓄电池组|第2组|第2组单体4电池电压|1-J301电池室放电电池数据表.xlsx|DC6|DC6,陕西省,咸阳,中国移动西咸数据中心,咸阳秦都西咸数据中心1号楼站点,咸阳秦都西咸数据中心1号楼J301电力电池机房,铅酸电池,06#开关电源蓄电池组,单体XX电压,第2组单体4电池电压,2025-07-09T01:12:40,1.829,V,1-J301电池室放电电池数据表.xlsx,DC6,1.829,第2组,DC6,15,3969.0,True,1.235,2.177,2.7590962005455273,-1,True,False,False,1.1670351383455826,1.1670351383455826,7,2.3976423370572073,0.6212079846097263,0.40562567788838866,0.5554571907131353,1.0763127160481123,0.060072815533980584,7,False,-0.1034685397702626,False,True
咸阳秦都西咸数据中心1号楼J301电力电池机房|10#开关电源蓄电池组|第1组|第1组单体1电池电压|1-J301电池室放电电池数据表.xlsx|DC10|DC10,陕西省,咸阳,中国移动西咸数据中心,咸阳秦都西咸数据中心1号楼站点,咸阳秦都西咸数据中心1号楼J301电力电池机房,铅酸电池,10#开关电源蓄电池组,单体XX电压,第1组单体1电池电压,2025-07-09T02:47:31,0.616,V,1-J301电池室放电电池数据表.xlsx,DC10,0.616,第1组,DC10,21,663.0,True,0.966,2.085,2.509968514514868,-1,True,False,False,1.165851241959578,1.165851241959578,7,5.029901651992998,-1.6621066011552894,-0.39337768439133325,-0.16840557563296746,1.0763127160481123,0.060072815533980584,7,False,0.7076507306813404,False,True
咸阳秦都西咸数据中心1号楼J301电力电池机房|05#开关电源蓄电池组|第2组|第2组单体22电池电压|1-J301电池室放电电池数据表.xlsx|DC5|DC5,陕西省,咸阳,中国移动西咸数据中心,咸阳秦都西咸数据中心1号楼站点,咸阳秦都西咸数据中心1号楼J301电力电池机房,铅酸电池,05#开关电源蓄电池组,单体XX电压,第2组单体22电池电压,2025-07-09T01:10:03,2.757,V,1-J301电池室放电电池数据表.xlsx,DC5,2.757,第2组,DC5,33,7913.0,True,1.861,2.86,-1.179985360750524,-1,True,False,False,1.1424759291889277,1.1424759291889277,-7,4.24658377618746,0.306800966752401,0.7238386594133382,0.16835085440088352,1.0763127160481123,0.060072815533980584,7,True,0.12433478348215499,False,True
咸阳秦都西咸数据中心1号楼J301电力电池机房|05#开关电源蓄电池组|第2组|第2组单体14电池电压|1-J301电池室放电电池数据表.xlsx|DC5|DC5,陕西省,咸阳,中国移动西咸数据中心,咸阳秦都西咸数据中心1号楼站点,咸阳秦都西咸数据中心1号楼J301电力电池机房,铅酸电池,05#开关电源蓄电池组,单体XX电压,第2组单体14电池电压,2025-07-09T01:11:23,3.003,V,1-J301电池室放电电池数据表.xlsx,DC5,3.003,第2组,DC5,34,7778.0,True,1.925,3.161,-2.3279399254415964,-1,True,False,False,1.1407571559262841,1.1407571559262841,-7,8.110690330795835,0.5706717771581046,1.057769020124653,1.5072520408120544,1.0763127160481123,0.060072815533980584,7,False,0.4137508804022833,False,True
咸阳秦都西咸数据中心1号楼J301电力电池机房|06#开关电源蓄电池组|第1组|第1组单体9电池电压|1-J301电池室放电电池数据表.xlsx|DC6|DC6,陕西省,咸阳,中国移动西咸数据中心,咸阳秦都西咸数据中心1号楼站点,咸阳秦都西咸数据中心1号楼J301电力电池机房,铅酸电池,06#开关电源蓄电池组,单体XX电压,第1组单体9电池电压,2025-07-09T00:14:34,2.349,V,1-J301电池室放电电池数据表.xlsx,DC6,2.349,第1组,DC6,34,4038.0,True,1.865,3.073,2.6753345991615225,1,False,False,False,1.1293657944643574,0.7049320281981014,6,4.336388997812339,2.4833527303643548,0.510136978384974,0.4217589638136192,1.0763127160481123,0.060072815533980584,7,True,0.20356668778223064,False,True
咸阳秦都西咸数据中心1号楼D203电力电池机房|6#开关电源蓄电池组|第2组|第2组单体17电池电压|1-D203电池室放电电池数据表.xlsx|DC6|DC6,陕西省,咸阳,中国移动西咸数据中心,咸阳秦都西咸数据中心1号楼站点,咸阳秦都西咸数据中心1号楼D203电力电池机房,铅酸电池,6#开关电源蓄电池组,单体XX电压,第2组单体17电池电压,2025-07-11T01:40:55,2.154,V,1-D203电池室放电电池数据表.xlsx,DC6,2.154,第2组,DC6,36,6958.0,False,1.839,3.034,2.711629916004995,-1,True,False,False,1.12116351186167,1.12116351186167,5,3.2179349862283146,1.2478788378442531,-0.21974782656042968,0.07314773391787832,1.0763127160481123,0.060072815533980584,7,True,0.2865239451557652,False,True
咸阳秦都西咸数据中心1号楼J301电力电池机房|10#开关电源蓄电池组|第1组|第1组单体3电池电压|1-J301电池室放电电池数据表.xlsx|DC10|DC10,陕西省,咸阳,中国移动西咸数据中心,咸阳秦都西咸数据中心1号楼站点,咸阳秦都西咸数据中心1号楼J301电力电池机房,铅酸电池,10#开关电源蓄电池组,单体XX电压,第1组单体3电池电压,2025-07-09T02:47:49,1.756,V,1-J301电池室放电电池数据表.xlsx,DC10,1.756,第1组,DC10,13,262.0,True,0.736,1.883,4.330080893994505,-1,True,False,False,1.1189170225768714,1.1189170225768714,7,3.7461190090558363,-1.974471219889296,-0.7347328757257916,-0.4712886556038385,1.0763127160481123,0.060072815533980584,7,False,0.1526071425290017,False,True
咸阳秦都西咸数据中心1号楼D203电力电池机房|6#开关电源蓄电池组|第2组|第2组单体16电池电压|1-D203电池室放电电池数据表.xlsx|DC6|DC6,陕西省,咸阳,中国移动西咸数据中心,咸阳秦都西咸数据中心1号楼站点,咸阳秦都西咸数据中心1号楼D203电力电池机房,铅酸电池,6#开关电源蓄电池组,单体XX电压,第2组单体16电池电压,2025-07-11T01:44:49,1.698,V,1-D203电池室放电电池数据表.xlsx,DC6,1.698,第2组,DC6,21,6507.0,True,1.052,2.377,5.44585946289177,-1,True,False,False,1.1143807101676997,1.1143807101676997,5,2.9668141490054394,2.828449430881859,-0.07165775623775006,0.43772818005963954,1.0763127160481123,0.060072815533980584,7,False,,False,True
咸阳秦都西咸数据中心1号楼J301电力电池机房|06#开关电源蓄电池组|第1组|第1组单体17电池电压|1-J301电池室放电电池数据表.xlsx|DC6|DC6,陕西省,咸阳,中国移动西咸数据中心,咸阳秦都西咸数据中心1号楼站点,咸阳秦都西咸数据中心1号楼J301电力电池机房,铅酸电池,06#开关电源蓄电池组,单体XX电压,第1组单体17电池电压,2025-07-09T01:18:23,2.089,V,1-J301电池室放电电池数据表.xlsx,DC6,2.089,第1组,DC6,17,3984.0,True,1.594,2.218,0.9985556616623938,-1,True,False,False,1.1069245793883185,1.1069245793883185,3,0.5456770606607577,0.45473548967017474,-0.7893447171770402,0.43193717494643724,1.0763127160481123,0.060072815533980584,7,False,-0.05395523084672803,False,True
咸阳秦都西咸数据中心1号楼D203电力电池机房|6#开关电源蓄电池组|第1组|第1组单体16电池电压|1-D203电池室放电电池数据表.xlsx|DC6|DC6,陕西省,咸阳,中国移动西咸数据中心,咸阳秦都西咸数据中心1号楼站点,咸阳秦都西咸数据中心1号楼D203电力电池机房,铅酸电池,6#开关电源蓄电池组,单体XX电压,第1组单体16电池电压,2025-07-11T01:41:00,1.948,V,1-D203电池室放电电池数据表.xlsx,DC6,1.948,第1组,DC6,10,6755.0,False,1.783,2.47,-1.6788246159685662,-1,True,False,False,1.1024945993716986,1.1024945993716986,-7,3.6594100497395594,1.3665683410911307,1.1660389706422372,0.5531743141044532,1.0763127160481123,0.060072815533980584,7,False,0.872715486624065,False,True
咸阳秦都西咸数据中心1号楼J301电力电池机房|05#开关电源蓄电池组|第2组|第2组单体6电池电压|1-J301电池室放电电池数据表.xlsx|DC5|DC5,陕西省,咸阳,中国移动西咸数据中心,咸阳秦都西咸数据中心1号楼站点,咸阳秦都西咸数据中心1号楼J301电力电池机房,铅酸电池,05#开关电源蓄电池组,单体XX电压,第2组单体6电池电压,2025-07-09T01:11:27,3.361,V,1-J301电池室放电电池数据表.xlsx,DC5,3.361,第2组,DC5,35,7778.0,True,1.934,3.361,-2.028822011595215,-1,True,False,False,1.0834688101559817,1.0834688101559817,-7,10.037933798030835,0.8363855697474702,1.123553618104522,2.032026746412814,1.0763127160481123,0.060072815533980584,7,False,0.44848464873594457,False,True
咸阳秦都西咸数据中心1号楼J301电力电池机房|08#开关电源蓄电池组|第2组|第2组单体1电池电压|1-J301电池室放电电池数据表.xlsx|DC8|DC8,陕西省,咸阳,中国移动西咸数据中心,咸阳秦都西咸数据中心1号楼站点,咸阳秦都西咸数据中心1号楼J301电力电池机房,铅酸电池,08#开关电源蓄电池组,单体XX电压,第2组单体1电池电压,2025-07-09T02:12:37,2.039,V,1-J301电池室放电电池数据表.xlsx,DC8,2.039,第2组,DC8,63,12896.0,True,1.294,2.274,-2.138462687167556,-1,True,False,False,1.081350728440186,1.081350728440186,-7,2.269267318469973,-0.2209148695893526,0.6575417031053242,-0.45272929321079813,1.0763127160481123,0.060072815533980584,7,False,-0.0013254705727754241,False,True
咸阳秦都西咸数据中心1号楼D203电力电池机房|6#开关电源蓄电池组|第2组|第2组单体19电池电压|1-D203电池室放电电池数据表.xlsx|DC6|DC6,陕西省,咸阳,中国移动西咸数据中心,咸阳秦都西咸数据中心1号楼站点,咸阳秦都西咸数据中心1号楼D203电力电池机房,铅酸电池,6#开关电源蓄电池组,单体XX电压,第2组单体19电池电压,2025-07-11T01:40:55,2.243,V,1-D203电池室放电电池数据表.xlsx,DC6,2.243,第2组,DC6,37,7135.0,False,1.851,3.278,3.348089716840858,1,False,False,False,1.0667469573813204,0.5676800553784999,7,4.447239507329068,1.9495580855437153,0.6094222558498562,0.3472553969753679,1.0763127160481123,0.060072815533980584,7,True,0.2893628533269254,False,True
咸阳秦都西咸数据中心1号楼J301电力电池机房|05#开关电源蓄电池组|第2组|第2组单体8电池电压|1-J301电池室放电电池数据表.xlsx|DC5|DC5,陕西省,咸阳,中国移动西咸数据中心,咸阳秦都西咸数据中心1号楼站点,咸阳秦都西咸数据中心1号楼J301电力电池机房,铅酸电池,05#开关电源蓄电池组,单体XX电压,第2组单体8电池电压,2025-07-09T01:11:14,3.141,V,1-J301电池室放电电池数据表.xlsx,DC5,3.141,第2组,DC5,36,7778.0,True,1.967,3.203,-2.11551439842242,-1,True,False,False,1.037355611379766,1.037355611379766,-7,8.680074743215064,0.7105862789174178,1.0861755476625143,1.7126187681248766,1.0763127160481123,0.060072815533980584,7,False,0.4501121543023818,False,True
咸阳秦都西咸数据中心1号楼D203电力电池机房|2#开关电源蓄电池组|第2组|第2组单体16电池电压|1-D203电池室放电电池数据表.xlsx|DC2|DC2,陕西省,咸阳,中国移动西咸数据中心,咸阳秦都西咸数据中心1号楼站点,咸阳秦都西咸数据中心1号楼D203电力电池机房,铅酸电池,2#开关电源蓄电池组,单体XX电压,第2组单体16电池电压,2025-07-11T00:41:34,2.182,V,1-D203电池室放电电池数据表.xlsx,DC2,2.182,第2组,DC2,21,2788.0,False,2.018,2.799,1.8716347230323058,-1,True,False,False,1.0255876458173891,1.0255876458173891,6,1.6126633917073592,0.9642260367596251,0.1939693761121697,-0.026393020961767877,1.0763127160481123,0.060072815533980584,7,False,0.8173432549352382,False,True
咸阳秦都西咸数据中心1号楼D303电力电池机房|6#开关电源蓄电池组|第2组|第2组单体21电池电压|1-D303电池室放电电池数据表.xlsx|DC6|DC6,陕西省,咸阳,中国移动西咸数据中心,咸阳秦都西咸数据中心1号楼站点,咸阳秦都西咸数据中心1号楼D303电力电池机房,铅酸电池,6#开关电源蓄电池组,单体XX电压,第2组单体21电池电压,2025-07-10T02:09:17,1.818,V,1-D303电池室放电电池数据表.xlsx,DC6,1.818,第2组,DC6,14,9152.0,False,1.742,2.45,-1.8829346524655843,-1,True,False,False,1.0153100430090827,1.0153100430090827,-7,4.2585775407426,0.9950310205561133,1.0201247624670402,0.23293074493078555,1.0763127160481123,0.060072815533980584,7,False,-0.399979000444215,False,True
咸阳秦都西咸数据中心1号楼D303电力电池机房|6#开关电源蓄电池组|第2组|第2组单体7电池电压|1-D303电池室放电电池数据表.xlsx|DC6|DC6,陕西省,咸阳,中国移动西咸数据中心,咸阳秦都西咸数据中心1号楼站点,咸阳秦都西咸数据中心1号楼D303电力电池机房,铅酸电池,6#开关电源蓄电池组,单体XX电压,第2组单体7电池电压,2025-07-10T02:19:15,1.648,V,1-D303电池室放电电池数据表.xlsx,DC6,1.648,第2组,DC6,9,8824.0,True,1.49,2.291,1.2588883469806136,-1,True,False,False,1.001737981137682,1.001737981137682,7,2.3686497150973596,0.8388067374004324,0.6615826082784526,0.5284828898160461,1.0763127160481123,0.060072815533980584,7,False,-0.049279174556503734,False,True
咸阳秦都西咸数据中心1号楼J301电力电池机房|05#开关电源蓄电池组|第2组|第2组单体18电池电压|1-J301电池室放电电池数据表.xlsx|DC5|DC5,陕西省,咸阳,中国移动西咸数据中心,咸阳秦都西咸数据中心1号楼站点,咸阳秦都西咸数据中心1号楼J301电力电池机房,铅酸电池,05#开关电源蓄电池组,单体XX电压,第2组单体18电池电压,2025-07-09T01:11:14,2.709,V,1-J301电池室放电电池数据表.xlsx,DC5,2.709,第2组,DC5,36,7782.0,True,1.888,2.997,-2.927583549641405,-1,True,False,False,0.9904947565803031,0.9904947565803031,-7,8.601261095961112,0.3362833677233059,1.0540908460794136,1.486138058200645,1.0763127160481123,0.060072815533980584,7,True,0.37304245888787446,False,True
咸阳秦都西咸数据中心1号楼J301电力电池机房|06#开关电源蓄电池组|第1组|第1组单体11电池电压|1-J301电池室放电电池数据表.xlsx|DC6|DC6,陕西省,咸阳,中国移动西咸数据中心,咸阳秦都西咸数据中心1号楼站点,咸阳秦都西咸数据中心1号楼J301电力电池机房,铅酸电池,06#开关电源蓄电池组,单体XX电压,第1组单体11电池电压,2025-07-09T01:14:31,2.182,V,1-J301电池室放电电池数据表.xlsx,DC6,2.182,第1组,DC6,31,4038.0,True,1.731,2.914,2.920616158834597,1,False,False,False,0.9891566049748058,0.6454203172588523,6,3.8961257014614397,2.2712119212493924,0.44043431814087897,0.48317955677577473,1.0763127160481123,0.060072815533980584,7,True,0.18164951761280326,False,True
咸阳秦都西咸数据中心1号楼J301电力电池机房|05#开关电源蓄电池组|第2组|第2组单体10电池电压|1-J301电池室放电电池数据表.xlsx|DC5|DC5,陕西省,咸阳,中国移动西咸数据中心,咸阳秦都西咸数据中心1号楼站点,咸阳秦都西咸数据中心1号楼J301电力电池机房,铅酸电池,05#开关电源蓄电池组,单体XX电压,第2组单体10电池电压,2025-07-09T01:11:23,3.058,V,1-J301电池室放电电池数据表.xlsx,DC5,3.058,第2组,DC5,37,7782.0,False,1.938,3.187,-2.8089881200787254,-1,True,False,False,0.9691861844695004,0.9691861844695004,-7,10.059583610453988,0.5426198921462618,1.1310275904158038,1.9538963473396185,1.0763127160481123,0.060072815533980584,7,False,0.422894174677199,False,True
咸阳秦都西咸数据中心1号楼D203电力电池机房|6#开关电源蓄电池组|第2组|第2组单体21电池电压|1-D203电池室放电电池数据表.xlsx|DC6|DC6,陕西省,咸阳,中国移动西咸数据中心,咸阳秦都西咸数据中心1号楼站点,咸阳秦都西咸数据中心1号楼D203电力电池机房,铅酸电池,6#开关电源蓄电池组,单体XX电压,第2组单体21电池电压,2025-07-11T00:00:53,2.225,V,1-D203电池室放电电池数据表.xlsx,DC6,2.225,第2组,DC6,33,6644.0,True,0.0,3.406,5.560172863888769,4,False,False,False,0.9619128555922227,1.2605447442872766,7,2.9796533653875583,2.45238213580355,0.5010792142302707,0.3587999432527963,1.0763127160481123,0.060072815533980584,7,True,0.37009428280466294,False,True
咸阳秦都西咸数据中心1号楼D203电力电池机房|2#开关电源蓄电池组|第1组|第1组单体16电池电压|1-D203电池室放电电池数据表.xlsx|DC2|DC2,陕西省,咸阳,中国移动西咸数据中心,咸阳秦都西咸数据中心1号楼站点,咸阳秦都西咸数据中心1号楼D203电力电池机房,铅酸电池,2#开关电源蓄电池组,单体XX电压,第1组单体16电池电压,2025-07-11T00:44:46,2.769,V,1-D203电池室放电电池数据表.xlsx,DC2,2.769,第1组,DC2,24,2893.0,False,2.008,2.829,1.0962300154992077,-1,True,False,False,0.957663639052452,0.957663639052452,7,2.6756521939561333,1.0630280520082898,0.6726742480406424,0.1280817956143089,1.0763127160481123,0.060072815533980584,7,False,0.7518951394584106,False,True
咸阳秦都西咸数据中心1号楼J301电力电池机房|11#开关电源蓄电池组|第1组|第1组单体14电池电压|1-J301电池室放电电池数据表.xlsx|DC11|DC11,陕西省,咸阳,中国移动西咸数据中心,咸阳秦都西咸数据中心1号楼站点,咸阳秦都西咸数据中心1号楼J301电力电池机房,铅酸电池,11#开关电源蓄电池组,单体XX电压,第1组单体14电池电压,2025-07-08T02:37:52,2.516,V,1-J301电池室放电电池数据表.xlsx,DC11,2.516,第1组,DC11,18,1291.0,True,2.086,3.093,1.7288957408847745,-1,True,False,False,0.9361704819714805,0.9361704819714805,7,3.908704509021076,1.1501664438394863,0.4734063480273498,-0.5239257680878535,1.0763127160481123,0.060072815533980584,7,False,0.3217832473409226,False,True
咸阳秦都西咸数据中心1号楼D203电力电池机房|2#开关电源蓄电池组|第1组|第1组单体11电池电压|1-D203电池室放电电池数据表.xlsx|DC2|DC2,陕西省,咸阳,中国移动西咸数据中心,咸阳秦都西咸数据中心1号楼站点,咸阳秦都西咸数据中心1号楼D203电力电池机房,铅酸电池,2#开关电源蓄电池组,单体XX电压,第1组单体11电池电压,2025-07-11T00:44:06,2.765,V,1-D203电池室放电电池数据表.xlsx,DC2,2.765,第1组,DC2,28,2893.0,False,2.044,3.038,2.1873314533389525,-1,True,False,False,0.9329925463753497,0.9329925463753497,7,3.2912960499021837,1.2606377944801277,0.5468168950269761,0.0060206126475007005,1.0763127160481123,0.060072815533980584,7,False,0.7240280178939136,False,True
咸阳秦都西咸数据中心1号楼D203电力电池机房|2#开关电源蓄电池组|第1组|第1组单体9电池电压|1-D203电池室放电电池数据表.xlsx|DC2|DC2,陕西省,咸阳,中国移动西咸数据中心,咸阳秦都西咸数据中心1号楼站点,咸阳秦都西咸数据中心1号楼D203电力电池机房,铅酸电池,2#开关电源蓄电池组,单体XX电压,第1组单体9电池电压,2025-07-11T00:44:46,2.789,V,1-D203电池室放电电池数据表.xlsx,DC2,2.789,第1组,DC2,22,2893.0,False,2.076,2.844,1.36860080535661,-1,True,False,False,0.8975052284692271,0.8975052284692271,7,1.877971930873431,1.1418932761815286,0.6557289372731038,-0.02934104675003109,1.0763127160481123,0.060072815533980584,7,False,0.7494411232541154,False,True
咸阳秦都西咸数据中心1号楼J301电力电池机房|05#开关电源蓄电池组|第2组|第2组单体16电池电压|1-J301电池室放电电池数据表.xlsx|DC5|DC5,陕西省,咸阳,中国移动西咸数据中心,咸阳秦都西咸数据中心1号楼站点,咸阳秦都西咸数据中心1号楼J301电力电池机房,铅酸电池,05#开关电源蓄电池组,单体XX电压,第2组单体16电池电压,2025-07-09T01:11:23,2.934,V,1-J301电池室放电电池数据表.xlsx,DC5,2.934,第2组,DC5,36,7782.0,False,1.929,3.137,-2.920702648878274,-1,True,False,False,0.867649611825388,0.867649611825388,-7,9.54095045283968,0.5166305295527533,1.118134697442549,1.7378703628401866,1.0763127160481123,0.060072815533980584,7,False,0.38898751221905664,False,True
咸阳秦都西咸数据中心1号楼J301电力电池机房|10#开关电源蓄电池组|第1组|第1组单体18电池电压|1-J301电池室放电电池数据表.xlsx|DC10|DC10,陕西省,咸阳,中国移动西咸数据中心,咸阳秦都西咸数据中心1号楼站点,咸阳秦都西咸数据中心1号楼J301电力电池机房,铅酸电池,10#开关电源蓄电池组,单体XX电压,第1组单体18电池电压,2025-07-09T02:19:46,2.135,V,1-J301电池室放电电池数据表.xlsx,DC10,2.135,第1组,DC10,14,1413.0,True,1.157,2.993,6.401734250476321,4,False,False,False,0.8555710113736097,0.769635679114854,7,4.449571100604695,1.7618864231443039,0.1513235604436809,0.3381561232072505,1.0763127160481123,0.060072815533980584,7,True,0.49026662927470627,False,True
咸阳秦都西咸数据中心1号楼D201电力电池机房|4#开关电源蓄电池组|第1组|第1组单体10电池电压|1-D201电池室放电电池数据表.xlsx|DC4|DC4,陕西省,咸阳,中国移动西咸数据中心,咸阳秦都西咸数据中心1号楼站点,咸阳秦都西咸数据中心1号楼D201电力电池机房,铅酸电池,4#开关电源蓄电池组,单体XX电压,第1组单体10电池电压,2025-07-08T01:05:01,2.181,V,1-D201电池室放电电池数据表.xlsx,DC4,2.181,第1组,DC4,23,1299.0,True,2.029,2.967,1.76652664728095,-1,True,False,False,0.8408241272060272,0.8408241272060272,7,3.3250997007471446,0.8036698723649225,0.40884257962483983,-0.39220386589139444,1.0763127160481123,0.060072815533980584,7,False,0.5587149673152035,False,True
咸阳秦都西咸数据中心1号楼J301电力电池机房|05#开关电源蓄电池组|第2组|第2组单体12电池电压|1-J301电池室放电电池数据表.xlsx|DC5|DC5,陕西省,咸阳,中国移动西咸数据中心,咸阳秦都西咸数据中心1号楼站点,咸阳秦都西咸数据中心1号楼J301电力电池机房,铅酸电池,05#开关电源蓄电池组,单体XX电压,第2组单体12电池电压,2025-07-09T01:11:31,2.978,V,1-J301电池室放电电池数据表.xlsx,DC5,2.978,第2组,DC5,35,7782.0,True,1.923,3.152,-2.726031170934366,-1,True,False,False,0.8332526532250524,0.8332526532250524,-7,9.697792044242048,0.5388626330532512,1.1144087880910463,1.8626853251181554,1.0763127160481123,0.060072815533980584,7,False,0.40999444792610046,False,True
咸阳秦都西咸数据中心1号楼J301电力电池机房|05#开关电源蓄电池组|第2组|第2组单体24电池电压|1-J301电池室放电电池数据表.xlsx|DC5|DC5,陕西省,咸阳,中国移动西咸数据中心,咸阳秦都西咸数据中心1号楼站点,咸阳秦都西咸数据中心1号楼J301电力电池机房,铅酸电池,05#开关电源蓄电池组,单体XX电压,第2组单体24电池电压,2025-07-09T01:10:03,0.713,V,1-J301电池室放电电池数据表.xlsx,DC5,0.713,第2组,DC5,26,1295.0,True,0.66,2.215,4.934118611310917,-1,True,False,False,1.6550824076551156,1.6550824076551156,7,7.459654141879275,-2.9254173568185995,-1.3335671506834248,-1.3848147449009889,1.0763127160481123,0.060072815533980584,7,False,0.9594296760561364,True,False
咸阳秦都西咸数据中心1号楼J301电力电池机房|05#开关电源蓄电池组|第2组|第2组单体7电池电压|1-J301电池室放电电池数据表.xlsx|DC5|DC5,陕西省,咸阳,中国移动西咸数据中心,咸阳秦都西咸数据中心1号楼站点,咸阳秦都西咸数据中心1号楼J301电力电池机房,铅酸电池,05#开关电源蓄电池组,单体XX电压,第2组单体7电池电压,2025-07-09T01:01:18,1.566,V,1-J301电池室放电电池数据表.xlsx,DC5,1.566,第2组,DC5,22,1074.0,True,0.717,2.262,4.201327011990374,-1,True,False,False,1.4005858562059017,1.4005858562059017,7,7.6948757817159805,-2.331046495167912,-0.8156395880628307,0.22768121896633278,1.0763127160481123,0.060072815533980584,7,False,0.9383013171078967,True,False
咸阳秦都西咸数据中心1号楼J301电力电池机房|05#开关电源蓄电池组|第2组|第2组单体9电池电压|1-J301电池室放电电池数据表.xlsx|DC5|DC5,陕西省,咸阳,中国移动西咸数据中心,咸阳秦都西咸数据中心1号楼站点,咸阳秦都西咸数据中心1号楼J301电力电池机房,铅酸电池,05#开关电源蓄电池组,单体XX电压,第2组单体9电池电压,2025-07-09T01:11:27,0.914,V,1-J301电池室放电电池数据表.xlsx,DC5,0.914,第2组,DC5,21,1074.0,True,0.899,2.286,3.7189135643487568,-1,True,False,False,1.2909473354036314,1.2909473354036314,7,6.491159860401034,-1.8695394023013352,-0.5779517490674704,0.29279500144028336,1.0763127160481123,0.060072815533980584,7,False,0.9334407572626495,True,False
咸阳秦都西咸数据中心1号楼J301电力电池机房|05#开关电源蓄电池组|第2组|第2组单体5电池电压|1-J301电池室放电电池数据表.xlsx|DC5|DC5,陕西省,咸阳,中国移动西咸数据中心,咸阳秦都西咸数据中心1号楼站点,咸阳秦都西咸数据中心1号楼J301电力电池机房,铅酸电池,05#开关电源蓄电池组,单体XX电压,第2组单体5电池电压,2025-07-09T01:02:22,1.512,V,1-J301电池室放电电池数据表.xlsx,DC5,1.512,第2组,DC5,21,1074.0,True,0.762,2.278,4.0867460831109215,-1,True,False,False,1.2784396176028803,1.2784396176028803,7,7.502383015435887,-2.195082902716937,-0.782298416951013,0.07068961158785053,1.0763127160481123,0.060072815533980584,7,False,0.937582550930049,True,False
咸阳秦都西咸数据中心1号楼D301电力电池机房|1#开关电源蓄电池组|第2组|第2组单体2电池电压|1-D301电池室放电电池数据表.xlsx|DC1|DC1,陕西省,咸阳,中国移动西咸数据中心,咸阳秦都西咸数据中心1号楼站点,咸阳秦都西咸数据中心1号楼D301电力电池机房,铅酸电池,1#开关电源蓄电池组,单体XX电压,第2组单体2电池电压,2025-07-08T01:46:15,2.052,V,1-D301电池室放电电池数据表.xlsx,DC1,2.052,第2组,DC1,6,263.0,True,1.414,2.177,0.8174334232317431,6,False,False,False,1.2065751548597574,0.9989227224703232,7,2.75001657935817,-0.44129802479993474,0.3422141304436507,0.48096656625851286,1.0763127160481123,0.060072815533980584,7,False,-0.2891120999074451,False,False
咸阳秦都西咸数据中心1号楼J301电力电池机房|10#开关电源蓄电池组|第2组|第2组单体22电池电压|1-J301电池室放电电池数据表.xlsx|DC10|DC10,陕西省,咸阳,中国移动西咸数据中心,咸阳秦都西咸数据中心1号楼站点,咸阳秦都西咸数据中心1号楼J301电力电池机房,铅酸电池,10#开关电源蓄电池组,单体XX电压,第2组单体22电池电压,2025-07-09T02:25:17,2.182,V,1-J301电池室放电电池数据表.xlsx,DC10,2.182,第2组,DC10,14,192.0,True,0.662,2.153,5.325837242091589,-1,True,False,False,1.1574695129842176,1.1574695129842176,7,6.109117457848371,-1.9372984977267447,-0.9150499179128275,-0.42621312163335645,1.0763127160481123,0.060072815533980584,7,False,0.9257244211380242,True,False
咸阳秦都西咸数据中心1号楼J301电力电池机房|01#开关电源蓄电池组|第2组|第2组单体24电池电压|1-J301电池室放电电池数据表.xlsx|DC1|DC1,陕西省,咸阳,中国移动西咸数据中心,咸阳秦都西咸数据中心1号楼站点,咸阳秦都西咸数据中心1号楼J301电力电池机房,铅酸电池,01#开关电源蓄电池组,单体XX电压,第2组单体24电池电压,2025-07-09T00:18:15,1.695,V,1-J301电池室放电电池数据表.xlsx,DC1,1.695,第2组,DC1,7,645.0,True,0.691,2.154,5.5047821768080745,2,False,False,False,1.0928689482884508,1.349830338300063,7,5.0531180090313095,-0.33260679287919515,-0.1930982512188354,1.2155398196634903,1.0763127160481123,0.060072815533980584,7,False,-0.6328985005191848,False,False
咸阳秦都西咸数据中心1号楼J301电力电池机房|12#开关电源蓄电池组|第2组|第2组单体12电池电压|1-J301电池室放电电池数据表.xlsx|DC12|DC12,陕西省,咸阳,中国移动西咸数据中心,咸阳秦都西咸数据中心1号楼站点,咸阳秦都西咸数据中心1号楼J301电力电池机房,铅酸电池,12#开关电源蓄电池组,单体XX电压,第2组单体12电池电压,2025-07-08T03:48:05,1.925,V,1-J301电池室放电电池数据表.xlsx,DC12,1.925,第2组,DC12,17,3610.0,True,1.343,1.925,1.172580111279218,0,False,False,False,1.0844023249397226,3.621756525613009,-7,1.325780755677904,-2.6606848226742965,-0.29393200120145624,0.44317976872855425,1.0763127160481123,0.060072815533980584,7,False,-0.4344008740851141,False,False
咸阳秦都西咸数据中心1号楼J301电力电池机房|06#开关电源蓄电池组|第1组|第1组单体14电池电压|1-J301电池室放电电池数据表.xlsx|DC6|DC6,陕西省,咸阳,中国移动西咸数据中心,咸阳秦都西咸数据中心1号楼站点,咸阳秦都西咸数据中心1号楼J301电力电池机房,铅酸电池,06#开关电源蓄电池组,单体XX电压,第1组单体14电池电压,2025-07-09T01:14:31,1.845,V,1-J301电池室放电电池数据表.xlsx,DC6,1.845,第1组,DC6,12,3712.0,True,1.505,2.344,3.1041009896749823,3,False,False,False,1.079508422393584,1.3448677095647144,4,0.6508593698656644,2.1781631688056766,-0.2667968595963175,0.22715869692059068,1.0763127160481123,0.060072815533980584,7,False,-0.21996539287369976,False,False
咸阳秦都西咸数据中心1号楼J301电力电池机房|04#开关电源蓄电池组|第1组|第1组单体18电池电压|1-J301电池室放电电池数据表.xlsx|DC4|DC4,陕西省,咸阳,中国移动西咸数据中心,咸阳秦都西咸数据中心1号楼站点,咸阳秦都西咸数据中心1号楼J301电力电池机房,铅酸电池,04#开关电源蓄电池组,单体XX电压,第1组单体18电池电压,2025-07-09T00:45:33,2.342,V,1-J301电池室放电电池数据表.xlsx,DC4,2.342,第1组,DC4,11,8781.0,False,1.843,2.35,-1.9522262372544277,0,False,False,False,1.0791218126996127,3.7541158092891376,4,2.424201000547879,0.4915969421199534,-0.0023259756542937104,0.9629080281842654,1.0763127160481123,0.060072815533980584,7,False,0.33013153600517353,False,False
咸阳秦都西咸数据中心1号楼D203电力电池机房|5#开关电源蓄电池组|第2组|第2组单体13电池电压|1-D203电池室放电电池数据表.xlsx|DC5|DC5,陕西省,咸阳,中国移动西咸数据中心,咸阳秦都西咸数据中心1号楼站点,咸阳秦都西咸数据中心1号楼D203电力电池机房,铅酸电池,5#开关电源蓄电池组,单体XX电压,第2组单体13电池电压,2025-07-11T01:39:01,1.694,V,1-D203电池室放电电池数据表.xlsx,DC5,1.694,第2组,DC5,8,5912.0,True,1.41,2.106,2.788521974568448,0,False,False,False,1.055590734950886,3.43928344927733,2,-0.13775260477511575,0.929466783913546,-1.2315291719100077,0.40333582571432314,1.0763127160481123,0.060072815533980584,7,False,0.7808311564512677,False,False
咸阳秦都西咸数据中心1号楼D203电力电池机房|5#开关电源蓄电池组|第1组|第1组单体2电池电压|1-D203电池室放电电池数据表.xlsx|DC5|DC5,陕西省,咸阳,中国移动西咸数据中心,咸阳秦都西咸数据中心1号楼站点,咸阳秦都西咸数据中心1号楼D203电力电池机房,铅酸电池,5#开关电源蓄电池组,单体XX电压,第1组单体2电池电压,2025-07-11T01:39:38,1.871,V,1-D203电池室放电电池数据表.xlsx,DC5,1.871,第1组,DC5,9,6170.0,False,1.85,2.196,-0.4777112590608916,0,False,False,False,1.0535769990939237,3.015426698420478,0,-3.1912484159909997,0.48685581502762154,-1.602122877602059,0.04770884571024939,1.0763127160481123,0.060072815533980584,7,False,0.23040731616237342,False,False
咸阳秦都西咸数据中心1号楼J301电力电池机房|09#开关电源蓄电池组|第2组|第2组单体8电池电压|1-J301电池室放电电池数据表.xlsx|DC9|DC9,陕西省,咸阳,中国移动西咸数据中心,咸阳秦都西咸数据中心1号楼站点,咸阳秦都西咸数据中心1号楼J301电力电池机房,铅酸电池,09#开关电源蓄电池组,单体XX电压,第2组单体8电池电压,2025-07-09T01:27:16,2.245,V,1-J301电池室放电电池数据表.xlsx,DC9,2.245,第2组,DC9,32,5729.0,False,1.453,2.245,-1.3751421431244857,0,False,False,False,1.0340463867993543,3.0882904682210084,7,1.765364732936393,-1.3942736188802656,0.2542604515149101,-0.3727928099524933,1.0763127160481123,0.060072815533980584,7,False,0.7809884409813407,False,False
咸阳秦都西咸数据中心1号楼J301电力电池机房|05#开关电源蓄电池组|第2组|第2组单体23电池电压|1-J301电池室放电电池数据表.xlsx|DC5|DC5,陕西省,咸阳,中国移动西咸数据中心,咸阳秦都西咸数据中心1号楼站点,咸阳秦都西咸数据中心1号楼J301电力电池机房,铅酸电池,05#开关电源蓄电池组,单体XX电压,第2组单体23电池电压,2025-07-09T01:11:10,1.089,V,1-J301电池室放电电池数据表.xlsx,DC5,1.089,第2组,DC5,20,1258.0,True,0.907,2.199,4.671370985016275,0,False,True,False,1.0255009622712785,7.230843933126619,7,4.526801073328217,-0.899289907318631,-0.503726081396288,-0.49461663932516775,1.0763127160481123,0.060072815533980584,7,False,0.9296021159394369,True,False
咸阳秦都西咸数据中心1号楼J301电力电池机房|05#开关电源蓄电池组|第2组|第2组单体3电池电压|1-J301电池室放电电池数据表.xlsx|DC5|DC5,陕西省,咸阳,中国移动西咸数据中心,咸阳秦都西咸数据中心1号楼站点,咸阳秦都西咸数据中心1号楼J301电力电池机房,铅酸电池,05#开关电源蓄电池组,单体XX电压,第2组单体3电池电压,2025-07-09T01:11:40,1.308,V,1-J301电池室放电电池数据表.xlsx,DC5,1.308,第2组,DC5,24,1099.0,True,0.678,2.128,4.312640874795162,5,False,False,False,1.0190915036346078,1.3630085085439052,7,6.796678152558575,-2.484123045775241,-0.9522210462699838,-0.4160896969268265,1.0763127160481123,0.060072815533980584,7,False,0.9264394288729365,True,False
咸阳秦都西咸数据中心2号楼J301电力电池机房|01#开关电源蓄电池组|第1组|第1组单体5电池电压|2-J301电池室放电电池数据表.xlsx|DC1|DC1,陕西省,咸阳,中国移动西咸数据中心,咸阳秦都西咸数据中心2号楼站点,咸阳秦都西咸数据中心2号楼J301电力电池机房,铅酸电池,01#开关电源蓄电池组,单体XX电压,第1组单体5电池电压,2025-07-11T03:11:52,1.15,V,2-J301电池室放电电池数据表.xlsx,DC1,1.15,第1组,DC1,26,1300.0,True,0.666,2.268,5.814734953496137,2,False,False,False,1.0163259883633435,0.9381181991775703,7,6.211091486956088,-0.17858215290603063,-0.4496958273383751,-0.1840901576660144,1.0763127160481123,0.060072815533980584,7,False,0.8276002204954847,False,False
咸阳秦都西咸数据中心1号楼D203电力电池机房|2#开关电源蓄电池组|第2组|第2组单体12电池电压|1-D203电池室放电电池数据表.xlsx|DC2|DC2,陕西省,咸阳,中国移动西咸数据中心,咸阳秦都西咸数据中心1号楼站点,咸阳秦都西咸数据中心1号楼D203电力电池机房,铅酸电池,2#开关电源蓄电池组,单体XX电压,第2组单体12电池电压,2025-07-11T00:25:34,2.242,V,1-D203电池室放电电池数据表.xlsx,DC2,2.242,第2组,DC2,29,2788.0,False,2.049,3.237,3.4422868892817697,1,False,False,False,1.011157944470725,0.7434138298927425,7,3.80899832234552,1.914085105270524,0.5556402425363399,0.04248415028839245,1.0763127160481123,0.060072815533980584,7,False,0.7597928594508839,False,False
咸阳秦都西咸数据中心2号楼J301电力电池机房|01#开关电源蓄电池组|第1组|第1组单体10电池电压|2-J301电池室放电电池数据表.xlsx|DC1|DC1,陕西省,咸阳,中国移动西咸数据中心,咸阳秦都西咸数据中心2号楼站点,咸阳秦都西咸数据中心2号楼J301电力电池机房,铅酸电池,01#开关电源蓄电池组,单体XX电压,第1组单体10电池电压,2025-07-11T03:13:52,3.148,V,2-J301电池室放电电池数据表.xlsx,DC1,3.148,第1组,DC1,25,1300.0,False,2.053,3.154,2.013720778633724,1,False,False,False,1.0086378278035977,1.3646275762353852,7,4.576644309098237,1.0431573930349751,0.40066375842194724,-0.43906929843487785,1.0763127160481123,0.060072815533980584,7,False,0.5390994552669435,False,False
咸阳秦都西咸数据中心1号楼J301电力电池机房|06#开关电源蓄电池组|第2组|第2组单体3电池电压|1-J301电池室放电电池数据表.xlsx|DC6|DC6,陕西省,咸阳,中国移动西咸数据中心,咸阳秦都西咸数据中心1号楼站点,咸阳秦都西咸数据中心1号楼J301电力电池机房,铅酸电池,06#开关电源蓄电池组,单体XX电压,第2组单体3电池电压,2025-07-09T01:12:22,2.227,V,1-J301电池室放电电池数据表.xlsx,DC6,2.227,第2组,DC6,14,497.0,True,1.241,2.227,2.707192384556397,0,False,False,False,1.0058868046145975,5.629290789355057,7,3.6627639557163,-2.0379676906573465,-0.4622511541555805,-0.017862269005393547,1.0763127160481123,0.060072815533980584,7,False,-0.21837239697985913,False,False
咸阳秦都西咸数据中心1号楼J301电力电池机房|06#开关电源蓄电池组|第1组|第1组单体18电池电压|1-J301电池室放电电池数据表.xlsx|DC6|DC6,陕西省,咸阳,中国移动西咸数据中心,咸阳秦都西咸数据中心1号楼站点,咸阳秦都西咸数据中心1号楼J301电力电池机房,铅酸电池,06#开关电源蓄电池组,单体XX电压,第1组单体18电池电压,2025-07-09T01:16:21,1.867,V,1-J301电池室放电电池数据表.xlsx,DC6,1.867,第1组,DC6,6,3716.0,True,1.816,2.328,1.3749289837455692,0,False,False,False,1.0015413864492368,2.2927195739155777,4,-0.721375321271728,1.6165943056722145,-0.17943033675380649,0.0898048729985641,1.0763127160481123,0.060072815533980584,7,False,-0.20625793851980787,False,False
咸阳秦都西咸数据中心1号楼D203电力电池机房|5#开关电源蓄电池组|第2组|第2组单体8电池电压|1-D203电池室放电电池数据表.xlsx|DC5|DC5,陕西省,咸阳,中国移动西咸数据中心,咸阳秦都西咸数据中心1号楼站点,咸阳秦都西咸数据中心1号楼D203电力电池机房,铅酸电池,5#开关电源蓄电池组,单体XX电压,第2组单体8电池电压,2025-07-11T01:38:52,1.922,V,1-D203电池室放电电池数据表.xlsx,DC5,1.922,第2组,DC5,11,10177.0,False,1.86,2.318,-0.727433424976785,0,False,False,False,1.0005250485239834,2.64843588079269,-3,-3.0007080900075893,1.0819361560829475,-0.38970506193459087,-0.2129376749965176,1.0763127160481123,0.060072815533980584,7,False,-0.009607266042225802,False,False
咸阳秦都西咸数据中心1号楼J301电力电池机房|11#开关电源蓄电池组|第1组|第1组单体9电池电压|1-J301电池室放电电池数据表.xlsx|DC11|DC11,陕西省,咸阳,中国移动西咸数据中心,咸阳秦都西咸数据中心1号楼站点,咸阳秦都西咸数据中心1号楼J301电力电池机房,铅酸电池,11#开关电源蓄电池组,单体XX电压,第1组单体9电池电压,2025-07-08T02:37:26,1.709,V,1-J301电池室放电电池数据表.xlsx,DC11,1.709,第1组,DC11,19,1168.0,True,0.639,1.993,5.775527311381658,0,False,True,False,0.997270698403742,7.5764403862747205,7,3.901533879343976,-0.5223448820879963,-0.37869665217860526,0.41870059182486885,1.0763127160481123,0.060072815533980584,7,False,0.7191657811936775,False,False
咸阳秦都西咸数据中心1号楼J301电力电池机房|14#开关电源蓄电池组|第2组|第2组单体12电池电压|1-J301电池室放电电池数据表.xlsx|DC14|DC14,陕西省,咸阳,中国移动西咸数据中心,咸阳秦都西咸数据中心1号楼站点,咸阳秦都西咸数据中心1号楼J301电力电池机房,铅酸电池,14#开关电源蓄电池组,单体XX电压,第2组单体12电池电压,2025-07-08T03:26:13,2.161,V,1-J301电池室放电电池数据表.xlsx,DC14,2.161,第2组,DC14,7,366.0,True,2.161,2.672,0.10993105709035678,0,False,False,False,0.9951792311715313,2.6711341114555838,-7,0.38676581319290726,2.0702833815387036,1.0455925848217476,-0.5185096875419957,1.0763127160481123,0.060072815533980584,7,False,0.33210206805687514,False,False
咸阳秦都西咸数据中心1号楼J301电力电池机房|06#开关电源蓄电池组|第1组|第1组单体16电池电压|1-J301电池室放电电池数据表.xlsx|DC6|DC6,陕西省,咸阳,中国移动西咸数据中心,咸阳秦都西咸数据中心1号楼站点,咸阳秦都西咸数据中心1号楼J301电力电池机房,铅酸电池,06#开关电源蓄电池组,单体XX电压,第1组单体16电池电压,2025-07-09T01:21:48,2.057,V,1-J301电池室放电电池数据表.xlsx,DC6,2.057,第1组,DC6,7,3703.0,True,1.693,2.344,2.474980352327727,0,False,False,False,0.9948870073942626,3.2850225121277914,7,-0.35365912177953984,1.691955472458936,0.7210620715812257,-0.06279671882223263,1.0763127160481123,0.060072815533980584,7,False,0.5993442066824477,False,False
咸阳秦都西咸数据中心1号楼J301电力电池机房|08#开关电源蓄电池组|第2组|第2组单体4电池电压|1-J301电池室放电电池数据表.xlsx|DC8|DC8,陕西省,咸阳,中国移动西咸数据中心,咸阳秦都西咸数据中心1号楼站点,咸阳秦都西咸数据中心1号楼J301电力电池机房,铅酸电池,08#开关电源蓄电池组,单体XX电压,第2组单体4电池电压,2025-07-09T02:12:17,2.347,V,1-J301电池室放电电池数据表.xlsx,DC8,2.347,第2组,DC8,21,9862.0,False,1.888,2.533,-1.613302182776568,0,False,False,False,0.9878947978947601,4.628371793949697,7,3.626466478687578,0.23437917880128892,0.735057974593454,-0.09861432809930551,1.0763127160481123,0.060072815533980584,7,False,0.8126276806220502,False,False
咸阳秦都西咸数据中心1号楼D203电力电池机房|6#开关电源蓄电池组|第2组|第2组单体22电池电压|1-D203电池室放电电池数据表.xlsx|DC6|DC6,陕西省,咸阳,中国移动西咸数据中心,咸阳秦都西咸数据中心1号楼站点,咸阳秦都西咸数据中心1号楼D203电力电池机房,铅酸电池,6#开关电源蓄电池组,单体XX电压,第2组单体22电池电压,2025-07-11T01:41:44,1.647,V,1-D203电池室放电电池数据表.xlsx,DC6,1.647,第2组,DC6,21,6428.0,True,0.699,2.289,6.862852502663054,4,False,False,False,0.981336787223454,0.9994904765859073,7,4.314831652610008,2.4903646684716962,0.3360584731859507,0.5696444128266561,1.0763127160481123,0.060072815533980584,7,False,0.37009428280471907,False,False
咸阳秦都西咸数据中心1号楼D203电力电池机房|2#开关电源蓄电池组|第2组|第2组单体7电池电压|1-D203电池室放电电池数据表.xlsx|DC2|DC2,陕西省,咸阳,中国移动西咸数据中心,咸阳秦都西咸数据中心1号楼站点,咸阳秦都西咸数据中心1号楼D203电力电池机房,铅酸电池,2#开关电源蓄电池组,单体XX电压,第2组单体7电池电压,2025-07-11T00:25:34,2.138,V,1-D203电池室放电电池数据表.xlsx,DC2,2.138,第2组,DC2,25,1103.0,True,0.593,2.014,5.610634112966398,0,False,True,False,0.9721939063018439,8.129740889571325,7,4.870806348221613,-1.0248774888866734,-0.5808744331399494,0.07426872169175322,1.0763127160481123,0.060072815533980584,7,False,0.6284243458584471,False,False
咸阳秦都西咸数据中心1号楼D303电力电池机房|6#开关电源蓄电池组|第2组|第2组单体17电池电压|1-D303电池室放电电池数据表.xlsx|DC6|DC6,陕西省,咸阳,中国移动西咸数据中心,咸阳秦都西咸数据中心1号楼站点,咸阳秦都西咸数据中心1号楼D303电力电池机房,铅酸电池,6#开关电源蓄电池组,单体XX电压,第2组单体17电池电压,2025-07-10T02:30:46,2.155,V,1-D303电池室放电电池数据表.xlsx,DC6,2.155,第2组,DC6,14,9020.0,False,1.655,2.347,0.3297563308702259,0,False,False,False,0.9720879820205702,2.546817861004072,7,1.3943774074832425,0.6309150670552578,0.8035007264391074,0.8379228075186176,1.0763127160481123,0.060072815533980584,7,False,-0.1781281250008463,False,False
咸阳秦都西咸数据中心1号楼J301电力电池机房|09#开关电源蓄电池组|第1组|第1组单体17电池电压|1-J301电池室放电电池数据表.xlsx|DC9|DC9,陕西省,咸阳,中国移动西咸数据中心,咸阳秦都西咸数据中心1号楼站点,咸阳秦都西咸数据中心1号楼J301电力电池机房,铅酸电池,09#开关电源蓄电池组,单体XX电压,第1组单体17电池电压,2025-07-09T02:13:29,1.977,V,1-J301电池室放电电池数据表.xlsx,DC9,1.977,第1组,DC9,12,488.0,True,1.371,2.084,2.0983644745430645,0,False,False,False,0.9689389287255364,3.69955945686152,7,1.5796460544451232,-1.6657470477898328,-0.3262459634288234,-0.6826213633117637,1.0763127160481123,0.060072815533980584,7,False,0.17969340596127018,False,False
咸阳秦都西咸数据中心1号楼D203电力电池机房|6#开关电源蓄电池组|第2组|第2组单体14电池电压|1-D203电池室放电电池数据表.xlsx|DC6|DC6,陕西省,咸阳,中国移动西咸数据中心,咸阳秦都西咸数据中心1号楼站点,咸阳秦都西咸数据中心1号楼D203电力电池机房,铅酸电池,6#开关电源蓄电池组,单体XX电压,第2组单体14电池电压,2025-07-11T01:53:15,2.272,V,1-D203电池室放电电池数据表.xlsx,DC6,2.272,第2组,DC6,18,6498.0,True,1.218,2.315,4.4892466583098445,3,False,False,False,0.9634875749024017,0.9878270943930103,5,1.8450309603450654,2.2038326687243317,-0.10351400289829782,0.34791270974899735,1.0763127160481123,0.060072815533980584,7,False,,False,False
咸阳秦都西咸数据中心1号楼J301电力电池机房|04#开关电源蓄电池组|第2组|第2组单体23电池电压|1-J301电池室放电电池数据表.xlsx|DC4|DC4,陕西省,咸阳,中国移动西咸数据中心,咸阳秦都西咸数据中心1号楼站点,咸阳秦都西咸数据中心1号楼J301电力电池机房,铅酸电池,04#开关电源蓄电池组,单体XX电压,第2组单体23电池电压,2025-07-09T00:47:32,2.281,V,1-J301电池室放电电池数据表.xlsx,DC4,2.281,第2组,DC4,6,108.0,False,1.851,2.281,0.2819683011523106,0,False,False,False,0.9602442716945941,2.017011171043107,7,0.43241899477323176,-1.071193278997,0.02713132421109754,-1.2143113533282262,1.0763127160481123,0.060072815533980584,7,False,0.5278186593528297,False,False
咸阳秦都西咸数据中心1号楼J301电力电池机房|10#开关电源蓄电池组|第2组|第2组单体11电池电压|1-J301电池室放电电池数据表.xlsx|DC10|DC10,陕西省,咸阳,中国移动西咸数据中心,咸阳秦都西咸数据中心1号楼站点,咸阳秦都西咸数据中心1号楼J301电力电池机房,铅酸电池,10#开关电源蓄电池组,单体XX电压,第2组单体11电池电压,2025-07-09T02:25:00,2.177,V,1-J301电池室放电电池数据表.xlsx,DC10,2.177,第2组,DC10,9,619.0,True,1.033,2.21,5.045899363163308,3,False,False,False,0.9564525693316638,1.4865363269570415,7,2.3568405741840746,1.3969474038391045,0.2859069752504811,0.33169434130378506,1.0763127160481123,0.060072815533980584,7,False,-0.8741836845386471,False,False
咸阳秦都西咸数据中心1号楼D203电力电池机房|6#开关电源蓄电池组|第1组|第1组单体18电池电压|1-D203电池室放电电池数据表.xlsx|DC6|DC6,陕西省,咸阳,中国移动西咸数据中心,咸阳秦都西咸数据中心1号楼站点,咸阳秦都西咸数据中心1号楼D203电力电池机房,铅酸电池,6#开关电源蓄电池组,单体XX电压,第1组单体18电池电压,2025-07-11T00:00:53,2.329,V,1-D203电池室放电电池数据表.xlsx,DC6,2.329,第1组,DC6,13,6683.0,False,1.639,2.329,1.957815588600806,0,False,False,False,0.9504686691034145,2.7817623869924866,6,0.08738077572035852,1.4765236747108021,0.39107769458173325,0.10882503492936843,1.0763127160481123,0.060072815533980584,7,False,-0.06685847733344313,False,False
咸阳秦都西咸数据中心1号楼J301电力电池机房|08#开关电源蓄电池组|第2组|第2组单体9电池电压|1-J301电池室放电电池数据表.xlsx|DC8|DC8,陕西省,咸阳,中国移动西咸数据中心,咸阳秦都西咸数据中心1号楼站点,咸阳秦都西咸数据中心1号楼J301电力电池机房,铅酸电池,08#开关电源蓄电池组,单体XX电压,第2组单体9电池电压,2025-07-09T02:14:44,2.054,V,1-J301电池室放电电池数据表.xlsx,DC8,2.054,第2组,DC8,14,6309.0,True,1.126,2.304,4.933582440366502,3,False,False,False,0.9405377314835573,1.4742602157195759,7,2.2890554126058715,2.072164986353917,0.4842867651795991,0.28263873840868103,1.0763127160481123,0.060072815533980584,7,False,-0.13060127423053355,False,False
咸阳秦都西咸数据中心1号楼J301电力电池机房|11#开关电源蓄电池组|第2组|第2组单体13电池电压|1-J301电池室放电电池数据表.xlsx|DC11|DC11,陕西省,咸阳,中国移动西咸数据中心,咸阳秦都西咸数据中心1号楼站点,咸阳秦都西咸数据中心1号楼J301电力电池机房,铅酸电池,11#开关电源蓄电池组,单体XX电压,第2组单体13电池电压,2025-07-08T02:39:10,2.138,V,1-J301电池室放电电池数据表.xlsx,DC11,2.138,第2组,DC11,17,1326.0,False,2.056,2.773,-0.9084340158774142,0,False,False,False,0.93357170212287,2.2365818331850105,2,0.9225690028104976,0.39977467349446916,-1.094220792293557,-0.6676235946391443,1.0763127160481123,0.060072815533980584,7,False,0.23377863001014554,False,False
咸阳秦都西咸数据中心1号楼D203电力电池机房|2#开关电源蓄电池组|第1组|第1组单体13电池电压|1-D203电池室放电电池数据表.xlsx|DC2|DC2,陕西省,咸阳,中国移动西咸数据中心,咸阳秦都西咸数据中心1号楼站点,咸阳秦都西咸数据中心1号楼D203电力电池机房,铅酸电池,2#开关电源蓄电池组,单体XX电压,第1组单体13电池电压,2025-07-11T00:44:15,2.966,V,1-D203电池室放电电池数据表.xlsx,DC2,2.966,第1组,DC2,28,2893.0,False,2.036,3.226,2.8033759844572894,1,False,False,False,0.9301807026302908,0.43045990606802886,7,4.510345214068334,1.5382500077532686,0.5145347354703302,0.03995442886841788,1.0763127160481123,0.060072815533980584,7,False,0.7055239499183653,False,False
咸阳秦都西咸数据中心1号楼D301电力电池机房|4#开关电源蓄电池组|第2组|第2组单体3电池电压|1-D301电池室放电电池数据表.xlsx|DC4|DC4,陕西省,咸阳,中国移动西咸数据中心,咸阳秦都西咸数据中心1号楼站点,咸阳秦都西咸数据中心1号楼D301电力电池机房,铅酸电池,4#开关电源蓄电池组,单体XX电压,第2组单体3电池电压,2025-07-08T01:54:38,2.149,V,1-D301电池室放电电池数据表.xlsx,DC4,2.149,第2组,DC4,7,1310.0,False,2.035,2.432,0.508396789791582,0,False,False,False,0.928424515158164,1.678289534104482,-1,-0.733333162856347,0.28531023907054043,-1.4770020130839083,0.21996041887980053,1.0763127160481123,0.060072815533980584,7,False,0.7703821111815432,False,False
咸阳秦都西咸数据中心1号楼D201电力电池机房|4#开关电源蓄电池组|第1组|第1组单体17电池电压|1-D201电池室放电电池数据表.xlsx|DC4|DC4,陕西省,咸阳,中国移动西咸数据中心,咸阳秦都西咸数据中心1号楼站点,咸阳秦都西咸数据中心1号楼D201电力电池机房,铅酸电池,4#开关电源蓄电池组,单体XX电压,第1组单体17电池电压,2025-07-08T01:06:34,2.264,V,1-D201电池室放电电池数据表.xlsx,DC4,2.264,第1组,DC4,22,1385.0,False,1.996,2.751,0.5145976141184718,6,False,False,False,0.9247409336316671,0.5805611954033474,7,2.918565228265013,0.10451928305112232,0.3362848104393566,-0.7216810530872104,1.0763127160481123,0.060072815533980584,7,False,0.44058868531649137,False,False
咸阳秦都西咸数据中心1号楼J301电力电池机房|06#开关电源蓄电池组|第1组|第1组单体4电池电压|1-J301电池室放电电池数据表.xlsx|DC6|DC6,陕西省,咸阳,中国移动西咸数据中心,咸阳秦都西咸数据中心1号楼站点,咸阳秦都西咸数据中心1号楼J301电力电池机房,铅酸电池,06#开关电源蓄电池组,单体XX电压,第1组单体4电池电压,2025-07-09T01:12:32,1.881,V,1-J301电池室放电电池数据表.xlsx,DC6,1.881,第1组,DC6,20,9928.0,False,1.829,2.415,-1.8721456537793293,0,False,False,False,0.9210112266290987,3.3771826584166447,7,2.130354306944737,-0.36353274147245107,0.6594556799123692,0.00039747134241047144,1.0763127160481123,0.060072815533980584,7,False,0.684123035508714,False,False
咸阳秦都西咸数据中心1号楼D201电力电池机房|4#开关电源蓄电池组|第1组|第1组单体15电池电压|1-D201电池室放电电池数据表.xlsx|DC4|DC4,陕西省,咸阳,中国移动西咸数据中心,咸阳秦都西咸数据中心1号楼站点,咸阳秦都西咸数据中心1号楼D201电力电池机房,铅酸电池,4#开关电源蓄电池组,单体XX电压,第1组单体15电池电压,2025-07-08T01:06:52,2.387,V,1-D201电池室放电电池数据表.xlsx,DC4,2.387,第1组,DC4,22,1295.0,True,1.977,2.915,1.743689443026624,6,False,False,False,0.920419859877561,1.0256276958466326,7,3.416452705606166,0.4449847260720665,0.3266500807360023,-0.28060942713452636,1.0763127160481123,0.060072815533980584,7,False,0.6352388601862414,False,False
咸阳秦都西咸数据中心1号楼D201电力电池机房|4#开关电源蓄电池组|第1组|第1组单体8电池电压|1-D201电池室放电电池数据表.xlsx|DC4|DC4,陕西省,咸阳,中国移动西咸数据中心,咸阳秦都西咸数据中心1号楼站点,咸阳秦都西咸数据中心1号楼D201电力电池机房,铅酸电池,4#开关电源蓄电池组,单体XX电压,第1组单体8电池电压,2025-07-08T01:11:33,2.275,V,1-D201电池室放电电池数据表.xlsx,DC4,2.275,第1组,DC4,21,1403.0,True,2.036,2.77,0.5206884792986219,6,False,False,False,0.9076389516001493,0.7842224826404113,7,2.5963356882868815,0.2560426956745996,0.35589754405391794,-0.914409037219859,1.0763127160481123,0.060072815533980584,7,False,0.3221573728806821,False,False
咸阳秦都西咸数据中心1号楼J301电力电池机房|05#开关电源蓄电池组|第2组|第2组单体21电池电压|1-J301电池室放电电池数据表.xlsx|DC5|DC5,陕西省,咸阳,中国移动西咸数据中心,咸阳秦都西咸数据中心1号楼站点,咸阳秦都西咸数据中心1号楼J301电力电池机房,铅酸电池,05#开关电源蓄电池组,单体XX电压,第2组单体21电池电压,2025-07-09T01:10:11,1.232,V,1-J301电池室放电电池数据表.xlsx,DC5,1.232,第2组,DC5,16,1954.0,True,1.178,2.186,3.6433252079536276,0,False,False,False,0.9074529268685382,5.002109383183792,7,2.4993841336725184,-0.13619922544254467,-0.033970618179915424,-0.1072410560169607,1.0763127160481123,0.060072815533980584,7,False,0.9638424426107803,True,False
咸阳秦都西咸数据中心1号楼D203电力电池机房|2#开关电源蓄电池组|第2组|第2组单体5电池电压|1-D203电池室放电电池数据表.xlsx|DC2|DC2,陕西省,咸阳,中国移动西咸数据中心,咸阳秦都西咸数据中心1号楼站点,咸阳秦都西咸数据中心1号楼D203电力电池机房,铅酸电池,2#开关电源蓄电池组,单体XX电压,第2组单体5电池电压,2025-07-11T00:26:09,1.896,V,1-D203电池室放电电池数据表.xlsx,DC2,1.896,第2组,DC2,22,1086.0,True,0.699,2.209,5.251615389577537,2,False,False,False,0.9069833367200375,0.797235912666113,7,5.997460525103059,-0.9214849291128895,-0.49737543271776974,0.31309956310578,1.0763127160481123,0.060072815533980584,7,False,0.6585810257950364,False,False
咸阳秦都西咸数据中心1号楼J301电力电池机房|11#开关电源蓄电池组|第2组|第2组单体14电池电压|1-J301电池室放电电池数据表.xlsx|DC11|DC11,陕西省,咸阳,中国移动西咸数据中心,咸阳秦都西咸数据中心1号楼站点,咸阳秦都西咸数据中心1号楼J301电力电池机房,铅酸电池,11#开关电源蓄电池组,单体XX电压,第2组单体14电池电压,2025-07-08T02:32:38,0.619,V,1-J301电池室放电电池数据表.xlsx,DC11,0.619,第2组,DC11,22,724.0,True,0.673,1.896,4.509788632182096,5,False,False,False,0.9059142412717307,1.1442879244026343,7,4.372886623629693,-2.1500731270142923,-0.8487441994533136,-0.6156808491674652,1.0763127160481123,0.060072815533980584,7,False,-0.04643561894762844,False,False
咸阳秦都西咸数据中心1号楼J301电力电池机房|09#开关电源蓄电池组|第1组|第1组单体11电池电压|1-J301电池室放电电池数据表.xlsx|DC9|DC9,陕西省,咸阳,中国移动西咸数据中心,咸阳秦都西咸数据中心1号楼站点,咸阳秦都西咸数据中心1号楼J301电力电池机房,铅酸电池,09#开关电源蓄电池组,单体XX电压,第1组单体11电池电压,2025-07-09T02:12:54,2.073,V,1-J301电池室放电电池数据表.xlsx,DC9,2.073,第1组,DC9,19,462.0,True,0.74,1.948,3.8363096298837878,5,False,False,False,0.9055395786025674,0.7722176840247834,7,5.055145719840608,-2.7782220742809662,-1.0053103698689652,-0.9257786789198547,1.0763127160481123,0.060072815533980584,7,False,0.0520328954857517,False,False
咸阳秦都西咸数据中心1号楼J301电力电池机房|06#开关电源蓄电池组|第1组|第1组单体19电池电压|1-J301电池室放电电池数据表.xlsx|DC6|DC6,陕西省,咸阳,中国移动西咸数据中心,咸阳秦都西咸数据中心1号楼站点,咸阳秦都西咸数据中心1号楼J301电力电池机房,铅酸电池,06#开关电源蓄电池组,单体XX电压,第1组单体19电池电压,2025-07-09T01:19:42,1.621,V,1-J301电池室放电电池数据表.xlsx,DC6,1.621,第1组,DC6,17,3969.0,True,1.363,2.044,2.758506569361075,0,False,False,False,0.903637198043995,3.087176685110774,7,0.1751593621767551,-0.14537386944942352,0.15932104089457289,-0.02322014802541486,1.0763127160481123,0.060072815533980584,7,False,-0.15123519692206192,False,False
咸阳秦都西咸数据中心1号楼D203电力电池机房|6#开关电源蓄电池组|第1组|第1组单体14电池电压|1-D203电池室放电电池数据表.xlsx|DC6|DC6,陕西省,咸阳,中国移动西咸数据中心,咸阳秦都西咸数据中心1号楼站点,咸阳秦都西咸数据中心1号楼D203电力电池机房,铅酸电池,6#开关电源蓄电池组,单体XX电压,第1组单体14电池电压,2025-07-11T01:41:04,1.923,V,1-D203电池室放电电池数据表.xlsx,DC6,1.923,第1组,DC6,14,6683.0,False,1.725,2.415,-1.2959991551613947,0,False,False,False,0.8972560159336045,4.311436789626646,-7,3.172566246616576,1.122442785684196,0.9788459353421589,0.04797332087892198,1.0763127160481123,0.060072815533980584,7,False,0.8758132157272027,False,False
咸阳秦都西咸数据中心2号楼J301电力电池机房|01#开关电源蓄电池组|第1组|第1组单体16电池电压|2-J301电池室放电电池数据表.xlsx|DC1|DC1,陕西省,咸阳,中国移动西咸数据中心,咸阳秦都西咸数据中心2号楼站点,咸阳秦都西咸数据中心2号楼J301电力电池机房,铅酸电池,01#开关电源蓄电池组,单体XX电压,第1组单体16电池电压,2025-07-11T03:11:19,2.208,V,2-J301电池室放电电池数据表.xlsx,DC1,2.208,第1组,DC1,19,1362.0,False,1.994,2.656,0.27451515466146154,0,False,False,False,0.8872512156165198,3.039804281391896,7,2.23758462948782,-0.13821506477113554,0.36221087326450363,-0.4545536056300794,1.0763127160481123,0.060072815533980584,7,False,0.5881179301603741,False,False
咸阳秦都西咸数据中心1号楼J301电力电池机房|09#开关电源蓄电池组|第1组|第1组单体9电池电压|1-J301电池室放电电池数据表.xlsx|DC9|DC9,陕西省,咸阳,中国移动西咸数据中心,咸阳秦都西咸数据中心1号楼站点,咸阳秦都西咸数据中心1号楼J301电力电池机房,铅酸电池,09#开关电源蓄电池组,单体XX电压,第1组单体9电池电压,2025-07-09T02:13:29,1.882,V,1-J301电池室放电电池数据表.xlsx,DC9,1.882,第1组,DC9,22,462.0,True,0.624,1.957,4.209486539818406,5,False,False,False,0.8843451339720305,0.7401932645872703,7,5.922928352102473,-2.7491831217131786,-1.1031218131756424,-1.1251719590855767,1.0763127160481123,0.060072815533980584,7,False,0.027721778268133636,False,False
咸阳秦都西咸数据中心2号楼J301电力电池机房|01#开关电源蓄电池组|第1组|第1组单体14电池电压|2-J301电池室放电电池数据表.xlsx|DC1|DC1,陕西省,咸阳,中国移动西咸数据中心,咸阳秦都西咸数据中心2号楼站点,咸阳秦都西咸数据中心2号楼J301电力电池机房,铅酸电池,01#开关电源蓄电池组,单体XX电压,第1组单体14电池电压,2025-07-11T03:10:42,2.178,V,2-J301电池室放电电池数据表.xlsx,DC1,2.178,第1组,DC1,19,1300.0,False,1.983,2.781,1.1716291262198626,6,False,False,False,0.8818793021189588,0.2995582461429676,7,2.6739318595543002,0.08596874914656752,0.32093511185801016,-0.28948850664275977,1.0763127160481123,0.060072815533980584,7,False,0.7129310945448324,False,False
咸阳秦都西咸数据中心1号楼J301电力电池机房|10#开关电源蓄电池组|第1组|第1组单体17电池电压|1-J301电池室放电电池数据表.xlsx|DC10|DC10,陕西省,咸阳,中国移动西咸数据中心,咸阳秦都西咸数据中心1号楼站点,咸阳秦都西咸数据中心1号楼J301电力电池机房,铅酸电池,10#开关电源蓄电池组,单体XX电压,第1组单体17电池电压,2025-07-09T02:35:10,1.897,V,1-J301电池室放电电池数据表.xlsx,DC10,1.897,第1组,DC10,16,541.0,True,0.57,2.291,6.0025010650322015,2,False,False,False,0.8815708786937604,0.9600593951732243,7,7.164903759956735,-0.4559092372235365,-0.4485572015507784,0.6235718717384434,1.0763127160481123,0.060072815533980584,7,False,0.79422698901002,False,False
咸阳秦都西咸数据中心2号楼J301电力电池机房|01#开关电源蓄电池组|第1组|第1组单体7电池电压|2-J301电池室放电电池数据表.xlsx|DC1|DC1,陕西省,咸阳,中国移动西咸数据中心,咸阳秦都西咸数据中心2号楼站点,咸阳秦都西咸数据中心2号楼J301电力电池机房,铅酸电池,01#开关电源蓄电池组,单体XX电压,第1组单体7电池电压,2025-07-11T03:11:31,1.336,V,2-J301电池室放电电池数据表.xlsx,DC1,1.336,第1组,DC1,23,1221.0,True,0.836,2.189,4.548523666166381,0,False,True,False,0.8814917659583644,7.485421498203509,7,5.038158283998325,-0.5942836247964381,-0.2680117491588363,0.42183891215596336,1.0763127160481123,0.060072815533980584,7,False,0.8357084726254518,False,False
咸阳秦都西咸数据中心1号楼J301电力电池机房|11#开关电源蓄电池组|第2组|第2组单体11电池电压|1-J301电池室放电电池数据表.xlsx|DC11|DC11,陕西省,咸阳,中国移动西咸数据中心,咸阳秦都西咸数据中心1号楼站点,咸阳秦都西咸数据中心1号楼J301电力电池机房,铅酸电池,11#开关电源蓄电池组,单体XX电压,第2组单体11电池电压,2025-07-08T02:41:12,2.067,V,1-J301电池室放电电池数据表.xlsx,DC11,2.067,第2组,DC11,10,1291.0,True,1.726,2.256,0.8284305285751694,0,False,False,False,0.8801761219321852,1.685305395813792,5,0.5355169501868928,-0.3294027098027771,-0.3781243301827023,-0.17401572341179364,1.0763127160481123,0.060072815533980584,7,False,0.5716628036838961,False,False
咸阳秦都西咸数据中心1号楼D203电力电池机房|6#开关电源蓄电池组|第1组|第1组单体10电池电压|1-D203电池室放电电池数据表.xlsx|DC6|DC6,陕西省,咸阳,中国移动西咸数据中心,咸阳秦都西咸数据中心1号楼站点,咸阳秦都西咸数据中心1号楼D203电力电池机房,铅酸电池,6#开关电源蓄电池组,单体XX电压,第1组单体10电池电压,2025-07-11T00:00:53,2.327,V,1-D203电池室放电电池数据表.xlsx,DC6,2.327,第1组,DC6,9,590.0,True,1.491,1.908,1.4364754795840224,0,False,False,False,0.8739961624583545,3.036312429985073,7,-0.46679630192976024,-2.5728894227281027,-0.3318031688072288,-0.03881536072505931,1.0763127160481123,0.060072815533980584,7,False,0.4776208996724479,False,False
咸阳秦都西咸数据中心1号楼J301电力电池机房|04#开关电源蓄电池组|第1组|第1组单体24电池电压|1-J301电池室放电电池数据表.xlsx|DC4|DC4,陕西省,咸阳,中国移动西咸数据中心,咸阳秦都西咸数据中心1号楼站点,咸阳秦都西咸数据中心1号楼J301电力电池机房,铅酸电池,04#开关电源蓄电池组,单体XX电压,第1组单体24电池电压,2025-07-09T00:48:57,2.058,V,1-J301电池室放电电池数据表.xlsx,DC4,2.058,第1组,DC4,6,7927.0,False,1.964,2.264,0.2114561104529568,0,False,False,False,0.8701869771777928,2.468845917270936,-1,-2.4791629821561374,1.119187096835289,-1.2000564299451453,-0.06102598144537713,1.0763127160481123,0.060072815533980584,7,False,-0.29987416195271066,False,False
咸阳秦都西咸数据中心1号楼D203电力电池机房|6#开关电源蓄电池组|第2组|第2组单体18电池电压|1-D203电池室放电电池数据表.xlsx|DC6|DC6,陕西省,咸阳,中国移动西咸数据中心,咸阳秦都西咸数据中心1号楼站点,咸阳秦都西咸数据中心1号楼D203电力电池机房,铅酸电池,6#开关电源蓄电池组,单体XX电压,第2组单体18电池电压,2025-07-11T01:40:55,2.275,V,1-D203电池室放电电池数据表.xlsx,DC6,2.275,第2组,DC6,23,6520.0,True,0.799,2.275,6.284864673680849,4,False,False,False,0.8661314959255285,0.5871491323336187,5,3.7319828380196123,2.4287641181807356,-0.28722726402354193,0.6175840754703869,1.0763127160481123,0.060072815533980584,7,False,,False,False
咸阳秦都西咸数据中心1号楼J301电力电池机房|10#开关电源蓄电池组|第2组|第2组单体19电池电压|1-J301电池室放电电池数据表.xlsx|DC10|DC10,陕西省,咸阳,中国移动西咸数据中心,咸阳秦都西咸数据中心1号楼站点,咸阳秦都西咸数据中心1号楼J301电力电池机房,铅酸电池,10#开关电源蓄电池组,单体XX电压,第2组单体19电池电压,2025-07-09T02:23:50,2.112,V,1-J301电池室放电电池数据表.xlsx,DC10,2.112,第2组,DC10,8,680.0,True,0.738,2.134,6.058866135520592,4,False,False,False,0.8563230387201508,0.7995929430595263,5,3.407551139529021,1.5679144503377875,-0.48749514113561077,0.6324241491042206,1.0763127160481123,0.060072815533980584,7,False,-0.8842340058524792,False,False
咸阳秦都西咸数据中心1号楼J301电力电池机房|08#开关电源蓄电池组|第2组|第2组单体11电池电压|1-J301电池室放电电池数据表.xlsx|DC8|DC8,陕西省,咸阳,中国移动西咸数据中心,咸阳秦都西咸数据中心1号楼站点,咸阳秦都西咸数据中心1号楼J301电力电池机房,铅酸电池,08#开关电源蓄电池组,单体XX电压,第2组单体11电池电压,2025-07-09T01:59:46,1.769,V,1-J301电池室放电电池数据表.xlsx,DC8,1.769,第2组,DC8,15,588.0,True,0.968,2.332,4.431302721219641,0,False,True,False,0.8559155621244452,7.558702055257392,7,5.168445354983017,-0.5248688790712535,-0.14371497871464223,0.9967264680629749,1.0763127160481123,0.060072815533980584,7,False,0.16316359011079995,False,False
咸阳秦都西咸数据中心1号楼D203电力电池机房|2#开关电源蓄电池组|第2组|第2组单体19电池电压|1-D203电池室放电电池数据表.xlsx|DC2|DC2,陕西省,咸阳,中国移动西咸数据中心,咸阳秦都西咸数据中心1号楼站点,咸阳秦都西咸数据中心1号楼D203电力电池机房,铅酸电池,2#开关电源蓄电池组,单体XX电压,第2组单体19电池电压,2025-07-11T00:25:51,1.997,V,1-D203电池室放电电池数据表.xlsx,DC2,1.997,第2组,DC2,12,1130.0,True,1.496,2.329,2.103435083389131,0,False,False,False,0.8515530607919698,3.984044375464612,7,2.3651155092205567,-0.901260560572046,0.08190079432954073,0.654694252569141,1.0763127160481123,0.060072815533980584,7,False,0.5644089421572147,False,False
咸阳秦都西咸数据中心1号楼J301电力电池机房|11#开关电源蓄电池组|第2组|第2组单体10电池电压|1-J301电池室放电电池数据表.xlsx|DC11|DC11,陕西省,咸阳,中国移动西咸数据中心,咸阳秦都西咸数据中心1号楼站点,咸阳秦都西咸数据中心1号楼J301电力电池机房,铅酸电池,11#开关电源蓄电池组,单体XX电压,第2组单体10电池电压,2025-07-08T02:30:53,2.082,V,1-J301电池室放电电池数据表.xlsx,DC11,2.082,第2组,DC11,16,1352.0,False,2.025,2.616,-1.3830777757921253,0,False,False,False,0.84878663456118,1.908787532592007,3,0.430215713546527,-0.1464916909730699,-0.7971226148718387,-0.5403857420370798,1.0763127160481123,0.060072815533980584,7,False,0.48078446578187745,False,False
咸阳秦都西咸数据中心1号楼D203电力电池机房|6#开关电源蓄电池组|第1组|第1组单体23电池电压|1-D203电池室放电电池数据表.xlsx|DC6|DC6,陕西省,咸阳,中国移动西咸数据中心,咸阳秦都西咸数据中心1号楼站点,咸阳秦都西咸数据中心1号楼D203电力电池机房,铅酸电池,6#开关电源蓄电池组,单体XX电压,第1组单体23电池电压,2025-07-11T01:41:13,1.958,V,1-D203电池室放电电池数据表.xlsx,DC6,1.958,第1组,DC6,11,6678.0,False,1.868,2.368,-1.8430278212978517,0,False,False,False,0.8483280793432336,3.5766776070282487,-1,2.0383954021413384,1.0120537602312782,-0.95836237442251,0.72356784544555,1.0763127160481123,0.060072815533980584,7,False,0.5114164814836832,False,False
咸阳秦都西咸数据中心1号楼J301电力电池机房|06#开关电源蓄电池组|第1组|第1组单体12电池电压|1-J301电池室放电电池数据表.xlsx|DC6|DC6,陕西省,咸阳,中国移动西咸数据中心,咸阳秦都西咸数据中心1号楼站点,咸阳秦都西咸数据中心1号楼J301电力电池机房,铅酸电池,06#开关电源蓄电池组,单体XX电压,第1组单体12电池电压,2025-07-09T01:22:04,2.337,V,1-J301电池室放电电池数据表.xlsx,DC6,2.337,第1组,DC6,14,3712.0,True,1.287,2.174,3.6739374102325413,3,False,False,False,0.8456117103237706,0.9744164547849368,4,0.8145992668694213,1.291735392845344,-0.5710609887621501,0.3789584761885245,1.0763127160481123,0.060072815533980584,7,False,,False,False
咸阳秦都西咸数据中心1号楼D203电力电池机房|2#开关电源蓄电池组|第2组|第2组单体11电池电压|1-D203电池室放电电池数据表.xlsx|DC2|DC2,陕西省,咸阳,中国移动西咸数据中心,咸阳秦都西咸数据中心1号楼站点,咸阳秦都西咸数据中心1号楼D203电力电池机房,铅酸电池,2#开关电源蓄电池组,单体XX电压,第2组单体11电池电压,2025-07-11T00:25:34,2.282,V,1-D203电池室放电电池数据表.xlsx,DC2,2.282,第2组,DC2,24,1130.0,True,0.74,2.282,5.0869701849101885,2,False,False,False,0.8443266422514435,0.6817007087103251,7,6.376823652671632,-0.7781719173329766,-0.3894990002066172,0.6626105349058324,1.0763127160481123,0.060072815533980584,7,False,0.6196935000334298,False,False
咸阳秦都西咸数据中心1号楼D203电力电池机房|2#开关电源蓄电池组|第1组|第1组单体14电池电压|1-D203电池室放电电池数据表.xlsx|DC2|DC2,陕西省,咸阳,中国移动西咸数据中心,咸阳秦都西咸数据中心1号楼站点,咸阳秦都西咸数据中心1号楼D203电力电池机房,铅酸电池,2#开关电源蓄电池组,单体XX电压,第1组单体14电池电压,2025-07-11T00:26:13,1.877,V,1-D203电池室放电电池数据表.xlsx,DC2,1.877,第1组,DC2,21,1152.0,True,0.674,2.2,5.6312383066916025,2,False,False,False,0.8441962914140935,0.6844847498358483,7,5.6476502957570895,-0.6098240276550798,-0.35006400446182007,0.9327750319113844,1.0763127160481123,0.060072815533980584,7,False,0.6675019874962498,False,False
咸阳秦都西咸数据中心1号楼J301电力电池机房|11#开关电源蓄电池组|第1组|第1组单体18电池电压|1-J301电池室放电电池数据表.xlsx|DC11|DC11,陕西省,咸阳,中国移动西咸数据中心,咸阳秦都西咸数据中心1号楼站点,咸阳秦都西咸数据中心1号楼J301电力电池机房,铅酸电池,11#开关电源蓄电池组,单体XX电压,第1组单体18电池电压,2025-07-08T02:37:26,2.124,V,1-J301电池室放电电池数据表.xlsx,DC11,2.124,第1组,DC11,16,1291.0,False,2.073,2.719,0.727138014595341,0,False,False,False,0.8440128305444164,2.5940329656490007,7,1.5802933063269566,0.4274809794165728,0.4830483304464679,-0.4332834324780429,1.0763127160481123,0.060072815533980584,7,False,0.6037666811264196,False,False
咸阳秦都西咸数据中心1号楼J301电力电池机房|10#开关电源蓄电池组|第2组|第2组单体13电池电压|1-J301电池室放电电池数据表.xlsx|DC10|DC10,陕西省,咸阳,中国移动西咸数据中心,咸阳秦都西咸数据中心1号楼站点,咸阳秦都西咸数据中心1号楼J301电力电池机房,铅酸电池,10#开关电源蓄电池组,单体XX电压,第2组单体13电池电压,2025-07-09T02:35:19,0.88,V,1-J301电池室放电电池数据表.xlsx,DC10,0.88,第2组,DC10,9,619.0,True,0.88,2.225,5.789486264913945,4,False,False,False,0.8437320148099025,0.8325337895834826,7,3.195391507080587,1.6763013131189566,0.25641667112981376,0.4181241842234873,1.0763127160481123,0.060072815533980584,7,False,-0.8741836845386489,False,False
咸阳秦都西咸数据中心1号楼D203电力电池机房|5#开关电源蓄电池组|第2组|第2组单体4电池电压|1-D203电池室放电电池数据表.xlsx|DC5|DC5,陕西省,咸阳,中国移动西咸数据中心,咸阳秦都西咸数据中心1号楼站点,咸阳秦都西咸数据中心1号楼D203电力电池机房,铅酸电池,5#开关电源蓄电池组,单体XX电压,第2组单体4电池电压,2025-07-11T01:39:38,2.217,V,1-D203电池室放电电池数据表.xlsx,DC5,2.217,第2组,DC5,9,7844.0,False,2.099,2.272,-0.7962551165473775,0,False,False,False,0.8436939442833562,2.696239571845138,0,-2.6331312509216,1.0113815763880778,-1.4450840094543569,-0.05539626709083041,1.0763127160481123,0.060072815533980584,7,False,-0.24897898030037519,False,False
咸阳秦都西咸数据中心1号楼J301电力电池机房|05#开关电源蓄电池组|第2组|第2组单体11电池电压|1-J301电池室放电电池数据表.xlsx|DC5|DC5,陕西省,咸阳,中国移动西咸数据中心,咸阳秦都西咸数据中心1号楼站点,咸阳秦都西咸数据中心1号楼J301电力电池机房,铅酸电池,05#开关电源蓄电池组,单体XX电压,第2组单体11电池电压,2025-07-09T01:12:05,2.431,V,1-J301电池室放电电池数据表.xlsx,DC5,2.431,第2组,DC5,19,1045.0,True,1.057,2.25,3.227829733147858,0,False,True,False,0.843239783213932,6.884410913667508,7,5.033174367270268,-1.6376161631969863,-0.4243298239804375,0.1853747836555623,1.0763127160481123,0.060072815533980584,7,False,0.9332115374879871,True,False
咸阳秦都西咸数据中心1号楼J301电力电池机房|14#开关电源蓄电池组|第2组|第2组单体10电池电压|1-J301电池室放电电池数据表.xlsx|DC14|DC14,陕西省,咸阳,中国移动西咸数据中心,咸阳秦都西咸数据中心1号楼站点,咸阳秦都西咸数据中心1号楼J301电力电池机房,铅酸电池,14#开关电源蓄电池组,单体XX电压,第2组单体10电池电压,2025-07-08T03:26:05,2.151,V,1-J301电池室放电电池数据表.xlsx,DC14,2.151,第2组,DC14,7,358.0,True,2.151,2.628,0.11714980835274325,0,False,False,False,0.8414016564353864,2.3866874391529103,-7,0.10115659902457141,1.8629462593996395,0.9865068642806825,-0.5676333213121576,1.0763127160481123,0.060072815533980584,7,False,0.3394147203359091,False,False
咸阳秦都西咸数据中心1号楼D203电力电池机房|2#开关电源蓄电池组|第1组|第1组单体12电池电压|1-D203电池室放电电池数据表.xlsx|DC2|DC2,陕西省,咸阳,中国移动西咸数据中心,咸阳秦都西咸数据中心1号楼站点,咸阳秦都西咸数据中心1号楼D203电力电池机房,铅酸电池,2#开关电源蓄电池组,单体XX电压,第1组单体12电池电压,2025-07-11T00:44:32,1.012,V,1-D203电池室放电电池数据表.xlsx,DC2,1.012,第1组,DC2,19,1147.0,True,0.989,2.259,4.373602623481028,0,False,True,False,0.8394303087754317,6.809245056168745,7,4.265523676602086,-0.26748140550263044,-0.06008545573182478,0.8631002206135067,1.0763127160481123,0.060072815533980584,7,False,0.7023628684645804,False,False
咸阳秦都西咸数据中心1号楼D303电力电池机房|6#开关电源蓄电池组|第1组|第1组单体14电池电压|1-D303电池室放电电池数据表.xlsx|DC6|DC6,陕西省,咸阳,中国移动西咸数据中心,咸阳秦都西咸数据中心1号楼站点,咸阳秦都西咸数据中心1号楼D303电力电池机房,铅酸电池,6#开关电源蓄电池组,单体XX电压,第1组单体14电池电压,2025-07-10T02:30:26,2.021,V,1-D303电池室放电电池数据表.xlsx,DC6,2.021,第1组,DC6,8,1408.0,True,1.942,2.322,0.2649039788036925,0,False,False,False,0.8370740193637891,1.2792788588375419,3,-0.42063733873094916,-0.5603723444488298,-0.9494721199293328,0.4361520494137122,1.0763127160481123,0.060072815533980584,7,False,0.12375287833221021,False,False
咸阳秦都西咸数据中心1号楼D203电力电池机房|2#开关电源蓄电池组|第2组|第2组单体13电池电压|1-D203电池室放电电池数据表.xlsx|DC2|DC2,陕西省,咸阳,中国移动西咸数据中心,咸阳秦都西咸数据中心1号楼站点,咸阳秦都西咸数据中心1号楼D203电力电池机房,铅酸电池,2#开关电源蓄电池组,单体XX电压,第2组单体13电池电压,2025-07-11T00:26:22,1.888,V,1-D203电池室放电电池数据表.xlsx,DC2,1.888,第2组,DC2,20,1112.0,True,1.0,2.307,4.037309623462175,0,False,True,False,0.8321535410490131,7.306461727199964,7,5.129632193090737,-0.949728331683523,-0.25057385606760463,0.7444993193052363,1.0763127160481123,0.060072815533980584,7,False,0.5952500975754649,False,False
咸阳秦都西咸数据中心1号楼J301电力电池机房|05#开关电源蓄电池组|第2组|第2组单体13电池电压|1-J301电池室放电电池数据表.xlsx|DC5|DC5,陕西省,咸阳,中国移动西咸数据中心,咸阳秦都西咸数据中心1号楼站点,咸阳秦都西咸数据中心1号楼J301电力电池机房,铅酸电池,05#开关电源蓄电池组,单体XX电压,第2组单体13电池电压,2025-07-09T01:03:29,1.553,V,1-J301电池室放电电池数据表.xlsx,DC5,1.553,第2组,DC5,20,1045.0,True,1.01,2.182,3.3119283120720016,0,False,True,False,0.82379331366508,6.826320802177573,7,4.819461793459277,-1.9065277121958388,-0.4908762034855665,0.27237200179358567,1.0763127160481123,0.060072815533980584,7,False,0.9328293119939473,True,False
咸阳秦都西咸数据中心1号楼J301电力电池机房|11#开关电源蓄电池组|第1组|第1组单体17电池电压|1-J301电池室放电电池数据表.xlsx|DC11|DC11,陕西省,咸阳,中国移动西咸数据中心,咸阳秦都西咸数据中心1号楼站点,咸阳秦都西咸数据中心1号楼J301电力电池机房,铅酸电池,11#开关电源蓄电池组,单体XX电压,第1组单体17电池电压,2025-07-08T02:36:16,1.965,V,1-J301电池室放电电池数据表.xlsx,DC11,1.965,第1组,DC11,14,1204.0,True,1.326,2.136,2.9993977113151042,0,False,False,False,0.8208344379714538,3.7830585734282316,7,1.2683195014160555,-0.4932716326427363,0.02303662345638069,0.12477831320832847,1.0763127160481123,0.060072815533980584,7,False,0.9288195784152774,True,False
咸阳秦都西咸数据中心1号楼D203电力电池机房|5#开关电源蓄电池组|第1组|第1组单体22电池电压|1-D203电池室放电电池数据表.xlsx|DC5|DC5,陕西省,咸阳,中国移动西咸数据中心,咸阳秦都西咸数据中心1号楼站点,咸阳秦都西咸数据中心1号楼D203电力电池机房,铅酸电池,5#开关电源蓄电池组,单体XX电压,第1组单体22电池电压,2025-07-11T01:39:34,1.762,V,1-D203电池室放电电池数据表.xlsx,DC5,1.762,第1组,DC5,8,75.0,True,1.71,2.278,1.4595164694782934,0,False,False,False,0.8201111477960978,2.7712318493527697,-7,0.742117705246403,-1.4826660392991224,-0.1948398048915605,-0.8557646449344742,1.0763127160481123,0.060072815533980584,7,False,0.5950507741052724,False,False
咸阳秦都西咸数据中心1号楼J301电力电池机房|06#开关电源蓄电池组|第1组|第1组单体6电池电压|1-J301电池室放电电池数据表.xlsx|DC6|DC6,陕西省,咸阳,中国移动西咸数据中心,咸阳秦都西咸数据中心1号楼站点,咸阳秦都西咸数据中心1号楼J301电力电池机房,铅酸电池,06#开关电源蓄电池组,单体XX电压,第1组单体6电池电压,2025-07-09T00:14:34,2.128,V,1-J301电池室放电电池数据表.xlsx,DC6,2.128,第1组,DC6,22,3712.0,True,0.669,2.128,6.401923818739955,4,False,False,False,0.81759103926422,0.6955367288156284,5,3.6687268692951456,1.6364241604370555,-0.5066029411893205,0.721257267581833,1.0763127160481123,0.060072815533980584,7,False,,False,False
咸阳秦都西咸数据中心1号楼D203电力电池机房|6#开关电源蓄电池组|第2组|第2组单体8电池电压|1-D203电池室放电电池数据表.xlsx|DC6|DC6,陕西省,咸阳,中国移动西咸数据中心,咸阳秦都西咸数据中心1号楼站点,咸阳秦都西咸数据中心1号楼D203电力电池机房,铅酸电池,6#开关电源蓄电池组,单体XX电压,第2组单体8电池电压,2025-07-11T01:40:55,2.109,V,1-D203电池室放电电池数据表.xlsx,DC6,2.109,第2组,DC6,12,6529.0,True,1.438,2.109,2.830093113729624,0,False,False,False,0.816408099270851,3.138226593302501,5,-0.23705925000669792,0.5292685027588407,-0.3107101283497463,0.25520963249836515,1.0763127160481123,0.060072815533980584,7,False,,False,False
咸阳秦都西咸数据中心1号楼D203电力电池机房|2#开关电源蓄电池组|第1组|第1组单体6电池电压|1-D203电池室放电电池数据表.xlsx|DC2|DC2,陕西省,咸阳,中国移动西咸数据中心,咸阳秦都西咸数据中心1号楼站点,咸阳秦都西咸数据中心1号楼D203电力电池机房,铅酸电池,2#开关电源蓄电池组,单体XX电压,第1组单体6电池电压,2025-07-11T00:23:04,2.309,V,1-D203电池室放电电池数据表.xlsx,DC2,2.309,第1组,DC2,13,1293.0,True,1.509,2.309,2.6778394075271974,0,False,False,False,0.8145119061901007,3.638455149758877,7,1.4814880484106723,-0.3680049068383201,0.02428095334154945,-0.3109849090323955,1.0763127160481123,0.060072815533980584,7,False,0.8014516063913167,False,False
咸阳秦都西咸数据中心1号楼J301电力电池机房|10#开关电源蓄电池组|第1组|第1组单体11电池电压|1-J301电池室放电电池数据表.xlsx|DC10|DC10,陕西省,咸阳,中国移动西咸数据中心,咸阳秦都西咸数据中心1号楼站点,咸阳秦都西咸数据中心1号楼J301电力电池机房,铅酸电池,10#开关电源蓄电池组,单体XX电压,第1组单体11电池电压,2025-07-09T02:44:55,0.968,V,1-J301电池室放电电池数据表.xlsx,DC10,0.968,第1组,DC10,21,662.0,True,0.658,1.961,4.6754766238360865,5,False,False,False,0.8095003944920609,0.7181227638636469,7,4.965456456973484,-2.14555677438558,-0.857102445382639,-0.43681212390486424,1.0763127160481123,0.060072815533980584,7,False,0.364680744115556,False,False
咸阳秦都西咸数据中心1号楼J301电力电池机房|11#开关电源蓄电池组|第2组|第2组单体22电池电压|1-J301电池室放电电池数据表.xlsx|DC11|DC11,陕西省,咸阳,中国移动西咸数据中心,咸阳秦都西咸数据中心1号楼站点,咸阳秦都西咸数据中心1号楼J301电力电池机房,铅酸电池,11#开关电源蓄电池组,单体XX电压,第2组单体22电池电压,2025-07-08T02:32:38,0.886,V,1-J301电池室放电电池数据表.xlsx,DC11,0.886,第2组,DC11,22,829.0,True,0.686,1.966,4.123757135047013,5,False,False,False,0.8089465687156685,0.5253607276124116,7,5.461728308045921,-2.8694964550840676,-1.016291645071015,-0.5295392023428452,1.0763127160481123,0.060072815533980584,7,False,0.11659910751253509,False,False
咸阳秦都西咸数据中心1号楼J301电力电池机房|05#开关电源蓄电池组|第2组|第2组单体19电池电压|1-J301电池室放电电池数据表.xlsx|DC5|DC5,陕西省,咸阳,中国移动西咸数据中心,咸阳秦都西咸数据中心1号楼站点,咸阳秦都西咸数据中心1号楼J301电力电池机房,铅酸电池,05#开关电源蓄电池组,单体XX电压,第2组单体19电池电压,2025-07-09T01:10:58,1.208,V,1-J301电池室放电电池数据表.xlsx,DC5,1.208,第2组,DC5,18,1074.0,True,1.213,2.154,2.8426113816602467,0,False,False,False,0.8070008899587247,4.873154940607634,7,2.888069754334645,-1.2890768845767813,-0.22885115545023726,0.10163697661338134,1.0763127160481123,0.060072815533980584,7,False,0.9279282135520902,True,False
咸阳秦都西咸数据中心1号楼D203电力电池机房|5#开关电源蓄电池组|第2组|第2组单体11电池电压|1-D203电池室放电电池数据表.xlsx|DC5|DC5,陕西省,咸阳,中国移动西咸数据中心,咸阳秦都西咸数据中心1号楼站点,咸阳秦都西咸数据中心1号楼D203电力电池机房,铅酸电池,5#开关电源蓄电池组,单体XX电压,第2组单体11电池电压,2025-07-11T01:38:56,1.684,V,1-D203电池室放电电池数据表.xlsx,DC5,1.684,第2组,DC5,8,5912.0,True,1.393,2.15,3.2070071021865116,0,False,False,False,0.8062283433256113,3.651983685725672,7,0.20342758155214613,0.8284452733675705,0.3999361064878577,0.14589122616480085,1.0763127160481123,0.060072815533980584,7,False,0.7765674059181188,False,False
咸阳秦都西咸数据中心1号楼J301电力电池机房|10#开关电源蓄电池组|第2组|第2组单体21电池电压|1-J301电池室放电电池数据表.xlsx|DC10|DC10,陕西省,咸阳,中国移动西咸数据中心,咸阳秦都西咸数据中心1号楼站点,咸阳秦都西咸数据中心1号楼J301电力电池机房,铅酸电池,10#开关电源蓄电池组,单体XX电压,第2组单体21电池电压,2025-07-09T02:48:50,2.739,V,1-J301电池室放电电池数据表.xlsx,DC10,2.739,第2组,DC10,8,610.0,True,0.606,2.17,6.854585798982309,4,False,False,False,0.8005964359254936,0.7913361166235481,7,4.262594432957281,1.776217863995906,0.14280174390317968,0.5985003371667812,1.0763127160481123,0.060072815533980584,7,False,-0.8741836845386481,False,False
咸阳秦都西咸数据中心1号楼D201电力电池机房|4#开关电源蓄电池组|第1组|第1组单体18电池电压|1-D201电池室放电电池数据表.xlsx|DC4|DC4,陕西省,咸阳,中国移动西咸数据中心,咸阳秦都西咸数据中心1号楼站点,咸阳秦都西咸数据中心1号楼D201电力电池机房,铅酸电池,4#开关电源蓄电池组,单体XX电压,第1组单体18电池电压,2025-07-08T00:59:50,1.928,V,1-D201电池室放电电池数据表.xlsx,DC4,1.928,第1组,DC4,12,1207.0,True,1.425,2.06,2.294362546331384,0,False,False,False,0.7999081302045113,2.865628778701757,7,0.37447323431412727,-0.9640444104145376,0.0033784064557617066,0.08865544275167464,1.0763127160481123,0.060072815533980584,7,False,0.7193914174345456,False,False
咸阳秦都西咸数据中心1号楼D203电力电池机房|2#开关电源蓄电池组|第1组|第1组单体10电池电压|1-D203电池室放电电池数据表.xlsx|DC2|DC2,陕西省,咸阳,中国移动西咸数据中心,咸阳秦都西咸数据中心1号楼站点,咸阳秦都西咸数据中心1号楼D203电力电池机房,铅酸电池,2#开关电源蓄电池组,单体XX电压,第1组单体10电池电压,2025-07-11T00:44:46,1.089,V,1-D203电池室放电电池数据表.xlsx,DC2,1.089,第1组,DC2,17,1152.0,True,1.089,2.309,3.7399870321500064,0,False,True,False,0.7993304928773943,6.612883233746348,7,4.448100963587036,-0.6683879764339101,-0.04830957971341132,1.145375596654991,1.0763127160481123,0.060072815533980584,7,False,0.6679984920217403,False,False
咸阳秦都西咸数据中心1号楼D203电力电池机房|2#开关电源蓄电池组|第1组|第1组单体18电池电压|1-D203电池室放电电池数据表.xlsx|DC2|DC2,陕西省,咸阳,中国移动西咸数据中心,咸阳秦都西咸数据中心1号楼站点,咸阳秦都西咸数据中心1号楼D203电力电池机房,铅酸电池,2#开关电源蓄电池组,单体XX电压,第1组单体18电池电压,2025-07-11T00:00:52,2.272,V,1-D203电池室放电电池数据表.xlsx,DC2,2.272,第1组,DC2,18,2788.0,False,2.032,2.665,0.7089265952662838,0,False,False,False,0.7967880091627438,2.3375474719469826,5,1.2326109299414811,0.8950077888932388,0.005869824456257389,0.09826579824498055,1.0763127160481123,0.060072815533980584,7,False,0.7784079169874681,False,False
咸阳秦都西咸数据中心1号楼D201电力电池机房|4#开关电源蓄电池组|第1组|第1组单体12电池电压|1-D201电池室放电电池数据表.xlsx|DC4|DC4,陕西省,咸阳,中国移动西咸数据中心,咸阳秦都西咸数据中心1号楼站点,咸阳秦都西咸数据中心1号楼D201电力电池机房,铅酸电池,4#开关电源蓄电池组,单体XX电压,第1组单体12电池电压,2025-07-08T01:05:50,1.692,V,1-D201电池室放电电池数据表.xlsx,DC4,1.692,第1组,DC4,22,1207.0,True,0.876,2.001,4.457830609229405,0,False,False,False,0.7960191471939816,6.040703143599324,7,3.0462715722435902,-0.8561142609401806,-0.32477482307428585,0.1053583271965502,1.0763127160481123,0.060072815533980584,7,False,0.4893737721573951,False,False
咸阳秦都西咸数据中心1号楼D201电力电池机房|1#开关电源蓄电池组|第1组|第1组单体8电池电压|1-D201电池室放电电池数据表.xlsx|DC1|DC1,陕西省,咸阳,中国移动西咸数据中心,咸阳秦都西咸数据中心1号楼站点,咸阳秦都西咸数据中心1号楼D201电力电池机房,铅酸电池,1#开关电源蓄电池组,单体XX电压,第1组单体8电池电压,2025-07-08T00:06:40,1.936,V,1-D201电池室放电电池数据表.xlsx,DC1,1.936,第1组,DC1,9,1918.0,False,1.832,2.209,-0.883213296389745,0,False,False,False,0.7901880235017544,2.1779739811565246,7,0.8712266908246933,-1.2646516134536867,0.3740172632523604,0.3898601128845234,1.0763127160481123,0.060072815533980584,7,False,0.7530247372136462,False,False
咸阳秦都西咸数据中心1号楼J301电力电池机房|06#开关电源蓄电池组|第1组|第1组单体10电池电压|1-J301电池室放电电池数据表.xlsx|DC6|DC6,陕西省,咸阳,中国移动西咸数据中心,咸阳秦都西咸数据中心1号楼站点,咸阳秦都西咸数据中心1号楼J301电力电池机房,铅酸电池,06#开关电源蓄电池组,单体XX电压,第1组单体10电池电压,2025-07-09T01:14:02,1.752,V,1-J301电池室放电电池数据表.xlsx,DC6,1.752,第1组,DC6,17,3712.0,True,1.126,2.217,4.669497816620919,3,False,False,False,0.7869356402304049,0.8827524702922662,7,1.8489063845479847,1.5180704297300776,0.3811982266322554,0.3146557805209199,1.0763127160481123,0.060072815533980584,7,False,0.5993442066824162,False,False
咸阳秦都西咸数据中心1号楼D303电力电池机房|7#开关电源蓄电池组|第1组|第1组单体9电池电压|1-D303电池室放电电池数据表.xlsx|DC7|DC7,陕西省,咸阳,中国移动西咸数据中心,咸阳秦都西咸数据中心1号楼站点,咸阳秦都西咸数据中心1号楼D303电力电池机房,铅酸电池,7#开关电源蓄电池组,单体XX电压,第1组单体9电池电压,2025-07-10T02:35:40,2.102,V,1-D303电池室放电电池数据表.xlsx,DC7,2.102,第1组,DC7,8,9234.0,True,2.153,2.545,-0.5428133669096613,0,False,False,False,0.7868876716132069,2.0779641901551087,-7,-0.6840858217564925,1.6623494249514303,1.1284048191812655,-0.01801109708481584,1.0763127160481123,0.060072815533980584,7,False,0.5973280699519584,False,False
咸阳秦都西咸数据中心1号楼D203电力电池机房|2#开关电源蓄电池组|第1组|第1组单体7电池电压|1-D203电池室放电电池数据表.xlsx|DC2|DC2,陕西省,咸阳,中国移动西咸数据中心,咸阳秦都西咸数据中心1号楼站点,咸阳秦都西咸数据中心1号楼D203电力电池机房,铅酸电池,2#开关电源蓄电池组,单体XX电压,第1组单体7电池电压,2025-07-11T00:25:34,2.233,V,1-D203电池室放电电池数据表.xlsx,DC2,2.233,第1组,DC2,21,2788.0,False,1.992,2.66,0.8511822489436851,0,False,False,False,0.78522699280455,2.4950086595164356,5,1.4267106216145164,0.7161193520800745,-0.08230899117182877,0.013575732509055721,1.0763127160481123,0.060072815533980584,7,False,0.7782169223308287,False,False
咸阳秦都西咸数据中心1号楼J301电力电池机房|10#开关电源蓄电池组|第2组|第2组单体17电池电压|1-J301电池室放电电池数据表.xlsx|DC10|DC10,陕西省,咸阳,中国移动西咸数据中心,咸阳秦都西咸数据中心1号楼站点,咸阳秦都西咸数据中心1号楼J301电力电池机房,铅酸电池,10#开关电源蓄电池组,单体XX电压,第2组单体17电池电压,2025-07-09T02:47:40,2.235,V,1-J301电池室放电电池数据表.xlsx,DC10,2.235,第2组,DC10,8,680.0,True,0.823,2.206,5.985474246994281,4,False,False,False,0.785093059320511,0.5804508709982122,7,3.348073436807695,1.7671253526495412,0.25953402132224035,0.4665345119193527,1.0763127160481123,0.060072815533980584,7,False,-0.8741836845386478,False,False
咸阳秦都西咸数据中心1号楼D203电力电池机房|6#开关电源蓄电池组|第1组|第1组单体7电池电压|1-D203电池室放电电池数据表.xlsx|DC6|DC6,陕西省,咸阳,中国移动西咸数据中心,咸阳秦都西咸数据中心1号楼站点,咸阳秦都西咸数据中心1号楼D203电力电池机房,铅酸电池,6#开关电源蓄电池组,单体XX电压,第1组单体7电池电压,2025-07-11T00:00:53,2.102,V,1-D203电池室放电电池数据表.xlsx,DC6,2.102,第1组,DC6,9,6570.0,True,1.535,2.102,2.4249111443115114,0,False,False,False,0.7832566614544774,2.63437580547248,6,-0.7410483274891485,0.197352066930829,0.0012892953760619275,0.1572705422407992,1.0763127160481123,0.060072815533980584,7,False,,False,False
咸阳秦都西咸数据中心1号楼J301电力电池机房|07#开关电源蓄电池组|第1组|第1组单体14电池电压|1-J301电池室放电电池数据表.xlsx|DC7|DC7,陕西省,咸阳,中国移动西咸数据中心,咸阳秦都西咸数据中心1号楼站点,咸阳秦都西咸数据中心1号楼J301电力电池机房,铅酸电池,07#开关电源蓄电池组,单体XX电压,第1组单体14电池电压,2025-07-09T01:49:59,1.921,V,1-J301电池室放电电池数据表.xlsx,DC7,1.921,第1组,DC7,12,9859.0,False,1.814,2.419,-1.5237408895884479,0,False,False,False,0.7829698281974234,4.205953565781306,-7,3.141998969050457,0.5145094197614595,0.8660805303747028,0.21445029052134554,1.0763127160481123,0.060072815533980584,7,False,-0.23636554148421912,False,False
咸阳秦都西咸数据中心2号楼J301电力电池机房|01#开关电源蓄电池组|第1组|第1组单体1电池电压|2-J301电池室放电电池数据表.xlsx|DC1|DC1,陕西省,咸阳,中国移动西咸数据中心,咸阳秦都西咸数据中心2号楼站点,咸阳秦都西咸数据中心2号楼J301电力电池机房,铅酸电池,01#开关电源蓄电池组,单体XX电压,第1组单体1电池电压,2025-07-11T03:08:57,1.802,V,2-J301电池室放电电池数据表.xlsx,DC1,1.802,第1组,DC1,24,1161.0,True,0.636,1.984,5.430457120815663,0,False,True,False,0.7817962334913023,7.494621544346535,7,4.196009656206009,-0.5873625264014636,-0.3846354889423521,0.26374261561819456,1.0763127160481123,0.060072815533980584,7,False,0.5641673826868905,False,False
咸阳秦都西咸数据中心1号楼J301电力电池机房|04#开关电源蓄电池组|第2组|第2组单体12电池电压|1-J301电池室放电电池数据表.xlsx|DC4|DC4,陕西省,咸阳,中国移动西咸数据中心,咸阳秦都西咸数据中心1号楼站点,咸阳秦都西咸数据中心1号楼J301电力电池机房,铅酸电池,04#开关电源蓄电池组,单体XX电压,第2组单体12电池电压,2025-07-09T00:47:32,2.226,V,1-J301电池室放电电池数据表.xlsx,DC4,2.226,第2组,DC4,7,108.0,False,1.854,2.233,0.32857480801043076,0,False,False,False,0.7801589948968045,1.8136993379336266,7,-0.07101366060314573,-1.2050548083033175,0.013009966973422826,-1.118535510117808,1.0763127160481123,0.060072815533980584,7,False,0.5577154246829951,False,False
咸阳秦都西咸数据中心1号楼J301电力电池机房|11#开关电源蓄电池组|第1组|第1组单体6电池电压|1-J301电池室放电电池数据表.xlsx|DC11|DC11,陕西省,咸阳,中国移动西咸数据中心,咸阳秦都西咸数据中心1号楼站点,咸阳秦都西咸数据中心1号楼J301电力电池机房,铅酸电池,11#开关电源蓄电池组,单体XX电压,第1组单体6电池电压,2025-07-08T02:15:03,2.248,V,1-J301电池室放电电池数据表.xlsx,DC11,2.248,第1组,DC11,11,1204.0,True,1.553,2.111,1.918738492852226,0,False,False,False,0.7787767145978329,2.2376840046142794,7,-0.14036582270187847,-0.47660990320267915,0.1873681053303971,-0.016365297228891615,1.0763127160481123,0.060072815533980584,7,False,0.8156413194331045,False,False
咸阳秦都西咸数据中心1号楼D203电力电池机房|5#开关电源蓄电池组|第1组|第1组单体6电池电压|1-D203电池室放电电池数据表.xlsx|DC5|DC5,陕西省,咸阳,中国移动西咸数据中心,咸阳秦都西咸数据中心1号楼站点,咸阳秦都西咸数据中心1号楼D203电力电池机房,铅酸电池,5#开关电源蓄电池组,单体XX电压,第1组单体6电池电压,2025-07-11T00:00:53,2.226,V,1-D203电池室放电电池数据表.xlsx,DC5,2.226,第1组,DC5,10,4330.0,True,1.351,2.269,3.257872225776988,3,False,False,False,0.775796798461104,1.036370250549793,-7,0.8418001349892674,1.377140104024819,0.49565238754735097,-0.06231764373413039,1.0763127160481123,0.060072815533980584,7,False,-0.6655891025015468,False,False
咸阳秦都西咸数据中心1号楼J301电力电池机房|04#开关电源蓄电池组|第1组|第1组单体20电池电压|1-J301电池室放电电池数据表.xlsx|DC4|DC4,陕西省,咸阳,中国移动西咸数据中心,咸阳秦都西咸数据中心1号楼站点,咸阳秦都西咸数据中心1号楼J301电力电池机房,铅酸电池,04#开关电源蓄电池组,单体XX电压,第1组单体20电池电压,2025-07-09T00:47:52,1.873,V,1-J301电池室放电电池数据表.xlsx,DC4,1.873,第1组,DC4,8,7933.0,False,1.873,2.231,-0.8161303257029626,0,False,False,False,0.7737182749713907,2.142490089335839,4,-2.6966413201752304,0.326317101569494,-0.24459524008963995,-0.2082117445800713,1.0763127160481123,0.060072815533980584,7,False,0.232545264241259,False,False
咸阳秦都西咸数据中心1号楼J301电力电池机房|09#开关电源蓄电池组|第1组|第1组单体3电池电压|1-J301电池室放电电池数据表.xlsx|DC9|DC9,陕西省,咸阳,中国移动西咸数据中心,咸阳秦都西咸数据中心1号楼站点,咸阳秦都西咸数据中心1号楼J301电力电池机房,铅酸电池,09#开关电源蓄电池组,单体XX电压,第1组单体3电池电压,2025-07-09T02:17:33,1.643,V,1-J301电池室放电电池数据表.xlsx,DC9,1.643,第1组,DC9,17,367.0,True,0.631,1.968,4.42058428499582,5,False,False,False,0.7727580939858614,0.47432463712916456,7,5.528609607922321,-1.9937917623266825,-0.8631981944844003,-0.8486785358481289,1.0763127160481123,0.060072815533980584,7,False,0.09156311400836098,False,False
咸阳秦都西咸数据中心1号楼D203电力电池机房|6#开关电源蓄电池组|第1组|第1组单体9电池电压|1-D203电池室放电电池数据表.xlsx|DC6|DC6,陕西省,咸阳,中国移动西咸数据中心,咸阳秦都西咸数据中心1号楼站点,咸阳秦都西咸数据中心1号楼D203电力电池机房,铅酸电池,6#开关电源蓄电池组,单体XX电压,第1组单体9电池电压,2025-07-11T00:00:53,2.202,V,1-D203电池室放电电池数据表.xlsx,DC6,2.202,第1组,DC6,10,6588.0,True,1.467,2.202,3.0552488144767476,0,False,False,False,0.7714021730354145,3.4917082249547793,6,0.08009520568718054,0.943441838495243,0.10782353131388922,0.1789562818464612,1.0763127160481123,0.060072815533980584,7,False,0.5652700884208893,False,False
咸阳秦都西咸数据中心1号楼J301电力电池机房|11#开关电源蓄电池组|第1组|第1组单体11电池电压|1-J301电池室放电电池数据表.xlsx|DC11|DC11,陕西省,咸阳,中国移动西咸数据中心,咸阳秦都西咸数据中心1号楼站点,咸阳秦都西咸数据中心1号楼J301电力电池机房,铅酸电池,11#开关电源蓄电池组,单体XX电压,第1组单体11电池电压,2025-07-08T02:37:17,1.84,V,1-J301电池室放电电池数据表.xlsx,DC11,1.84,第1组,DC11,17,1169.0,True,0.766,2.018,4.852868697364588,0,False,True,False,0.7710981099638237,6.728401841472714,7,3.7192468938141516,-0.29956917567369334,-0.2009630929498869,0.34476793329779365,1.0763127160481123,0.060072815533980584,7,False,0.3361657444909552,False,False
咸阳秦都西咸数据中心1号楼J301电力电池机房|09#开关电源蓄电池组|第1组|第1组单体1电池电压|1-J301电池室放电电池数据表.xlsx|DC9|DC9,陕西省,咸阳,中国移动西咸数据中心,咸阳秦都西咸数据中心1号楼站点,咸阳秦都西咸数据中心1号楼J301电力电池机房,铅酸电池,09#开关电源蓄电池组,单体XX电压,第1组单体1电池电压,2025-07-09T02:13:03,2.038,V,1-J301电池室放电电池数据表.xlsx,DC9,2.038,第1组,DC9,16,340.0,True,0.588,1.895,4.4704646956740435,5,False,False,False,0.7679132997632484,0.5965276890327078,7,5.16211744885821,-1.9411194155513547,-0.816868288437995,-0.6764492012094308,1.0763127160481123,0.060072815533980584,7,False,-0.04534384155245261,False,False
咸阳秦都西咸数据中心1号楼D303电力电池机房|6#开关电源蓄电池组|第2组|第2组单体23电池电压|1-D303电池室放电电池数据表.xlsx|DC6|DC6,陕西省,咸阳,中国移动西咸数据中心,咸阳秦都西咸数据中心1号楼站点,咸阳秦都西咸数据中心1号楼D303电力电池机房,铅酸电池,6#开关电源蓄电池组,单体XX电压,第2组单体23电池电压,2025-07-10T02:23:45,1.805,V,1-D303电池室放电电池数据表.xlsx,DC6,1.805,第2组,DC6,14,9522.0,False,1.796,2.291,-1.732445621653643,0,False,False,False,0.7678425667504734,3.5109795036561646,-1,2.1042980316564286,0.7286250224668767,-1.0812129867279412,0.557790585323959,1.0763127160481123,0.060072815533980584,7,False,-0.40203894653140615,False,False
咸阳秦都西咸数据中心1号楼J301电力电池机房|10#开关电源蓄电池组|第1组|第1组单体21电池电压|1-J301电池室放电电池数据表.xlsx|DC10|DC10,陕西省,咸阳,中国移动西咸数据中心,咸阳秦都西咸数据中心1号楼站点,咸阳秦都西咸数据中心1号楼J301电力电池机房,铅酸电池,10#开关电源蓄电池组,单体XX电压,第1组单体21电池电压,2025-07-09T02:41:34,1.731,V,1-J301电池室放电电池数据表.xlsx,DC10,1.731,第1组,DC10,14,436.0,True,0.641,1.959,5.249749858293124,0,False,True,False,0.7669338716434795,7.340352364140781,7,4.121621015724271,-0.8840015560957862,-0.4538151506430548,0.19019709816265476,1.0763127160481123,0.060072815533980584,7,False,0.15812691910740256,False,False
咸阳秦都西咸数据中心1号楼J301电力电池机房|11#开关电源蓄电池组|第2组|第2组单体18电池电压|1-J301电池室放电电池数据表.xlsx|DC11|DC11,陕西省,咸阳,中国移动西咸数据中心,咸阳秦都西咸数据中心1号楼站点,咸阳秦都西咸数据中心1号楼J301电力电池机房,铅酸电池,11#开关电源蓄电池组,单体XX电压,第2组单体18电池电压,2025-07-08T02:31:19,1.137,V,1-J301电池室放电电池数据表.xlsx,DC11,1.137,第2组,DC11,21,820.0,True,0.636,1.993,4.3950703241052285,5,False,False,False,0.7642322890427453,0.517103801639041,7,5.905420233705259,-2.6619447507468315,-1.0254476742871486,-0.6475371993995204,1.0763127160481123,0.060072815533980584,7,False,0.10144941015381638,False,False
咸阳秦都西咸数据中心1号楼J301电力电池机房|04#开关电源蓄电池组|第2组|第2组单体2电池电压|1-J301电池室放电电池数据表.xlsx|DC4|DC4,陕西省,咸阳,中国移动西咸数据中心,咸阳秦都西咸数据中心1号楼站点,咸阳秦都西咸数据中心1号楼J301电力电池机房,铅酸电池,04#开关电源蓄电池组,单体XX电压,第2组单体2电池电压,2025-07-09T02:07:46,2.215,V,1-J301电池室放电电池数据表.xlsx,DC4,2.215,第2组,DC4,11,5561.0,False,1.696,2.266,1.722321851718291,0,False,False,False,0.7613769831905124,2.2612138730548974,-7,-0.2981159693188385,0.8635130257720054,0.5322660371270437,-0.39805732047734776,1.0763127160481123,0.060072815533980584,7,False,0.6463390054781767,False,False
咸阳秦都西咸数据中心1号楼J301电力电池机房|10#开关电源蓄电池组|第1组|第1组单体22电池电压|1-J301电池室放电电池数据表.xlsx|DC10|DC10,陕西省,咸阳,中国移动西咸数据中心,咸阳秦都西咸数据中心1号楼站点,咸阳秦都西咸数据中心1号楼J301电力电池机房,铅酸电池,10#开关电源蓄电池组,单体XX电压,第1组单体22电池电压,2025-07-09T02:34:53,1.964,V,1-J301电池室放电电池数据表.xlsx,DC10,1.964,第1组,DC10,16,950.0,False,1.884,2.242,-0.6792261678929199,0,False,False,False,0.7577612119297008,1.6648753900673985,6,0.4702430238483235,-0.8468320492219176,-0.0546755928361532,-0.7046366509710857,1.0763127160481123,0.060072815533980584,7,False,0.8331517474531955,False,False
咸阳秦都西咸数据中心1号楼J301电力电池机房|08#开关电源蓄电池组|第2组|第2组单体20电池电压|1-J301电池室放电电池数据表.xlsx|DC8|DC8,陕西省,咸阳,中国移动西咸数据中心,咸阳秦都西咸数据中心1号楼站点,咸阳秦都西咸数据中心1号楼J301电力电池机房,铅酸电池,08#开关电源蓄电池组,单体XX电压,第2组单体20电池电压,2025-07-09T02:12:25,1.613,V,1-J301电池室放电电池数据表.xlsx,DC8,1.613,第2组,DC8,9,6300.0,True,1.536,2.104,2.446825197985389,0,False,False,False,0.7567334941824291,2.668766164931842,7,-0.7117586633782682,0.142855931404805,0.32420544061027434,0.08713676566999137,1.0763127160481123,0.060072815533980584,7,False,0.13060127423053985,False,False
咸阳秦都西咸数据中心1号楼J301电力电池机房|01#开关电源蓄电池组|第1组|第1组单体23电池电压|1-J301电池室放电电池数据表.xlsx|DC1|DC1,陕西省,咸阳,中国移动西咸数据中心,咸阳秦都西咸数据中心1号楼站点,咸阳秦都西咸数据中心1号楼J301电力电池机房,铅酸电池,01#开关电源蓄电池组,单体XX电压,第1组单体23电池电压,2025-07-09T00:26:45,1.787,V,1-J301电池室放电电池数据表.xlsx,DC1,1.787,第1组,DC1,13,3517.0,False,1.787,2.251,-0.9876932738470936,0,False,False,False,0.7460068443768412,2.655787944255996,7,1.6964932269501045,-0.6830326767127775,0.42795411102638786,-0.22847683534098906,1.0763127160481123,0.060072815533980584,7,False,0.26487991934406774,False,False
咸阳秦都西咸数据中心1号楼D203电力电池机房|2#开关电源蓄电池组|第1组|第1组单体17电池电压|1-D203电池室放电电池数据表.xlsx|DC2|DC2,陕西省,咸阳,中国移动西咸数据中心,咸阳秦都西咸数据中心1号楼站点,咸阳秦都西咸数据中心1号楼D203电力电池机房,铅酸电池,2#开关电源蓄电池组,单体XX电压,第1组单体17电池电压,2025-07-11T00:43:26,1.62,V,1-D203电池室放电电池数据表.xlsx,DC2,1.62,第1组,DC2,15,1143.0,True,1.308,2.24,2.9470053855717144,0,False,False,False,0.7440768670824842,4.5315639198428554,7,2.4302060228624685,-0.5520828822103179,0.08353471747926677,0.7598683942088252,1.0763127160481123,0.060072815533980584,7,False,0.6749879802236348,False,False
咸阳秦都西咸数据中心1号楼J301电力电池机房|09#开关电源蓄电池组|第1组|第1组单体19电池电压|1-J301电池室放电电池数据表.xlsx|DC9|DC9,陕西省,咸阳,中国移动西咸数据中心,咸阳秦都西咸数据中心1号楼站点,咸阳秦都西咸数据中心1号楼J301电力电池机房,铅酸电池,09#开关电源蓄电池组,单体XX电压,第1组单体19电池电压,2025-07-09T02:21:46,1.511,V,1-J301电池室放电电池数据表.xlsx,DC9,1.511,第1组,DC9,12,488.0,True,1.562,2.188,1.6060871313435325,0,False,False,False,0.7407416056986851,2.903205089153733,7,1.0900645455397475,-1.3571323807555364,-0.12586226634289244,-0.46685025776477396,1.0763127160481123,0.060072815533980584,7,False,0.4276872774936357,False,False
咸阳秦都西咸数据中心2号楼J301电力电池机房|01#开关电源蓄电池组|第1组|第1组单体19电池电压|2-J301电池室放电电池数据表.xlsx|DC1|DC1,陕西省,咸阳,中国移动西咸数据中心,咸阳秦都西咸数据中心2号楼站点,咸阳秦都西咸数据中心2号楼J301电力电池机房,铅酸电池,01#开关电源蓄电池组,单体XX电压,第1组单体19电池电压,2025-07-11T03:15:27,2.245,V,2-J301电池室放电电池数据表.xlsx,DC1,2.245,第1组,DC1,11,1264.0,True,1.634,2.232,1.7892159849477682,0,False,False,False,0.739104663663969,2.421833686578375,7,0.46195579515162066,-0.7559354724309638,0.07472475386018601,-0.22939280492335828,1.0763127160481123,0.060072815533980584,7,False,0.9556309102131342,True,False
咸阳秦都西咸数据中心1号楼J301电力电池机房|11#开关电源蓄电池组|第1组|第1组单体13电池电压|1-J301电池室放电电池数据表.xlsx|DC11|DC11,陕西省,咸阳,中国移动西咸数据中心,咸阳秦都西咸数据中心1号楼站点,咸阳秦都西咸数据中心1号楼J301电力电池机房,铅酸电池,11#开关电源蓄电池组,单体XX电压,第1组单体13电池电压,2025-07-08T02:37:52,1.47,V,1-J301电池室放电电池数据表.xlsx,DC11,1.47,第1组,DC11,17,1195.0,True,0.944,2.084,4.431492917678184,0,False,False,False,0.7388819980585102,5.9842049491323435,7,3.069418966012007,-0.3640578936418615,-0.17066317859970837,0.18663284220201168,1.0763127160481123,0.060072815533980584,7,False,0.7303315095059,False,False
咸阳秦都西咸数据中心1号楼J301电力电池机房|13#开关电源蓄电池组|第1组|第1组单体11电池电压|1-J301电池室放电电池数据表.xlsx|DC13|DC13,陕西省,咸阳,中国移动西咸数据中心,咸阳秦都西咸数据中心1号楼站点,咸阳秦都西咸数据中心1号楼J301电力电池机房,铅酸电池,13#开关电源蓄电池组,单体XX电压,第1组单体11电池电压,2025-07-08T03:21:10,2.055,V,1-J301电池室放电电池数据表.xlsx,DC13,2.055,第1组,DC13,9,1290.0,False,1.8,2.3,1.098368704891713,0,False,False,False,0.7383655628290461,2.417064253210931,7,0.43166723056469447,-1.6980209904244472,-0.11762774753377292,-0.3537054107094243,1.0763127160481123,0.060072815533980584,7,False,0.965440558054074,True,False
咸阳秦都西咸数据中心1号楼D203电力电池机房|6#开关电源蓄电池组|第2组|第2组单体20电池电压|1-D203电池室放电电池数据表.xlsx|DC6|DC6,陕西省,咸阳,中国移动西咸数据中心,咸阳秦都西咸数据中心1号楼站点,咸阳秦都西咸数据中心1号楼D203电力电池机房,铅酸电池,6#开关电源蓄电池组,单体XX电压,第2组单体20电池电压,2025-07-11T01:40:55,2.231,V,1-D203电池室放电电池数据表.xlsx,DC6,2.231,第2组,DC6,25,6520.0,True,0.685,2.231,6.749348407839801,4,False,False,False,0.7359572992797871,0.6243386323434902,7,4.106059360754881,2.088131366839196,0.24794599569121117,0.5939675287376722,1.0763127160481123,0.060072815533980584,7,False,0.37009428280461143,False,False
咸阳秦都西咸数据中心1号楼D203电力电池机房|2#开关电源蓄电池组|第2组|第2组单体15电池电压|1-D203电池室放电电池数据表.xlsx|DC2|DC2,陕西省,咸阳,中国移动西咸数据中心,咸阳秦都西咸数据中心1号楼站点,咸阳秦都西咸数据中心1号楼D203电力电池机房,铅酸电池,2#开关电源蓄电池组,单体XX电压,第2组单体15电池电压,2025-07-11T00:25:34,2.283,V,1-D203电池室放电电池数据表.xlsx,DC2,2.283,第2组,DC2,18,1130.0,True,1.083,2.283,3.6721891972823486,0,False,False,False,0.7342544149012363,6.553700633670203,7,4.454025757193069,-0.9767187706755918,-0.1994203756483457,0.6917593439412238,1.0763127160481123,0.060072815533980584,7,False,0.5904326046364389,False,False
咸阳秦都西咸数据中心1号楼J301电力电池机房|05#开关电源蓄电池组|第2组|第2组单体17电池电压|1-J301电池室放电电池数据表.xlsx|DC5|DC5,陕西省,咸阳,中国移动西咸数据中心,咸阳秦都西咸数据中心1号楼站点,咸阳秦都西咸数据中心1号楼J301电力电池机房,铅酸电池,05#开关电源蓄电池组,单体XX电压,第2组单体17电池电压,2025-07-09T01:06:38,1.316,V,1-J301电池室放电电池数据表.xlsx,DC5,1.316,第2组,DC5,19,1045.0,True,1.046,2.15,3.3292829097795122,0,False,False,False,0.7332721714291761,6.212574784493019,7,4.110395130357213,-1.709674219958974,-0.4355557658749417,0.16381566588794352,1.0763127160481123,0.060072815533980584,7,False,0.9208494958354642,True,False
咸阳秦都西咸数据中心1号楼J301电力电池机房|12#开关电源蓄电池组|第2组|第2组单体24电池电压|1-J301电池室放电电池数据表.xlsx|DC12|DC12,陕西省,咸阳,中国移动西咸数据中心,咸阳秦都西咸数据中心1号楼站点,咸阳秦都西咸数据中心1号楼J301电力电池机房,铅酸电池,12#开关电源蓄电池组,单体XX电压,第2组单体24电池电压,2025-07-08T02:40:39,1.971,V,1-J301电池室放电电池数据表.xlsx,DC12,1.971,第2组,DC12,9,994.0,True,1.623,2.221,1.1649421234320834,0,False,False,False,0.7314956182861592,3.026753986342215,7,1.296535662585028,-1.8533726179368009,-0.11395766906354143,0.1432926037809832,1.0763127160481123,0.060072815533980584,7,False,0.6889288842612273,False,False
咸阳秦都西咸数据中心1号楼D203电力电池机房|5#开关电源蓄电池组|第2组|第2组单体12电池电压|1-D203电池室放电电池数据表.xlsx|DC5|DC5,陕西省,咸阳,中国移动西咸数据中心,咸阳秦都西咸数据中心1号楼站点,咸阳秦都西咸数据中心1号楼D203电力电池机房,铅酸电池,5#开关电源蓄电池组,单体XX电压,第2组单体12电池电压,2025-07-11T01:39:38,2.418,V,1-D203电池室放电电池数据表.xlsx,DC5,2.418,第2组,DC5,13,9864.0,False,2.103,2.418,-0.8636209191609829,0,False,False,False,0.7266482272267804,2.0377049410793515,-5,-2.174836822414971,1.1262103006980198,0.3153334648223731,-0.267168760650476,1.0763127160481123,0.060072815533980584,7,False,0.024522321163747567,False,False
咸阳秦都西咸数据中心1号楼D203电力电池机房|6#开关电源蓄电池组|第1组|第1组单体20电池电压|1-D203电池室放电电池数据表.xlsx|DC6|DC6,陕西省,咸阳,中国移动西咸数据中心,咸阳秦都西咸数据中心1号楼站点,咸阳秦都西咸数据中心1号楼D203电力电池机房,铅酸电池,6#开关电源蓄电池组,单体XX电压,第1组单体20电池电压,2025-07-11T01:41:18,1.891,V,1-D203电池室放电电池数据表.xlsx,DC6,1.891,第1组,DC6,9,6683.0,False,1.84,2.286,-1.3877677042453291,0,False,False,False,0.7249342671514702,2.5534840032391912,-4,1.4335179785968968,0.6336362507792663,-0.13119543285007107,0.20906546471149015,1.0763127160481123,0.060072815533980584,7,False,0.7028954884805875,False,False
咸阳秦都西咸数据中心1号楼J301电力电池机房|08#开关电源蓄电池组|第2组|第2组单体19电池电压|1-J301电池室放电电池数据表.xlsx|DC8|DC8,陕西省,咸阳,中国移动西咸数据中心,咸阳秦都西咸数据中心1号楼站点,咸阳秦都西咸数据中心1号楼J301电力电池机房,铅酸电池,08#开关电源蓄电池组,单体XX电压,第2组单体19电池电压,2025-07-09T01:59:12,1.786,V,1-J301电池室放电电池数据表.xlsx,DC8,1.786,第2组,DC8,14,574.0,True,0.566,2.231,6.093130826891429,2,False,False,False,0.7213092427629803,0.5732691050683706,7,6.453643189522068,-0.26698103998124395,-0.3290424830263611,0.9853003981931615,1.0763127160481123,0.060072815533980584,7,False,0.13395336719059084,False,False
咸阳秦都西咸数据中心1号楼J301电力电池机房|05#开关电源蓄电池组|第2组|第2组单体15电池电压|1-J301电池室放电电池数据表.xlsx|DC5|DC5,陕西省,咸阳,中国移动西咸数据中心,咸阳秦都西咸数据中心1号楼站点,咸阳秦都西咸数据中心1号楼J301电力电池机房,铅酸电池,05#开关电源蓄电池组,单体XX电压,第2组单体15电池电压,2025-07-09T01:11:35,1.181,V,1-J301电池室放电电池数据表.xlsx,DC5,1.181,第2组,DC5,19,1041.0,True,1.038,2.151,3.3092472704561886,0,False,False,False,0.7212630660413399,6.297316066828913,7,4.221016504630632,-1.742208990216278,-0.44091744905565755,0.18995936319160436,1.0763127160481123,0.060072815533980584,7,False,0.9239121658092719,True,False
咸阳秦都西咸数据中心1号楼D203电力电池机房|6#开关电源蓄电池组|第2组|第2组单体1电池电压|1-D203电池室放电电池数据表.xlsx|DC6|DC6,陕西省,咸阳,中国移动西咸数据中心,咸阳秦都西咸数据中心1号楼站点,咸阳秦都西咸数据中心1号楼D203电力电池机房,铅酸电池,6#开关电源蓄电池组,单体XX电压,第2组单体1电池电压,2025-07-11T01:40:55,2.229,V,1-D203电池室放电电池数据表.xlsx,DC6,2.229,第2组,DC6,10,6611.0,True,1.43,2.229,3.321864497822555,3,False,False,False,0.7191807796343845,1.2309392604899965,6,0.39214323720296695,1.1355408487027239,0.12175776182498,0.20387635803575768,1.0763127160481123,0.060072815533980584,7,False,,False,False
咸阳秦都西咸数据中心1号楼D203电力电池机房|2#开关电源蓄电池组|第2组|第2组单体18电池电压|1-D203电池室放电电池数据表.xlsx|DC2|DC2,陕西省,咸阳,中国移动西咸数据中心,咸阳秦都西咸数据中心1号楼站点,咸阳秦都西咸数据中心1号楼D203电力电池机房,铅酸电池,2#开关电源蓄电池组,单体XX电压,第2组单体18电池电压,2025-07-11T00:25:38,2.075,V,1-D203电池室放电电池数据表.xlsx,DC2,2.075,第2组,DC2,18,2788.0,False,2.024,2.628,1.1715167669863387,0,False,False,False,0.7179108619619053,2.0653927749150007,6,0.6292745552914298,0.700635538634672,0.24787553919088634,0.021204955476262777,1.0763127160481123,0.060072815533980584,7,False,0.840117016422278,False,False
咸阳秦都西咸数据中心2号楼J301电力电池机房|01#开关电源蓄电池组|第1组|第1组单体9电池电压|2-J301电池室放电电池数据表.xlsx|DC1|DC1,陕西省,咸阳,中国移动西咸数据中心,咸阳秦都西咸数据中心2号楼站点,咸阳秦都西咸数据中心2号楼J301电力电池机房,铅酸电池,01#开关电源蓄电池组,单体XX电压,第1组单体9电池电压,2025-07-11T03:08:41,1.881,V,2-J301电池室放电电池数据表.xlsx,DC1,1.881,第1组,DC1,21,1225.0,True,0.916,2.098,4.218734463353524,0,False,False,False,0.7091066059765959,6.335139431297866,7,3.772462310161381,-0.7509317954719757,-0.2694544728081121,0.1953821779610059,1.0763127160481123,0.060072815533980584,7,False,0.7449035312009344,False,False
咸阳秦都西咸数据中心1号楼D201电力电池机房|4#开关电源蓄电池组|第1组|第1组单体7电池电压|1-D201电池室放电电池数据表.xlsx|DC4|DC4,陕西省,咸阳,中国移动西咸数据中心,咸阳秦都西咸数据中心1号楼站点,咸阳秦都西咸数据中心1号楼D201电力电池机房,铅酸电池,4#开关电源蓄电池组,单体XX电压,第1组单体7电池电压,2025-07-08T01:05:19,1.81,V,1-D201电池室放电电池数据表.xlsx,DC4,1.81,第1组,DC4,13,1211.0,True,1.4,2.189,2.391943195372661,0,False,False,False,0.7066647923678551,3.782551206764482,7,1.7850251405943889,-1.1737845569151595,-0.0616556308114774,0.37531045187768797,1.0763127160481123,0.060072815533980584,7,False,0.940474795817781,True,False
咸阳秦都西咸数据中心2号楼J301电力电池机房|01#开关电源蓄电池组|第1组|第1组单体13电池电压|2-J301电池室放电电池数据表.xlsx|DC1|DC1,陕西省,咸阳,中国移动西咸数据中心,咸阳秦都西咸数据中心2号楼站点,咸阳秦都西咸数据中心2号楼J301电力电池机房,铅酸电池,01#开关电源蓄电池组,单体XX电压,第1组单体13电池电压,2025-07-11T03:15:27,2.194,V,2-J301电池室放电电池数据表.xlsx,DC1,2.194,第1组,DC1,16,1225.0,True,1.199,2.126,3.1449982792362507,0,False,False,False,0.7014284654012335,4.584161869735162,7,2.3302568843787927,-0.8108290969431429,-0.0979691233546498,0.23122938625554498,1.0763127160481123,0.060072815533980584,7,False,0.8378992796159519,False,False
咸阳秦都西咸数据中心1号楼D203电力电池机房|2#开关电源蓄电池组|第1组|第1组单体15电池电压|1-D203电池室放电电池数据表.xlsx|DC2|DC2,陕西省,咸阳,中国移动西咸数据中心,咸阳秦都西咸数据中心1号楼站点,咸阳秦都西咸数据中心1号楼D203电力电池机房,铅酸电池,2#开关电源蓄电池组,单体XX电压,第1组单体15电池电压,2025-07-11T00:25:34,2.186,V,1-D203电池室放电电池数据表.xlsx,DC2,2.186,第1组,DC2,17,1143.0,True,1.143,2.186,3.77861962994428,0,False,False,False,0.6971135263638456,5.312541047320716,7,2.739692514979839,-0.5219654891419045,-0.054494779366766166,0.587918989667101,1.0763127160481123,0.060072815533980584,7,False,0.6994225788305035,False,False
咸阳秦都西咸数据中心1号楼D203电力电池机房|2#开关电源蓄电池组|第2组|第2组单体17电池电压|1-D203电池室放电电池数据表.xlsx|DC2|DC2,陕西省,咸阳,中国移动西咸数据中心,咸阳秦都西咸数据中心1号楼站点,咸阳秦都西咸数据中心1号楼D203电力电池机房,铅酸电池,2#开关电源蓄电池组,单体XX电压,第2组单体17电池电压,2025-07-11T00:44:32,1.28,V,1-D203电池室放电电池数据表.xlsx,DC2,1.28,第2组,DC2,15,1138.0,True,1.28,2.289,2.8724581958303004,0,False,False,False,0.6936816912427407,5.152849471755926,7,3.3097643327744324,-0.7917070031675044,-0.010352584563280809,0.6870022813874224,1.0763127160481123,0.060072815533980584,7,False,0.6354509937015141,False,False
咸阳秦都西咸数据中心1号楼D201电力电池机房|1#开关电源蓄电池组|第1组|第1组单体16电池电压|1-D201电池室放电电池数据表.xlsx|DC1|DC1,陕西省,咸阳,中国移动西咸数据中心,咸阳秦都西咸数据中心1号楼站点,咸阳秦都西咸数据中心1号楼D201电力电池机房,铅酸电池,1#开关电源蓄电池组,单体XX电压,第1组单体16电池电压,2025-07-08T00:27:54,1.9,V,1-D201电池室放电电池数据表.xlsx,DC1,1.9,第1组,DC1,9,1882.0,False,1.804,2.24,-0.7719343382122996,0,False,False,False,0.6935005649728343,2.4437059539852712,7,1.3352987548447273,-1.2108098238927167,0.31348930499365046,0.09367171975304209,1.0763127160481123,0.060072815533980584,7,False,0.8004700702440178,False,False
咸阳秦都西咸数据中心1号楼D203电力电池机房|5#开关电源蓄电池组|第2组|第2组单体20电池电压|1-D203电池室放电电池数据表.xlsx|DC5|DC5,陕西省,咸阳,中国移动西咸数据中心,咸阳秦都西咸数据中心1号楼站点,咸阳秦都西咸数据中心1号楼D203电力电池机房,铅酸电池,5#开关电源蓄电池组,单体XX电压,第2组单体20电池电压,2025-07-11T00:00:53,2.371,V,1-D203电池室放电电池数据表.xlsx,DC5,2.371,第2组,DC5,14,5958.0,True,2.039,2.864,-0.6974035568757135,0,False,False,False,0.6934713618855666,1.9904559831204907,-7,0.02973703503309466,1.2715200271833997,1.098718285610869,0.47439424058031465,1.0763127160481123,0.060072815533980584,7,False,-0.761280085759247,False,False
咸阳秦都西咸数据中心1号楼J301电力电池机房|03#开关电源蓄电池组|第1组|第1组单体18电池电压|1-J301电池室放电电池数据表.xlsx|DC3|DC3,陕西省,咸阳,中国移动西咸数据中心,咸阳秦都西咸数据中心1号楼站点,咸阳秦都西咸数据中心1号楼J301电力电池机房,铅酸电池,03#开关电源蓄电池组,单体XX电压,第1组单体18电池电压,2025-07-09T00:39:01,1.834,V,1-J301电池室放电电池数据表.xlsx,DC3,1.834,第1组,DC3,9,1812.0,True,1.584,2.197,1.1728368928623338,0,False,False,False,0.6901963999518773,2.2656775666019078,7,1.014480879936318,-0.3909189273090051,0.325815398045034,0.2814597869138997,1.0763127160481123,0.060072815533980584,7,False,0.781970451347662,False,False
咸阳秦都西咸数据中心2号楼J301电力电池机房|01#开关电源蓄电池组|第1组|第1组单体3电池电压|2-J301电池室放电电池数据表.xlsx|DC1|DC1,陕西省,咸阳,中国移动西咸数据中心,咸阳秦都西咸数据中心2号楼站点,咸阳秦都西咸数据中心2号楼J301电力电池机房,铅酸电池,01#开关电源蓄电池组,单体XX电压,第1组单体3电池电压,2025-07-11T03:10:42,1.593,V,2-J301电池室放电电池数据表.xlsx,DC1,1.593,第1组,DC1,26,1204.0,True,0.64,2.269,5.59661025055669,2,False,False,False,0.6890118914575905,0.4662746068891382,7,6.545015813675612,-0.1189005402488481,-0.25485449903065194,0.7967665432276095,1.0763127160481123,0.060072815533980584,7,False,0.8803746868665474,False,False
咸阳秦都西咸数据中心1号楼J301电力电池机房|06#开关电源蓄电池组|第2组|第2组单体1电池电压|1-J301电池室放电电池数据表.xlsx|DC6|DC6,陕西省,咸阳,中国移动西咸数据中心,咸阳秦都西咸数据中心1号楼站点,咸阳秦都西咸数据中心1号楼J301电力电池机房,铅酸电池,06#开关电源蓄电池组,单体XX电压,第2组单体1电池电压,2025-07-09T01:14:31,1.858,V,1-J301电池室放电电池数据表.xlsx,DC6,1.858,第2组,DC6,8,510.0,True,1.527,1.91,1.4659111543139667,0,False,False,False,0.6811940581191883,2.603902491408461,7,-0.9461118053027227,-1.9977793361404288,-0.20714885968852614,-0.32550804007009265,1.0763127160481123,0.060072815533980584,7,False,-0.34887451165645356,False,False
咸阳秦都西咸数据中心1号楼D203电力电池机房|6#开关电源蓄电池组|第1组|第1组单体1电池电压|1-D203电池室放电电池数据表.xlsx|DC6|DC6,陕西省,咸阳,中国移动西咸数据中心,咸阳秦都西咸数据中心1号楼站点,咸阳秦都西咸数据中心1号楼D203电力电池机房,铅酸电池,6#开关电源蓄电池组,单体XX电压,第1组单体1电池电压,2025-07-11T01:40:33,2.277,V,1-D203电池室放电电池数据表.xlsx,DC6,2.277,第1组,DC6,13,6683.0,False,1.711,2.287,2.1624496831214137,0,False,False,False,0.6780929742388516,2.697152290259017,7,-0.8075613266849112,1.1082740188718097,0.6130746317231257,-0.05172218928449482,1.0763127160481123,0.060072815533980584,7,False,0.5675940472377651,False,False
咸阳秦都西咸数据中心1号楼D303电力电池机房|6#开关电源蓄电池组|第2组|第2组单体9电池电压|1-D303电池室放电电池数据表.xlsx|DC6|DC6,陕西省,咸阳,中国移动西咸数据中心,咸阳秦都西咸数据中心1号楼站点,咸阳秦都西咸数据中心1号楼D303电力电池机房,铅酸电池,6#开关电源蓄电池组,单体XX电压,第2组单体9电池电压,2025-07-10T02:30:22,1.5,V,1-D303电池室放电电池数据表.xlsx,DC6,1.5,第2组,DC6,7,1190.0,True,1.527,1.83,1.2454101634483166,0,False,False,False,0.6766008184592068,3.1023111264998815,7,-1.3286545107796008,-2.6874068877986286,-0.3470949115761214,-0.24047901862710136,1.0763127160481123,0.060072815533980584,7,False,-0.8696506806089921,False,False
咸阳秦都西咸数据中心1号楼J301电力电池机房|14#开关电源蓄电池组|第2组|第2组单体17电池电压|1-J301电池室放电电池数据表.xlsx|DC14|DC14,陕西省,咸阳,中国移动西咸数据中心,咸阳秦都西咸数据中心1号楼站点,咸阳秦都西咸数据中心1号楼J301电力电池机房,铅酸电池,14#开关电源蓄电池组,单体XX电压,第2组单体17电池电压,2025-07-08T03:20:07,2.299,V,1-J301电池室放电电池数据表.xlsx,DC14,2.299,第2组,DC14,7,349.0,True,2.139,2.558,0.042397575014194055,0,False,False,False,0.6762125214348519,2.0669489208875613,-7,-0.2998749568153263,1.6392469600001456,0.9472932491728538,-0.5525462559444327,1.0763127160481123,0.060072815533980584,7,False,0.3282518592635216,False,False
咸阳秦都西咸数据中心1号楼J301电力电池机房|10#开关电源蓄电池组|第1组|第1组单体19电池电压|1-J301电池室放电电池数据表.xlsx|DC10|DC10,陕西省,咸阳,中国移动西咸数据中心,咸阳秦都西咸数据中心1号楼站点,咸阳秦都西咸数据中心1号楼J301电力电池机房,铅酸电池,10#开关电源蓄电池组,单体XX电压,第1组单体19电池电压,2025-07-09T02:19:37,2.28,V,1-J301电池室放电电池数据表.xlsx,DC10,2.28,第1组,DC10,16,541.0,True,0.582,2.254,6.036408459865095,2,False,False,False,0.675888749669066,0.5535889204604455,7,6.642685890657207,-0.3455200240626315,-0.4196123869104822,0.5479928810079615,1.0763127160481123,0.060072815533980584,7,False,0.7866545845743712,False,False
咸阳秦都西咸数据中心1号楼D203电力电池机房|5#开关电源蓄电池组|第1组|第1组单体5电池电压|1-D203电池室放电电池数据表.xlsx|DC5|DC5,陕西省,咸阳,中国移动西咸数据中心,咸阳秦都西咸数据中心1号楼站点,咸阳秦都西咸数据中心1号楼D203电力电池机房,铅酸电池,5#开关电源蓄电池组,单体XX电压,第1组单体5电池电压,2025-07-11T01:41:48,2.237,V,1-D203电池室放电电池数据表.xlsx,DC5,2.237,第1组,DC5,11,9921.0,False,2.13,2.401,-1.1377483507264874,0,False,False,False,0.6732540121537081,1.8796813985309737,3,-1.6335058314057553,1.2525998074605824,-0.3063162895532615,-0.09176459624592903,1.0763127160481123,0.060072815533980584,7,False,-0.33685783193174684,False,False
咸阳秦都西咸数据中心1号楼J301电力电池机房|08#开关电源蓄电池组|第2组|第2组单体17电池电压|1-J301电池室放电电池数据表.xlsx|DC8|DC8,陕西省,咸阳,中国移动西咸数据中心,咸阳秦都西咸数据中心1号楼站点,咸阳秦都西咸数据中心1号楼J301电力电池机房,铅酸电池,08#开关电源蓄电池组,单体XX电压,第2组单体17电池电压,2025-07-09T02:14:04,1.429,V,1-J301电池室放电电池数据表.xlsx,DC8,1.429,第2组,DC8,14,579.0,True,0.64,2.279,5.735428637394132,2,False,False,False,0.6711958743188406,0.5054465595806243,7,6.596311539416944,-0.5290400530925896,-0.34587837760458484,1.0683370722634176,1.0763127160481123,0.060072815533980584,7,False,0.1447733530878795,False,False
咸阳秦都西咸数据中心1号楼D203电力电池机房|2#开关电源蓄电池组|第1组|第1组单体2电池电压|1-D203电池室放电电池数据表.xlsx|DC2|DC2,陕西省,咸阳,中国移动西咸数据中心,咸阳秦都西咸数据中心1号楼站点,咸阳秦都西咸数据中心1号楼D203电力电池机房,铅酸电池,2#开关电源蓄电池组,单体XX电压,第1组单体2电池电压,2025-07-11T00:25:38,2.035,V,1-D203电池室放电电池数据表.xlsx,DC2,2.035,第1组,DC2,11,2990.0,False,1.813,2.265,-1.1755978899989359,0,False,False,False,0.6711503652856272,2.589644896528306,2,1.4429659297904995,-0.001633458899823581,-1.0480476984110152,0.18660492784308838,1.0763127160481123,0.060072815533980584,7,False,0.8863581905897152,False,False
咸阳秦都西咸数据中心1号楼D203电力电池机房|2#开关电源蓄电池组|第1组|第1组单体5电池电压|1-D203电池室放电电池数据表.xlsx|DC2|DC2,陕西省,咸阳,中国移动西咸数据中心,咸阳秦都西咸数据中心1号楼站点,咸阳秦都西咸数据中心1号楼D203电力电池机房,铅酸电池,2#开关电源蓄电池组,单体XX电压,第1组单体5电池电压,2025-07-11T00:25:34,2.237,V,1-D203电池室放电电池数据表.xlsx,DC2,2.237,第1组,DC2,12,2788.0,False,2.043,2.442,0.15880035252146874,0,False,False,False,0.6681831739022066,0.7482182246281729,5,-0.38521017796311957,0.5295240081019869,0.015565603877668921,0.061886365537836746,1.0763127160481123,0.060072815533980584,7,False,0.7676045637732359,False,False
咸阳秦都西咸数据中心1号楼D203电力电池机房|6#开关电源蓄电池组|第2组|第2组单体12电池电压|1-D203电池室放电电池数据表.xlsx|DC6|DC6,陕西省,咸阳,中国移动西咸数据中心,咸阳秦都西咸数据中心1号楼站点,咸阳秦都西咸数据中心1号楼D203电力电池机房,铅酸电池,6#开关电源蓄电池组,单体XX电压,第2组单体12电池电压,2025-07-11T01:50:06,1.177,V,1-D203电池室放电电池数据表.xlsx,DC6,1.177,第2组,DC6,16,6525.0,True,1.236,2.202,4.046825598492762,3,False,False,False,0.6677246534905252,0.42884312682053777,5,1.2120993383193317,1.420529571927854,-0.24531407548576134,0.3591206450842477,1.0763127160481123,0.060072815533980584,7,False,,False,False
咸阳秦都西咸数据中心1号楼D303电力电池机房|6#开关电源蓄电池组|第2组|第2组单体5电池电压|1-D303电池室放电电池数据表.xlsx|DC6|DC6,陕西省,咸阳,中国移动西咸数据中心,咸阳秦都西咸数据中心1号楼站点,咸阳秦都西咸数据中心1号楼D303电力电池机房,铅酸电池,6#开关电源蓄电池组,单体XX电压,第2组单体5电池电压,2025-07-10T02:30:22,1.502,V,1-D303电池室放电电池数据表.xlsx,DC6,1.502,第2组,DC6,7,1198.0,True,1.525,1.833,1.2581467105539617,0,False,False,False,0.6650871922575026,3.0927879390000284,7,-1.2946360394980263,-2.6760970740293186,-0.3479853755789175,-0.24929642081509967,1.0763127160481123,0.060072815533980584,7,False,-0.8659922700374987,False,False
咸阳秦都西咸数据中心1号楼D303电力电池机房|2#开关电源蓄电池组|第1组|第1组单体5电池电压|1-D303电池室放电电池数据表.xlsx|DC2|DC2,陕西省,咸阳,中国移动西咸数据中心,咸阳秦都西咸数据中心1号楼站点,咸阳秦都西咸数据中心1号楼D303电力电池机房,铅酸电池,2#开关电源蓄电池组,单体XX电压,第1组单体5电池电压,2025-07-10T00:53:35,1.974,V,1-D303电池室放电电池数据表.xlsx,DC2,1.974,第1组,DC2,9,3296.0,False,1.967,2.352,-0.45121851259714696,0,False,False,False,0.6618909208295654,1.2981920777757223,-3,0.2003274263274385,0.05257944538474632,-0.8245471056509195,-0.33332098520192666,1.0763127160481123,0.060072815533980584,7,False,0.7719513753245156,False,False
咸阳秦都西咸数据中心2号楼J301电力电池机房|01#开关电源蓄电池组|第1组|第1组单体11电池电压|2-J301电池室放电电池数据表.xlsx|DC1|DC1,陕西省,咸阳,中国移动西咸数据中心,咸阳秦都西咸数据中心2号楼站点,咸阳秦都西咸数据中心2号楼J301电力电池机房,铅酸电池,01#开关电源蓄电池组,单体XX电压,第1组单体11电池电压,2025-07-11T03:12:59,1.122,V,2-J301电池室放电电池数据表.xlsx,DC1,1.122,第1组,DC1,18,1225.0,True,1.063,2.096,3.6873057849764868,0,False,False,False,0.6554903816872901,5.306617197787026,7,2.839405903550867,-0.7385297192078457,-0.1819646409639133,0.11823781104767314,1.0763127160481123,0.060072815533980584,7,False,0.7402580338641932,False,False
咸阳秦都西咸数据中心1号楼J301电力电池机房|03#开关电源蓄电池组|第1组|第1组单体16电池电压|1-J301电池室放电电池数据表.xlsx|DC3|DC3,陕西省,咸阳,中国移动西咸数据中心,咸阳秦都西咸数据中心1号楼站点,咸阳秦都西咸数据中心1号楼J301电力电池机房,铅酸电池,03#开关电源蓄电池组,单体XX电压,第1组单体16电池电压,2025-07-09T00:31:17,2.256,V,1-J301电池室放电电池数据表.xlsx,DC3,2.256,第1组,DC3,7,1843.0,True,1.653,2.256,0.7844326156964065,0,False,False,False,0.6463589238842878,2.281919721587707,7,1.2084090198363053,-0.265940321108601,0.45449808217098864,0.5762587125700027,1.0763127160481123,0.060072815533980584,7,False,0.8152234586664059,False,False
咸阳秦都西咸数据中心1号楼D203电力电池机房|6#开关电源蓄电池组|第2组|第2组单体10电池电压|1-D203电池室放电电池数据表.xlsx|DC6|DC6,陕西省,咸阳,中国移动西咸数据中心,咸阳秦都西咸数据中心1号楼站点,咸阳秦都西咸数据中心1号楼D203电力电池机房,铅酸电池,6#开关电源蓄电池组,单体XX电压,第2组单体10电池电压,2025-07-11T01:49:20,1.366,V,1-D203电池室放电电池数据表.xlsx,DC6,1.366,第2组,DC6,14,6525.0,True,1.31,2.251,3.8648571711645108,3,False,False,False,0.6416739004277745,0.4119559475697382,5,1.083411721934453,1.6478670377424374,-0.1628431053841699,0.3032803413402986,1.0763127160481123,0.060072815533980584,7,False,-0.36642058953573753,False,False
咸阳秦都西咸数据中心1号楼D201电力电池机房|1#开关电源蓄电池组|第1组|第1组单体14电池电压|1-D201电池室放电电池数据表.xlsx|DC1|DC1,陕西省,咸阳,中国移动西咸数据中心,咸阳秦都西咸数据中心1号楼站点,咸阳秦都西咸数据中心1号楼D201电力电池机房,铅酸电池,1#开关电源蓄电池组,单体XX电压,第1组单体14电池电压,2025-07-08T00:25:50,1.874,V,1-D201电池室放电电池数据表.xlsx,DC1,1.874,第1组,DC1,9,1882.0,False,1.825,2.265,-0.7880595390190337,0,False,False,False,0.6393501918047112,2.340390137878005,7,1.2672834905315564,-1.0868000616377318,0.3562836427164079,0.11802854965026663,1.0763127160481123,0.060072815533980584,7,False,0.8131487842774803,False,False
咸阳秦都西咸数据中心1号楼D201电力电池机房|4#开关电源蓄电池组|第1组|第1组单体14电池电压|1-D201电池室放电电池数据表.xlsx|DC4|DC4,陕西省,咸阳,中国移动西咸数据中心,咸阳秦都西咸数据中心1号楼站点,咸阳秦都西咸数据中心1号楼D201电力电池机房,铅酸电池,4#开关电源蓄电池组,单体XX电压,第1组单体14电池电压,2025-07-08T01:06:21,1.671,V,1-D201电池室放电电池数据表.xlsx,DC4,1.671,第1组,DC4,19,1220.0,True,1.075,2.202,3.735769266741616,0,False,False,False,0.6376491446437428,5.907205468918068,7,3.635764566932461,-0.6610851218239286,-0.1340789641540996,0.4578158345280904,1.0763127160481123,0.060072815533980584,7,False,0.8185626729724379,False,False
咸阳秦都西咸数据中心1号楼D203电力电池机房|5#开关电源蓄电池组|第2组|第2组单体23电池电压|1-D203电池室放电电池数据表.xlsx|DC5|DC5,陕西省,咸阳,中国移动西咸数据中心,咸阳秦都西咸数据中心1号楼站点,咸阳秦都西咸数据中心1号楼D203电力电池机房,铅酸电池,5#开关电源蓄电池组,单体XX电压,第2组单体23电池电压,2025-07-11T01:42:24,2.271,V,1-D203电池室放电电池数据表.xlsx,DC5,2.271,第2组,DC5,8,5912.0,True,1.209,2.172,4.112926449194051,3,False,False,False,0.6348245271589994,0.43233770244502256,7,1.2192562260404725,1.2367332379713682,0.38339195559214323,0.25209584252122663,1.0763127160481123,0.060072815533980584,7,False,0.7765674059181376,False,False
咸阳秦都西咸数据中心1号楼D201电力电池机房|4#开关电源蓄电池组|第1组|第1组单体11电池电压|1-D201电池室放电电池数据表.xlsx|DC4|DC4,陕西省,咸阳,中国移动西咸数据中心,咸阳秦都西咸数据中心1号楼站点,咸阳秦都西咸数据中心1号楼D201电力电池机房,铅酸电池,4#开关电源蓄电池组,单体XX电压,第1组单体11电池电压,2025-07-08T01:05:32,1.725,V,1-D201电池室放电电池数据表.xlsx,DC4,1.725,第1组,DC4,19,1220.0,True,1.046,2.201,3.7653886176345805,0,False,False,False,0.6348116721765739,6.198667631991323,7,3.9402448778736776,-0.9378419765428496,-0.2057810366986147,0.5719595043840344,1.0763127160481123,0.060072815533980584,7,False,0.8540701067164996,False,False
咸阳秦都西咸数据中心1号楼J301电力电池机房|06#开关电源蓄电池组|第1组|第1组单体15电池电压|1-J301电池室放电电池数据表.xlsx|DC6|DC6,陕西省,咸阳,中国移动西咸数据中心,咸阳秦都西咸数据中心1号楼站点,咸阳秦都西咸数据中心1号楼J301电力电池机房,铅酸电池,06#开关电源蓄电池组,单体XX电压,第1组单体15电池电压,2025-07-09T01:12:22,2.166,V,1-J301电池室放电电池数据表.xlsx,DC6,2.166,第1组,DC6,18,3980.0,True,1.975,2.466,-0.09154289127885079,0,False,False,False,0.6344746841728948,1.066458151457444,4,0.1750572784671951,0.3896149430243062,-0.3883148931851619,-0.11564115875124184,1.0763127160481123,0.060072815533980584,7,False,0.14607279485169644,False,False
咸阳秦都西咸数据中心1号楼D201电力电池机房|4#开关电源蓄电池组|第1组|第1组单体16电池电压|1-D201电池室放电电池数据表.xlsx|DC4|DC4,陕西省,咸阳,中国移动西咸数据中心,咸阳秦都西咸数据中心1号楼站点,咸阳秦都西咸数据中心1号楼D201电力电池机房,铅酸电池,4#开关电源蓄电池组,单体XX电压,第1组单体16电池电压,2025-07-08T01:02:48,1.85,V,1-D201电池室放电电池数据表.xlsx,DC4,1.85,第1组,DC4,16,1233.0,True,1.177,2.242,3.212880419643028,0,False,False,False,0.63115349188441,5.567850594017642,7,3.566905137846816,-0.8955476914060385,-0.09923109245553785,0.6407247602640291,1.0763127160481123,0.060072815533980584,7,False,0.889191971974399,False,False
咸阳秦都西咸数据中心1号楼J301电力电池机房|11#开关电源蓄电池组|第1组|第1组单体19电池电压|1-J301电池室放电电池数据表.xlsx|DC11|DC11,陕西省,咸阳,中国移动西咸数据中心,咸阳秦都西咸数据中心1号楼站点,咸阳秦都西咸数据中心1号楼J301电力电池机房,铅酸电池,11#开关电源蓄电池组,单体XX电压,第1组单体19电池电压,2025-07-08T02:19:59,2.078,V,1-J301电池室放电电池数据表.xlsx,DC11,2.078,第1组,DC11,13,1247.0,True,1.466,2.177,1.9504101869705734,0,False,False,False,0.6271724205610024,3.0691762803802445,7,1.3703693779715385,-0.7550471452181621,0.06460188119704563,-0.0039773268451725186,1.0763127160481123,0.060072815533980584,7,False,0.8350543117639619,False,False
咸阳秦都西咸数据中心1号楼D203电力电池机房|2#开关电源蓄电池组|第1组|第1组单体19电池电压|1-D203电池室放电电池数据表.xlsx|DC2|DC2,陕西省,咸阳,中国移动西咸数据中心,咸阳秦都西咸数据中心1号楼站点,咸阳秦都西咸数据中心1号楼D203电力电池机房,铅酸电池,2#开关电源蓄电池组,单体XX电压,第1组单体19电池电压,2025-07-11T00:25:34,2.231,V,1-D203电池室放电电池数据表.xlsx,DC2,2.231,第1组,DC2,12,1143.0,True,1.476,2.231,2.193873312952105,0,False,False,False,0.6247954171846117,3.3708968476685977,7,1.4837418293413231,-0.7079822661879454,0.14671233737417816,0.6408964590207631,1.0763127160481123,0.060072815533980584,7,False,0.6775788711157139,False,False
咸阳秦都西咸数据中心1号楼J301电力电池机房|11#开关电源蓄电池组|第2组|第2组单体4电池电压|1-J301电池室放电电池数据表.xlsx|DC11|DC11,陕西省,咸阳,中国移动西咸数据中心,咸阳秦都西咸数据中心1号楼站点,咸阳秦都西咸数据中心1号楼J301电力电池机房,铅酸电池,11#开关电源蓄电池组,单体XX电压,第2组单体4电池电压,2025-07-08T02:31:11,2.067,V,1-J301电池室放电电池数据表.xlsx,DC11,2.067,第2组,DC11,11,1718.0,False,2.014,2.338,-1.2045375956842723,0,False,False,False,0.6220345178344537,1.3875694260400988,4,0.10455525608546468,-0.25876967266415274,-0.4258399434396535,-0.14463308551255372,1.0763127160481123,0.060072815533980584,7,False,0.7953771316308382,False,False
咸阳秦都西咸数据中心1号楼J301电力电池机房|14#开关电源蓄电池组|第1组|第1组单体2电池电压|1-J301电池室放电电池数据表.xlsx|DC14|DC14,陕西省,咸阳,中国移动西咸数据中心,咸阳秦都西咸数据中心1号楼站点,咸阳秦都西咸数据中心1号楼J301电力电池机房,铅酸电池,14#开关电源蓄电池组,单体XX电压,第1组单体2电池电压,2025-07-08T03:24:20,2.454,V,1-J301电池室放电电池数据表.xlsx,DC14,2.454,第1组,DC14,7,550.0,True,2.074,2.484,-0.039393790242533866,0,False,False,False,0.6206491481346141,1.414948924570444,-7,-0.1278749011929058,0.9232248668152763,0.8058473199113353,-0.22124193985219026,1.0763127160481123,0.060072815533980584,7,False,0.3990773960545622,False,False
咸阳秦都西咸数据中心1号楼D203电力电池机房|6#开关电源蓄电池组|第2组|第2组单体15电池电压|1-D203电池室放电电池数据表.xlsx|DC6|DC6,陕西省,咸阳,中国移动西咸数据中心,咸阳秦都西咸数据中心1号楼站点,咸阳秦都西咸数据中心1号楼D203电力电池机房,铅酸电池,6#开关电源蓄电池组,单体XX电压,第2组单体15电池电压,2025-07-11T00:00:53,2.196,V,1-D203电池室放电电池数据表.xlsx,DC6,2.196,第2组,DC6,25,6674.0,True,1.975,2.955,3.972471665956858,3,False,False,False,0.6192640522076787,0.3914444219612579,7,1.1419086808666992,1.5403912684575327,0.48067263480044337,0.1982109132894305,1.0763127160481123,0.060072815533980584,7,False,0.37009428280467976,False,False
咸阳秦都西咸数据中心1号楼J301电力电池机房|04#开关电源蓄电池组|第1组|第1组单体16电池电压|1-J301电池室放电电池数据表.xlsx|DC4|DC4,陕西省,咸阳,中国移动西咸数据中心,咸阳秦都西咸数据中心1号楼站点,咸阳秦都西咸数据中心1号楼J301电力电池机房,铅酸电池,04#开关电源蓄电池组,单体XX电压,第1组单体16电池电压,2025-07-09T00:48:57,2.052,V,1-J301电池室放电电池数据表.xlsx,DC4,2.052,第1组,DC4,10,8229.0,False,1.912,2.339,-0.4587160053092262,0,False,False,False,0.6165464575318866,1.4839700522064398,4,-1.8945121671351097,0.6263841794293816,-0.2679330476183974,-0.44186608120707593,1.0763127160481123,0.060072815533980584,7,False,0.6754103404516053,False,False
咸阳秦都西咸数据中心1号楼D301电力电池机房|2#开关电源蓄电池组|第2组|第2组单体13电池电压|1-D301电池室放电电池数据表.xlsx|DC2|DC2,陕西省,咸阳,中国移动西咸数据中心,咸阳秦都西咸数据中心1号楼站点,咸阳秦都西咸数据中心1号楼D301电力电池机房,铅酸电池,2#开关电源蓄电池组,单体XX电压,第2组单体13电池电压,2025-07-08T01:55:27,2.401,V,1-D301电池室放电电池数据表.xlsx,DC2,2.401,第2组,DC2,8,1345.0,False,2.118,2.487,0.3406136960464587,0,False,False,False,0.6159410923522947,1.2027056784141659,3,-1.3314250123853921,0.4853246147395006,-0.6810656266735826,0.1844015235918778,1.0763127160481123,0.060072815533980584,7,False,0.7809520503872124,False,False
咸阳秦都西咸数据中心1号楼D201电力电池机房|4#开关电源蓄电池组|第1组|第1组单体20电池电压|1-D201电池室放电电池数据表.xlsx|DC4|DC4,陕西省,咸阳,中国移动西咸数据中心,咸阳秦都西咸数据中心1号楼站点,咸阳秦都西咸数据中心1号楼D201电力电池机房,铅酸电池,4#开关电源蓄电池组,单体XX电压,第1组单体20电池电压,2025-07-08T01:09:54,2.199,V,1-D201电池室放电电池数据表.xlsx,DC4,2.199,第1组,DC4,11,1233.0,True,1.543,2.182,1.7237635476178412,0,False,False,False,0.6145293575375899,2.758018490215401,7,0.9273618552087701,-1.0732124463698827,0.09042545442999661,0.4457723905963902,1.0763127160481123,0.060072815533980584,7,False,0.9292983714894394,True,False
咸阳秦都西咸数据中心1号楼D201电力电池机房|4#开关电源蓄电池组|第1组|第1组单体6电池电压|1-D201电池室放电电池数据表.xlsx|DC4|DC4,陕西省,咸阳,中国移动西咸数据中心,咸阳秦都西咸数据中心1号楼站点,咸阳秦都西咸数据中心1号楼D201电力电池机房,铅酸电池,4#开关电源蓄电池组,单体XX电压,第1组单体6电池电压,2025-07-08T01:04:17,2.111,V,1-D201电池室放电电池数据表.xlsx,DC4,2.111,第1组,DC4,18,1362.0,False,2.06,2.583,0.25535660019438383,0,False,False,False,0.613473366874137,1.8153643711101144,7,0.9170882670481761,0.11005837388705461,0.4722799940581329,-0.449831449412741,1.0763127160481123,0.060072815533980584,7,False,0.5896720671701194,False,False
咸阳秦都西咸数据中心1号楼J301电力电池机房|04#开关电源蓄电池组|第2组|第2组单体6电池电压|1-J301电池室放电电池数据表.xlsx|DC4|DC4,陕西省,咸阳,中国移动西咸数据中心,咸阳秦都西咸数据中心1号楼站点,咸阳秦都西咸数据中心1号楼J301电力电池机房,铅酸电池,04#开关电源蓄电池组,单体XX电压,第2组单体6电池电压,2025-07-09T00:48:53,1.772,V,1-J301电池室放电电池数据表.xlsx,DC4,1.772,第2组,DC4,10,5730.0,False,1.686,2.218,1.7342497319991108,0,False,False,False,0.6123803337467199,2.1088334822166575,-7,-0.5776457055347943,0.5901462736986708,0.4834287804453022,-0.26426813453363523,1.0763127160481123,0.060072815533980584,7,False,0.6428807498893209,False,False
咸阳秦都西咸数据中心1号楼J301电力电池机房|04#开关电源蓄电池组|第1组|第1组单体10电池电压|1-J301电池室放电电池数据表.xlsx|DC4|DC4,陕西省,咸阳,中国移动西咸数据中心,咸阳秦都西咸数据中心1号楼站点,咸阳秦都西咸数据中心1号楼J301电力电池机房,铅酸电池,04#开关电源蓄电池组,单体XX电压,第1组单体10电池电压,2025-07-09T00:47:28,2.276,V,1-J301电池室放电电池数据表.xlsx,DC4,2.276,第1组,DC4,7,10316.0,False,1.841,2.279,-0.5726171189931152,0,False,False,False,0.6084798622884792,1.8599933432432618,5,-2.465000007368577,0.38173973763100544,0.09126139209278916,-0.17276738667096087,1.0763127160481123,0.060072815533980584,7,False,0.7755411302172099,False,False
咸阳秦都西咸数据中心1号楼D203电力电池机房|6#开关电源蓄电池组|第1组|第1组单体12电池电压|1-D203电池室放电电池数据表.xlsx|DC6|DC6,陕西省,咸阳,中国移动西咸数据中心,咸阳秦都西咸数据中心1号楼站点,咸阳秦都西咸数据中心1号楼D203电力电池机房,铅酸电池,6#开关电源蓄电池组,单体XX电压,第1组单体12电池电压,2025-07-11T01:51:37,1.674,V,1-D203电池室放电电池数据表.xlsx,DC6,1.674,第1组,DC6,7,590.0,True,1.626,1.932,1.0248397481188014,0,False,False,False,0.6060798822280811,2.584453793350446,7,-1.2436842256405936,-2.2534472673982893,-0.15944301179636544,0.0009368214256879337,1.0763127160481123,0.060072815533980584,7,False,0.42832658649313904,False,False
咸阳秦都西咸数据中心1号楼J301电力电池机房|08#开关电源蓄电池组|第1组|第1组单体4电池电压|1-J301电池室放电电池数据表.xlsx|DC8|DC8,陕西省,咸阳,中国移动西咸数据中心,咸阳秦都西咸数据中心1号楼站点,咸阳秦都西咸数据中心1号楼J301电力电池机房,铅酸电池,08#开关电源蓄电池组,单体XX电压,第1组单体4电池电压,2025-07-09T01:51:11,1.909,V,1-J301电池室放电电池数据表.xlsx,DC8,1.909,第1组,DC8,12,9862.0,False,1.829,2.35,-1.518115487744165,0,False,False,False,0.6038769189564784,3.370255671720677,-6,2.2896458427705966,0.49841317121901585,0.5328855092089995,0.22319589788121588,1.0763127160481123,0.060072815533980584,7,False,0.032653586764020005,False,False
咸阳秦都西咸数据中心1号楼D201电力电池机房|4#开关电源蓄电池组|第1组|第1组单体5电池电压|1-D201电池室放电电池数据表.xlsx|DC4|DC4,陕西省,咸阳,中国移动西咸数据中心,咸阳秦都西咸数据中心1号楼站点,咸阳秦都西咸数据中心1号楼D201电力电池机房,铅酸电池,4#开关电源蓄电池组,单体XX电压,第1组单体5电池电压,2025-07-08T00:48:23,2.001,V,1-D201电池室放电电池数据表.xlsx,DC4,2.001,第1组,DC4,11,1233.0,True,1.542,2.19,1.8471512282355218,0,False,False,False,0.6032123328363779,2.8567710633185825,7,0.9335175846847696,-1.1431896032737372,0.03375606848478507,0.3187998990487563,1.0763127160481123,0.060072815533980584,7,False,0.9565045845816994,True,False
咸阳秦都西咸数据中心2号楼J301电力电池机房|01#开关电源蓄电池组|第1组|第1组单体15电池电压|2-J301电池室放电电池数据表.xlsx|DC1|DC1,陕西省,咸阳,中国移动西咸数据中心,咸阳秦都西咸数据中心2号楼站点,咸阳秦都西咸数据中心2号楼J301电力电池机房,铅酸电池,01#开关电源蓄电池组,单体XX电压,第1组单体15电池电压,2025-07-11T03:14:29,2.217,V,2-J301电池室放电电池数据表.xlsx,DC1,2.217,第1组,DC1,15,1235.0,True,1.381,2.197,2.5862932965831966,0,False,False,False,0.6010980665507585,3.729778297215417,7,1.7165442353629234,-0.5651256556826498,0.05714032913985789,0.20035928143392887,1.0763127160481123,0.060072815533980584,7,False,0.9020050277855747,False,False
咸阳秦都西咸数据中心1号楼D201电力电池机房|4#开关电源蓄电池组|第1组|第1组单体19电池电压|1-D201电池室放电电池数据表.xlsx|DC4|DC4,陕西省,咸阳,中国移动西咸数据中心,咸阳秦都西咸数据中心1号楼站点,咸阳秦都西咸数据中心1号楼D201电力电池机房,铅酸电池,4#开关电源蓄电池组,单体XX电压,第1组单体19电池电压,2025-07-08T01:08:13,2.442,V,1-D201电池室放电电池数据表.xlsx,DC4,2.442,第1组,DC4,18,1304.0,False,1.999,2.549,0.26002752950660174,0,False,False,False,0.5983929281573666,1.9379405033761095,7,1.1159040429688216,-0.19423916708247352,0.45010947255679,-0.02032495857728757,1.0763127160481123,0.060072815533980584,7,False,0.862842148086804,False,False
咸阳秦都西咸数据中心1号楼J301电力电池机房|04#开关电源蓄电池组|第2组|第2组单体18电池电压|1-J301电池室放电电池数据表.xlsx|DC4|DC4,陕西省,咸阳,中国移动西咸数据中心,咸阳秦都西咸数据中心1号楼站点,咸阳秦都西咸数据中心1号楼J301电力电池机房,铅酸电池,04#开关电源蓄电池组,单体XX电压,第2组单体18电池电压,2025-07-09T00:57:50,2.231,V,1-J301电池室放电电池数据表.xlsx,DC4,2.231,第2组,DC4,13,7977.0,False,1.75,2.282,1.206565100544819,0,False,False,False,0.5980858406135228,1.5445525539566365,-6,-0.9042155699723413,0.389266667874523,0.12782066888846694,-0.41824118060586823,1.0763127160481123,0.060072815533980584,7,False,0.8585370955882556,False,False
咸阳秦都西咸数据中心1号楼J301电力电池机房|11#开关电源蓄电池组|第1组|第1组单体21电池电压|1-J301电池室放电电池数据表.xlsx|DC11|DC11,陕西省,咸阳,中国移动西咸数据中心,咸阳秦都西咸数据中心1号楼站点,咸阳秦都西咸数据中心1号楼J301电力电池机房,铅酸电池,11#开关电源蓄电池组,单体XX电压,第1组单体21电池电压,2025-07-08T02:41:04,1.672,V,1-J301电池室放电电池数据表.xlsx,DC11,1.672,第1组,DC11,9,1317.0,True,1.676,2.128,1.5007421314190046,0,False,False,False,0.5944075665889895,1.8572849226315842,7,-0.6731156200092883,-0.7597793714801798,0.148921071905101,-0.19690220296804925,1.0763127160481123,0.060072815533980584,7,False,0.8681856809156583,False,False
咸阳秦都西咸数据中心1号楼J301电力电池机房|10#开关电源蓄电池组|第2组|第2组单体9电池电压|1-J301电池室放电电池数据表.xlsx|DC10|DC10,陕西省,咸阳,中国移动西咸数据中心,咸阳秦都西咸数据中心1号楼站点,咸阳秦都西咸数据中心1号楼J301电力电池机房,铅酸电池,10#开关电源蓄电池组,单体XX电压,第2组单体9电池电压,2025-07-09T02:35:19,1.309,V,1-J301电池室放电电池数据表.xlsx,DC10,1.309,第2组,DC10,9,619.0,True,1.309,2.252,3.9032677068470774,3,False,False,False,0.5943342704767977,0.4077357361661001,7,1.1907260956805363,1.383424599171232,0.4356993248217619,0.1444701517511183,1.0763127160481123,0.060072815533980584,7,False,-0.8741836845386487,False,False
咸阳秦都西咸数据中心1号楼D203电力电池机房|2#开关电源蓄电池组|第1组|第1组单体8电池电压|1-D203电池室放电电池数据表.xlsx|DC2|DC2,陕西省,咸阳,中国移动西咸数据中心,咸阳秦都西咸数据中心1号楼站点,咸阳秦都西咸数据中心1号楼D203电力电池机房,铅酸电池,2#开关电源蓄电池组,单体XX电压,第1组单体8电池电压,2025-07-11T00:25:34,2.239,V,1-D203电池室放电电池数据表.xlsx,DC2,2.239,第1组,DC2,15,1152.0,True,1.251,2.239,3.1931686069807843,0,False,False,False,0.5878298221703883,5.003282396542628,7,2.8126289528610897,-0.8180646306991186,-0.03317956255855348,0.7675943656601216,1.0763127160481123,0.060072815533980584,7,False,0.6770148568739988,False,False
咸阳秦都西咸数据中心1号楼D203电力电池机房|5#开关电源蓄电池组|第2组|第2组单体14电池电压|1-D203电池室放电电池数据表.xlsx|DC5|DC5,陕西省,咸阳,中国移动西咸数据中心,咸阳秦都西咸数据中心1号楼站点,咸阳秦都西咸数据中心1号楼D203电力电池机房,铅酸电池,5#开关电源蓄电池组,单体XX电压,第2组单体14电池电压,2025-07-11T01:38:56,2.156,V,1-D203电池室放电电池数据表.xlsx,DC5,2.156,第2组,DC5,16,3708.0,True,2.156,2.492,-0.1451257714941338,0,False,False,False,0.584656911251525,1.7280855365899417,7,-0.887076136603818,1.2758278897606936,0.8688582660551505,-0.6620026736205396,1.0763127160481123,0.060072815533980584,7,False,0.7692604276769496,False,False
咸阳秦都西咸数据中心1号楼J301电力电池机房|06#开关电源蓄电池组|第1组|第1组单体3电池电压|1-J301电池室放电电池数据表.xlsx|DC6|DC6,陕西省,咸阳,中国移动西咸数据中心,咸阳秦都西咸数据中心1号楼站点,咸阳秦都西咸数据中心1号楼J301电力电池机房,铅酸电池,06#开关电源蓄电池组,单体XX电压,第1组单体3电池电压,2025-07-09T01:15:57,1.801,V,1-J301电池室放电电池数据表.xlsx,DC6,1.801,第1组,DC6,6,271.0,True,1.698,1.964,0.903301265644638,0,False,False,False,0.5826228746608948,2.199390826887738,7,-1.6359990870975991,-1.663877555785665,-0.027522489924081905,-0.37430034952971303,1.0763127160481123,0.060072815533980584,7,False,-0.5857207582234797,False,False
咸阳秦都西咸数据中心1号楼D203电力电池机房|2#开关电源蓄电池组|第1组|第1组单体20电池电压|1-D203电池室放电电池数据表.xlsx|DC2|DC2,陕西省,咸阳,中国移动西咸数据中心,咸阳秦都西咸数据中心1号楼站点,咸阳秦都西咸数据中心1号楼D203电力电池机房,铅酸电池,2#开关电源蓄电池组,单体XX电压,第1组单体20电池电压,2025-07-11T00:25:51,1.999,V,1-D203电池室放电电池数据表.xlsx,DC2,1.999,第1组,DC2,13,2788.0,False,1.999,2.414,-0.4993899638075638,0,False,False,False,0.5795888936782446,1.2729942941822154,4,0.38907626482738245,0.4362891808556214,-0.3134505753892859,-0.030128824610997584,1.0763127160481123,0.060072815533980584,7,False,0.810873123639324,False,False
咸阳秦都西咸数据中心1号楼J301电力电池机房|08#开关电源蓄电池组|第2组|第2组单体3电池电压|1-J301电池室放电电池数据表.xlsx|DC8|DC8,陕西省,咸阳,中国移动西咸数据中心,咸阳秦都西咸数据中心1号楼站点,咸阳秦都西咸数据中心1号楼J301电力电池机房,铅酸电池,08#开关电源蓄电池组,单体XX电压,第2组单体3电池电压,2025-07-09T02:01:31,1.684,V,1-J301电池室放电电池数据表.xlsx,DC8,1.684,第2组,DC8,9,610.0,True,1.684,2.317,1.3141494039029389,0,False,False,False,0.5775247678128433,2.7874431863823235,7,1.2465907959325537,-1.1583198647851396,0.1453208971221011,0.65339588127941,1.0763127160481123,0.060072815533980584,7,False,0.1740938267027675,False,False
咸阳秦都西咸数据中心2号楼J301电力电池机房|01#开关电源蓄电池组|第2组|第2组单体14电池电压|2-J301电池室放电电池数据表.xlsx|DC1|DC1,陕西省,咸阳,中国移动西咸数据中心,咸阳秦都西咸数据中心2号楼站点,咸阳秦都西咸数据中心2号楼J301电力电池机房,铅酸电池,01#开关电源蓄电池组,单体XX电压,第2组单体14电池电压,2025-07-11T03:00:03,2.051,V,2-J301电池室放电电池数据表.xlsx,DC1,2.051,第2组,DC1,8,1414.0,False,2.038,2.496,-0.6822818216401454,0,False,False,False,0.5766636773009773,2.513114003995535,0,0.9891688355193391,0.10532388625718883,-1.7809190296623156,0.1628688524681898,1.0763127160481123,0.060072815533980584,7,False,0.3579112812308931,False,False
咸阳秦都西咸数据中心1号楼D201电力电池机房|4#开关电源蓄电池组|第1组|第1组单体9电池电压|1-D201电池室放电电池数据表.xlsx|DC4|DC4,陕西省,咸阳,中国移动西咸数据中心,咸阳秦都西咸数据中心1号楼站点,咸阳秦都西咸数据中心1号楼D201电力电池机房,铅酸电池,4#开关电源蓄电池组,单体XX电压,第1组单体9电池电压,2025-07-08T01:05:24,1.768,V,1-D201电池室放电电池数据表.xlsx,DC4,1.768,第1组,DC4,18,1233.0,True,1.161,2.183,3.2932341834158176,0,False,False,False,0.5749032939226557,5.312712391389377,7,3.14598064794348,-1.0489444600281492,-0.17353302045928787,0.44018595834918917,1.0763127160481123,0.060072815533980584,7,False,0.8793301769423407,False,False
咸阳秦都西咸数据中心1号楼J301电力电池机房|14#开关电源蓄电池组|第1组|第1组单体4电池电压|1-J301电池室放电电池数据表.xlsx|DC14|DC14,陕西省,咸阳,中国移动西咸数据中心,咸阳秦都西咸数据中心1号楼站点,咸阳秦都西咸数据中心1号楼J301电力电池机房,铅酸电池,14#开关电源蓄电池组,单体XX电压,第1组单体4电池电压,2025-07-08T03:28:33,2.067,V,1-J301电池室放电电池数据表.xlsx,DC14,2.067,第1组,DC14,9,1500.0,False,2.067,2.559,-0.1803389019719227,0,False,False,False,0.5733698459325578,1.80626821461937,-7,0.9632150362659395,0.22951261110109286,0.6137583741878473,-0.1306540980394763,1.0763127160481123,0.060072815533980584,7,False,0.8814193914807432,False,False
咸阳秦都西咸数据中心1号楼D303电力电池机房|6#开关电源蓄电池组|第2组|第2组单体11电池电压|1-D303电池室放电电池数据表.xlsx|DC6|DC6,陕西省,咸阳,中国移动西咸数据中心,咸阳秦都西咸数据中心1号楼站点,咸阳秦都西咸数据中心1号楼D303电力电池机房,铅酸电池,6#开关电源蓄电池组,单体XX电压,第2组单体11电池电压,2025-07-10T02:30:26,1.802,V,1-D303电池室放电电池数据表.xlsx,DC6,1.802,第2组,DC6,9,8855.0,True,1.582,2.193,1.024377990350699,0,False,False,False,0.572062182394265,2.175518925434152,7,0.952627866494919,0.2203303583577995,0.5342246414139299,0.3769465880691143,1.0763127160481123,0.060072815533980584,7,False,-0.061140245845292,False,False
咸阳秦都西咸数据中心1号楼J301电力电池机房|06#开关电源蓄电池组|第1组|第1组单体22电池电压|1-J301电池室放电电池数据表.xlsx|DC6|DC6,陕西省,咸阳,中国移动西咸数据中心,咸阳秦都西咸数据中心1号楼站点,咸阳秦都西咸数据中心1号楼J301电力电池机房,铅酸电池,06#开关电源蓄电池组,单体XX电压,第1组单体22电池电压,2025-07-09T00:14:34,2.294,V,1-J301电池室放电电池数据表.xlsx,DC6,2.294,第1组,DC6,7,479.0,True,1.607,1.938,1.176121734057984,0,False,False,False,0.5694919025431733,2.67485030640152,7,-1.099647074877052,-2.262703606557311,-0.2462819358544105,-0.3712631846600768,1.0763127160481123,0.060072815533980584,7,False,-0.6047716847641706,False,False
咸阳秦都西咸数据中心1号楼D203电力电池机房|2#开关电源蓄电池组|第2组|第2组单体2电池电压|1-D203电池室放电电池数据表.xlsx|DC2|DC2,陕西省,咸阳,中国移动西咸数据中心,咸阳秦都西咸数据中心1号楼站点,咸阳秦都西咸数据中心1号楼D203电力电池机房,铅酸电池,2#开关电源蓄电池组,单体XX电压,第2组单体2电池电压,2025-07-11T00:25:51,1.983,V,1-D203电池室放电电池数据表.xlsx,DC2,1.983,第2组,DC2,12,2959.0,False,1.824,2.285,-1.2455412496600953,0,False,False,False,0.567603393283384,2.795913138354681,1,1.495067091985639,0.20752518338276296,-1.324779913626259,0.24868796144689734,1.0763127160481123,0.060072815533980584,7,False,0.9711619424231871,True,False
咸阳秦都西咸数据中心1号楼D203电力电池机房|2#开关电源蓄电池组|第2组|第2组单体20电池电压|1-D203电池室放电电池数据表.xlsx|DC2|DC2,陕西省,咸阳,中国移动西咸数据中心,咸阳秦都西咸数据中心1号楼站点,咸阳秦都西咸数据中心1号楼D203电力电池机房,铅酸电池,2#开关电源蓄电池组,单体XX电压,第2组单体20电池电压,2025-07-11T00:25:34,2.198,V,1-D203电池室放电电池数据表.xlsx,DC2,2.198,第2组,DC2,12,2788.0,False,1.987,2.367,-0.07591345052386328,0,False,False,False,0.5669738045567841,0.5288083627331944,5,-0.24464329081591274,0.16677207357083654,-0.07705720999686094,-0.04870843605453272,1.0763127160481123,0.060072815533980584,7,False,0.8693250342913018,False,False
咸阳秦都西咸数据中心1号楼D203电力电池机房|1#开关电源蓄电池组|第1组|第1组单体9电池电压|1-D203电池室放电电池数据表.xlsx|DC1|DC1,陕西省,咸阳,中国移动西咸数据中心,咸阳秦都西咸数据中心1号楼站点,咸阳秦都西咸数据中心1号楼D203电力电池机房,铅酸电池,1#开关电源蓄电池组,单体XX电压,第1组单体9电池电压,2025-07-11T00:03:08,2.056,V,1-D203电池室放电电池数据表.xlsx,DC1,2.056,第1组,DC1,8,1469.0,False,2.056,2.381,-0.1624467080393402,0,False,False,False,0.5662017821140113,1.4596410286632082,-2,-0.657324681743248,0.19618826155619426,-1.2208784169842282,-0.7615973371243641,1.0763127160481123,0.060072815533980584,7,False,0.8497835998163116,False,False
咸阳秦都西咸数据中心2号楼J301电力电池机房|01#开关电源蓄电池组|第1组|第1组单体17电池电压|2-J301电池室放电电池数据表.xlsx|DC1|DC1,陕西省,咸阳,中国移动西咸数据中心,咸阳秦都西咸数据中心2号楼站点,咸阳秦都西咸数据中心2号楼J301电力电池机房,铅酸电池,01#开关电源蓄电池组,单体XX电压,第1组单体17电池电压,2025-07-11T03:11:44,1.702,V,2-J301电池室放电电池数据表.xlsx,DC1,1.702,第1组,DC1,15,1235.0,True,1.505,2.249,2.047232150184505,0,False,False,False,0.5637052542173638,3.259889396357714,7,1.5444475060936729,-0.6948670563493972,0.11691943339685396,0.3244919480603533,1.0763127160481123,0.060072815533980584,7,False,0.9651591150401995,True,False
咸阳秦都西咸数据中心1号楼J301电力电池机房|08#开关电源蓄电池组|第1组|第1组单体16电池电压|1-J301电池室放电电池数据表.xlsx|DC8|DC8,陕西省,咸阳,中国移动西咸数据中心,咸阳秦都西咸数据中心1号楼站点,咸阳秦都西咸数据中心1号楼J301电力电池机房,铅酸电池,08#开关电源蓄电池组,单体XX电压,第1组单体16电池电压,2025-07-09T02:14:54,2.239,V,1-J301电池室放电电池数据表.xlsx,DC8,2.239,第1组,DC8,11,9862.0,False,1.834,2.281,-1.6865312215792405,0,False,False,False,0.5627178434951241,3.096545211386125,-1,1.6045788360037918,0.6607413509560331,-1.0849723104105142,0.6031840062950119,1.0763127160481123,0.060072815533980584,7,False,0.10906552515868155,False,False
咸阳秦都西咸数据中心1号楼D203电力电池机房|5#开关电源蓄电池组|第2组|第2组单体10电池电压|1-D203电池室放电电池数据表.xlsx|DC5|DC5,陕西省,咸阳,中国移动西咸数据中心,咸阳秦都西咸数据中心1号楼站点,咸阳秦都西咸数据中心1号楼D203电力电池机房,铅酸电池,5#开关电源蓄电池组,单体XX电压,第2组单体10电池电压,2025-07-11T00:00:53,2.39,V,1-D203电池室放电电池数据表.xlsx,DC5,2.39,第2组,DC5,11,3889.0,True,1.995,2.364,0.00516300400073072,0,False,False,False,0.5610657485653834,1.5006634619976813,7,-0.614360985059751,1.1185972149781942,0.8478673051698804,-0.34858400406222745,1.0763127160481123,0.060072815533980584,7,False,0.5708985771297332,False,False
咸阳秦都西咸数据中心1号楼J301电力电池机房|11#开关电源蓄电池组|第2组|第2组单体6电池电压|1-J301电池室放电电池数据表.xlsx|DC11|DC11,陕西省,咸阳,中国移动西咸数据中心,咸阳秦都西咸数据中心1号楼站点,咸阳秦都西咸数据中心1号楼J301电力电池机房,铅酸电池,11#开关电源蓄电池组,单体XX电压,第2组单体6电池电压,2025-07-08T02:20:25,2.04,V,1-J301电池室放电电池数据表.xlsx,DC11,2.04,第2组,DC11,11,1308.0,False,2.04,2.416,-1.3204608990549898,0,False,False,False,0.5607766695699961,2.084854272823635,0,-0.5109445534948819,0.00815748756254886,-1.736990827318961,-0.17920734073196748,1.0763127160481123,0.060072815533980584,7,False,0.16259839301740292,False,False
咸阳秦都西咸数据中心1号楼D301电力电池机房|4#开关电源蓄电池组|第1组|第1组单体18电池电压|1-D301电池室放电电池数据表.xlsx|DC4|DC4,陕西省,咸阳,中国移动西咸数据中心,咸阳秦都西咸数据中心1号楼站点,咸阳秦都西咸数据中心1号楼D301电力电池机房,铅酸电池,4#开关电源蓄电池组,单体XX电压,第1组单体18电池电压,2025-07-08T02:15:58,2.017,V,1-D301电池室放电电池数据表.xlsx,DC4,2.017,第1组,DC4,10,1424.0,False,2.006,2.342,-0.6904601441082296,0,False,False,False,0.5564284658190415,1.1376499108522253,5,0.10681669345778477,-0.6241883770337613,-0.2017151903152844,0.11192672003861115,1.0763127160481123,0.060072815533980584,7,False,0.8622594099786698,False,False
咸阳秦都西咸数据中心1号楼D203电力电池机房|6#开关电源蓄电池组|第2组|第2组单体5电池电压|1-D203电池室放电电池数据表.xlsx|DC6|DC6,陕西省,咸阳,中国移动西咸数据中心,咸阳秦都西咸数据中心1号楼站点,咸阳秦都西咸数据中心1号楼D203电力电池机房,铅酸电池,6#开关电源蓄电池组,单体XX电压,第2组单体5电池电压,2025-07-11T01:40:55,2.347,V,1-D203电池室放电电池数据表.xlsx,DC6,2.347,第2组,DC6,11,704.0,True,1.898,2.265,0.28543672622434807,0,False,False,False,0.5553214448773732,1.1730853620885389,-7,-0.30365035195624,-0.9393806692581579,0.22315291090467604,-0.35590802614505934,1.0763127160481123,0.060072815533980584,7,False,0.49415272545422345,False,False
咸阳秦都西咸数据中心2号楼J301电力电池机房|01#开关电源蓄电池组|第1组|第1组单体21电池电压|2-J301电池室放电电池数据表.xlsx|DC1|DC1,陕西省,咸阳,中国移动西咸数据中心,咸阳秦都西咸数据中心2号楼站点,咸阳秦都西咸数据中心2号楼J301电力电池机房,铅酸电池,01#开关电源蓄电池组,单体XX电压,第1组单体21电池电压,2025-07-11T03:12:21,1.814,V,2-J301电池室放电电池数据表.xlsx,DC1,1.814,第1组,DC1,8,1243.0,True,1.761,2.231,0.9827934735912618,0,False,False,False,0.554145674575282,1.660372673143715,7,-0.034370070402996444,-0.9260592791636564,0.23330887922895654,0.3008868778472168,1.0763127160481123,0.060072815533980584,7,False,0.9829270616511447,True,False
咸阳秦都西咸数据中心1号楼J301电力电池机房|02#开关电源蓄电池组|第2组|第2组单体20电池电压|1-J301电池室放电电池数据表.xlsx|DC2|DC2,陕西省,咸阳,中国移动西咸数据中心,咸阳秦都西咸数据中心1号楼站点,咸阳秦都西咸数据中心1号楼J301电力电池机房,铅酸电池,02#开关电源蓄电池组,单体XX电压,第2组单体20电池电压,2025-07-09T02:02:51,2.183,V,1-J301电池室放电电池数据表.xlsx,DC2,2.183,第2组,DC2,11,6498.0,False,1.807,2.234,-1.6348607311452876,0,False,False,False,0.5538952131819288,2.5713916096090794,-6,1.2335811257239977,0.14974974112670933,0.5506971488181074,0.659795673946947,1.0763127160481123,0.060072815533980584,7,False,-0.14225686833239043,False,False
咸阳秦都西咸数据中心1号楼J301电力电池机房|03#开关电源蓄电池组|第1组|第1组单体9电池电压|1-J301电池室放电电池数据表.xlsx|DC3|DC3,陕西省,咸阳,中国移动西咸数据中心,咸阳秦都西咸数据中心1号楼站点,咸阳秦都西咸数据中心1号楼J301电力电池机房,铅酸电池,03#开关电源蓄电池组,单体XX电压,第1组单体9电池电压,2025-07-09T00:31:12,2.232,V,1-J301电池室放电电池数据表.xlsx,DC3,2.232,第1组,DC3,9,1940.0,False,1.8,2.233,-0.35461789036160657,0,False,False,False,0.5517787802964942,1.7036622410803748,7,0.6820267277783052,-0.5123815826332182,0.5620391655413123,0.6461057064501536,1.0763127160481123,0.060072815533980584,7,False,0.9421758558162672,True,False
咸阳秦都西咸数据中心1号楼J301电力电池机房|02#开关电源蓄电池组|第1组|第1组单体22电池电压|1-J301电池室放电电池数据表.xlsx|DC2|DC2,陕西省,咸阳,中国移动西咸数据中心,咸阳秦都西咸数据中心1号楼站点,咸阳秦都西咸数据中心1号楼J301电力电池机房,铅酸电池,02#开关电源蓄电池组,单体XX电压,第1组单体22电池电压,2025-07-09T00:27:17,1.904,V,1-J301电池室放电电池数据表.xlsx,DC2,1.904,第1组,DC2,10,2728.0,False,1.854,2.244,-1.0093904141554224,0,False,False,False,0.551668120333676,1.640844796962458,5,0.6138221237280601,0.37675601574337914,0.03748705726939139,-0.31934978892806565,1.0763127160481123,0.060072815533980584,7,False,0.258274599516944,False,False
咸阳秦都西咸数据中心1号楼D303电力电池机房|6#开关电源蓄电池组|第2组|第2组单体13电池电压|1-D303电池室放电电池数据表.xlsx|DC6|DC6,陕西省,咸阳,中国移动西咸数据中心,咸阳秦都西咸数据中心1号楼站点,咸阳秦都西咸数据中心1号楼D303电力电池机房,铅酸电池,6#开关电源蓄电池组,单体XX电压,第2组单体13电池电压,2025-07-10T02:18:06,1.732,V,1-D303电池室放电电池数据表.xlsx,DC6,1.732,第2组,DC6,8,8793.0,True,1.627,2.21,0.8162152439501142,0,False,False,False,0.5507107690388915,2.010836758800592,7,0.8640910503725876,0.27092308793212394,0.5751337361584564,0.3564698020204382,1.0763127160481123,0.060072815533980584,7,False,-0.06048548673883367,False,False
咸阳秦都西咸数据中心1号楼D303电力电池机房|6#开关电源蓄电池组|第2组|第2组单体2电池电压|1-D303电池室放电电池数据表.xlsx|DC6|DC6,陕西省,咸阳,中国移动西咸数据中心,咸阳秦都西咸数据中心1号楼站点,咸阳秦都西咸数据中心1号楼D303电力电池机房,铅酸电池,6#开关电源蓄电池组,单体XX电压,第2组单体2电池电压,2025-07-10T02:30:26,1.868,V,1-D303电池室放电电池数据表.xlsx,DC6,1.868,第2组,DC6,6,8639.0,True,1.729,2.109,1.6066604046095865,0,False,False,False,0.548794760892388,2.0725240790315174,7,-1.6577826688637267,-0.11455026648439808,0.3735652990015129,-0.012172105053628687,1.0763127160481123,0.060072815533980584,7,False,-0.8574718297222499,False,False
咸阳秦都西咸数据中心1号楼J301电力电池机房|02#开关电源蓄电池组|第2组|第2组单体12电池电压|1-J301电池室放电电池数据表.xlsx|DC2|DC2,陕西省,咸阳,中国移动西咸数据中心,咸阳秦都西咸数据中心1号楼站点,咸阳秦都西咸数据中心1号楼J301电力电池机房,铅酸电池,02#开关电源蓄电池组,单体XX电压,第2组单体12电池电压,2025-07-09T02:13:13,2.271,V,1-J301电池室放电电池数据表.xlsx,DC2,2.271,第2组,DC2,7,6356.0,True,1.906,2.271,0.5665875608235305,0,False,False,False,0.548161949926833,2.2730760106553918,-1,-1.9423710266629068,1.1873241696573518,-1.2445807384901966,-0.07099388995703282,1.0763127160481123,0.060072815533980584,7,False,0.8239397731487106,False,False
咸阳秦都西咸数据中心1号楼D303电力电池机房|2#开关电源蓄电池组|第1组|第1组单体11电池电压|1-D303电池室放电电池数据表.xlsx|DC2|DC2,陕西省,咸阳,中国移动西咸数据中心,咸阳秦都西咸数据中心1号楼站点,咸阳秦都西咸数据中心1号楼D303电力电池机房,铅酸电池,2#开关电源蓄电池组,单体XX电压,第1组单体11电池电压,2025-07-10T00:32:28,2.035,V,1-D303电池室放电电池数据表.xlsx,DC2,2.035,第1组,DC2,11,3363.0,False,2.035,2.393,-1.1214694335432431,0,False,False,False,0.5469405724190876,1.6875869851625824,-3,0.32047459935180345,0.7840107621654602,-0.4936978491981969,-0.0844809307075223,1.0763127160481123,0.060072815533980584,7,False,0.8672654093225458,False,False
咸阳秦都西咸数据中心2号楼J301电力电池机房|01#开关电源蓄电池组|第1组|第1组单体18电池电压|2-J301电池室放电电池数据表.xlsx|DC1|DC1,陕西省,咸阳,中国移动西咸数据中心,咸阳秦都西咸数据中心2号楼站点,咸阳秦都西咸数据中心2号楼J301电力电池机房,铅酸电池,01#开关电源蓄电池组,单体XX电压,第1组单体18电池电压,2025-07-11T03:15:27,2.233,V,2-J301电池室放电电池数据表.xlsx,DC1,2.233,第1组,DC1,15,1352.0,False,2.021,2.532,0.1396803819231916,0,False,False,False,0.5465964580368892,1.7048929510802877,7,0.862639824432968,-0.2009858098074821,0.4166788947449673,-0.3577491025328464,1.0763127160481123,0.060072815533980584,7,False,0.5550061033911805,False,False
咸阳秦都西咸数据中心1号楼J301电力电池机房|04#开关电源蓄电池组|第2组|第2组单体24电池电压|1-J301电池室放电电池数据表.xlsx|DC4|DC4,陕西省,咸阳,中国移动西咸数据中心,咸阳秦都西咸数据中心1号楼站点,咸阳秦都西咸数据中心1号楼J301电力电池机房,铅酸电池,04#开关电源蓄电池组,单体XX电压,第2组单体24电池电压,2025-07-09T00:48:53,1.97,V,1-J301电池室放电电池数据表.xlsx,DC4,1.97,第2组,DC4,6,108.0,False,1.942,2.218,0.10584325637033298,0,False,False,False,0.5437930113774273,1.2843060608995163,7,-0.9765670784186128,-0.8502196262993584,0.20541640294514113,-0.8840958363984045,1.0763127160481123,0.060072815533980584,7,False,0.5517621355137934,False,False
咸阳秦都西咸数据中心1号楼J301电力电池机房|08#开关电源蓄电池组|第1组|第1组单体23电池电压|1-J301电池室放电电池数据表.xlsx|DC8|DC8,陕西省,咸阳,中国移动西咸数据中心,咸阳秦都西咸数据中心1号楼站点,咸阳秦都西咸数据中心1号楼J301电力电池机房,铅酸电池,08#开关电源蓄电池组,单体XX电压,第1组单体23电池电压,2025-07-09T00:15:41,2.272,V,1-J301电池室放电电池数据表.xlsx,DC8,2.272,第1组,DC8,12,9862.0,False,1.864,2.28,-1.4643993093964862,0,False,False,False,0.5421475535833509,2.501397539614886,-2,1.1509062350338364,0.6160209942699518,-0.8003560208021265,0.3591400974810569,1.0763127160481123,0.060072815533980584,7,False,0.1147218093992873,False,False
咸阳秦都西咸数据中心1号楼J301电力电池机房|03#开关电源蓄电池组|第2组|第2组单体1电池电压|1-J301电池室放电电池数据表.xlsx|DC3|DC3,陕西省,咸阳,中国移动西咸数据中心,咸阳秦都西咸数据中心1号楼站点,咸阳秦都西咸数据中心1号楼J301电力电池机房,铅酸电池,03#开关电源蓄电池组,单体XX电压,第2组单体1电池电压,2025-07-09T00:31:21,1.95,V,1-J301电池室放电电池数据表.xlsx,DC3,1.95,第2组,DC3,9,1940.0,False,1.895,2.272,-1.3885808850620622,0,False,False,False,0.5399384921231546,2.3888665437019876,-1,0.8142305957651874,0.07986294637154737,-1.2640364735226313,0.6107523079329116,1.0763127160481123,0.060072815533980584,7,False,0.6802134136580269,False,False
咸阳秦都西咸数据中心1号楼J301电力电池机房|05#开关电源蓄电池组|第1组|第1组单体21电池电压|1-J301电池室放电电池数据表.xlsx|DC5|DC5,陕西省,咸阳,中国移动西咸数据中心,咸阳秦都西咸数据中心1号楼站点,咸阳秦都西咸数据中心1号楼J301电力电池机房,铅酸电池,05#开关电源蓄电池组,单体XX电压,第1组单体21电池电压,2025-07-09T01:05:45,1.733,V,1-J301电池室放电电池数据表.xlsx,DC5,1.733,第1组,DC5,9,1135.0,True,1.627,2.174,1.0858174677166796,0,False,False,False,0.5392388303147349,2.6686732883431366,7,0.8271300010445011,-1.766435757676184,-0.022059454762165753,0.4144505660081864,1.0763127160481123,0.060072815533980584,7,False,-0.5408664968518707,False,False
咸阳秦都西咸数据中心1号楼J301电力电池机房|02#开关电源蓄电池组|第1组|第1组单体1电池电压|1-J301电池室放电电池数据表.xlsx|DC2|DC2,陕西省,咸阳,中国移动西咸数据中心,咸阳秦都西咸数据中心1号楼站点,咸阳秦都西咸数据中心1号楼J301电力电池机房,铅酸电池,02#开关电源蓄电池组,单体XX电压,第1组单体1电池电压,2025-07-09T00:27:26,1.855,V,1-J301电池室放电电池数据表.xlsx,DC2,1.855,第1组,DC2,7,2728.0,False,1.855,2.25,-0.6290817210914517,0,False,False,False,0.5353927690337021,1.3478628899135436,6,0.3248881647126358,0.08256884647501914,0.20373441081226495,-0.70432821444137,1.0763127160481123,0.060072815533980584,7,False,0.553242348258763,False,False
咸阳秦都西咸数据中心1号楼D201电力电池机房|4#开关电源蓄电池组|第1组|第1组单体21电池电压|1-D201电池室放电电池数据表.xlsx|DC4|DC4,陕西省,咸阳,中国移动西咸数据中心,咸阳秦都西咸数据中心1号楼站点,咸阳秦都西咸数据中心1号楼D201电力电池机房,铅酸电池,4#开关电源蓄电池组,单体XX电压,第1组单体21电池电压,2025-07-08T01:06:21,2.067,V,1-D201电池室放电电池数据表.xlsx,DC4,2.067,第1组,DC4,11,1572.0,False,1.962,2.299,-0.8845810751840273,0,False,False,False,0.5342324810259873,1.5047777303334184,7,0.3090619395689691,-0.7328344925036876,0.42716003459881896,-0.30347827374337843,1.0763127160481123,0.060072815533980584,7,False,0.6793748326423378,False,False
咸阳秦都西咸数据中心1号楼D203电力电池机房|2#开关电源蓄电池组|第1组|第1组单体4电池电压|1-D203电池室放电电池数据表.xlsx|DC2|DC2,陕西省,咸阳,中国移动西咸数据中心,咸阳秦都西咸数据中心1号楼站点,咸阳秦都西咸数据中心1号楼D203电力电池机房,铅酸电池,2#开关电源蓄电池组,单体XX电压,第1组单体4电池电压,2025-07-11T00:25:38,2.016,V,1-D203电池室放电电池数据表.xlsx,DC2,2.016,第1组,DC2,8,1165.0,True,1.594,2.016,1.5799589602080617,0,False,False,False,0.5299087630692897,2.112975144717472,7,-0.9604339247609758,-1.1532818302257102,0.08859233410487616,0.12806640060018967,1.0763127160481123,0.060072815533980584,7,False,0.7704101402043195,False,False
咸阳秦都西咸数据中心1号楼D203电力电池机房|6#开关电源蓄电池组|第2组|第2组单体7电池电压|1-D203电池室放电电池数据表.xlsx|DC6|DC6,陕西省,咸阳,中国移动西咸数据中心,咸阳秦都西咸数据中心1号楼站点,咸阳秦都西咸数据中心1号楼D203电力电池机房,铅酸电池,6#开关电源蓄电池组,单体XX电压,第2组单体7电池电压,2025-07-11T00:00:53,2.364,V,1-D203电池室放电电池数据表.xlsx,DC6,2.364,第2组,DC6,21,6755.0,False,1.889,2.391,-1.6083456887079455,0,False,False,False,0.5274865450656094,3.1690246232620276,-7,1.8112937936445463,0.8360851163600531,0.9535528180411234,-0.1031214269642497,1.0763127160481123,0.060072815533980584,7,False,0.16628686008873855,False,False
咸阳秦都西咸数据中心1号楼D201电力电池机房|4#开关电源蓄电池组|第2组|第2组单体5电池电压|1-D201电池室放电电池数据表.xlsx|DC4|DC4,陕西省,咸阳,中国移动西咸数据中心,咸阳秦都西咸数据中心1号楼站点,咸阳秦都西咸数据中心1号楼D201电力电池机房,铅酸电池,4#开关电源蓄电池组,单体XX电压,第2组单体5电池电压,2025-07-08T01:09:45,2.155,V,1-D201电池室放电电池数据表.xlsx,DC4,2.155,第2组,DC4,6,1304.0,False,1.986,2.278,-0.32744820836797983,0,False,False,False,0.5218148135671132,0.8640787477919385,4,-0.7358731660932781,-0.49522659035920924,-0.47064817151460603,0.5602244376326437,1.0763127160481123,0.060072815533980584,7,False,0.6689081388477929,False,False
咸阳秦都西咸数据中心1号楼D203电力电池机房|6#开关电源蓄电池组|第1组|第1组单体4电池电压|1-D203电池室放电电池数据表.xlsx|DC6|DC6,陕西省,咸阳,中国移动西咸数据中心,咸阳秦都西咸数据中心1号楼站点,咸阳秦都西咸数据中心1号楼D203电力电池机房,铅酸电池,6#开关电源蓄电池组,单体XX电压,第1组单体4电池电压,2025-07-11T00:00:53,2.347,V,1-D203电池室放电电池数据表.xlsx,DC6,2.347,第1组,DC6,10,6678.0,False,1.849,2.348,-1.641113194327364,0,False,False,False,0.5204361910074264,3.503899837385702,-7,2.1692948181635225,0.6996541902832135,1.0180969580106263,0.5682213289585829,1.0763127160481123,0.060072815533980584,7,False,0.8278024909624849,False,False
咸阳秦都西咸数据中心1号楼D303电力电池机房|3#开关电源蓄电池组|第1组|第1组单体1电池电压|1-D303电池室放电电池数据表.xlsx|DC3|DC3,陕西省,咸阳,中国移动西咸数据中心,咸阳秦都西咸数据中心1号楼站点,咸阳秦都西咸数据中心1号楼D303电力电池机房,铅酸电池,3#开关电源蓄电池组,单体XX电压,第1组单体1电池电压,2025-07-10T00:45:41,2.283,V,1-D303电池室放电电池数据表.xlsx,DC3,2.283,第1组,DC3,10,4784.0,False,1.969,2.283,-0.7349405887012854,0,False,False,False,0.5200409087667828,0.8573494475497454,-5,-0.23797337807378316,0.2533952578933327,-0.016161471768214697,-0.3603687185325096,1.0763127160481123,0.060072815533980584,7,False,0.9552503468277017,True,False
咸阳秦都西咸数据中心1号楼J301电力电池机房|03#开关电源蓄电池组|第1组|第1组单体14电池电压|1-J301电池室放电电池数据表.xlsx|DC3|DC3,陕西省,咸阳,中国移动西咸数据中心,咸阳秦都西咸数据中心1号楼站点,咸阳秦都西咸数据中心1号楼J301电力电池机房,铅酸电池,03#开关电源蓄电池组,单体XX电压,第1组单体14电池电压,2025-07-09T00:46:24,1.873,V,1-J301电池室放电电池数据表.xlsx,DC3,1.873,第1组,DC3,14,1940.0,False,1.729,2.285,0.7458871717650675,0,False,False,False,0.5193105487188604,1.7178272050818024,7,0.6336951453196062,-0.0009105029939514009,0.4861176537734929,0.18038630276981452,1.0763127160481123,0.060072815533980584,7,False,0.8465746434928035,False,False
咸阳秦都西咸数据中心1号楼J301电力电池机房|14#开关电源蓄电池组|第2组|第2组单体11电池电压|1-J301电池室放电电池数据表.xlsx|DC14|DC14,陕西省,咸阳,中国移动西咸数据中心,咸阳秦都西咸数据中心1号楼站点,咸阳秦都西咸数据中心1号楼J301电力电池机房,铅酸电池,14#开关电源蓄电池组,单体XX电压,第2组单体11电池电压,2025-07-08T03:25:47,2.098,V,1-J301电池室放电电池数据表.xlsx,DC14,2.098,第2组,DC14,6,532.0,True,2.04,2.152,-0.39088889659276294,0,False,False,False,0.5185732610339975,1.804121078115201,7,-2.217732516428875,-0.5152667268766417,0.4270179360583618,-0.716970445402163,1.0763127160481123,0.060072815533980584,7,False,0.41399017290693696,False,False
咸阳秦都西咸数据中心1号楼J301电力电池机房|14#开关电源蓄电池组|第1组|第1组单体13电池电压|1-J301电池室放电电池数据表.xlsx|DC14|DC14,陕西省,咸阳,中国移动西咸数据中心,咸阳秦都西咸数据中心1号楼站点,咸阳秦都西咸数据中心1号楼J301电力电池机房,铅酸电池,14#开关电源蓄电池组,单体XX电压,第1组单体13电池电压,2025-07-08T03:44:49,2.164,V,1-J301电池室放电电池数据表.xlsx,DC14,2.164,第1组,DC14,8,1273.0,False,2.112,2.352,0.05291152552931133,0,False,False,False,0.5181346351014953,1.6368882417739914,2,-1.8778787351798005,0.351457436097937,-1.0479719147276656,0.002329930467491498,1.0763127160481123,0.060072815533980584,7,False,0.9562233158966074,True,False
咸阳秦都西咸数据中心1号楼D303电力电池机房|2#开关电源蓄电池组|第1组|第1组单体10电池电压|1-D303电池室放电电池数据表.xlsx|DC2|DC2,陕西省,咸阳,中国移动西咸数据中心,咸阳秦都西咸数据中心1号楼站点,咸阳秦都西咸数据中心1号楼D303电力电池机房,铅酸电池,2#开关电源蓄电池组,单体XX电压,第1组单体10电池电压,2025-07-10T00:53:39,2.017,V,1-D303电池室放电电池数据表.xlsx,DC2,2.017,第1组,DC2,6,1963.0,True,1.905,2.134,0.7437234012719867,0,False,False,False,0.5179915469224737,1.9791591835880602,5,-2.426949338507188,0.20175581398020218,-0.11586523463296883,-0.057939917615832864,1.0763127160481123,0.060072815533980584,7,False,0.7522734030586976,False,False
咸阳秦都西咸数据中心1号楼J301电力电池机房|02#开关电源蓄电池组|第1组|第1组单体3电池电压|1-J301电池室放电电池数据表.xlsx|DC2|DC2,陕西省,咸阳,中国移动西咸数据中心,咸阳秦都西咸数据中心1号楼站点,咸阳秦都西咸数据中心1号楼J301电力电池机房,铅酸电池,02#开关电源蓄电池组,单体XX电压,第1组单体3电池电压,2025-07-09T00:27:17,1.887,V,1-J301电池室放电电池数据表.xlsx,DC2,1.887,第1组,DC2,10,2728.0,False,1.832,2.254,-1.396232324105015,0,False,False,False,0.5172904396002095,2.269786752230444,5,1.1217304597228341,0.42531100174076764,0.1932097931409042,0.3311284585750981,1.0763127160481123,0.060072815533980584,7,False,0.37251023101029146,False,False
咸阳秦都西咸数据中心1号楼D203电力电池机房|8#开关电源蓄电池组|第2组|第2组单体13电池电压|1-D203电池室放电电池数据表.xlsx|DC8|DC8,陕西省,咸阳,中国移动西咸数据中心,咸阳秦都西咸数据中心1号楼站点,咸阳秦都西咸数据中心1号楼D203电力电池机房,铅酸电池,8#开关电源蓄电池组,单体XX电压,第2组单体13电池电压,2025-07-11T02:39:14,2.272,V,1-D203电池室放电电池数据表.xlsx,DC8,2.272,第2组,DC8,10,9501.0,False,1.961,2.422,-1.3393216002047896,0,False,False,False,0.5172100190611647,2.8969047999997755,-7,1.4344991515553003,1.0948864265624287,1.0605105736472398,0.2636305932309272,1.0763127160481123,0.060072815533980584,7,False,0.6638402358522477,False,False
咸阳秦都西咸数据中心1号楼D203电力电池机房|5#开关电源蓄电池组|第2组|第2组单体18电池电压|1-D203电池室放电电池数据表.xlsx|DC5|DC5,陕西省,咸阳,中国移动西咸数据中心,咸阳秦都西咸数据中心1号楼站点,咸阳秦都西咸数据中心1号楼D203电力电池机房,铅酸电池,5#开关电源蓄电池组,单体XX电压,第2组单体18电池电压,2025-07-11T01:39:25,2.697,V,1-D203电池室放电电池数据表.xlsx,DC5,2.697,第2组,DC5,13,5945.0,True,2.2,2.74,-0.5282984166317399,0,False,False,False,0.5162698473185343,2.1455805692315306,-7,-2.192734004574452,1.0841593621384213,0.9960715974234349,-0.08265746415104193,1.0763127160481123,0.060072815533980584,7,False,-0.7835263639278848,False,False
咸阳秦都西咸数据中心1号楼D203电力电池机房|2#开关电源蓄电池组|第2组|第2组单体23电池电压|1-D203电池室放电电池数据表.xlsx|DC2|DC2,陕西省,咸阳,中国移动西咸数据中心,咸阳秦都西咸数据中心1号楼站点,咸阳秦都西咸数据中心1号楼D203电力电池机房,铅酸电池,2#开关电源蓄电池组,单体XX电压,第2组单体23电池电压,2025-07-11T00:00:52,2.322,V,1-D203电池室放电电池数据表.xlsx,DC2,2.322,第2组,DC2,11,2959.0,False,1.865,2.322,-1.2754683844490158,0,False,False,False,0.5155425051986301,2.746797348088129,1,1.419586116467152,0.43839603988113407,-1.2713394363358577,0.14078131897913101,1.0763127160481123,0.060072815533980584,7,False,0.9722637837136937,True,False
咸阳秦都西咸数据中心1号楼J301电力电池机房|05#开关电源蓄电池组|第1组|第1组单体7电池电压|1-J301电池室放电电池数据表.xlsx|DC5|DC5,陕西省,咸阳,中国移动西咸数据中心,咸阳秦都西咸数据中心1号楼站点,咸阳秦都西咸数据中心1号楼J301电力电池机房,铅酸电池,05#开关电源蓄电池组,单体XX电压,第1组单体7电池电压,2025-07-09T01:12:05,2.249,V,1-J301电池室放电电池数据表.xlsx,DC5,2.249,第1组,DC5,14,7778.0,False,1.762,2.249,-0.3105661023730371,0,False,False,False,0.5152836527530688,1.7443126371844435,-7,0.6802431169344128,0.1104623566428933,0.7444997766378494,0.7288809546066912,1.0763127160481123,0.060072815533980584,7,False,0.9454128111250129,True,False
咸阳秦都西咸数据中心1号楼J301电力电池机房|08#开关电源蓄电池组|第1组|第1组单体13电池电压|1-J301电池室放电电池数据表.xlsx|DC8|DC8,陕西省,咸阳,中国移动西咸数据中心,咸阳秦都西咸数据中心1号楼站点,咸阳秦都西咸数据中心1号楼J301电力电池机房,铅酸电池,08#开关电源蓄电池组,单体XX电压,第1组单体13电池电压,2025-07-09T00:15:41,2.266,V,1-J301电池室放电电池数据表.xlsx,DC8,2.266,第1组,DC8,12,9862.0,False,1.873,2.29,-1.570538208643793,0,False,False,False,0.5124803716920837,2.8646937844906333,0,1.136199519993978,0.8185886431449361,-1.435844839924464,0.35757499279659777,1.0763127160481123,0.060072815533980584,7,False,0.15365080218038044,False,False
咸阳秦都西咸数据中心1号楼J301电力电池机房|04#开关电源蓄电池组|第1组|第1组单体8电池电压|1-J301电池室放电电池数据表.xlsx|DC4|DC4,陕西省,咸阳,中国移动西咸数据中心,咸阳秦都西咸数据中心1号楼站点,咸阳秦都西咸数据中心1号楼J301电力电池机房,铅酸电池,04#开关电源蓄电池组,单体XX电压,第1组单体8电池电压,2025-07-09T03:32:51,2.265,V,1-J301电池室放电电池数据表.xlsx,DC4,2.265,第1组,DC4,8,9904.0,True,1.769,2.265,0.9367336098734191,0,False,False,False,0.5118302342908285,2.1477377961966,-1,-1.2362875053524984,1.0556116983401331,-1.35716282201752,-0.11321177937737811,1.0763127160481123,0.060072815533980584,7,False,0.23724128627015728,False,False
咸阳秦都西咸数据中心1号楼J301电力电池机房|13#开关电源蓄电池组|第2组|第2组单体2电池电压|1-J301电池室放电电池数据表.xlsx|DC13|DC13,陕西省,咸阳,中国移动西咸数据中心,咸阳秦都西咸数据中心1号楼站点,咸阳秦都西咸数据中心1号楼J301电力电池机房,铅酸电池,13#开关电源蓄电池组,单体XX电压,第2组单体2电池电压,2025-07-08T03:00:32,2.261,V,1-J301电池室放电电池数据表.xlsx,DC13,2.261,第2组,DC13,8,1491.0,False,1.96,2.261,-0.7081627732537187,0,False,False,False,0.5112980695452183,1.3388917886673573,7,-0.0913015582734179,-0.9680244878961612,0.4480743195846892,0.3089336432029215,1.0763127160481123,0.060072815533980584,7,False,0.8541572470537849,False,False
咸阳秦都西咸数据中心1号楼J301电力电池机房|04#开关电源蓄电池组|第2组|第2组单体9电池电压|1-J301电池室放电电池数据表.xlsx|DC4|DC4,陕西省,咸阳,中国移动西咸数据中心,咸阳秦都西咸数据中心1号楼站点,咸阳秦都西咸数据中心1号楼J301电力电池机房,铅酸电池,04#开关电源蓄电池组,单体XX电压,第2组单体9电池电压,2025-07-09T00:49:20,2.235,V,1-J301电池室放电电池数据表.xlsx,DC4,2.235,第2组,DC4,6,93.0,False,1.774,2.235,1.147193469299364,0,False,False,False,0.5110313577494818,2.1779592185530623,-7,-0.02238751071916134,-1.4495805331930014,-0.09701452706706282,-0.6964328210911336,1.0763127160481123,0.060072815533980584,7,False,-0.7612851693236413,False,False
咸阳秦都西咸数据中心1号楼D303电力电池机房|1#开关电源蓄电池组|第2组|第2组单体17电池电压|1-D303电池室放电电池数据表.xlsx|DC1|DC1,陕西省,咸阳,中国移动西咸数据中心,咸阳秦都西咸数据中心1号楼站点,咸阳秦都西咸数据中心1号楼D303电力电池机房,铅酸电池,1#开关电源蓄电池组,单体XX电压,第2组单体17电池电压,2025-07-10T00:00:47,2.183,V,1-D303电池室放电电池数据表.xlsx,DC1,2.183,第2组,DC1,6,403.0,True,1.962,2.183,0.6520590566967257,0,False,False,False,0.5038215049119307,2.025443544803294,5,-2.479846524291621,0.435201649168098,-0.04235752387353764,-0.09279518742276546,1.0763127160481123,0.060072815533980584,7,False,0.4726138554887643,False,False
咸阳秦都西咸数据中心1号楼J301电力电池机房|04#开关电源蓄电池组|第2组|第2组单体5电池电压|1-J301电池室放电电池数据表.xlsx|DC4|DC4,陕西省,咸阳,中国移动西咸数据中心,咸阳秦都西咸数据中心1号楼站点,咸阳秦都西咸数据中心1号楼J301电力电池机房,铅酸电池,04#开关电源蓄电池组,单体XX电压,第2组单体5电池电压,2025-07-09T00:49:15,2.099,V,1-J301电池室放电电池数据表.xlsx,DC4,2.099,第2组,DC4,8,5539.0,False,2.09,2.423,-1.3939404624096392,0,False,False,False,0.5033688930068964,2.3141078833495414,0,0.07034259719076275,1.1540669874061855,-1.3563910390405305,0.2259006438573933,1.0763127160481123,0.060072815533980584,7,False,-0.4099950956948376,False,False
咸阳秦都西咸数据中心1号楼D203电力电池机房|4#开关电源蓄电池组|第1组|第1组单体9电池电压|1-D203电池室放电电池数据表.xlsx|DC4|DC4,陕西省,咸阳,中国移动西咸数据中心,咸阳秦都西咸数据中心1号楼站点,咸阳秦都西咸数据中心1号楼D203电力电池机房,铅酸电池,4#开关电源蓄电池组,单体XX电压,第1组单体9电池电压,2025-07-11T01:37:33,2.111,V,1-D203电池室放电电池数据表.xlsx,DC4,2.111,第1组,DC4,11,7148.0,False,1.879,2.39,-0.9713719154715581,0,False,False,False,0.503248688043727,2.82295198902301,-7,1.7196347975178388,0.5243817093079489,0.8969658188431486,0.5931372765890102,1.0763127160481123,0.060072815533980584,7,False,0.8616092945539757,False,False
咸阳秦都西咸数据中心1号楼J301电力电池机房|03#开关电源蓄电池组|第1组|第1组单体10电池电压|1-J301电池室放电电池数据表.xlsx|DC3|DC3,陕西省,咸阳,中国移动西咸数据中心,咸阳秦都西咸数据中心1号楼站点,咸阳秦都西咸数据中心1号楼J301电力电池机房,铅酸电池,03#开关电源蓄电池组,单体XX电压,第1组单体10电池电压,2025-07-09T00:46:54,2.277,V,1-J301电池室放电电池数据表.xlsx,DC3,2.277,第1组,DC3,13,1940.0,False,1.816,2.321,0.319590558507788,0,False,False,False,0.502686016300272,1.5598121025182057,7,0.5556770566295317,0.054758492614315535,0.6039986147764642,0.4505044934018092,1.0763127160481123,0.060072815533980584,7,False,0.8969333795815596,False,False
咸阳秦都西咸数据中心1号楼D203电力电池机房|6#开关电源蓄电池组|第2组|第2组单体4电池电压|1-D203电池室放电电池数据表.xlsx|DC6|DC6,陕西省,咸阳,中国移动西咸数据中心,咸阳秦都西咸数据中心1号楼站点,咸阳秦都西咸数据中心1号楼D203电力电池机房,铅酸电池,6#开关电源蓄电池组,单体XX电压,第2组单体4电池电压,2025-07-11T01:50:15,1.732,V,1-D203电池室放电电池数据表.xlsx,DC6,1.732,第2组,DC6,13,6707.0,False,1.732,2.242,1.9696034851881223,0,False,False,False,0.5020649107556994,2.4376317412311614,7,-1.0697631828211547,0.8467379258702292,0.5722246145463309,-0.05355390133801892,1.0763127160481123,0.060072815533980584,7,False,,False,False
咸阳秦都西咸数据中心1号楼D203电力电池机房|1#开关电源蓄电池组|第1组|第1组单体7电池电压|1-D203电池室放电电池数据表.xlsx|DC1|DC1,陕西省,咸阳,中国移动西咸数据中心,咸阳秦都西咸数据中心1号楼站点,咸阳秦都西咸数据中心1号楼D203电力电池机房,铅酸电池,1#开关电源蓄电池组,单体XX电压,第1组单体7电池电压,2025-07-11T00:02:51,2.052,V,1-D203电池室放电电池数据表.xlsx,DC1,2.052,第1组,DC1,9,1469.0,False,2.052,2.357,-0.27060667768322066,0,False,False,False,0.49939777430215027,0.748042054599192,-4,-0.6702925138702075,-0.04320759517812342,-0.5279900250794596,-0.5212187573691369,1.0763127160481123,0.060072815533980584,7,False,0.574949861012444,False,False
咸阳秦都西咸数据中心1号楼J301电力电池机房|08#开关电源蓄电池组|第1组|第1组单体2电池电压|1-J301电池室放电电池数据表.xlsx|DC8|DC8,陕西省,咸阳,中国移动西咸数据中心,咸阳秦都西咸数据中心1号楼站点,咸阳秦都西咸数据中心1号楼J301电力电池机房,铅酸电池,08#开关电源蓄电池组,单体XX电压,第1组单体2电池电压,2025-07-09T02:12:37,2.072,V,1-J301电池室放电电池数据表.xlsx,DC8,2.072,第1组,DC8,11,9862.0,False,1.909,2.299,-1.3247557453568135,0,False,False,False,0.4972698915726918,2.047646116738904,-3,0.7846396637390185,0.604793292834485,-0.4824621592499365,0.21044795914572215,1.0763127160481123,0.060072815533980584,7,False,0.12827309636471265,False,False
咸阳秦都西咸数据中心1号楼D303电力电池机房|6#开关电源蓄电池组|第1组|第1组单体16电池电压|1-D303电池室放电电池数据表.xlsx|DC6|DC6,陕西省,咸阳,中国移动西咸数据中心,咸阳秦都西咸数据中心1号楼站点,咸阳秦都西咸数据中心1号楼D303电力电池机房,铅酸电池,6#开关电源蓄电池组,单体XX电压,第1组单体16电池电压,2025-07-10T02:30:22,1.9,V,1-D303电池室放电电池数据表.xlsx,DC6,1.9,第1组,DC6,11,9522.0,False,1.878,2.265,-1.6091971249825072,0,False,False,False,0.4962438911434458,2.6128411905285267,1,0.9775674120132534,0.6487104848813039,-1.0822787730334902,0.5951173139012581,1.0763127160481123,0.060072815533980584,7,False,0.5495710239434897,False,False
咸阳秦都西咸数据中心1号楼J301电力电池机房|06#开关电源蓄电池组|第1组|第1组单体24电池电压|1-J301电池室放电电池数据表.xlsx|DC6|DC6,陕西省,咸阳,中国移动西咸数据中心,咸阳秦都西咸数据中心1号楼站点,咸阳秦都西咸数据中心1号楼J301电力电池机房,铅酸电池,06#开关电源蓄电池组,单体XX电压,第1组单体24电池电压,2025-07-09T00:14:34,2.269,V,1-J301电池室放电电池数据表.xlsx,DC6,2.269,第1组,DC6,10,9928.0,False,1.9,2.269,-0.8578891836889122,0,False,False,False,0.49613791082071934,1.2885289124734685,-5,0.28534452001115174,0.26345821193009544,-0.013329894378321328,-0.37002949176432987,1.0763127160481123,0.060072815533980584,7,False,0.5663138567871797,False,False
咸阳秦都西咸数据中心1号楼J301电力电池机房|13#开关电源蓄电池组|第1组|第1组单体10电池电压|1-J301电池室放电电池数据表.xlsx|DC13|DC13,陕西省,咸阳,中国移动西咸数据中心,咸阳秦都西咸数据中心1号楼站点,咸阳秦都西咸数据中心1号楼J301电力电池机房,铅酸电池,13#开关电源蓄电池组,单体XX电压,第1组单体10电池电压,2025-07-08T03:00:32,2.19,V,1-J301电池室放电电池数据表.xlsx,DC13,2.19,第1组,DC13,7,1291.0,False,2.139,2.396,0.04009436791281101,0,False,False,False,0.49478081100563626,1.3373743290442377,3,-1.6758218322245226,0.595263508065627,-0.6236137055577049,0.043238338129400256,1.0763127160481123,0.060072815533980584,7,False,0.39416980352216663,False,False
咸阳秦都西咸数据中心1号楼J301电力电池机房|02#开关电源蓄电池组|第2组|第2组单体7电池电压|1-J301电池室放电电池数据表.xlsx|DC2|DC2,陕西省,咸阳,中国移动西咸数据中心,咸阳秦都西咸数据中心1号楼站点,咸阳秦都西咸数据中心1号楼J301电力电池机房,铅酸电池,02#开关电源蓄电池组,单体XX电压,第2组单体7电池电压,2025-07-09T02:18:27,2.346,V,1-J301电池室放电电池数据表.xlsx,DC2,2.346,第2组,DC2,10,6670.0,True,1.918,2.35,1.1049718283612606,0,False,False,False,0.4912594902369105,2.6488640652114976,-1,-1.3841689258323464,1.8525800483196897,-1.1324941420432024,0.004497945225281158,1.0763127160481123,0.060072815533980584,7,False,0.8938777133564053,False,False
咸阳秦都西咸数据中心1号楼D203电力电池机房|6#开关电源蓄电池组|第1组|第1组单体8电池电压|1-D203电池室放电电池数据表.xlsx|DC6|DC6,陕西省,咸阳,中国移动西咸数据中心,咸阳秦都西咸数据中心1号楼站点,咸阳秦都西咸数据中心1号楼D203电力电池机房,铅酸电池,6#开关电源蓄电池组,单体XX电压,第1组单体8电池电压,2025-07-11T01:40:55,2.413,V,1-D203电池室放电电池数据表.xlsx,DC6,2.413,第1组,DC6,12,6759.0,False,2.075,2.413,-1.3437198537304786,0,False,False,False,0.49045691034255195,2.1793255930984543,-7,0.19972760741022977,1.1685596842003254,1.0420680291058928,-0.19629290808544708,1.0763127160481123,0.060072815533980584,7,False,0.7727202662519164,False,False
咸阳秦都西咸数据中心1号楼J301电力电池机房|06#开关电源蓄电池组|第1组|第1组单体20电池电压|1-J301电池室放电电池数据表.xlsx|DC6|DC6,陕西省,咸阳,中国移动西咸数据中心,咸阳秦都西咸数据中心1号楼站点,咸阳秦都西咸数据中心1号楼J301电力电池机房,铅酸电池,06#开关电源蓄电池组,单体XX电压,第1组单体20电池电压,2025-07-09T00:14:34,2.354,V,1-J301电池室放电电池数据表.xlsx,DC6,2.354,第1组,DC6,28,9928.0,False,1.956,2.845,-1.6913348214305812,0,False,False,False,0.49004952114267164,2.693243334621526,-7,1.24940875400289,0.5019569264934859,0.9273387269535507,0.14939833483872608,1.0763127160481123,0.060072815533980584,7,False,0.16718381133778382,False,False
咸阳秦都西咸数据中心1号楼D203电力电池机房|6#开关电源蓄电池组|第1组|第1组单体3电池电压|1-D203电池室放电电池数据表.xlsx|DC6|DC6,陕西省,咸阳,中国移动西咸数据中心,咸阳秦都西咸数据中心1号楼站点,咸阳秦都西咸数据中心1号楼D203电力电池机房,铅酸电池,6#开关电源蓄电池组,单体XX电压,第1组单体3电池电压,2025-07-11T01:41:00,1.976,V,1-D203电池室放电电池数据表.xlsx,DC6,1.976,第1组,DC6,6,6584.0,True,1.803,2.119,1.2386287784447574,0,False,False,False,0.4891652059623807,1.92969699300083,6,-1.9904044854028244,0.036906537828871294,0.11961640447955652,-0.01962543922878665,1.0763127160481123,0.060072815533980584,7,False,,False,False
咸阳秦都西咸数据中心1号楼J301电力电池机房|03#开关电源蓄电池组|第1组|第1组单体20电池电压|1-J301电池室放电电池数据表.xlsx|DC3|DC3,陕西省,咸阳,中国移动西咸数据中心,咸阳秦都西咸数据中心1号楼站点,咸阳秦都西咸数据中心1号楼J301电力电池机房,铅酸电池,03#开关电源蓄电池组,单体XX电压,第1组单体20电池电压,2025-07-09T00:31:12,2.245,V,1-J301电池室放电电池数据表.xlsx,DC3,2.245,第1组,DC3,10,1940.0,False,1.879,2.245,-1.2097329610078633,0,False,False,False,0.487284377583762,2.142238790801206,-1,0.577516771538475,0.02519388808942527,-1.3349726079864679,0.37217337561038344,1.0763127160481123,0.060072815533980584,7,False,0.8083825377598688,False,False
咸阳秦都西咸数据中心2号楼J301电力电池机房|01#开关电源蓄电池组|第2组|第2组单体12电池电压|2-J301电池室放电电池数据表.xlsx|DC1|DC1,陕西省,咸阳,中国移动西咸数据中心,咸阳秦都西咸数据中心2号楼站点,咸阳秦都西咸数据中心2号楼J301电力电池机房,铅酸电池,01#开关电源蓄电池组,单体XX电压,第2组单体12电池电压,2025-07-11T02:53:00,2.1,V,2-J301电池室放电电池数据表.xlsx,DC1,2.1,第2组,DC1,9,1390.0,False,2.04,2.468,-0.5771751619963775,0,False,False,False,0.48485149694603225,2.2877682479744643,0,0.6324946382585583,0.047003619350539816,-1.8161338353815268,0.07038833365905617,1.0763127160481123,0.060072815533980584,7,False,0.37995946442555795,False,False
咸阳秦都西咸数据中心1号楼J301电力电池机房|08#开关电源蓄电池组|第1组|第1组单体14电池电压|1-J301电池室放电电池数据表.xlsx|DC8|DC8,陕西省,咸阳,中国移动西咸数据中心,咸阳秦都西咸数据中心1号楼站点,咸阳秦都西咸数据中心1号楼J301电力电池机房,铅酸电池,08#开关电源蓄电池组,单体XX电压,第1组单体14电池电压,2025-07-09T01:51:07,2.237,V,1-J301电池室放电电池数据表.xlsx,DC8,2.237,第1组,DC8,11,9862.0,False,1.861,2.272,-1.4725910664824073,0,False,False,False,0.48400565749772595,2.7459566876501604,0,1.0343649149419023,0.7218894850812464,-1.467961175456844,0.3892713575254255,1.0763127160481123,0.060072815533980584,7,False,0.12949080732086007,False,False
咸阳秦都西咸数据中心1号楼D203电力电池机房|5#开关电源蓄电池组|第1组|第1组单体23电池电压|1-D203电池室放电电池数据表.xlsx|DC5|DC5,陕西省,咸阳,中国移动西咸数据中心,咸阳秦都西咸数据中心1号楼站点,咸阳秦都西咸数据中心1号楼D203电力电池机房,铅酸电池,5#开关电源蓄电池组,单体XX电压,第1组单体23电池电压,2025-07-11T00:00:53,2.294,V,1-D203电池室放电电池数据表.xlsx,DC5,2.294,第1组,DC5,8,3471.0,True,1.849,2.286,1.4926860533548743,0,False,False,False,0.48338365761889035,2.189672985866493,-7,-1.2983873157698247,1.0067803394010606,0.6576505123441262,-0.23288300083367197,1.0763127160481123,0.060072815533980584,7,False,-0.5232985788404767,False,False
咸阳秦都西咸数据中心1号楼J301电力电池机房|04#开关电源蓄电池组|第2组|第2组单体3电池电压|1-J301电池室放电电池数据表.xlsx|DC4|DC4,陕西省,咸阳,中国移动西咸数据中心,咸阳秦都西咸数据中心1号楼站点,咸阳秦都西咸数据中心1号楼J301电力电池机房,铅酸电池,04#开关电源蓄电池组,单体XX电压,第2组单体3电池电压,2025-07-09T02:15:47,2.39,V,1-J301电池室放电电池数据表.xlsx,DC4,2.39,第2组,DC4,10,9383.0,False,2.072,2.441,-0.7977596797247608,0,False,False,False,0.47696005640881917,1.667117297878294,7,-1.3661367220994265,0.8993215767824907,0.8819082370052536,-0.5446353561915473,1.0763127160481123,0.060072815533980584,7,False,-0.3985893313070986,False,False
咸阳秦都西咸数据中心1号楼D303电力电池机房|6#开关电源蓄电池组|第1组|第1组单体3电池电压|1-D303电池室放电电池数据表.xlsx|DC6|DC6,陕西省,咸阳,中国移动西咸数据中心,咸阳秦都西咸数据中心1号楼站点,咸阳秦都西咸数据中心1号楼D303电力电池机房,铅酸电池,6#开关电源蓄电池组,单体XX电压,第1组单体3电池电压,2025-07-10T02:31:03,2.264,V,1-D303电池室放电电池数据表.xlsx,DC6,2.264,第1组,DC6,10,9156.0,False,1.89,2.264,-1.2900249416989866,0,False,False,False,0.476098869911061,2.3641870295975234,0,0.5458587680859961,0.5656250748852527,-1.5236942772109305,0.38040564388626974,1.0763127160481123,0.060072815533980584,7,False,0.4520216119080881,False,False
咸阳秦都西咸数据中心1号楼J301电力电池机房|03#开关电源蓄电池组|第1组|第1组单体21电池电压|1-J301电池室放电电池数据表.xlsx|DC3|DC3,陕西省,咸阳,中国移动西咸数据中心,咸阳秦都西咸数据中心1号楼站点,咸阳秦都西咸数据中心1号楼J301电力电池机房,铅酸电池,03#开关电源蓄电池组,单体XX电压,第1组单体21电池电压,2025-07-09T00:31:17,1.963,V,1-J301电池室放电电池数据表.xlsx,DC3,1.963,第1组,DC3,13,1940.0,False,1.751,2.227,0.931748121149401,0,False,False,False,0.4752800791060325,1.5092032789348875,7,7.357885789349705e-05,-0.6188267955897565,0.21896214805074826,-0.35696784965658246,1.0763127160481123,0.060072815533980584,7,False,0.9212338570784782,True,False
咸阳秦都西咸数据中心1号楼D203电力电池机房|2#开关电源蓄电池组|第2组|第2组单体3电池电压|1-D203电池室放电电池数据表.xlsx|DC2|DC2,陕西省,咸阳,中国移动西咸数据中心,咸阳秦都西咸数据中心1号楼站点,咸阳秦都西咸数据中心1号楼D203电力电池机房,铅酸电池,2#开关电源蓄电池组,单体XX电压,第2组单体3电池电压,2025-07-11T00:00:52,2.294,V,1-D203电池室放电电池数据表.xlsx,DC2,2.294,第2组,DC2,6,1148.0,True,2.007,2.221,0.05421337897319434,0,False,False,False,0.47314917024327624,1.7145728104183042,2,-1.8785380859830574,-0.19442115382159214,-1.2171485989295254,-0.09524170706847862,1.0763127160481123,0.060072815533980584,7,False,-0.3135064843294242,False,False
咸阳秦都西咸数据中心1号楼D203电力电池机房|2#开关电源蓄电池组|第1组|第1组单体23电池电压|1-D203电池室放电电池数据表.xlsx|DC2|DC2,陕西省,咸阳,中国移动西咸数据中心,咸阳秦都西咸数据中心1号楼站点,咸阳秦都西咸数据中心1号楼D203电力电池机房,铅酸电池,2#开关电源蓄电池组,单体XX电压,第1组单体23电池电压,2025-07-11T00:25:38,2.062,V,1-D203电池室放电电池数据表.xlsx,DC2,2.062,第1组,DC2,11,2898.0,False,1.841,2.281,0.7694068308560429,0,False,False,False,0.4709910641021757,1.2212191070716678,7,-0.380832156570387,0.06067289601172607,0.4166540154806452,-0.512989585109242,1.0763127160481123,0.060072815533980584,7,False,0.7261360144470338,False,False
咸阳秦都西咸数据中心2号楼J301电力电池机房|01#开关电源蓄电池组|第2组|第2组单体4电池电压|2-J301电池室放电电池数据表.xlsx|DC1|DC1,陕西省,咸阳,中国移动西咸数据中心,咸阳秦都西咸数据中心2号楼站点,咸阳秦都西咸数据中心2号楼J301电力电池机房,铅酸电池,01#开关电源蓄电池组,单体XX电压,第2组单体4电池电压,2025-07-11T03:14:09,1.988,V,2-J301电池室放电电池数据表.xlsx,DC1,1.988,第2组,DC1,8,1304.0,False,1.988,2.346,-0.6994637494040024,0,False,False,False,0.4708173537185116,2.1810799943812715,0,0.18603482066662302,-0.3739738577200711,-1.8973045585631008,0.12172785824558477,1.0763127160481123,0.060072815533980584,7,False,0.5086917946695175,False,False
咸阳秦都西咸数据中心1号楼D303电力电池机房|4#开关电源蓄电池组|第2组|第2组单体11电池电压|1-D303电池室放电电池数据表.xlsx|DC4|DC4,陕西省,咸阳,中国移动西咸数据中心,咸阳秦都西咸数据中心1号楼站点,咸阳秦都西咸数据中心1号楼D303电力电池机房,铅酸电池,4#开关电源蓄电池组,单体XX电压,第2组单体11电池电压,2025-07-10T01:20:36,2.436,V,1-D303电池室放电电池数据表.xlsx,DC4,2.436,第2组,DC4,6,1389.0,True,2.053,2.354,0.08713261367028774,0,False,False,False,0.47076365944523113,0.6768245696663605,4,-1.0981270867125827,-0.008945208412088151,-0.4757560482506533,-0.0393722681547872,1.0763127160481123,0.060072815533980584,7,False,-0.21088548734464452,False,False
咸阳秦都西咸数据中心1号楼D303电力电池机房|3#开关电源蓄电池组|第1组|第1组单体7电池电压|1-D303电池室放电电池数据表.xlsx|DC3|DC3,陕西省,咸阳,中国移动西咸数据中心,咸阳秦都西咸数据中心1号楼站点,咸阳秦都西咸数据中心1号楼D303电力电池机房,铅酸电池,3#开关电源蓄电池组,单体XX电压,第1组单体7电池电压,2025-07-10T01:25:08,2.304,V,1-D303电池室放电电池数据表.xlsx,DC3,2.304,第1组,DC3,10,5106.0,False,2.068,2.318,-0.9983955555842816,0,False,False,False,0.46883661367406293,2.0189751929779254,0,-0.9202912075692409,1.017723603019431,-1.490140201760389,-0.2129820105800005,1.0763127160481123,0.060072815533980584,7,False,0.8917156270968624,False,False
咸阳秦都西咸数据中心2号楼J301电力电池机房|01#开关电源蓄电池组|第2组|第2组单体10电池电压|2-J301电池室放电电池数据表.xlsx|DC1|DC1,陕西省,咸阳,中国移动西咸数据中心,咸阳秦都西咸数据中心2号楼站点,咸阳秦都西咸数据中心2号楼J301电力电池机房,铅酸电池,01#开关电源蓄电池组,单体XX电压,第2组单体10电池电压,2025-07-11T03:14:09,2.041,V,2-J301电池室放电电池数据表.xlsx,DC1,2.041,第2组,DC1,9,1435.0,False,2.039,2.466,-0.7593812746557032,0,False,False,False,0.4678276915979517,2.3852899749441185,0,0.7728007000365404,0.07498401024258597,-1.7810433869959756,0.11414603668902676,1.0763127160481123,0.060072815533980584,7,False,0.25411774195863945,False,False
咸阳秦都西咸数据中心1号楼D203电力电池机房|2#开关电源蓄电池组|第1组|第1组单体22电池电压|1-D203电池室放电电池数据表.xlsx|DC2|DC2,陕西省,咸阳,中国移动西咸数据中心,咸阳秦都西咸数据中心1号楼站点,咸阳秦都西咸数据中心1号楼D203电力电池机房,铅酸电池,2#开关电源蓄电池组,单体XX电压,第1组单体22电池电压,2025-07-11T00:25:38,2.071,V,1-D203电池室放电电池数据表.xlsx,DC2,2.071,第1组,DC2,6,1161.0,True,2.002,2.229,0.11325296779452404,0,False,False,False,0.46641031998170995,1.4382342626144624,3,-1.7824285822784796,-0.2474830610762861,-0.8824233005396465,-0.05287189429585827,1.0763127160481123,0.060072815533980584,7,False,-0.3939425198505238,False,False
咸阳秦都西咸数据中心1号楼J301电力电池机房|12#开关电源蓄电池组|第1组|第1组单体21电池电压|1-J301电池室放电电池数据表.xlsx|DC12|DC12,陕西省,咸阳,中国移动西咸数据中心,咸阳秦都西咸数据中心1号楼站点,咸阳秦都西咸数据中心1号楼J301电力电池机房,铅酸电池,12#开关电源蓄电池组,单体XX电压,第1组单体21电池电压,2025-07-08T02:40:39,2.0,V,1-J301电池室放电电池数据表.xlsx,DC12,2.0,第1组,DC12,9,1814.0,False,1.899,2.253,-0.5361239743366056,0,False,False,False,0.46203581197751986,1.3785786012051156,7,0.26272577021313337,-0.7959489649400411,0.35157310528768876,-0.38438045591013226,1.0763127160481123,0.060072815533980584,7,False,0.5814143292562659,False,False
咸阳秦都西咸数据中心2号楼J301电力电池机房|01#开关电源蓄电池组|第2组|第2组单体6电池电压|2-J301电池室放电电池数据表.xlsx|DC1|DC1,陕西省,咸阳,中国移动西咸数据中心,咸阳秦都西咸数据中心2号楼站点,咸阳秦都西咸数据中心2号楼J301电力电池机房,铅酸电池,01#开关电源蓄电池组,单体XX电压,第2组单体6电池电压,2025-07-11T03:14:25,2.098,V,2-J301电池室放电电池数据表.xlsx,DC1,2.098,第2组,DC1,8,1956.0,False,1.989,2.311,-0.6983665198090145,0,False,False,False,0.4617877202445843,0.9061593321228434,5,-0.07373267152528173,-0.4035716428903975,-0.12655346807462164,0.15591406085868473,1.0763127160481123,0.060072815533980584,7,False,0.4467511831977456,False,False
咸阳秦都西咸数据中心1号楼J301电力电池机房|03#开关电源蓄电池组|第2组|第2组单体20电池电压|1-J301电池室放电电池数据表.xlsx|DC3|DC3,陕西省,咸阳,中国移动西咸数据中心,咸阳秦都西咸数据中心1号楼站点,咸阳秦都西咸数据中心1号楼J301电力电池机房,铅酸电池,03#开关电源蓄电池组,单体XX电压,第2组单体20电池电压,2025-07-09T00:46:19,1.806,V,1-J301电池室放电电池数据表.xlsx,DC3,1.806,第2组,DC3,12,1940.0,False,1.755,2.254,0.7051671863377056,0,False,False,False,0.46111271128029213,1.7408644623451637,7,0.3916073803650577,-0.7797217456987008,0.34750096848771034,0.5998894078806645,1.0763127160481123,0.060072815533980584,7,False,0.9963337301046906,True,False
咸阳秦都西咸数据中心1号楼D301电力电池机房|1#开关电源蓄电池组|第2组|第2组单体9电池电压|1-D301电池室放电电池数据表.xlsx|DC1|DC1,陕西省,咸阳,中国移动西咸数据中心,咸阳秦都西咸数据中心1号楼站点,咸阳秦都西咸数据中心1号楼D301电力电池机房,铅酸电池,1#开关电源蓄电池组,单体XX电压,第2组单体9电池电压,2025-07-08T01:13:32,2.268,V,1-D301电池室放电电池数据表.xlsx,DC1,2.268,第2组,DC1,9,1989.0,False,2.025,2.273,-0.9529034330078943,0,False,False,False,0.4608800107511918,0.8501045479461244,5,-0.5768967499661508,-0.35444117029780664,-0.11294134075586848,-0.1407440348147981,1.0763127160481123,0.060072815533980584,7,False,0.7277244008830452,False,False
咸阳秦都西咸数据中心1号楼J301电力电池机房|14#开关电源蓄电池组|第1组|第1组单体7电池电压|1-J301电池室放电电池数据表.xlsx|DC14|DC14,陕西省,咸阳,中国移动西咸数据中心,咸阳秦都西咸数据中心1号楼站点,咸阳秦都西咸数据中心1号楼J301电力电池机房,铅酸电池,14#开关电源蓄电池组,单体XX电压,第1组单体7电池电压,2025-07-08T03:25:56,2.12,V,1-J301电池室放电电池数据表.xlsx,DC14,2.12,第1组,DC14,8,1508.0,False,2.12,2.301,-0.32226342700272,0,False,False,False,0.4592139206216873,1.2661609100581384,-5,-1.903371822717176,0.16142530655578322,-0.04403555212544552,-0.32469534532230276,1.0763127160481123,0.060072815533980584,7,False,0.7377247450918251,False,False
咸阳秦都西咸数据中心1号楼D203电力电池机房|6#开关电源蓄电池组|第2组|第2组单体6电池电压|1-D203电池室放电电池数据表.xlsx|DC6|DC6,陕西省,咸阳,中国移动西咸数据中心,咸阳秦都西咸数据中心1号楼站点,咸阳秦都西咸数据中心1号楼D203电力电池机房,铅酸电池,6#开关电源蓄电池组,单体XX电压,第2组单体6电池电压,2025-07-11T01:41:13,1.995,V,1-D203电池室放电电池数据表.xlsx,DC6,1.995,第2组,DC6,9,6520.0,True,1.698,2.157,1.868588334970895,0,False,False,False,0.4586601238590204,2.2310004135554298,7,-1.2767265491610578,0.37730098553634095,0.4647531451300495,-0.021749957518177238,1.0763127160481123,0.060072815533980584,7,False,0.37009428280461154,False,False
咸阳秦都西咸数据中心1号楼J301电力电池机房|02#开关电源蓄电池组|第1组|第1组单体14电池电压|1-J301电池室放电电池数据表.xlsx|DC2|DC2,陕西省,咸阳,中国移动西咸数据中心,咸阳秦都西咸数据中心1号楼站点,咸阳秦都西咸数据中心1号楼J301电力电池机房,铅酸电池,02#开关电源蓄电池组,单体XX电压,第1组单体14电池电压,2025-07-09T02:08:52,2.222,V,1-J301电池室放电电池数据表.xlsx,DC2,2.222,第1组,DC2,10,6859.0,False,1.948,2.272,-1.4869508623580248,0,False,False,False,0.45580255989239715,1.7972728656812684,-6,0.2184017283571571,0.40234079611978335,0.5880802015044604,0.3971866872909907,1.0763127160481123,0.060072815533980584,7,False,-0.11131888000112493,False,False
咸阳秦都西咸数据中心1号楼D303电力电池机房|6#开关电源蓄电池组|第1组|第1组单体20电池电压|1-D303电池室放电电池数据表.xlsx|DC6|DC6,陕西省,咸阳,中国移动西咸数据中心,咸阳秦都西咸数据中心1号楼站点,咸阳秦都西咸数据中心1号楼D303电力电池机房,铅酸电池,6#开关电源蓄电池组,单体XX电压,第1组单体20电池电压,2025-07-10T02:31:03,2.256,V,1-D303电池室放电电池数据表.xlsx,DC6,2.256,第1组,DC6,13,9152.0,False,1.851,2.379,-1.4254843285788918,0,False,False,False,0.4546650929571558,3.458328139797969,-7,2.277304900267345,0.7238678599773212,0.9413577892082019,0.2467470407772315,1.0763127160481123,0.060072815533980584,7,False,0.6544439524637605,False,False
咸阳秦都西咸数据中心2号楼J301电力电池机房|01#开关电源蓄电池组|第2组|第2组单体16电池电压|2-J301电池室放电电池数据表.xlsx|DC1|DC1,陕西省,咸阳,中国移动西咸数据中心,咸阳秦都西咸数据中心2号楼站点,咸阳秦都西咸数据中心2号楼J301电力电池机房,铅酸电池,01#开关电源蓄电池组,单体XX电压,第2组单体16电池电压,2025-07-11T03:14:09,2.03,V,2-J301电池室放电电池数据表.xlsx,DC1,2.03,第2组,DC1,8,1404.0,False,2.03,2.438,-0.8118478285718747,0,False,False,False,0.45389766729300185,2.343570901839581,0,0.6676272164669925,-0.0038130757996737707,-1.797270652535751,0.08941904766673447,1.0763127160481123,0.060072815533980584,7,False,0.24245701114148616,False,False
咸阳秦都西咸数据中心1号楼J301电力电池机房|14#开关电源蓄电池组|第1组|第1组单体11电池电压|1-J301电池室放电电池数据表.xlsx|DC14|DC14,陕西省,咸阳,中国移动西咸数据中心,咸阳秦都西咸数据中心1号楼站点,咸阳秦都西咸数据中心1号楼J301电力电池机房,铅酸电池,14#开关电源蓄电池组,单体XX电压,第1组单体11电池电压,2025-07-08T03:20:33,2.422,V,1-J301电池室放电电池数据表.xlsx,DC14,2.422,第1组,DC14,6,349.0,True,2.119,2.422,-0.06046264312501237,0,False,False,False,0.45262853757117205,1.581289708201441,-7,-1.1561871101739143,1.1108714233260504,0.8524990459482477,-0.45427506565328557,1.0763127160481123,0.060072815533980584,7,False,0.2670724405857596,False,False
咸阳秦都西咸数据中心1号楼J301电力电池机房|11#开关电源蓄电池组|第2组|第2组单体5电池电压|1-J301电池室放电电池数据表.xlsx|DC11|DC11,陕西省,咸阳,中国移动西咸数据中心,咸阳秦都西咸数据中心1号楼站点,咸阳秦都西咸数据中心1号楼J301电力电池机房,铅酸电池,11#开关电源蓄电池组,单体XX电压,第2组单体5电池电压,2025-07-08T02:41:30,2.145,V,1-J301电池室放电电池数据表.xlsx,DC11,2.145,第2组,DC11,6,1247.0,True,1.991,2.279,-0.6853797824133352,0,False,False,False,0.4516149617039039,1.5803425609723531,-1,-1.0592585212675965,-0.07542923156507284,-1.3572482533126091,0.553798324114395,1.0763127160481123,0.060072815533980584,7,False,0.004777538475343163,False,False
咸阳秦都西咸数据中心1号楼J301电力电池机房|02#开关电源蓄电池组|第1组|第1组单体20电池电压|1-J301电池室放电电池数据表.xlsx|DC2|DC2,陕西省,咸阳,中国移动西咸数据中心,咸阳秦都西咸数据中心1号楼站点,咸阳秦都西咸数据中心1号楼J301电力电池机房,铅酸电池,02#开关电源蓄电池组,单体XX电压,第1组单体20电池电压,2025-07-09T00:28:37,2.175,V,1-J301电池室放电电池数据表.xlsx,DC2,2.175,第1组,DC2,8,1964.0,True,1.848,2.263,1.4786099364409684,0,False,False,False,0.4508343386721765,2.1859863751387882,-7,-1.4743938730536346,0.9209090819101198,0.6501660477217259,-0.17216229798252164,1.0763127160481123,0.060072815533980584,7,False,-0.8956826002792574,False,False
咸阳秦都西咸数据中心1号楼D303电力电池机房|6#开关电源蓄电池组|第1组|第1组单体11电池电压|1-D303电池室放电电池数据表.xlsx|DC6|DC6,陕西省,咸阳,中国移动西咸数据中心,咸阳秦都西咸数据中心1号楼站点,咸阳秦都西咸数据中心1号楼D303电力电池机房,铅酸电池,6#开关电源蓄电池组,单体XX电压,第1组单体11电池电压,2025-07-10T02:30:46,2.148,V,1-D303电池室放电电池数据表.xlsx,DC6,2.148,第1组,DC6,8,1408.0,True,1.973,2.249,0.18284357152502423,0,False,False,False,0.44995254159336884,1.0327392444412427,4,-1.2961134440316946,-0.48311246698741683,-0.6199525352971973,-0.0640029050342036,1.0763127160481123,0.060072815533980584,7,False,-0.06868514088909576,False,False
咸阳秦都西咸数据中心1号楼J301电力电池机房|04#开关电源蓄电池组|第2组|第2组单体1电池电压|1-J301电池室放电电池数据表.xlsx|DC4|DC4,陕西省,咸阳,中国移动西咸数据中心,咸阳秦都西咸数据中心1号楼站点,咸阳秦都西咸数据中心1号楼J301电力电池机房,铅酸电池,04#开关电源蓄电池组,单体XX电压,第2组单体1电池电压,2025-07-09T00:47:47,2.121,V,1-J301电池室放电电池数据表.xlsx,DC4,2.121,第2组,DC4,9,5446.0,False,2.024,2.405,-1.4609839121132895,0,False,False,False,0.44586976666878175,2.0694926087263874,2,0.29378802040933394,0.9968676710002815,-0.6619933619615868,0.407591523300585,1.0763127160481123,0.060072815533980584,7,False,-0.1754924249792027,False,False
咸阳秦都西咸数据中心1号楼J301电力电池机房|13#开关电源蓄电池组|第2组|第2组单体7电池电压|1-J301电池室放电电池数据表.xlsx|DC13|DC13,陕西省,咸阳,中国移动西咸数据中心,咸阳秦都西咸数据中心1号楼站点,咸阳秦都西咸数据中心1号楼J301电力电池机房,铅酸电池,13#开关电源蓄电池组,单体XX电压,第2组单体7电池电压,2025-07-08T03:22:38,2.247,V,1-J301电池室放电电池数据表.xlsx,DC13,2.247,第2组,DC13,8,1326.0,False,1.99,2.284,-0.7126955447118308,0,False,False,False,0.44546086080581787,1.2291486863646508,3,-0.3403577524362297,-0.5699033303710712,-0.8332096231514352,0.3860260335263247,1.0763127160481123,0.060072815533980584,7,False,0.6107145945834602,False,False
咸阳秦都西咸数据中心1号楼D203电力电池机房|5#开关电源蓄电池组|第2组|第2组单体6电池电压|1-D203电池室放电电池数据表.xlsx|DC5|DC5,陕西省,咸阳,中国移动西咸数据中心,咸阳秦都西咸数据中心1号楼站点,咸阳秦都西咸数据中心1号楼D203电力电池机房,铅酸电池,5#开关电源蓄电池组,单体XX电压,第2组单体6电池电压,2025-07-11T00:00:53,2.353,V,1-D203电池室放电电池数据表.xlsx,DC5,2.353,第2组,DC5,9,4192.0,True,1.883,2.33,0.5891127347052569,0,False,False,False,0.44538415791368774,2.0982201941976037,-1,-1.2383792821977027,1.392643759630769,-1.2044282724892352,-0.0384842367113061,1.0763127160481123,0.060072815533980584,7,False,0.864209999093178,False,False
咸阳秦都西咸数据中心1号楼J301电力电池机房|10#开关电源蓄电池组|第2组|第2组单体3电池电压|1-J301电池室放电电池数据表.xlsx|DC10|DC10,陕西省,咸阳,中国移动西咸数据中心,咸阳秦都西咸数据中心1号楼站点,咸阳秦都西咸数据中心1号楼J301电力电池机房,铅酸电池,10#开关电源蓄电池组,单体XX电压,第2组单体3电池电压,2025-07-09T02:37:12,1.823,V,1-J301电池室放电电池数据表.xlsx,DC10,1.823,第2组,DC10,6,70.0,True,1.751,2.225,1.2282298980015889,0,False,False,False,0.4451225485635438,1.9601563505651058,7,-0.08796697396835884,-1.0048147174283049,0.01660462375392635,-0.7110487419482275,1.0763127160481123,0.060072815533980584,7,False,0.9122345925079242,False,False
咸阳秦都西咸数据中心1号楼J301电力电池机房|05#开关电源蓄电池组|第1组|第1组单体9电池电压|1-J301电池室放电电池数据表.xlsx|DC5|DC5,陕西省,咸阳,中国移动西咸数据中心,咸阳秦都西咸数据中心1号楼站点,咸阳秦都西咸数据中心1号楼J301电力电池机房,铅酸电池,05#开关电源蓄电池组,单体XX电压,第1组单体9电池电压,2025-07-09T01:12:30,2.186,V,1-J301电池室放电电池数据表.xlsx,DC5,2.186,第1组,DC5,14,7778.0,False,1.778,2.245,-0.4153023278919813,0,False,False,False,0.44445858804882177,1.5537175094546578,-7,0.4660677909196951,0.06063256147376392,0.7391911120012056,0.6597103418856873,1.0763127160481123,0.060072815533980584,7,False,0.9498185758852186,True,False
咸阳秦都西咸数据中心1号楼D203电力电池机房|6#开关电源蓄电池组|第1组|第1组单体24电池电压|1-D203电池室放电电池数据表.xlsx|DC6|DC6,陕西省,咸阳,中国移动西咸数据中心,咸阳秦都西咸数据中心1号楼站点,咸阳秦都西咸数据中心1号楼D203电力电池机房,铅酸电池,6#开关电源蓄电池组,单体XX电压,第1组单体24电池电压,2025-07-11T01:40:55,2.28,V,1-D203电池室放电电池数据表.xlsx,DC6,2.28,第1组,DC6,8,6683.0,False,1.909,2.28,-1.2771298072294894,0,False,False,False,0.4443525467178815,1.8494513894757114,-4,0.6176618340457913,0.6274513082707402,-0.1306587788659359,0.17196409507690066,1.0763127160481123,0.060072815533980584,7,False,0.7036612318650078,False,False
咸阳秦都西咸数据中心1号楼D301电力电池机房|1#开关电源蓄电池组|第2组|第2组单体16电池电压|1-D301电池室放电电池数据表.xlsx|DC1|DC1,陕西省,咸阳,中国移动西咸数据中心,咸阳秦都西咸数据中心1号楼站点,咸阳秦都西咸数据中心1号楼D301电力电池机房,铅酸电池,1#开关电源蓄电池组,单体XX电压,第2组单体16电池电压,2025-07-08T01:35:50,2.365,V,1-D301电池室放电电池数据表.xlsx,DC1,2.365,第2组,DC1,8,1358.0,False,2.077,2.429,0.9860364945107654,0,False,False,False,0.4441369268308088,1.5491834425555937,7,-1.5343625839662367,0.03219062416086366,0.4407879326871102,-0.3373934517206324,1.0763127160481123,0.060072815533980584,7,False,0.7696056201802838,False,False
咸阳秦都西咸数据中心1号楼D301电力电池机房|1#开关电源蓄电池组|第1组|第1组单体13电池电压|1-D301电池室放电电池数据表.xlsx|DC1|DC1,陕西省,咸阳,中国移动西咸数据中心,咸阳秦都西咸数据中心1号楼站点,咸阳秦都西咸数据中心1号楼D301电力电池机房,铅酸电池,1#开关电源蓄电池组,单体XX电压,第1组单体13电池电压,2025-07-08T01:35:19,2.318,V,1-D301电池室放电电池数据表.xlsx,DC1,2.318,第1组,DC1,12,1525.0,False,1.972,2.318,-0.37078539456307236,0,False,False,False,0.443708420795269,1.1282101006763428,7,-0.0570662667743399,-0.8532756585432671,0.3549319383130062,-0.18438062640158395,1.0763127160481123,0.060072815533980584,7,False,0.848287664240573,False,False
咸阳秦都西咸数据中心1号楼J301电力电池机房|04#开关电源蓄电池组|第2组|第2组单体17电池电压|1-J301电池室放电电池数据表.xlsx|DC4|DC4,陕西省,咸阳,中国移动西咸数据中心,咸阳秦都西咸数据中心1号楼站点,咸阳秦都西咸数据中心1号楼J301电力电池机房,铅酸电池,04#开关电源蓄电池组,单体XX电压,第2组单体17电池电压,2025-07-09T03:06:18,2.438,V,1-J301电池室放电电池数据表.xlsx,DC4,2.438,第2组,DC4,20,9414.0,False,2.02,2.5,-1.1361317076941004,0,False,False,False,0.4436123232838932,1.7494508264252562,7,-0.7198606810925171,0.9504314373229701,0.9189250679572534,-0.5690002236117351,1.0763127160481123,0.060072815533980584,7,False,-0.15480998506381083,False,False
咸阳秦都西咸数据中心1号楼J301电力电池机房|06#开关电源蓄电池组|第2组|第2组单体8电池电压|1-J301电池室放电电池数据表.xlsx|DC6|DC6,陕西省,咸阳,中国移动西咸数据中心,咸阳秦都西咸数据中心1号楼站点,咸阳秦都西咸数据中心1号楼J301电力电池机房,铅酸电池,06#开关电源蓄电池组,单体XX电压,第2组单体8电池电压,2025-07-09T01:15:24,1.846,V,1-J301电池室放电电池数据表.xlsx,DC6,1.846,第2组,DC6,12,9928.0,False,1.793,2.233,-1.3169800620869672,0,False,False,False,0.4431461154269306,2.492159563020832,7,1.351049815568336,0.02573417831707539,0.7717620412364378,0.3378835778485302,1.0763127160481123,0.060072815533980584,7,False,0.9691115510765168,True,False
咸阳秦都西咸数据中心1号楼J301电力电池机房|08#开关电源蓄电池组|第2组|第2组单体7电池电压|1-J301电池室放电电池数据表.xlsx|DC8|DC8,陕西省,咸阳,中国移动西咸数据中心,咸阳秦都西咸数据中心1号楼站点,咸阳秦都西咸数据中心1号楼J301电力电池机房,铅酸电池,08#开关电源蓄电池组,单体XX电压,第2组单体7电池电压,2025-07-09T02:12:13,1.89,V,1-J301电池室放电电池数据表.xlsx,DC8,1.89,第2组,DC8,11,9862.0,False,1.89,2.232,-1.3018272140017042,0,False,False,False,0.44284398461842567,1.712200309878354,3,0.3941988980711213,0.33026408311689315,-0.5446713262867742,0.25330486467485014,1.0763127160481123,0.060072815533980584,7,False,0.6353955769868532,False,False
咸阳秦都西咸数据中心1号楼J301电力电池机房|08#开关电源蓄电池组|第1组|第1组单体21电池电压|1-J301电池室放电电池数据表.xlsx|DC8|DC8,陕西省,咸阳,中国移动西咸数据中心,咸阳秦都西咸数据中心1号楼站点,咸阳秦都西咸数据中心1号楼J301电力电池机房,铅酸电池,08#开关电源蓄电池组,单体XX电压,第1组单体21电池电压,2025-07-09T02:12:21,1.863,V,1-J301电池室放电电池数据表.xlsx,DC8,1.863,第1组,DC8,11,9862.0,False,1.853,2.193,-1.3353674356141358,0,False,False,False,0.44111196803318525,2.2904283883883125,0,0.34266106239157446,0.34003585397373004,-1.5434107428842334,0.5777452059408448,1.0763127160481123,0.060072815533980584,7,False,0.18100010451003237,False,False
咸阳秦都西咸数据中心1号楼D303电力电池机房|2#开关电源蓄电池组|第2组|第2组单体8电池电压|1-D303电池室放电电池数据表.xlsx|DC2|DC2,陕西省,咸阳,中国移动西咸数据中心,咸阳秦都西咸数据中心1号楼站点,咸阳秦都西咸数据中心1号楼D303电力电池机房,铅酸电池,2#开关电源蓄电池组,单体XX电压,第2组单体8电池电压,2025-07-10T00:53:30,1.797,V,1-D303电池室放电电池数据表.xlsx,DC2,1.797,第2组,DC2,13,3314.0,False,1.796,2.265,0.00865757412809881,0,False,False,False,0.43962389303614335,1.651001184537677,7,0.6128204996920803,-0.2462347722847416,0.6052020698987234,0.7360907580294759,1.0763127160481123,0.060072815533980584,7,False,0.7292966926710164,False,False
咸阳秦都西咸数据中心1号楼J301电力电池机房|03#开关电源蓄电池组|第2组|第2组单体2电池电压|1-J301电池室放电电池数据表.xlsx|DC3|DC3,陕西省,咸阳,中国移动西咸数据中心,咸阳秦都西咸数据中心1号楼站点,咸阳秦都西咸数据中心1号楼J301电力电池机房,铅酸电池,03#开关电源蓄电池组,单体XX电压,第2组单体2电池电压,2025-07-09T00:31:21,1.87,V,1-J301电池室放电电池数据表.xlsx,DC3,1.87,第2组,DC3,10,1940.0,False,1.787,2.237,1.03708118242465,0,False,False,False,0.4390224501532476,1.5190096378028064,7,-0.27125742586194124,-0.6766229900054791,0.18935152423052382,-0.40069974908588946,1.0763127160481123,0.060072815533980584,7,False,0.9691209264470785,True,False
咸阳秦都西咸数据中心1号楼D303电力电池机房|6#开关电源蓄电池组|第1组|第1组单体23电池电压|1-D303电池室放电电池数据表.xlsx|DC6|DC6,陕西省,咸阳,中国移动西咸数据中心,咸阳秦都西咸数据中心1号楼站点,咸阳秦都西咸数据中心1号楼D303电力电池机房,铅酸电池,6#开关电源蓄电池组,单体XX电压,第1组单体23电池电压,2025-07-10T02:33:02,2.225,V,1-D303电池室放电电池数据表.xlsx,DC6,2.225,第1组,DC6,12,9134.0,False,1.874,2.226,-1.4211963822126272,0,False,False,False,0.4387147927398588,2.2022939025986235,-1,0.5414953176844359,0.433717537589984,-1.1847123724310935,0.41295996839077476,1.0763127160481123,0.060072815533980584,7,False,0.528447465148103,False,False
咸阳秦都西咸数据中心1号楼J301电力电池机房|07#开关电源蓄电池组|第1组|第1组单体11电池电压|1-J301电池室放电电池数据表.xlsx|DC7|DC7,陕西省,咸阳,中国移动西咸数据中心,咸阳秦都西咸数据中心1号楼站点,咸阳秦都西咸数据中心1号楼J301电力电池机房,铅酸电池,07#开关电源蓄电池组,单体XX电压,第1组单体11电池电压,2025-07-09T00:15:41,2.304,V,1-J301电池室放电电池数据表.xlsx,DC7,2.304,第1组,DC7,7,5476.0,True,1.898,2.322,-0.20124897849672818,0,False,False,False,0.4384293508616166,1.391356337148144,-7,0.19731331630505955,0.48264991521453915,0.8020511790441354,0.4442126680427322,1.0763127160481123,0.060072815533980584,7,False,0.7076550483512065,False,False
咸阳秦都西咸数据中心1号楼D303电力电池机房|5#开关电源蓄电池组|第2组|第2组单体5电池电压|1-D303电池室放电电池数据表.xlsx|DC5|DC5,陕西省,咸阳,中国移动西咸数据中心,咸阳秦都西咸数据中心1号楼站点,咸阳秦都西咸数据中心1号楼D303电力电池机房,铅酸电池,5#开关电源蓄电池组,单体XX电压,第2组单体5电池电压,2025-07-10T02:06:43,2.083,V,1-D303电池室放电电池数据表.xlsx,DC5,2.083,第2组,DC5,10,7894.0,False,1.997,2.313,-1.3942593625458217,0,False,False,False,0.43816798866416795,2.2545037830604,0,-0.006546823350442987,1.0535873815196959,-1.3802029374860343,0.23947398133009531,1.0763127160481123,0.060072815533980584,7,False,0.9559941803347493,True,False
咸阳秦都西咸数据中心1号楼J301电力电池机房|05#开关电源蓄电池组|第1组|第1组单体19电池电压|1-J301电池室放电电池数据表.xlsx|DC5|DC5,陕西省,咸阳,中国移动西咸数据中心,咸阳秦都西咸数据中心1号楼站点,咸阳秦都西咸数据中心1号楼J301电力电池机房,铅酸电池,05#开关电源蓄电池组,单体XX电压,第1组单体19电池电压,2025-07-09T01:11:35,1.823,V,1-J301电池室放电电池数据表.xlsx,DC5,1.823,第1组,DC5,7,1189.0,True,1.719,2.178,0.8515043547303671,0,False,False,False,0.43762078090109324,2.0199917182076326,7,0.135324673290392,-1.5092206859128314,0.09145117731753954,0.35811025965247334,1.0763127160481123,0.060072815533980584,7,False,-0.5251103446188023,False,False
咸阳秦都西咸数据中心1号楼J301电力电池机房|13#开关电源蓄电池组|第1组|第1组单体9电池电压|1-J301电池室放电电池数据表.xlsx|DC13|DC13,陕西省,咸阳,中国移动西咸数据中心,咸阳秦都西咸数据中心1号楼站点,咸阳秦都西咸数据中心1号楼J301电力电池机房,铅酸电池,13#开关电源蓄电池组,单体XX电压,第1组单体9电池电压,2025-07-08T03:21:10,2.07,V,1-J301电池室放电电池数据表.xlsx,DC13,2.07,第1组,DC13,9,1247.0,False,1.804,2.321,0.515750038181642,0,False,False,False,0.4357691037207827,2.659557768424741,7,1.0230972282054953,-1.7719530579429317,0.10366892121128918,0.7692976224307116,1.0763127160481123,0.060072815533980584,7,False,0.9960749612132752,True,False
咸阳秦都西咸数据中心1号楼J301电力电池机房|07#开关电源蓄电池组|第2组|第2组单体21电池电压|1-J301电池室放电电池数据表.xlsx|DC7|DC7,陕西省,咸阳,中国移动西咸数据中心,咸阳秦都西咸数据中心1号楼站点,咸阳秦都西咸数据中心1号楼J301电力电池机房,铅酸电池,07#开关电源蓄电池组,单体XX电压,第2组单体21电池电压,2025-07-09T01:21:52,2.196,V,1-J301电池室放电电池数据表.xlsx,DC7,2.196,第2组,DC7,9,9859.0,False,1.966,2.236,-0.3596253678613138,0,False,False,False,0.4318093516500846,0.9618407860410155,7,-0.9089295266865249,-0.0008769679940281438,0.524919178403899,-0.751745983668154,1.0763127160481123,0.060072815533980584,7,False,0.9294946044806781,True,False
咸阳秦都西咸数据中心1号楼J301电力电池机房|07#开关电源蓄电池组|第1组|第1组单体17电池电压|1-J301电池室放电电池数据表.xlsx|DC7|DC7,陕西省,咸阳,中国移动西咸数据中心,咸阳秦都西咸数据中心1号楼站点,咸阳秦都西咸数据中心1号楼J301电力电池机房,铅酸电池,07#开关电源蓄电池组,单体XX电压,第1组单体17电池电压,2025-07-09T01:28:40,2.399,V,1-J301电池室放电电池数据表.xlsx,DC7,2.399,第1组,DC7,11,9859.0,False,1.935,2.399,-1.4027216524415473,0,False,False,False,0.43006056048093566,2.89979034671094,-7,1.6582366536999282,0.6785226525681864,0.9088458058608543,0.03555041298274014,1.0763127160481123,0.060072815533980584,7,False,-0.14918546460743332,False,False
咸阳秦都西咸数据中心1号楼J301电力电池机房|02#开关电源蓄电池组|第1组|第1组单体16电池电压|1-J301电池室放电电池数据表.xlsx|DC2|DC2,陕西省,咸阳,中国移动西咸数据中心,咸阳秦都西咸数据中心1号楼站点,咸阳秦都西咸数据中心1号楼J301电力电池机房,铅酸电池,02#开关电源蓄电池组,单体XX电压,第1组单体16电池电压,2025-07-09T00:28:41,2.281,V,1-J301电池室放电电池数据表.xlsx,DC2,2.281,第1组,DC2,12,8185.0,False,1.876,2.281,0.28647138690528257,0,False,False,False,0.4287826915963096,2.004142762198936,-7,-2.329990443428469,0.6081698641512926,0.6944729488510806,-0.47883661507323894,1.0763127160481123,0.060072815533980584,7,False,-0.8599415106300318,False,False
咸阳秦都西咸数据中心1号楼D203电力电池机房|5#开关电源蓄电池组|第1组|第1组单体9电池电压|1-D203电池室放电电池数据表.xlsx|DC5|DC5,陕西省,咸阳,中国移动西咸数据中心,咸阳秦都西咸数据中心1号楼站点,咸阳秦都西咸数据中心1号楼D203电力电池机房,铅酸电池,5#开关电源蓄电池组,单体XX电压,第1组单体9电池电压,2025-07-11T01:40:02,2.075,V,1-D203电池室放电电池数据表.xlsx,DC5,2.075,第1组,DC5,7,5949.0,True,2.075,2.288,0.15739351439488586,0,False,False,False,0.4287764565978338,2.511158686077528,7,-3.098755558927233,0.04254642929781258,0.6085290117471164,-0.267415633492563,1.0763127160481123,0.060072815533980584,7,False,0.5467181560856397,False,False
咸阳秦都西咸数据中心1号楼D203电力电池机房|5#开关电源蓄电池组|第1组|第1组单体17电池电压|1-D203电池室放电电池数据表.xlsx|DC5|DC5,陕西省,咸阳,中国移动西咸数据中心,咸阳秦都西咸数据中心1号楼站点,咸阳秦都西咸数据中心1号楼D203电力电池机房,铅酸电池,5#开关电源蓄电池组,单体XX电压,第1组单体17电池电压,2025-07-11T01:38:56,1.94,V,1-D203电池室放电电池数据表.xlsx,DC5,1.94,第1组,DC5,8,10226.0,False,1.94,2.206,-1.1945242478898335,0,False,False,False,0.42780126685849124,1.373634766849161,-7,-0.3572065707792958,-0.09847795658575745,0.7775163740482953,0.39267593218090047,1.0763127160481123,0.060072815533980584,7,False,-0.3928479138411318,False,False
咸阳秦都西咸数据中心1号楼D303电力电池机房|7#开关电源蓄电池组|第2组|第2组单体9电池电压|1-D303电池室放电电池数据表.xlsx|DC7|DC7,陕西省,咸阳,中国移动西咸数据中心,咸阳秦都西咸数据中心1号楼站点,咸阳秦都西咸数据中心1号楼D303电力电池机房,铅酸电池,7#开关电源蓄电池组,单体XX电压,第2组单体9电池电压,2025-07-10T02:56:04,2.258,V,1-D303电池室放电电池数据表.xlsx,DC7,2.258,第2组,DC7,9,10515.0,False,2.079,2.317,-0.9937925896388091,0,False,False,False,0.427112012779778,1.1799650202501117,-5,-1.1781723371507953,0.6433482412846196,0.22427863012233396,0.07458644324372923,1.0763127160481123,0.060072815533980584,7,False,0.7799839713168957,False,False
咸阳秦都西咸数据中心1号楼D301电力电池机房|2#开关电源蓄电池组|第1组|第1组单体6电池电压|1-D301电池室放电电池数据表.xlsx|DC2|DC2,陕西省,咸阳,中国移动西咸数据中心,咸阳秦都西咸数据中心1号楼站点,咸阳秦都西咸数据中心1号楼D301电力电池机房,铅酸电池,2#开关电源蓄电池组,单体XX电压,第1组单体6电池电压,2025-07-08T01:34:03,2.103,V,1-D301电池室放电电池数据表.xlsx,DC2,2.103,第1组,DC2,7,1332.0,False,2.051,2.328,-0.028829947411572687,0,False,False,False,0.42558806422943374,1.068856301393841,3,-1.4027133778243488,0.06553095971738646,-0.7876634277761563,-0.06056491654643463,1.0763127160481123,0.060072815533980584,7,False,0.9157783861366252,False,False
咸阳秦都西咸数据中心1号楼D301电力电池机房|1#开关电源蓄电池组|第2组|第2组单体7电池电压|1-D301电池室放电电池数据表.xlsx|DC1|DC1,陕西省,咸阳,中国移动西咸数据中心,咸阳秦都西咸数据中心1号楼站点,咸阳秦都西咸数据中心1号楼D301电力电池机房,铅酸电池,1#开关电源蓄电池组,单体XX电压,第2组单体7电池电压,2025-07-08T01:16:31,2.014,V,1-D301电池室放电电池数据表.xlsx,DC1,2.014,第2组,DC1,7,1467.0,False,2.014,2.263,-0.6317757554192608,0,False,False,False,0.42338984300157634,0.7462788472531251,6,-0.7338878796846817,-0.6276581185646523,0.14107730365738458,-0.044848240398922226,1.0763127160481123,0.060072815533980584,7,False,0.9316202690450262,True,False
咸阳秦都西咸数据中心1号楼D303电力电池机房|6#开关电源蓄电池组|第2组|第2组单体3电池电压|1-D303电池室放电电池数据表.xlsx|DC6|DC6,陕西省,咸阳,中国移动西咸数据中心,咸阳秦都西咸数据中心1号楼站点,咸阳秦都西咸数据中心1号楼D303电力电池机房,铅酸电池,6#开关电源蓄电池组,单体XX电压,第2组单体3电池电压,2025-07-10T02:30:26,1.973,V,1-D303电池室放电电池数据表.xlsx,DC6,1.973,第2组,DC6,12,10981.0,False,1.854,2.374,-1.463187159028402,0,False,False,False,0.42235777180352324,3.407908579439012,-7,2.2234698628096377,0.65742641734118,0.928854119430041,0.2445853652790753,1.0763127160481123,0.060072815533980584,7,False,-0.26477350767752666,False,False
咸阳秦都西咸数据中心1号楼D303电力电池机房|1#开关电源蓄电池组|第2组|第2组单体2电池电压|1-D303电池室放电电池数据表.xlsx|DC1|DC1,陕西省,咸阳,中国移动西咸数据中心,咸阳秦都西咸数据中心1号楼站点,咸阳秦都西咸数据中心1号楼D303电力电池机房,铅酸电池,1#开关电源蓄电池组,单体XX电压,第2组单体2电池电压,2025-07-10T00:27:50,2.217,V,1-D303电池室放电电池数据表.xlsx,DC1,2.217,第2组,DC1,11,1748.0,False,1.98,2.303,-0.4926182404351991,0,False,False,False,0.422015383186815,1.703248150135068,1,-0.34072116055897067,-0.07363862227790266,-1.5685988313539596,-0.47388669182198495,1.0763127160481123,0.060072815533980584,7,False,0.9915014429581581,True,False
咸阳秦都西咸数据中心1号楼D301电力电池机房|2#开关电源蓄电池组|第1组|第1组单体12电池电压|1-D301电池室放电电池数据表.xlsx|DC2|DC2,陕西省,咸阳,中国移动西咸数据中心,咸阳秦都西咸数据中心1号楼站点,咸阳秦都西咸数据中心1号楼D301电力电池机房,铅酸电池,2#开关电源蓄电池组,单体XX电压,第1组单体12电池电压,2025-07-08T01:33:33,2.176,V,1-D301电池室放电电池数据表.xlsx,DC2,2.176,第1组,DC2,7,1367.0,False,2.124,2.407,0.05634917733690281,0,False,False,False,0.41908545839239697,1.313424117118052,4,-1.8757417352480819,0.37182814730733116,-0.3464808520957654,-0.06115799350920616,1.0763127160481123,0.060072815533980584,7,False,0.9365914711748473,True,False
咸阳秦都西咸数据中心1号楼J301电力电池机房|14#开关电源蓄电池组|第1组|第1组单体24电池电压|1-J301电池室放电电池数据表.xlsx|DC14|DC14,陕西省,咸阳,中国移动西咸数据中心,咸阳秦都西咸数据中心1号楼站点,咸阳秦都西咸数据中心1号楼J301电力电池机房,铅酸电池,14#开关电源蓄电池组,单体XX电压,第1组单体24电池电压,2025-07-08T03:28:50,2.074,V,1-J301电池室放电电池数据表.xlsx,DC14,2.074,第1组,DC14,7,523.0,True,2.074,2.388,0.1675368160205304,0,False,False,False,0.41873368488661655,1.171839789217694,-7,-1.107134665075541,0.5787664151622229,0.6661109573304054,-0.48814709431844117,1.0763127160481123,0.060072815533980584,7,False,0.44813823204083986,False,False
咸阳秦都西咸数据中心1号楼J301电力电池机房|04#开关电源蓄电池组|第2组|第2组单体19电池电压|1-J301电池室放电电池数据表.xlsx|DC4|DC4,陕西省,咸阳,中国移动西咸数据中心,咸阳秦都西咸数据中心1号楼站点,咸阳秦都西咸数据中心1号楼J301电力电池机房,铅酸电池,04#开关电源蓄电池组,单体XX电压,第2组单体19电池电压,2025-07-09T03:05:56,2.492,V,1-J301电池室放电电池数据表.xlsx,DC4,2.492,第2组,DC4,22,9383.0,False,2.033,2.498,-0.8043088571338066,0,False,False,False,0.4184029594841855,1.676449252807558,7,-0.7167380174989407,1.095159631909121,0.9230885172187042,-0.5225676194478408,1.0763127160481123,0.060072815533980584,7,False,-0.3885423201427194,False,False
咸阳秦都西咸数据中心1号楼D301电力电池机房|4#开关电源蓄电池组|第2组|第2组单体6电池电压|1-D301电池室放电电池数据表.xlsx|DC4|DC4,陕西省,咸阳,中国移动西咸数据中心,咸阳秦都西咸数据中心1号楼站点,咸阳秦都西咸数据中心1号楼D301电力电池机房,铅酸电池,4#开关电源蓄电池组,单体XX电压,第2组单体6电池电压,2025-07-08T02:17:21,2.271,V,1-D301电池室放电电池数据表.xlsx,DC4,2.271,第2组,DC4,6,1367.0,False,2.1,2.271,-0.16490968706499798,0,False,False,False,0.4162079167835146,1.5025354631203605,4,-2.144179083497262,0.14124749225804975,-0.38145047161407775,-0.10468627723780591,1.0763127160481123,0.060072815533980584,7,False,0.7390439891477167,False,False
咸阳秦都西咸数据中心1号楼J301电力电池机房|14#开关电源蓄电池组|第2组|第2组单体22电池电压|1-J301电池室放电电池数据表.xlsx|DC14|DC14,陕西省,咸阳,中国移动西咸数据中心,咸阳秦都西咸数据中心1号楼站点,咸阳秦都西咸数据中心1号楼J301电力电池机房,铅酸电池,14#开关电源蓄电池组,单体XX电压,第2组单体22电池电压,2025-07-08T03:45:07,2.243,V,1-J301电池室放电电池数据表.xlsx,DC14,2.243,第2组,DC14,8,1500.0,False,2.114,2.52,-0.19051135771813615,0,False,False,False,0.4159160118663495,1.1302097033707823,-7,0.0985155032281424,0.3465164199312776,0.6702702016923339,-0.14275633031506435,1.0763127160481123,0.060072815533980584,7,False,0.8471902041021261,False,False
咸阳秦都西咸数据中心1号楼J301电力电池机房|07#开关电源蓄电池组|第1组|第1组单体9电池电压|1-J301电池室放电电池数据表.xlsx|DC7|DC7,陕西省,咸阳,中国移动西咸数据中心,咸阳秦都西咸数据中心1号楼站点,咸阳秦都西咸数据中心1号楼J301电力电池机房,铅酸电池,07#开关电源蓄电池组,单体XX电压,第1组单体9电池电压,2025-07-09T00:15:41,2.3,V,1-J301电池室放电电池数据表.xlsx,DC7,2.3,第1组,DC7,7,5476.0,True,1.894,2.316,-0.1377362663044409,0,False,False,False,0.4149839067382698,1.2858656518116751,-7,0.13785482367683677,0.4512089341310811,0.7664301922709107,0.320139623860086,1.0763127160481123,0.060072815533980584,7,False,0.7085511674551026,False,False
咸阳秦都西咸数据中心1号楼D301电力电池机房|1#开关电源蓄电池组|第1组|第1组单体7电池电压|1-D301电池室放电电池数据表.xlsx|DC1|DC1,陕西省,咸阳,中国移动西咸数据中心,咸阳秦都西咸数据中心1号楼站点,咸阳秦都西咸数据中心1号楼D301电力电池机房,铅酸电池,1#开关电源蓄电池组,单体XX电压,第1组单体7电池电压,2025-07-08T01:34:57,2.063,V,1-D301电池室放电电池数据表.xlsx,DC1,2.063,第1组,DC1,10,1450.0,False,2.024,2.287,-0.5006682144716601,0,False,False,False,0.41430932175404267,1.053444960529168,3,-0.8294454638002544,-0.2783600977543987,-0.8914745618975308,-0.391909331968344,1.0763127160481123,0.060072815533980584,7,False,0.9533259329287511,True,False
咸阳秦都西咸数据中心1号楼D203电力电池机房|8#开关电源蓄电池组|第1组|第1组单体22电池电压|1-D203电池室放电电池数据表.xlsx|DC8|DC8,陕西省,咸阳,中国移动西咸数据中心,咸阳秦都西咸数据中心1号楼站点,咸阳秦都西咸数据中心1号楼D203电力电池机房,铅酸电池,8#开关电源蓄电池组,单体XX电压,第1组单体22电池电压,2025-07-11T00:00:53,2.209,V,1-D203电池室放电电池数据表.xlsx,DC8,2.209,第1组,DC8,6,8169.0,True,2.01,2.212,0.5913226923634309,0,False,False,False,0.4140207090679716,2.1889694747992263,7,-2.5602023098410225,0.44876921305801765,0.6544525577094421,-0.24022960200840335,1.0763127160481123,0.060072815533980584,7,False,-0.6044842044183865,False,False
咸阳秦都西咸数据中心1号楼J301电力电池机房|03#开关电源蓄电池组|第1组|第1组单体17电池电压|1-J301电池室放电电池数据表.xlsx|DC3|DC3,陕西省,咸阳,中国移动西咸数据中心,咸阳秦都西咸数据中心1号楼站点,咸阳秦都西咸数据中心1号楼J301电力电池机房,铅酸电池,03#开关电源蓄电池组,单体XX电压,第1组单体17电池电压,2025-07-09T00:44:55,2.084,V,1-J301电池室放电电池数据表.xlsx,DC3,2.084,第1组,DC3,7,1185.0,True,1.824,2.19,0.8817521970355178,0,False,False,False,0.41113635361403056,1.520182979736943,-7,-0.8627899201989143,-0.8546728852046237,0.1334128128982373,-0.6672668526900265,1.0763127160481123,0.060072815533980584,7,False,-0.8635651191866273,False,False
咸阳秦都西咸数据中心1号楼J301电力电池机房|03#开关电源蓄电池组|第2组|第2组单体16电池电压|1-J301电池室放电电池数据表.xlsx|DC3|DC3,陕西省,咸阳,中国移动西咸数据中心,咸阳秦都西咸数据中心1号楼站点,咸阳秦都西咸数据中心1号楼J301电力电池机房,铅酸电池,03#开关电源蓄电池组,单体XX电压,第2组单体16电池电压,2025-07-09T00:14:34,2.145,V,1-J301电池室放电电池数据表.xlsx,DC3,2.145,第2组,DC3,10,1940.0,False,1.803,2.243,0.5769337678866788,0,False,False,False,0.41077340805202683,1.400624409696777,7,-0.05229655865883254,-0.7151519687401582,0.39229981527833235,0.5828777806000378,1.0763127160481123,0.060072815533980584,7,False,0.9925764066335824,True,False
咸阳秦都西咸数据中心1号楼D303电力电池机房|1#开关电源蓄电池组|第1组|第1组单体1电池电压|1-D303电池室放电电池数据表.xlsx|DC1|DC1,陕西省,咸阳,中国移动西咸数据中心,咸阳秦都西咸数据中心1号楼站点,咸阳秦都西咸数据中心1号楼D303电力电池机房,铅酸电池,1#开关电源蓄电池组,单体XX电压,第1组单体1电池电压,2025-07-10T00:27:37,2.064,V,1-D303电池室放电电池数据表.xlsx,DC1,2.064,第1组,DC1,10,1916.0,False,1.992,2.271,-0.4140779875869768,0,False,False,False,0.41000357533991316,0.6575093961668408,6,-0.6724741638468852,-0.3686819767336058,0.10834155218606656,-0.5081593571302544,1.0763127160481123,0.060072815533980584,7,False,0.9382404594607067,True,False
咸阳秦都西咸数据中心1号楼J301电力电池机房|09#开关电源蓄电池组|第1组|第1组单体14电池电压|1-J301电池室放电电池数据表.xlsx|DC9|DC9,陕西省,咸阳,中国移动西咸数据中心,咸阳秦都西咸数据中心1号楼站点,咸阳秦都西咸数据中心1号楼J301电力电池机房,铅酸电池,09#开关电源蓄电池组,单体XX电压,第1组单体14电池电压,2025-07-09T02:13:20,2.065,V,1-J301电池室放电电池数据表.xlsx,DC9,2.065,第1组,DC9,11,2991.0,False,2.0,2.355,-0.39376351817596944,0,False,False,False,0.40989268621566477,0.6541101118994771,4,-0.36812665408550127,-0.04541912959661251,-0.4730659434653768,-0.22599829618201245,1.0763127160481123,0.060072815533980584,7,False,0.44920647625051646,False,False
咸阳秦都西咸数据中心1号楼J301电力电池机房|05#开关电源蓄电池组|第1组|第1组单体23电池电压|1-J301电池室放电电池数据表.xlsx|DC5|DC5,陕西省,咸阳,中国移动西咸数据中心,咸阳秦都西咸数据中心1号楼站点,咸阳秦都西咸数据中心1号楼J301电力电池机房,铅酸电池,05#开关电源蓄电池组,单体XX电压,第1组单体23电池电压,2025-07-09T01:11:35,1.869,V,1-J301电池室放电电池数据表.xlsx,DC5,1.869,第1组,DC5,11,7782.0,False,1.792,2.177,-0.3483959814913487,0,False,False,False,0.4098057798457773,1.1863976623238823,-7,0.03577015533745953,-0.2771621868807891,0.6395193155046967,0.6097796516203725,1.0763127160481123,0.060072815533980584,7,False,0.9565130378641221,True,False
咸阳秦都西咸数据中心1号楼J301电力电池机房|13#开关电源蓄电池组|第2组|第2组单体1电池电压|1-J301电池室放电电池数据表.xlsx|DC13|DC13,陕西省,咸阳,中国移动西咸数据中心,咸阳秦都西咸数据中心1号楼站点,咸阳秦都西咸数据中心1号楼J301电力电池机房,铅酸电池,13#开关电源蓄电池组,单体XX电压,第2组单体1电池电压,2025-07-08T03:21:02,2.118,V,1-J301电池室放电电池数据表.xlsx,DC13,2.118,第2组,DC13,8,1308.0,False,1.974,2.283,-0.7495375714052965,0,False,False,False,0.40974886009514017,1.5673662499719918,2,-0.17724741136220268,-0.5916728119701543,-1.1872572235744088,0.4172378238747346,1.0763127160481123,0.060072815533980584,7,False,0.49386145636710777,False,False
咸阳秦都西咸数据中心1号楼D203电力电池机房|6#开关电源蓄电池组|第2组|第2组单体3电池电压|1-D203电池室放电电池数据表.xlsx|DC6|DC6,陕西省,咸阳,中国移动西咸数据中心,咸阳秦都西咸数据中心1号楼站点,咸阳秦都西咸数据中心1号楼D203电力电池机房,铅酸电池,6#开关电源蓄电池组,单体XX电压,第2组单体3电池电压,2025-07-11T01:40:55,2.186,V,1-D203电池室放电电池数据表.xlsx,DC6,2.186,第2组,DC6,13,6683.0,False,1.789,2.186,1.5547558409687696,0,False,False,False,0.40915336783964207,2.0791372514503133,7,-1.5893631133368977,0.4118279857460251,0.5158283895163709,-0.07680356367223884,1.0763127160481123,0.060072815533980584,7,False,0.3700942828047174,False,False
咸阳秦都西咸数据中心1号楼D303电力电池机房|1#开关电源蓄电池组|第2组|第2组单体15电池电压|1-D303电池室放电电池数据表.xlsx|DC1|DC1,陕西省,咸阳,中国移动西咸数据中心,咸阳秦都西咸数据中心1号楼站点,咸阳秦都西咸数据中心1号楼D303电力电池机房,铅酸电池,1#开关电源蓄电池组,单体XX电压,第2组单体15电池电压,2025-07-10T00:06:45,1.962,V,1-D303电池室放电电池数据表.xlsx,DC1,1.962,第2组,DC1,9,1916.0,False,1.962,2.235,-0.2858585329464354,0,False,False,False,0.4089254266654106,0.6805745971779398,6,-0.7965503088744623,-0.6179600629139422,0.053505383602428847,-0.3311820105097092,1.0763127160481123,0.060072815533980584,7,False,0.965610593714029,True,False
咸阳秦都西咸数据中心1号楼D203电力电池机房|4#开关电源蓄电池组|第2组|第2组单体19电池电压|1-D203电池室放电电池数据表.xlsx|DC4|DC4,陕西省,咸阳,中国移动西咸数据中心,咸阳秦都西咸数据中心1号楼站点,咸阳秦都西咸数据中心1号楼D203电力电池机房,铅酸电池,4#开关电源蓄电池组,单体XX电压,第2组单体19电池电压,2025-07-11T00:00:52,2.274,V,1-D203电池室放电电池数据表.xlsx,DC4,2.274,第2组,DC4,8,7148.0,False,2.03,2.276,-0.7603524906955612,0,False,False,False,0.4079971287940799,1.200486123749461,-3,-1.0383254942613789,0.642531285479686,-0.5980821251279445,-0.42493434377078176,1.0763127160481123,0.060072815533980584,7,False,0.8879169132662613,False,False
咸阳秦都西咸数据中心1号楼D301电力电池机房|1#开关电源蓄电池组|第1组|第1组单体21电池电压|1-D301电池室放电电池数据表.xlsx|DC1|DC1,陕西省,咸阳,中国移动西咸数据中心,咸阳秦都西咸数据中心1号楼站点,咸阳秦都西咸数据中心1号楼D301电力电池机房,铅酸电池,1#开关电源蓄电池组,单体XX电压,第1组单体21电池电压,2025-07-08T01:35:02,2.225,V,1-D301电池室放电电池数据表.xlsx,DC1,2.225,第1组,DC1,7,1502.0,False,2.103,2.275,-0.36388202029978084,0,False,False,False,0.4078231150451467,1.2132862885997484,6,-1.8233242688315119,-0.10033489287828835,0.23299065332562774,-0.36194500663059714,1.0763127160481123,0.060072815533980584,7,False,0.8702669670922988,False,False
咸阳秦都西咸数据中心1号楼D303电力电池机房|1#开关电源蓄电池组|第1组|第1组单体22电池电压|1-D303电池室放电电池数据表.xlsx|DC1|DC1,陕西省,咸阳,中国移动西咸数据中心,咸阳秦都西咸数据中心1号楼站点,咸阳秦都西咸数据中心1号楼D303电力电池机房,铅酸电池,1#开关电源蓄电池组,单体XX电压,第1组单体22电池电压,2025-07-10T00:28:48,2.237,V,1-D303电池室放电电池数据表.xlsx,DC1,2.237,第1组,DC1,10,1726.0,False,2.002,2.337,-0.645732251022991,0,False,False,False,0.40777025808609,1.3119465505287624,-2,-0.15127952244511444,0.06128388844732788,-1.0965113032772003,-0.06573457213153128,1.0763127160481123,0.060072815533980584,7,False,0.8797301943175365,False,False
咸阳秦都西咸数据中心2号楼J301电力电池机房|01#开关电源蓄电池组|第1组|第1组单体20电池电压|2-J301电池室放电电池数据表.xlsx|DC1|DC1,陕西省,咸阳,中国移动西咸数据中心,咸阳秦都西咸数据中心2号楼站点,咸阳秦都西咸数据中心2号楼J301电力电池机房,铅酸电池,01#开关电源蓄电池组,单体XX电压,第1组单体20电池电压,2025-07-11T03:14:25,2.175,V,2-J301电池室放电电池数据表.xlsx,DC1,2.175,第1组,DC1,13,1294.0,False,1.984,2.356,-0.08934615328308493,0,False,False,False,0.40693629042516244,0.9415142035257764,7,-0.0718664858381981,-0.5732473747091855,0.4336012213470198,0.04358866670263914,1.0763127160481123,0.060072815533980584,7,False,0.8603720827268072,False,False
咸阳秦都西咸数据中心1号楼D201电力电池机房|4#开关电源蓄电池组|第1组|第1组单体4电池电压|1-D201电池室放电电池数据表.xlsx|DC4|DC4,陕西省,咸阳,中国移动西咸数据中心,咸阳秦都西咸数据中心1号楼站点,咸阳秦都西咸数据中心1号楼D201电力电池机房,铅酸电池,4#开关电源蓄电池组,单体XX电压,第1组单体4电池电压,2025-07-08T00:48:10,2.263,V,1-D201电池室放电电池数据表.xlsx,DC4,2.263,第1组,DC4,11,1287.0,False,1.987,2.317,-0.4620629438249747,0,False,False,False,0.40638722981463093,0.7425058221077083,5,-0.2709034767884506,-0.5332919097348227,-0.193129286796218,0.12844856761842569,1.0763127160481123,0.060072815533980584,7,False,0.7186236362856847,False,False
咸阳秦都西咸数据中心1号楼D203电力电池机房|2#开关电源蓄电池组|第1组|第1组单体21电池电压|1-D203电池室放电电池数据表.xlsx|DC2|DC2,陕西省,咸阳,中国移动西咸数据中心,咸阳秦都西咸数据中心1号楼站点,咸阳秦都西咸数据中心1号楼D203电力电池机房,铅酸电池,2#开关电源蓄电池组,单体XX电压,第1组单体21电池电压,2025-07-11T00:26:09,1.966,V,1-D203电池室放电电池数据表.xlsx,DC2,1.966,第1组,DC2,8,1139.0,True,1.675,2.07,1.3728293510103344,0,False,False,False,0.4055900042374049,1.9184656264318356,7,-1.034363383838858,-1.0941126274869437,0.1191410155272255,0.0320131642204963,1.0763127160481123,0.060072815533980584,7,False,0.7948351283315243,False,False
咸阳秦都西咸数据中心1号楼D203电力电池机房|8#开关电源蓄电池组|第2组|第2组单体17电池电压|1-D203电池室放电电池数据表.xlsx|DC8|DC8,陕西省,咸阳,中国移动西咸数据中心,咸阳秦都西咸数据中心1号楼站点,咸阳秦都西咸数据中心1号楼D203电力电池机房,铅酸电池,8#开关电源蓄电池组,单体XX电压,第2组单体17电池电压,2025-07-11T02:00:01,2.288,V,1-D203电池室放电电池数据表.xlsx,DC8,2.288,第2组,DC8,7,9501.0,False,2.023,2.288,-0.8575037903056473,0,False,False,False,0.40542966431789673,1.4683167442598453,-2,-0.8372962260268566,0.8245043326827699,-0.8884657262461535,-0.3964726997511767,1.0763127160481123,0.060072815533980584,7,False,0.9770769446232964,True,False
咸阳秦都西咸数据中心1号楼J301电力电池机房|14#开关电源蓄电池组|第1组|第1组单体20电池电压|1-J301电池室放电电池数据表.xlsx|DC14|DC14,陕西省,咸阳,中国移动西咸数据中心,咸阳秦都西咸数据中心1号楼站点,咸阳秦都西咸数据中心1号楼J301电力电池机房,铅酸电池,14#开关电源蓄电池组,单体XX电压,第1组单体20电池电压,2025-07-08T03:44:58,2.205,V,1-J301电池室放电电池数据表.xlsx,DC14,2.205,第1组,DC14,10,1526.0,False,1.93,2.33,0.002941448543399061,0,False,False,False,0.4052777373109726,1.0239936731875072,7,0.08256902674515287,-0.4219085643132977,0.4096152479916966,-0.2651744218918492,1.0763127160481123,0.060072815533980584,7,False,0.2296899932410555,False,False
咸阳秦都西咸数据中心1号楼J301电力电池机房|11#开关电源蓄电池组|第1组|第1组单体24电池电压|1-J301电池室放电电池数据表.xlsx|DC11|DC11,陕西省,咸阳,中国移动西咸数据中心,咸阳秦都西咸数据中心1号楼站点,咸阳秦都西咸数据中心1号楼J301电力电池机房,铅酸电池,11#开关电源蓄电池组,单体XX电压,第1组单体24电池电压,2025-07-08T02:32:47,1.999,V,1-J301电池室放电电池数据表.xlsx,DC11,1.999,第1组,DC11,9,3061.0,False,1.948,2.252,-0.41054752864105765,0,False,False,False,0.40423501898157815,0.9428390055840652,7,-0.4425370567763922,-0.30339144254494876,0.4410836258309117,-0.7056830487015009,1.0763127160481123,0.060072815533980584,7,False,0.11242950660457872,False,False
咸阳秦都西咸数据中心1号楼J301电力电池机房|04#开关电源蓄电池组|第2组|第2组单体20电池电压|1-J301电池室放电电池数据表.xlsx|DC4|DC4,陕西省,咸阳,中国移动西咸数据中心,咸阳秦都西咸数据中心1号楼站点,咸阳秦都西咸数据中心1号楼J301电力电池机房,铅酸电池,04#开关电源蓄电池组,单体XX电压,第2组单体20电池电压,2025-07-09T00:48:57,2.013,V,1-J301电池室放电电池数据表.xlsx,DC4,2.013,第2组,DC4,11,8074.0,False,1.733,2.271,1.237086660527509,0,False,False,False,0.4031899871190229,1.7847741002806583,-7,-1.151180733478756,0.6304548297947283,0.5527780893000439,-0.4115943776973874,1.0763127160481123,0.060072815533980584,7,False,0.8753328576884082,False,False
咸阳秦都西咸数据中心1号楼J301电力电池机房|02#开关电源蓄电池组|第2组|第2组单体15电池电压|1-J301电池室放电电池数据表.xlsx|DC2|DC2,陕西省,咸阳,中国移动西咸数据中心,咸阳秦都西咸数据中心1号楼站点,咸阳秦都西咸数据中心1号楼J301电力电池机房,铅酸电池,02#开关电源蓄电池组,单体XX电压,第2组单体15电池电压,2025-07-09T02:25:32,2.33,V,1-J301电池室放电电池数据表.xlsx,DC2,2.33,第2组,DC2,8,7095.0,True,1.865,2.33,1.0413986559820385,0,False,False,False,0.4029316347515025,2.5625528653601704,-1,-1.45427601515596,1.7312741586032074,-1.1573344214580892,-0.0026909751308479835,1.0763127160481123,0.060072815533980584,7,False,0.8802034936142317,False,False
咸阳秦都西咸数据中心1号楼D203电力电池机房|6#开关电源蓄电池组|第1组|第1组单体19电池电压|1-D203电池室放电电池数据表.xlsx|DC6|DC6,陕西省,咸阳,中国移动西咸数据中心,咸阳秦都西咸数据中心1号楼站点,咸阳秦都西咸数据中心1号楼D203电力电池机房,铅酸电池,6#开关电源蓄电池组,单体XX电压,第1组单体19电池电压,2025-07-11T01:52:02,2.129,V,1-D203电池室放电电池数据表.xlsx,DC6,2.129,第1组,DC6,8,6683.0,False,1.938,2.257,1.2141788758741254,0,False,False,False,0.4027333981159854,1.9843910219126577,7,-2.009755605421733,0.07789210031064522,0.47539258482435653,-0.09867862701125293,1.0763127160481123,0.060072815533980584,7,False,-0.5675940472377503,False,False
咸阳秦都西咸数据中心1号楼J301电力电池机房|03#开关电源蓄电池组|第2组|第2组单体18电池电压|1-J301电池室放电电池数据表.xlsx|DC3|DC3,陕西省,咸阳,中国移动西咸数据中心,咸阳秦都西咸数据中心1号楼站点,咸阳秦都西咸数据中心1号楼J301电力电池机房,铅酸电池,03#开关电源蓄电池组,单体XX电压,第2组单体18电池电压,2025-07-09T00:14:34,2.208,V,1-J301电池室放电电池数据表.xlsx,DC3,2.208,第2组,DC3,12,1940.0,False,1.754,2.249,0.47839479298897064,0,False,False,False,0.40132968954581383,1.6023568549159775,7,0.4545326386287927,-0.5361564205262545,0.4407531395566987,0.5791702278491855,1.0763127160481123,0.060072815533980584,7,False,0.989070646229207,True,False
咸阳秦都西咸数据中心1号楼D203电力电池机房|6#开关电源蓄电池组|第2组|第2组单体23电池电压|1-D203电池室放电电池数据表.xlsx|DC6|DC6,陕西省,咸阳,中国移动西咸数据中心,咸阳秦都西咸数据中心1号楼站点,咸阳秦都西咸数据中心1号楼D203电力电池机房,铅酸电池,6#开关电源蓄电池组,单体XX电压,第2组单体23电池电压,2025-07-11T01:40:55,2.187,V,1-D203电池室放电电池数据表.xlsx,DC6,2.187,第2组,DC6,11,6683.0,False,1.779,2.233,1.808260802524556,0,False,False,False,0.4006931353075571,2.2248528754609485,7,-1.3058031312626384,0.5179309810022749,0.5089989535421106,-0.04666294179521624,1.0763127160481123,0.060072815533980584,7,False,0.3700942828047174,False,False
咸阳秦都西咸数据中心1号楼J301电力电池机房|03#开关电源蓄电池组|第2组|第2组单体10电池电压|1-J301电池室放电电池数据表.xlsx|DC3|DC3,陕西省,咸阳,中国移动西咸数据中心,咸阳秦都西咸数据中心1号楼站点,咸阳秦都西咸数据中心1号楼J301电力电池机房,铅酸电池,03#开关电源蓄电池组,单体XX电压,第2组单体10电池电压,2025-07-09T00:31:21,1.868,V,1-J301电池室放电电池数据表.xlsx,DC3,1.868,第2组,DC3,7,1865.0,True,1.731,2.179,1.044362916523172,0,False,False,False,0.3991203511242858,1.662322092816874,7,-0.21904944120402692,-0.9413786594709794,0.11082719098110194,-0.4116481180678049,1.0763127160481123,0.060072815533980584,7,False,0.948052788805188,True,False
咸阳秦都西咸数据中心1号楼D303电力电池机房|6#开关电源蓄电池组|第2组|第2组单体8电池电压|1-D303电池室放电电池数据表.xlsx|DC6|DC6,陕西省,咸阳,中国移动西咸数据中心,咸阳秦都西咸数据中心1号楼站点,咸阳秦都西咸数据中心1号楼D303电力电池机房,铅酸电池,6#开关电源蓄电池组,单体XX电压,第2组单体8电池电压,2025-07-10T02:09:13,2.199,V,1-D303电池室放电电池数据表.xlsx,DC6,2.199,第2组,DC6,17,9513.0,False,2.011,2.301,-0.6850455535401245,0,False,False,False,0.39874659593107353,0.7339198565054477,4,-0.9243849181130769,0.33312713100520075,-0.2984750985195238,-0.13831607043033625,1.0763127160481123,0.060072815533980584,7,False,-0.24897053405287226,False,False
咸阳秦都西咸数据中心1号楼D203电力电池机房|7#开关电源蓄电池组|第2组|第2组单体18电池电压|1-D203电池室放电电池数据表.xlsx|DC7|DC7,陕西省,咸阳,中国移动西咸数据中心,咸阳秦都西咸数据中心1号楼站点,咸阳秦都西咸数据中心1号楼D203电力电池机房,铅酸电池,7#开关电源蓄电池组,单体XX电压,第2组单体18电池电压,2025-07-11T00:00:54,2.328,V,1-D203电池室放电电池数据表.xlsx,DC7,2.328,第2组,DC7,9,8146.0,False,2.044,2.328,-1.3250740556314504,0,False,False,False,0.3987272993383145,1.6202826205234417,-3,-0.3050730144441456,0.9484766495644679,-0.3408802016038275,0.2998876993083419,1.0763127160481123,0.060072815533980584,7,False,0.9152099144577981,False,False
咸阳秦都西咸数据中心1号楼J301电力电池机房|08#开关电源蓄电池组|第1组|第1组单体24电池电压|1-J301电池室放电电池数据表.xlsx|DC8|DC8,陕西省,咸阳,中国移动西咸数据中心,咸阳秦都西咸数据中心1号楼站点,咸阳秦都西咸数据中心1号楼J301电力电池机房,铅酸电池,08#开关电源蓄电池组,单体XX电压,第1组单体24电池电压,2025-07-09T00:15:41,2.219,V,1-J301电池室放电电池数据表.xlsx,DC8,2.219,第1组,DC8,11,9862.0,False,1.926,2.229,-1.348736631905095,0,False,False,False,0.39840965620680713,2.1187221365107622,0,-0.073099030650706,0.6153378502844834,-1.4933717643385593,0.32613393161579063,1.0763127160481123,0.060072815533980584,7,False,0.15181589962375905,False,False
咸阳秦都西咸数据中心1号楼J301电力电池机房|11#开关电源蓄电池组|第2组|第2组单体23电池电压|1-J301电池室放电电池数据表.xlsx|DC11|DC11,陕西省,咸阳,中国移动西咸数据中心,咸阳秦都西咸数据中心1号楼站点,咸阳秦都西咸数据中心1号楼J301电力电池机房,铅酸电池,11#开关电源蓄电池组,单体XX电压,第2组单体23电池电压,2025-07-08T02:20:34,2.041,V,1-J301电池室放电电池数据表.xlsx,DC11,2.041,第2组,DC11,6,1439.0,True,2.041,2.244,0.018541491538092314,0,False,False,False,0.39829529801574426,1.2416263107380514,5,-1.8993888386927629,-0.18923841376580533,-0.1608108376937769,-0.15863313899856846,1.0763127160481123,0.060072815533980584,7,False,0.41262116021804224,False,False
咸阳秦都西咸数据中心1号楼J301电力电池机房|11#开关电源蓄电池组|第1组|第1组单体20电池电压|1-J301电池室放电电池数据表.xlsx|DC11|DC11,陕西省,咸阳,中国移动西咸数据中心,咸阳秦都西咸数据中心1号楼站点,咸阳秦都西咸数据中心1号楼J301电力电池机房,铅酸电池,11#开关电源蓄电池组,单体XX电压,第1组单体20电池电压,2025-07-08T02:37:43,2.15,V,1-J301电池室放电电池数据表.xlsx,DC11,2.15,第1组,DC11,14,1308.0,False,2.043,2.474,-0.2638893004742883,0,False,False,False,0.3981171990789298,1.3632246857833275,7,0.535276693739632,-0.19125564309821444,0.5218664606165125,-0.11107789267245446,1.0763127160481123,0.060072815533980584,7,False,0.8351242859028474,False,False
咸阳秦都西咸数据中心1号楼D203电力电池机房|3#开关电源蓄电池组|第2组|第2组单体21电池电压|1-D203电池室放电电池数据表.xlsx|DC3|DC3,陕西省,咸阳,中国移动西咸数据中心,咸阳秦都西咸数据中心1号楼站点,咸阳秦都西咸数据中心1号楼D203电力电池机房,铅酸电池,3#开关电源蓄电池组,单体XX电压,第2组单体21电池电压,2025-07-11T01:13:08,2.092,V,1-D203电池室放电电池数据表.xlsx,DC3,2.092,第2组,DC3,13,7151.0,False,2.079,2.369,-1.4183140483385104,0,False,False,False,0.39801316046686364,1.7737357379651344,6,-0.05999212087628303,0.8200406754142135,0.6686436529696613,0.1780524346116347,1.0763127160481123,0.060072815533980584,7,False,0.9426776335341162,True,False
咸阳秦都西咸数据中心1号楼J301电力电池机房|13#开关电源蓄电池组|第1组|第1组单体24电池电压|1-J301电池室放电电池数据表.xlsx|DC13|DC13,陕西省,咸阳,中国移动西咸数据中心,咸阳秦都西咸数据中心1号楼站点,咸阳秦都西咸数据中心1号楼J301电力电池机房,铅酸电池,13#开关电源蓄电池组,单体XX电压,第1组单体24电池电压,2025-07-08T03:00:58,2.022,V,1-J301电池室放电电池数据表.xlsx,DC13,2.022,第1组,DC13,7,1308.0,False,2.022,2.26,-0.6182439385129035,0,False,False,False,0.3977872927040721,0.9893261673010268,3,-1.0203420114879829,-0.2970114880672952,-0.785414070904799,0.16703759285012895,1.0763127160481123,0.060072815533980584,7,False,0.5649899221486598,False,False
咸阳秦都西咸数据中心1号楼J301电力电池机房|14#开关电源蓄电池组|第2组|第2组单体23电池电压|1-J301电池室放电电池数据表.xlsx|DC14|DC14,陕西省,咸阳,中国移动西咸数据中心,咸阳秦都西咸数据中心1号楼站点,咸阳秦都西咸数据中心1号楼J301电力电池机房,铅酸电池,14#开关电源蓄电池组,单体XX电压,第2组单体23电池电压,2025-07-08T03:24:20,2.432,V,1-J301电池室放电电池数据表.xlsx,DC14,2.432,第2组,DC14,8,1517.0,False,2.122,2.462,-0.025779451332654968,0,False,False,False,0.3977537917711508,0.8799508872797424,-7,-0.6203415422606782,0.2963714826839682,0.5958090398964351,-0.5062422549965249,1.0763127160481123,0.060072815533980584,7,False,0.8170178341269979,False,False
咸阳秦都西咸数据中心1号楼J301电力电池机房|01#开关电源蓄电池组|第1组|第1组单体1电池电压|1-J301电池室放电电池数据表.xlsx|DC1|DC1,陕西省,咸阳,中国移动西咸数据中心,咸阳秦都西咸数据中心1号楼站点,咸阳秦都西咸数据中心1号楼J301电力电池机房,铅酸电池,01#开关电源蓄电池组,单体XX电压,第1组单体1电池电压,2025-07-09T00:26:58,1.978,V,1-J301电池室放电电池数据表.xlsx,DC1,1.978,第1组,DC1,14,3263.0,False,1.795,2.245,0.3022276253877472,0,False,False,False,0.39769741024620864,1.2072709668234756,-7,0.26069578991238496,-0.34908846449569664,0.42123091174897787,-0.04405051215322539,1.0763127160481123,0.060072815533980584,7,False,0.9727865497649545,True,False
咸阳秦都西咸数据中心1号楼D301电力电池机房|4#开关电源蓄电池组|第1组|第1组单体12电池电压|1-D301电池室放电电池数据表.xlsx|DC4|DC4,陕西省,咸阳,中国移动西咸数据中心,咸阳秦都西咸数据中心1号楼站点,咸阳秦都西咸数据中心1号楼D301电力电池机房,铅酸电池,4#开关电源蓄电池组,单体XX电压,第1组单体12电池电压,2025-07-08T01:54:38,2.115,V,1-D301电池室放电电池数据表.xlsx,DC4,2.115,第1组,DC4,7,1394.0,False,2.115,2.388,-0.5640738219424144,0,False,False,False,0.3974527954693166,0.8704790035728167,4,-1.3812650205486947,0.19536678277440653,-0.32667488745512885,-0.053927046851740754,1.0763127160481123,0.060072815533980584,7,False,0.949958049166629,True,False
咸阳秦都西咸数据中心1号楼J301电力电池机房|04#开关电源蓄电池组|第1组|第1组单体1电池电压|1-J301电池室放电电池数据表.xlsx|DC4|DC4,陕西省,咸阳,中国移动西咸数据中心,咸阳秦都西咸数据中心1号楼站点,咸阳秦都西咸数据中心1号楼J301电力电池机房,铅酸电池,04#开关电源蓄电池组,单体XX电压,第1组单体1电池电压,2025-07-09T00:48:53,1.892,V,1-J301电池室放电电池数据表.xlsx,DC4,1.892,第1组,DC4,8,5553.0,False,1.813,2.288,0.6217361141845223,0,False,False,False,0.3970727867215215,2.0884396869033,-7,-2.2449734152405383,0.7812813946426038,0.7172449926258944,-0.34956984927316603,1.0763127160481123,0.060072815533980584,7,False,0.3102390018263729,False,False
咸阳秦都西咸数据中心1号楼D203电力电池机房|6#开关电源蓄电池组|第1组|第1组单体15电池电压|1-D203电池室放电电池数据表.xlsx|DC6|DC6,陕西省,咸阳,中国移动西咸数据中心,咸阳秦都西咸数据中心1号楼站点,咸阳秦都西咸数据中心1号楼D203电力电池机房,铅酸电池,6#开关电源蓄电池组,单体XX电压,第1组单体15电池电压,2025-07-11T00:00:53,2.054,V,1-D203电池室放电电池数据表.xlsx,DC6,2.054,第1组,DC6,7,6799.0,True,1.987,2.249,-0.10541675301447467,0,False,False,False,0.3970250546996532,1.9877301997712964,0,-1.3345440672437454,-0.14724903508669884,-1.8851514029114114,0.02514945157458931,1.0763127160481123,0.060072815533980584,7,False,0.34867764287486364,False,False
咸阳秦都西咸数据中心1号楼D203电力电池机房|5#开关电源蓄电池组|第1组|第1组单体11电池电压|1-D203电池室放电电池数据表.xlsx|DC5|DC5,陕西省,咸阳,中国移动西咸数据中心,咸阳秦都西咸数据中心1号楼站点,咸阳秦都西咸数据中心1号楼D203电力电池机房,铅酸电池,5#开关电源蓄电池组,单体XX电压,第1组单体11电池电压,2025-07-11T01:39:01,2.097,V,1-D203电池室放电电池数据表.xlsx,DC5,2.097,第1组,DC5,6,9829.0,False,2.072,2.175,-0.2045829978677231,0,False,False,False,0.39696106613276616,2.1915207140283126,7,-2.779393259229148,-0.23510321669684253,0.5486619329701418,-0.396235513749741,1.0763127160481123,0.060072815533980584,7,False,0.236387028772916,False,False
咸阳秦都西咸数据中心1号楼J301电力电池机房|05#开关电源蓄电池组|第1组|第1组单体20电池电压|1-J301电池室放电电池数据表.xlsx|DC5|DC5,陕西省,咸阳,中国移动西咸数据中心,咸阳秦都西咸数据中心1号楼站点,咸阳秦都西咸数据中心1号楼J301电力电池机房,铅酸电池,05#开关电源蓄电池组,单体XX电压,第1组单体20电池电压,2025-07-09T01:12:22,2.149,V,1-J301电池室放电电池数据表.xlsx,DC5,2.149,第1组,DC5,10,7782.0,False,1.937,2.304,0.8389204046321088,0,False,False,False,0.39599909870546146,1.3964356697119962,-7,-1.2455932521962318,0.3549853767993394,0.5380026587161042,-0.3667918573630192,1.0763127160481123,0.060072815533980584,7,False,0.9262990177357311,True,False
咸阳秦都西咸数据中心1号楼D203电力电池机房|6#开关电源蓄电池组|第1组|第1组单体22电池电压|1-D203电池室放电电池数据表.xlsx|DC6|DC6,陕西省,咸阳,中国移动西咸数据中心,咸阳秦都西咸数据中心1号楼站点,咸阳秦都西咸数据中心1号楼D203电力电池机房,铅酸电池,6#开关电源蓄电池组,单体XX电压,第1组单体22电池电压,2025-07-11T00:00:53,2.171,V,1-D203电池室放电电池数据表.xlsx,DC6,2.171,第1组,DC6,9,6683.0,False,1.771,2.184,1.6191675894997446,0,False,False,False,0.39544377075180104,2.07256593981375,7,-1.4793795137618642,0.35679843884780915,0.4879332382771428,-0.08199619383568296,1.0763127160481123,0.060072815533980584,7,False,-0.5675940472377379,False,False
咸阳秦都西咸数据中心1号楼J301电力电池机房|02#开关电源蓄电池组|第2组|第2组单体10电池电压|1-J301电池室放电电池数据表.xlsx|DC2|DC2,陕西省,咸阳,中国移动西咸数据中心,咸阳秦都西咸数据中心1号楼站点,咸阳秦都西咸数据中心1号楼J301电力电池机房,铅酸电池,02#开关电源蓄电池组,单体XX电压,第2组单体10电池电压,2025-07-09T00:28:37,2.148,V,1-J301电池室放电电池数据表.xlsx,DC2,2.148,第2组,DC2,8,6780.0,True,1.873,2.269,0.7478415467050685,0,False,False,False,0.3949134388603447,2.2491378626745226,-1,-1.6830794791107344,1.248493960777875,-1.2480210926277038,-0.005197028136656068,1.0763127160481123,0.060072815533980584,7,False,0.8525591782282086,False,False
咸阳秦都西咸数据中心1号楼J301电力电池机房|02#开关电源蓄电池组|第1组|第1组单体11电池电压|1-J301电池室放电电池数据表.xlsx|DC2|DC2,陕西省,咸阳,中国移动西咸数据中心,咸阳秦都西咸数据中心1号楼站点,咸阳秦都西咸数据中心1号楼J301电力电池机房,铅酸电池,02#开关电源蓄电池组,单体XX电压,第1组单体11电池电压,2025-07-09T00:28:28,2.06,V,1-J301电池室放电电池数据表.xlsx,DC2,2.06,第1组,DC2,11,7700.0,False,1.847,2.316,-1.3459829334333904,0,False,False,False,0.3939058480205352,2.8117769914301434,7,1.5703139081835327,0.28427195030191443,0.8994386422775318,0.6929496490555944,1.0763127160481123,0.060072815533980584,7,False,0.4899075178189808,False,False
咸阳秦都西咸数据中心1号楼D303电力电池机房|7#开关电源蓄电池组|第1组|第1组单体22电池电压|1-D303电池室放电电池数据表.xlsx|DC7|DC7,陕西省,咸阳,中国移动西咸数据中心,咸阳秦都西咸数据中心1号楼站点,咸阳秦都西咸数据中心1号楼D303电力电池机房,铅酸电池,7#开关电源蓄电池组,单体XX电压,第1组单体22电池电压,2025-07-10T02:56:04,2.2,V,1-D303电池室放电电池数据表.xlsx,DC7,2.2,第1组,DC7,7,10515.0,False,2.071,2.208,-0.8744705118901415,0,False,False,False,0.39371487635762814,1.7782691189735145,-2,-1.993770864857192,0.49635968940045994,-0.8553461130486024,0.16334535310611933,1.0763127160481123,0.060072815533980584,7,False,0.8519613520691273,False,False
咸阳秦都西咸数据中心1号楼D203电力电池机房|5#开关电源蓄电池组|第1组|第1组单体24电池电压|1-D203电池室放电电池数据表.xlsx|DC5|DC5,陕西省,咸阳,中国移动西咸数据中心,咸阳秦都西咸数据中心1号楼站点,咸阳秦都西咸数据中心1号楼D203电力电池机房,铅酸电池,5#开关电源蓄电池组,单体XX电压,第1组单体24电池电压,2025-07-11T00:00:53,2.196,V,1-D203电池室放电电池数据表.xlsx,DC5,2.196,第1组,DC5,7,75.0,True,1.815,2.207,0.998865440897438,0,False,False,False,0.3918168284418767,1.7891027704816989,-7,-0.6136320076033113,-1.2171786118560595,0.0166573531831814,-0.6209135469512119,1.0763127160481123,0.060072815533980584,7,False,0.5808571871977473,False,False
咸阳秦都西咸数据中心1号楼D303电力电池机房|2#开关电源蓄电池组|第2组|第2组单体11电池电压|1-D303电池室放电电池数据表.xlsx|DC2|DC2,陕西省,咸阳,中国移动西咸数据中心,咸阳秦都西咸数据中心1号楼站点,咸阳秦都西咸数据中心1号楼D303电力电池机房,铅酸电池,2#开关电源蓄电池组,单体XX电压,第2组单体11电池电压,2025-07-10T00:00:47,2.268,V,1-D303电池室放电电池数据表.xlsx,DC2,2.268,第2组,DC2,10,3474.0,False,2.036,2.269,-0.7026456732623181,0,False,False,False,0.3912126704979748,1.6829288826955278,1,-1.20931514443441,0.5890735642227516,-1.321963522689928,-0.4217736978327403,1.0763127160481123,0.060072815533980584,7,False,0.9553522248239084,True,False
咸阳秦都西咸数据中心1号楼D301电力电池机房|2#开关电源蓄电池组|第2组|第2组单体8电池电压|1-D301电池室放电电池数据表.xlsx|DC2|DC2,陕西省,咸阳,中国移动西咸数据中心,咸阳秦都西咸数据中心1号楼站点,咸阳秦都西咸数据中心1号楼D301电力电池机房,铅酸电池,2#开关电源蓄电池组,单体XX电压,第2组单体8电池电压,2025-07-08T01:34:08,2.096,V,1-D301电池室放电电池数据表.xlsx,DC2,2.096,第2组,DC2,6,1332.0,False,2.096,2.346,0.08150002497294445,0,False,False,False,0.39096813479166226,1.2033305020891512,4,-1.7764421539198714,0.22256515348133057,-0.3937688139201747,-0.05664931343613967,1.0763127160481123,0.060072815533980584,7,False,0.8072961060367546,False,False
咸阳秦都西咸数据中心1号楼J301电力电池机房|13#开关电源蓄电池组|第1组|第1组单体15电池电压|1-J301电池室放电电池数据表.xlsx|DC13|DC13,陕西省,咸阳,中国移动西咸数据中心,咸阳秦都西咸数据中心1号楼站点,咸阳秦都西咸数据中心1号楼J301电力电池机房,铅酸电池,13#开关电源蓄电池组,单体XX电压,第1组单体15电池电压,2025-07-08T03:00:32,2.132,V,1-J301电池室放电电池数据表.xlsx,DC13,2.132,第1组,DC13,9,1483.0,False,1.957,2.216,-0.1973308989181618,0,False,False,False,0.38917454941463225,1.068352091732179,7,-0.8821539667286644,-1.007245699832642,0.2931237835848894,-0.3006864735504533,1.0763127160481123,0.060072815533980584,7,False,0.8805767876744861,False,False
咸阳秦都西咸数据中心1号楼D301电力电池机房|4#开关电源蓄电池组|第1组|第1组单体10电池电压|1-D301电池室放电电池数据表.xlsx|DC4|DC4,陕西省,咸阳,中国移动西咸数据中心,咸阳秦都西咸数据中心1号楼站点,咸阳秦都西咸数据中心1号楼D301电力电池机房,铅酸电池,4#开关电源蓄电池组,单体XX电压,第1组单体10电池电压,2025-07-08T01:54:38,2.129,V,1-D301电池室放电电池数据表.xlsx,DC4,2.129,第1组,DC4,6,1302.0,False,2.076,2.307,-0.29857406896517313,0,False,False,False,0.3891536053944732,1.652619553126143,1,-1.577656287346044,0.3223167187995759,-1.3492567071423045,0.13908182167019897,1.0763127160481123,0.060072815533980584,7,False,0.6886714834045746,False,False
咸阳秦都西咸数据中心1号楼J301电力电池机房|11#开关电源蓄电池组|第2组|第2组单体24电池电压|1-J301电池室放电电池数据表.xlsx|DC11|DC11,陕西省,咸阳,中国移动西咸数据中心,咸阳秦都西咸数据中心1号楼站点,咸阳秦都西咸数据中心1号楼J301电力电池机房,铅酸电池,11#开关电源蓄电池组,单体XX电压,第2组单体24电池电压,2025-07-08T02:44:42,2.241,V,1-J301电池室放电电池数据表.xlsx,DC11,2.241,第2组,DC11,7,1518.0,False,2.048,2.286,-0.36550194320372903,0,False,False,False,0.3890646366254456,0.8224732587277526,4,-1.219135267067971,-0.12818073103802016,-0.4976566567617262,-0.35902552534099574,1.0763127160481123,0.060072815533980584,7,False,0.940765700772327,True,False
咸阳秦都西咸数据中心1号楼J301电力电池机房|13#开关电源蓄电池组|第1组|第1组单体7电池电压|1-J301电池室放电电池数据表.xlsx|DC13|DC13,陕西省,咸阳,中国移动西咸数据中心,咸阳秦都西咸数据中心1号楼站点,咸阳秦都西咸数据中心1号楼J301电力电池机房,铅酸电池,13#开关电源蓄电池组,单体XX电压,第1组单体7电池电压,2025-07-08T03:21:02,2.119,V,1-J301电池室放电电池数据表.xlsx,DC13,2.119,第1组,DC13,8,1317.0,False,1.98,2.285,-0.7336047928283917,0,False,False,False,0.3881621667789709,1.5319601756978953,2,-0.2266527628458307,-0.5781566381356182,-1.1928091150220579,0.36389424948147675,1.0763127160481123,0.060072815533980584,7,False,0.5442787542310729,False,False
咸阳秦都西咸数据中心1号楼D303电力电池机房|7#开关电源蓄电池组|第1组|第1组单体10电池电压|1-D303电池室放电电池数据表.xlsx|DC7|DC7,陕西省,咸阳,中国移动西咸数据中心,咸阳秦都西咸数据中心1号楼站点,咸阳秦都西咸数据中心1号楼D303电力电池机房,铅酸电池,7#开关电源蓄电池组,单体XX电压,第1组单体10电池电压,2025-07-10T03:00:28,2.202,V,1-D303电池室放电电池数据表.xlsx,DC7,2.202,第1组,DC7,7,9256.0,True,2.004,2.111,-0.013898262349168244,0,False,False,False,0.3874603667215092,2.0862618048224673,7,-2.6549398496352943,-0.5229905663814824,0.458956595171605,-0.27362196748116163,1.0763127160481123,0.060072815533980584,7,False,0.34622755747662015,False,False
咸阳秦都西咸数据中心1号楼D303电力电池机房|6#开关电源蓄电池组|第2组|第2组单体1电池电压|1-D303电池室放电电池数据表.xlsx|DC6|DC6,陕西省,咸阳,中国移动西咸数据中心,咸阳秦都西咸数据中心1号楼站点,咸阳秦都西咸数据中心1号楼D303电力电池机房,铅酸电池,6#开关电源蓄电池组,单体XX电压,第2组单体1电池电压,2025-07-10T02:45:14,2.242,V,1-D303电池室放电电池数据表.xlsx,DC6,2.242,第2组,DC6,9,2157.0,True,1.864,2.242,0.4316808383031791,0,False,False,False,0.38662252041666045,0.9921135166059142,-7,-0.45082520394088826,-0.6848739484051056,0.33808128622834044,0.007034625282088175,1.0763127160481123,0.060072815533980584,7,False,0.7496081209957519,False,False
咸阳秦都西咸数据中心1号楼J301电力电池机房|02#开关电源蓄电池组|第1组|第1组单体12电池电压|1-J301电池室放电电池数据表.xlsx|DC2|DC2,陕西省,咸阳,中国移动西咸数据中心,咸阳秦都西咸数据中心1号楼站点,咸阳秦都西咸数据中心1号楼J301电力电池机房,铅酸电池,02#开关电源蓄电池组,单体XX电压,第1组单体12电池电压,2025-07-09T00:28:01,1.927,V,1-J301电池室放电电池数据表.xlsx,DC2,1.927,第1组,DC2,10,6537.0,True,1.927,2.304,0.9123865501752757,0,False,False,False,0.38651360683156144,1.786112037550421,-7,-1.5259126077605654,0.7860331172132298,0.6491918653579526,-0.4160939519151915,1.0763127160481123,0.060072815533980584,7,False,-0.8537467618901264,False,False
咸阳秦都西咸数据中心1号楼D201电力电池机房|1#开关电源蓄电池组|第1组|第1组单体18电池电压|1-D201电池室放电电池数据表.xlsx|DC1|DC1,陕西省,咸阳,中国移动西咸数据中心,咸阳秦都西咸数据中心1号楼站点,咸阳秦都西咸数据中心1号楼D201电力电池机房,铅酸电池,1#开关电源蓄电池组,单体XX电压,第1组单体18电池电压,2025-07-08T00:27:45,1.819,V,1-D201电池室放电电池数据表.xlsx,DC1,1.819,第1组,DC1,10,1410.0,False,1.819,2.254,0.45349658308129953,0,False,False,False,0.385717205713542,1.5735270937615047,7,0.12963944308076725,-1.0902075050924778,0.27475190552074397,0.43770136265267445,1.0763127160481123,0.060072815533980584,7,False,0.8393799017421608,False,False
咸阳秦都西咸数据中心1号楼D303电力电池机房|6#开关电源蓄电池组|第1组|第1组单体12电池电压|1-D303电池室放电电池数据表.xlsx|DC6|DC6,陕西省,咸阳,中国移动西咸数据中心,咸阳秦都西咸数据中心1号楼站点,咸阳秦都西咸数据中心1号楼D303电力电池机房,铅酸电池,6#开关电源蓄电池组,单体XX电压,第1组单体12电池电压,2025-07-10T02:30:22,1.86,V,1-D303电池室放电电池数据表.xlsx,DC6,1.86,第1组,DC6,10,9002.0,False,1.844,2.239,-0.28439334846541847,0,False,False,False,0.38517717963342557,1.3228995286514535,7,0.03573920664259422,0.2548944467744192,0.7932041031808239,0.6888375557901543,1.0763127160481123,0.060072815533980584,7,False,-0.09096721614705318,False,False
咸阳秦都西咸数据中心1号楼D303电力电池机房|6#开关电源蓄电池组|第2组|第2组单体12电池电压|1-D303电池室放电电池数据表.xlsx|DC6|DC6,陕西省,咸阳,中国移动西咸数据中心,咸阳秦都西咸数据中心1号楼站点,咸阳秦都西咸数据中心1号楼D303电力电池机房,铅酸电池,6#开关电源蓄电池组,单体XX电压,第2组单体12电池电压,2025-07-10T03:03:36,2.214,V,1-D303电池室放电电池数据表.xlsx,DC6,2.214,第2组,DC6,15,10968.0,False,2.036,2.294,-1.2617046866517985,0,False,False,False,0.3851124446954856,1.4497986342025388,-7,-0.44505544250207707,0.32831217392234635,0.7889499271615874,-0.3477390279569499,1.0763127160481123,0.060072815533980584,7,False,-0.4176210468548046,False,False
咸阳秦都西咸数据中心1号楼D303电力电池机房|6#开关电源蓄电池组|第1组|第1组单体5电池电压|1-D303电池室放电电池数据表.xlsx|DC6|DC6,陕西省,咸阳,中国移动西咸数据中心,咸阳秦都西咸数据中心1号楼站点,咸阳秦都西咸数据中心1号楼D303电力电池机房,铅酸电池,6#开关电源蓄电池组,单体XX电压,第1组单体5电池电压,2025-07-10T02:30:37,2.001,V,1-D303电池室放电电池数据表.xlsx,DC6,2.001,第1组,DC6,10,9496.0,False,1.913,2.258,-0.9810486017045865,0,False,False,False,0.3842647631724369,1.7616787211807288,1,0.07524152845168675,0.46067570711554373,-1.2732089331714609,0.09794407629830085,1.0763127160481123,0.060072815533980584,7,False,0.5572697400881707,False,False
咸阳秦都西咸数据中心1号楼D203电力电池机房|2#开关电源蓄电池组|第2组|第2组单体22电池电压|1-D203电池室放电电池数据表.xlsx|DC2|DC2,陕西省,咸阳,中国移动西咸数据中心,咸阳秦都西咸数据中心1号楼站点,咸阳秦都西咸数据中心1号楼D203电力电池机房,铅酸电池,2#开关电源蓄电池组,单体XX电压,第2组单体22电池电压,2025-07-11T00:00:52,2.238,V,1-D203电池室放电电池数据表.xlsx,DC2,2.238,第2组,DC2,9,2792.0,False,1.971,2.258,-0.817243615812197,0,False,False,False,0.3839953362404448,0.9550483941947855,3,-0.49101065002169286,0.18257094258478698,-0.6492468784019296,0.1056625259186921,1.0763127160481123,0.060072815533980584,7,False,0.8963789231406012,False,False
咸阳秦都西咸数据中心1号楼D303电力电池机房|2#开关电源蓄电池组|第2组|第2组单体4电池电压|1-D303电池室放电电池数据表.xlsx|DC2|DC2,陕西省,咸阳,中国移动西咸数据中心,咸阳秦都西咸数据中心1号楼站点,咸阳秦都西咸数据中心1号楼D303电力电池机房,铅酸电池,2#开关电源蓄电池组,单体XX电压,第2组单体4电池电压,2025-07-10T00:53:48,1.951,V,1-D303电池室放电电池数据表.xlsx,DC2,1.951,第2组,DC2,13,3323.0,False,1.742,2.196,0.1578392408120231,0,False,False,False,0.3834731361080634,1.5731273523015545,7,0.4421009703739536,-0.6190585180329012,0.47832191243708083,0.6910758281345785,1.0763127160481123,0.060072815533980584,7,False,0.7295287865823705,False,False
咸阳秦都西咸数据中心1号楼J301电力电池机房|11#开关电源蓄电池组|第1组|第1组单体2电池电压|1-J301电池室放电电池数据表.xlsx|DC11|DC11,陕西省,咸阳,中国移动西咸数据中心,咸阳秦都西咸数据中心1号楼站点,咸阳秦都西咸数据中心1号楼J301电力电池机房,铅酸电池,11#开关电源蓄电池组,单体XX电压,第1组单体2电池电压,2025-07-08T02:39:02,1.896,V,1-J301电池室放电电池数据表.xlsx,DC11,1.896,第1组,DC11,10,1308.0,False,1.875,2.235,0.5559996470689224,0,False,False,False,0.3818266516629596,1.178205659769339,7,-0.6818259915237181,-0.9126574964001122,0.2615936801317056,-0.008949538413163344,1.0763127160481123,0.060072815533980584,7,False,0.9719069082281467,True,False
咸阳秦都西咸数据中心1号楼J301电力电池机房|02#开关电源蓄电池组|第2组|第2组单体19电池电压|1-J301电池室放电电池数据表.xlsx|DC2|DC2,陕西省,咸阳,中国移动西咸数据中心,咸阳秦都西咸数据中心1号楼站点,咸阳秦都西咸数据中心1号楼J301电力电池机房,铅酸电池,02#开关电源蓄电池组,单体XX电压,第2组单体19电池电压,2025-07-09T01:58:52,2.32,V,1-J301电池室放电电池数据表.xlsx,DC2,2.32,第2组,DC2,12,7744.0,False,1.934,2.422,-1.4815246316872466,0,False,False,False,0.38168661999053993,3.0299420217168156,7,1.6812764732248084,0.7104706307858926,1.0020993905598707,0.4963129962388031,1.0763127160481123,0.060072815533980584,7,False,0.2131112311146681,False,False
咸阳秦都西咸数据中心1号楼J301电力电池机房|13#开关电源蓄电池组|第2组|第2组单体6电池电压|1-J301电池室放电电池数据表.xlsx|DC13|DC13,陕西省,咸阳,中国移动西咸数据中心,咸阳秦都西咸数据中心1号楼站点,咸阳秦都西咸数据中心1号楼J301电力电池机房,铅酸电池,13#开关电源蓄电池组,单体XX电压,第2组单体6电池电压,2025-07-08T03:21:19,2.174,V,1-J301电池室放电电池数据表.xlsx,DC13,2.174,第2组,DC13,7,1457.0,False,2.046,2.254,-0.40945632358722717,0,False,False,False,0.3816051413420867,0.8245219232466093,6,-1.3998868195915135,-0.3449855815031932,0.19389200163179365,-0.1427673636264023,1.0763127160481123,0.060072815533980584,7,False,0.8188452030128746,False,False
咸阳秦都西咸数据中心1号楼D201电力电池机房|4#开关电源蓄电池组|第2组|第2组单体8电池电压|1-D201电池室放电电池数据表.xlsx|DC4|DC4,陕西省,咸阳,中国移动西咸数据中心,咸阳秦都西咸数据中心1号楼站点,咸阳秦都西咸数据中心1号楼D201电力电池机房,铅酸电池,4#开关电源蓄电池组,单体XX电压,第2组单体8电池电压,2025-07-08T00:48:59,1.884,V,1-D201电池室放电电池数据表.xlsx,DC4,1.884,第2组,DC4,6,1269.0,True,1.773,2.132,0.7354477756891555,0,False,False,False,0.3814776243963828,1.8522799292275796,7,-0.6783084910588107,-1.6174135928564863,0.08884481716824272,0.293635115027128,1.0763127160481123,0.060072815533980584,7,False,0.9927360622976631,True,False
咸阳秦都西咸数据中心1号楼D203电力电池机房|8#开关电源蓄电池组|第2组|第2组单体11电池电压|1-D203电池室放电电池数据表.xlsx|DC8|DC8,陕西省,咸阳,中国移动西咸数据中心,咸阳秦都西咸数据中心1号楼站点,咸阳秦都西咸数据中心1号楼D203电力电池机房,铅酸电池,8#开关电源蓄电池组,单体XX电压,第2组单体11电池电压,2025-07-11T02:38:13,2.214,V,1-D203电池室放电电池数据表.xlsx,DC8,2.214,第2组,DC8,10,9501.0,False,1.978,2.348,-0.880485373693918,0,False,False,False,0.38113610476593235,1.7203786467306303,-7,0.32372446613808803,0.7129422025028553,0.8120679660046679,-0.42723557815438273,1.0763127160481123,0.060072815533980584,7,False,0.6024831751660344,False,False
咸阳秦都西咸数据中心1号楼D301电力电池机房|1#开关电源蓄电池组|第2组|第2组单体14电池电压|1-D301电池室放电电池数据表.xlsx|DC1|DC1,陕西省,咸阳,中国移动西咸数据中心,咸阳秦都西咸数据中心1号楼站点,咸阳秦都西咸数据中心1号楼D301电力电池机房,铅酸电池,1#开关电源蓄电池组,单体XX电压,第2组单体14电池电压,2025-07-08T01:13:32,2.111,V,1-D301电池室放电电池数据表.xlsx,DC1,2.111,第2组,DC1,8,1371.0,False,2.07,2.227,-0.45388809750349857,0,False,False,False,0.38105639911279754,1.5528048145554807,3,-2.0060324425704716,-0.0904039003541988,-0.7823361340642971,-0.20931369302779568,1.0763127160481123,0.060072815533980584,7,False,0.788384957229478,False,False
咸阳秦都西咸数据中心1号楼J301电力电池机房|07#开关电源蓄电池组|第1组|第1组单体15电池电压|1-J301电池室放电电池数据表.xlsx|DC7|DC7,陕西省,咸阳,中国移动西咸数据中心,咸阳秦都西咸数据中心1号楼站点,咸阳秦都西咸数据中心1号楼J301电力电池机房,铅酸电池,07#开关电源蓄电池组,单体XX电压,第1组单体15电池电压,2025-07-09T01:28:55,1.956,V,1-J301电池室放电电池数据表.xlsx,DC7,1.956,第1组,DC7,9,5465.0,True,1.956,2.304,-0.028070633271311873,0,False,False,False,0.37950041896126513,0.866429716031038,-7,-0.5834669348172675,0.4042474124527401,0.6723311377735124,-0.21577941230363862,1.0763127160481123,0.060072815533980584,7,False,0.7156402615418394,False,False
咸阳秦都西咸数据中心1号楼D203电力电池机房|5#开关电源蓄电池组|第2组|第2组单体24电池电压|1-D203电池室放电电池数据表.xlsx|DC5|DC5,陕西省,咸阳,中国移动西咸数据中心,咸阳秦都西咸数据中心1号楼站点,咸阳秦都西咸数据中心1号楼D203电力电池机房,铅酸电池,5#开关电源蓄电池组,单体XX电压,第2组单体24电池电压,2025-07-11T01:36:22,2.239,V,1-D203电池室放电电池数据表.xlsx,DC5,2.239,第2组,DC5,7,79.0,True,1.816,2.234,1.0660966366940552,0,False,False,False,0.37887682471402157,1.9421912900493807,-7,-0.39306281850942454,-1.3204625166815835,-0.035286263034109755,-0.6695444962025797,1.0763127160481123,0.060072815533980584,7,False,0.7986715716104301,False,False
咸阳秦都西咸数据中心1号楼J301电力电池机房|04#开关电源蓄电池组|第2组|第2组单体15电池电压|1-J301电池室放电电池数据表.xlsx|DC4|DC4,陕西省,咸阳,中国移动西咸数据中心,咸阳秦都西咸数据中心1号楼站点,咸阳秦都西咸数据中心1号楼J301电力电池机房,铅酸电池,04#开关电源蓄电池组,单体XX电压,第2组单体15电池电压,2025-07-09T02:18:41,2.352,V,1-J301电池室放电电池数据表.xlsx,DC4,2.352,第2组,DC4,10,8246.0,False,2.118,2.41,-0.8049756493632216,0,False,False,False,0.37873358801933593,1.5705667841685342,7,-1.4114250633847816,0.7917422382795817,0.894934856493383,-0.29108277966299767,1.0763127160481123,0.060072815533980584,7,False,-0.11064153213477247,False,False
咸阳秦都西咸数据中心1号楼D203电力电池机房|5#开关电源蓄电池组|第1组|第1组单体16电池电压|1-D203电池室放电电池数据表.xlsx|DC5|DC5,陕西省,咸阳,中国移动西咸数据中心,咸阳秦都西咸数据中心1号楼站点,咸阳秦都西咸数据中心1号楼D203电力电池机房,铅酸电池,5#开关电源蓄电池组,单体XX电压,第1组单体16电池电压,2025-07-11T01:38:52,2.315,V,1-D203电池室放电电池数据表.xlsx,DC5,2.315,第1组,DC5,11,10195.0,False,1.706,2.394,-0.3666180996627681,0,False,False,False,0.37802218083741235,2.7099373312906527,7,-2.9838361782018232,0.9937961232329324,0.911930169911344,-0.45122462839016586,1.0763127160481123,0.060072815533980584,7,False,0.7471612327337851,False,False
咸阳秦都西咸数据中心1号楼D203电力电池机房|8#开关电源蓄电池组|第2组|第2组单体15电池电压|1-D203电池室放电电池数据表.xlsx|DC8|DC8,陕西省,咸阳,中国移动西咸数据中心,咸阳秦都西咸数据中心1号楼站点,咸阳秦都西咸数据中心1号楼D203电力电池机房,铅酸电池,8#开关电源蓄电池组,单体XX电压,第2组单体15电池电压,2025-07-11T02:17:07,1.973,V,1-D203电池室放电电池数据表.xlsx,DC8,1.973,第2组,DC8,10,9501.0,False,1.973,2.344,-0.8083253400821204,0,False,False,False,0.3775761521097337,1.6777628803726679,-7,0.2989914562562961,0.654075743857017,0.7605060577102141,-0.5891737973826012,1.0763127160481123,0.060072815533980584,7,False,0.5609337042684265,False,False
咸阳秦都西咸数据中心1号楼J301电力电池机房|03#开关电源蓄电池组|第1组|第1组单体13电池电压|1-J301电池室放电电池数据表.xlsx|DC3|DC3,陕西省,咸阳,中国移动西咸数据中心,咸阳秦都西咸数据中心1号楼站点,咸阳秦都西咸数据中心1号楼J301电力电池机房,铅酸电池,03#开关电源蓄电池组,单体XX电压,第1组单体13电池电压,2025-07-09T00:31:21,1.906,V,1-J301电池室放电电池数据表.xlsx,DC3,1.906,第1组,DC3,7,1287.0,True,1.853,2.213,0.707415505395824,0,False,False,False,0.3775510623537456,1.1967705324578268,-7,-0.8647834462989111,-0.629145289314794,0.2595793507597146,-0.4215145360155004,1.0763127160481123,0.060072815533980584,7,False,-0.8798490279497105,False,False
咸阳秦都西咸数据中心1号楼D303电力电池机房|2#开关电源蓄电池组|第2组|第2组单体3电池电压|1-D303电池室放电电池数据表.xlsx|DC2|DC2,陕西省,咸阳,中国移动西咸数据中心,咸阳秦都西咸数据中心1号楼站点,咸阳秦都西咸数据中心1号楼D303电力电池机房,铅酸电池,2#开关电源蓄电池组,单体XX电压,第2组单体3电池电压,2025-07-10T00:32:20,2.059,V,1-D303电池室放电电池数据表.xlsx,DC2,2.059,第2组,DC2,11,3305.0,False,1.94,2.298,-0.9782524466404261,0,False,False,False,0.37679106623135605,1.367552275566824,-4,0.32483499635427027,0.1853806612687204,-0.27059205708236644,0.2676791828467072,1.0763127160481123,0.060072815533980584,7,False,0.8295875968131555,False,False
咸阳秦都西咸数据中心1号楼J301电力电池机房|10#开关电源蓄电池组|第1组|第1组单体10电池电压|1-J301电池室放电电池数据表.xlsx|DC10|DC10,陕西省,咸阳,中国移动西咸数据中心,咸阳秦都西咸数据中心1号楼站点,咸阳秦都西咸数据中心1号楼J301电力电池机房,铅酸电池,10#开关电源蓄电池组,单体XX电压,第1组单体10电池电压,2025-07-09T02:34:27,2.029,V,1-J301电池室放电电池数据表.xlsx,DC10,2.029,第1组,DC10,7,855.0,False,1.974,2.285,-0.4442273555130867,0,False,False,False,0.3756909821442027,0.8561598760596274,4,-0.3888434142255232,-0.5508474893950261,-0.5511238508908209,0.12386209155976238,1.0763127160481123,0.060072815533980584,7,False,0.7530081836211836,False,False
咸阳秦都西咸数据中心1号楼J301电力电池机房|08#开关电源蓄电池组|第2组|第2组单体22电池电压|1-J301电池室放电电池数据表.xlsx|DC8|DC8,陕西省,咸阳,中国移动西咸数据中心,咸阳秦都西咸数据中心1号楼站点,咸阳秦都西咸数据中心1号楼J301电力电池机房,铅酸电池,08#开关电源蓄电池组,单体XX电压,第2组单体22电池电压,2025-07-09T02:00:58,2.004,V,1-J301电池室放电电池数据表.xlsx,DC8,2.004,第2组,DC8,11,9862.0,False,1.952,2.283,-1.5160464232207993,0,False,False,False,0.375333125629134,1.9939926354596795,-2,0.2820730900797517,0.6987515331494086,-0.7381194685713488,0.4072992699560871,1.0763127160481123,0.060072815533980584,7,False,0.025796133624279436,False,False
咸阳秦都西咸数据中心1号楼J301电力电池机房|05#开关电源蓄电池组|第2组|第2组单体2电池电压|1-J301电池室放电电池数据表.xlsx|DC5|DC5,陕西省,咸阳,中国移动西咸数据中心,咸阳秦都西咸数据中心1号楼站点,咸阳秦都西咸数据中心1号楼J301电力电池机房,铅酸电池,05#开关电源蓄电池组,单体XX电压,第2组单体2电池电压,2025-07-09T01:11:35,1.997,V,1-J301电池室放电电池数据表.xlsx,DC5,1.997,第2组,DC5,8,7778.0,False,1.916,2.293,0.3684974006107085,0,False,False,False,0.3743639218675846,0.8958053641159935,-7,-0.6688730486839076,0.23320226756644433,0.6264346516258211,0.10686082126351676,1.0763127160481123,0.060072815533980584,7,False,-0.6308355849291557,False,False
咸阳秦都西咸数据中心1号楼J301电力电池机房|05#开关电源蓄电池组|第1组|第1组单体17电池电压|1-J301电池室放电电池数据表.xlsx|DC5|DC5,陕西省,咸阳,中国移动西咸数据中心,咸阳秦都西咸数据中心1号楼站点,咸阳秦都西咸数据中心1号楼J301电力电池机房,铅酸电池,05#开关电源蓄电池组,单体XX电压,第1组单体17电池电压,2025-07-09T03:00:00,2.247,V,1-J301电池室放电电池数据表.xlsx,DC5,2.247,第1组,DC5,8,1256.0,True,1.723,2.265,0.8829372424976436,0,False,False,False,0.3737595902918513,2.378212152560768,7,0.8511888960832217,-1.3878084150384487,0.12505169121421744,0.5051153976746484,1.0763127160481123,0.060072815533980584,7,False,-0.5145685740518519,False,False
咸阳秦都西咸数据中心1号楼D203电力电池机房|6#开关电源蓄电池组|第1组|第1组单体5电池电压|1-D203电池室放电电池数据表.xlsx|DC6|DC6,陕西省,咸阳,中国移动西咸数据中心,咸阳秦都西咸数据中心1号楼站点,咸阳秦都西咸数据中心1号楼D203电力电池机房,铅酸电池,6#开关电源蓄电池组,单体XX电压,第1组单体5电池电压,2025-07-11T00:00:53,2.125,V,1-D203电池室放电电池数据表.xlsx,DC6,2.125,第1组,DC6,10,7442.0,False,1.943,2.253,-0.4635374417610808,0,False,False,False,0.3730738898539838,0.5158396767627365,4,-0.5244544822305626,0.010750198005744005,-0.39560562454422554,0.07129344682299624,1.0763127160481123,0.060072815533980584,7,False,0.46842030569980014,False,False
咸阳秦都西咸数据中心1号楼J301电力电池机房|03#开关电源蓄电池组|第2组|第2组单体4电池电压|1-J301电池室放电电池数据表.xlsx|DC3|DC3,陕西省,咸阳,中国移动西咸数据中心,咸阳秦都西咸数据中心1号楼站点,咸阳秦都西咸数据中心1号楼J301电力电池机房,铅酸电池,03#开关电源蓄电池组,单体XX电压,第2组单体4电池电压,2025-07-09T00:47:17,2.21,V,1-J301电池室放电电池数据表.xlsx,DC3,2.21,第2组,DC3,10,1963.0,False,1.797,2.263,0.4624892894558183,0,False,False,False,0.37295653240387905,1.2604201421415704,7,-0.1751281318936745,-0.7699409294032482,0.3754428923257661,0.4588209104995197,1.0763127160481123,0.060072815533980584,7,False,0.9893105960589513,True,False
咸阳秦都西咸数据中心1号楼J301电力电池机房|01#开关电源蓄电池组|第1组|第1组单体21电池电压|1-J301电池室放电电池数据表.xlsx|DC1|DC1,陕西省,咸阳,中国移动西咸数据中心,咸阳秦都西咸数据中心1号楼站点,咸阳秦都西咸数据中心1号楼J301电力电池机房,铅酸电池,01#开关电源蓄电池组,单体XX电压,第1组单体21电池电压,2025-07-09T00:14:32,1.907,V,1-J301电池室放电电池数据表.xlsx,DC1,1.907,第1组,DC1,12,3263.0,False,1.88,2.302,-1.0025007231927456,0,False,False,False,0.3726102404610093,2.133306291976862,7,1.1605463131190747,-0.24748232171453272,0.6047828036163714,0.003737069242730956,1.0763127160481123,0.060072815533980584,7,False,0.45874216352166075,False,False
咸阳秦都西咸数据中心1号楼J301电力电池机房|14#开关电源蓄电池组|第1组|第1组单体22电池电压|1-J301电池室放电电池数据表.xlsx|DC14|DC14,陕西省,咸阳,中国移动西咸数据中心,咸阳秦都西咸数据中心1号楼站点,咸阳秦都西咸数据中心1号楼J301电力电池机房,铅酸电池,14#开关电源蓄电池组,单体XX电压,第1组单体22电池电压,2025-07-08T03:24:20,2.46,V,1-J301电池室放电电池数据表.xlsx,DC14,2.46,第1组,DC14,8,1500.0,False,2.118,2.501,-0.32257896752886145,0,False,False,False,0.37255694246656834,1.0305859012741498,-7,0.04070488937193828,0.1762353479708699,0.6552032555201691,-0.058371172805645424,1.0763127160481123,0.060072815533980584,7,False,0.8123889288581819,False,False
咸阳秦都西咸数据中心1号楼J301电力电池机房|04#开关电源蓄电池组|第1组|第1组单体4电池电压|1-J301电池室放电电池数据表.xlsx|DC4|DC4,陕西省,咸阳,中国移动西咸数据中心,咸阳秦都西咸数据中心1号楼站点,咸阳秦都西咸数据中心1号楼J301电力电池机房,铅酸电池,04#开关电源蓄电池组,单体XX电压,第1组单体4电池电压,2025-07-09T00:48:42,1.757,V,1-J301电池室放电电池数据表.xlsx,DC4,1.757,第1组,DC4,9,8187.0,False,1.749,2.237,1.2029739167913458,0,False,False,False,0.37218618017447574,1.733787831697573,-7,-1.2384102200825697,0.5331226510423769,0.5386718478197475,-0.3729006022095381,1.0763127160481123,0.060072815533980584,7,False,0.19353254827632782,False,False
咸阳秦都西咸数据中心1号楼D203电力电池机房|6#开关电源蓄电池组|第2组|第2组单体24电池电压|1-D203电池室放电电池数据表.xlsx|DC6|DC6,陕西省,咸阳,中国移动西咸数据中心,咸阳秦都西咸数据中心1号楼站点,咸阳秦都西咸数据中心1号楼D203电力电池机房,铅酸电池,6#开关电源蓄电池组,单体XX电压,第2组单体24电池电压,2025-07-11T01:41:00,2.001,V,1-D203电池室放电电池数据表.xlsx,DC6,2.001,第2组,DC6,9,6742.0,False,1.93,2.232,-1.0729009994316205,0,False,False,False,0.37200482901123855,1.4698786798319339,-2,-0.23261406658843453,0.5312608384283405,-0.9108754265769441,-0.09716240489792852,1.0763127160481123,0.060072815533980584,7,False,-0.5886403837612001,False,False
咸阳秦都西咸数据中心1号楼J301电力电池机房|03#开关电源蓄电池组|第1组|第1组单体8电池电压|1-J301电池室放电电池数据表.xlsx|DC3|DC3,陕西省,咸阳,中国移动西咸数据中心,咸阳秦都西咸数据中心1号楼站点,咸阳秦都西咸数据中心1号楼J301电力电池机房,铅酸电池,03#开关电源蓄电池组,单体XX电压,第1组单体8电池电压,2025-07-09T00:31:17,2.12,V,1-J301电池室放电电池数据表.xlsx,DC3,2.12,第1组,DC3,11,1940.0,False,1.81,2.301,1.0127051326028698,0,False,False,False,0.37121046368769905,1.4216726874224892,7,-0.09412059237496939,-0.22431073921985528,0.3515463255759528,-0.17210237586641777,1.0763127160481123,0.060072815533980584,7,False,0.8719480129187271,False,False
咸阳秦都西咸数据中心1号楼J301电力电池机房|04#开关电源蓄电池组|第1组|第1组单体12电池电压|1-J301电池室放电电池数据表.xlsx|DC4|DC4,陕西省,咸阳,中国移动西咸数据中心,咸阳秦都西咸数据中心1号楼站点,咸阳秦都西咸数据中心1号楼J301电力电池机房,铅酸电池,04#开关电源蓄电池组,单体XX电压,第1组单体12电池电压,2025-07-09T00:47:47,2.32,V,1-J301电池室放电电池数据表.xlsx,DC4,2.32,第1组,DC4,8,8554.0,False,1.837,2.32,-0.5933811509883758,0,False,False,False,0.37112986523262015,2.17538415105117,0,-1.9355650926261319,0.6514079117823727,-1.6042232517494073,-0.12754373147579764,1.0763127160481123,0.060072815533980584,7,False,0.41054177494471183,False,False
咸阳秦都西咸数据中心1号楼D303电力电池机房|3#开关电源蓄电池组|第2组|第2组单体12电池电压|1-D303电池室放电电池数据表.xlsx|DC3|DC3,陕西省,咸阳,中国移动西咸数据中心,咸阳秦都西咸数据中心1号楼站点,咸阳秦都西咸数据中心1号楼D303电力电池机房,铅酸电池,3#开关电源蓄电池组,单体XX电压,第2组单体12电池电压,2025-07-10T00:57:48,2.0,V,1-D303电池室放电电池数据表.xlsx,DC3,2.0,第2组,DC3,10,4784.0,False,2.0,2.375,-0.5168385845797313,0,False,False,False,0.3708684963155062,1.4215540895403993,-7,0.09578908856582313,0.6171494007426609,0.724221928641053,-0.5463225261388629,1.0763127160481123,0.060072815533980584,7,False,0.8545042530881636,False,False
咸阳秦都西咸数据中心1号楼J301电力电池机房|03#开关电源蓄电池组|第1组|第1组单体7电池电压|1-J301电池室放电电池数据表.xlsx|DC3|DC3,陕西省,咸阳,中国移动西咸数据中心,咸阳秦都西咸数据中心1号楼站点,咸阳秦都西咸数据中心1号楼J301电力电池机房,铅酸电池,03#开关电源蓄电池组,单体XX电压,第1组单体7电池电压,2025-07-09T00:14:34,2.222,V,1-J301电池室放电电池数据表.xlsx,DC3,2.222,第1组,DC3,6,933.0,True,1.829,2.192,0.781893050635208,0,False,False,False,0.36999336873381616,1.7863703413000787,-7,-0.6631632872058678,-1.5314712504610684,0.03518463228036661,-0.1467797972809933,1.0763127160481123,0.060072815533980584,7,False,-0.4331909353963404,False,False
咸阳秦都西咸数据中心1号楼D303电力电池机房|6#开关电源蓄电池组|第2组|第2组单体15电池电压|1-D303电池室放电电池数据表.xlsx|DC6|DC6,陕西省,咸阳,中国移动西咸数据中心,咸阳秦都西咸数据中心1号楼站点,咸阳秦都西咸数据中心1号楼D303电力电池机房,铅酸电池,6#开关电源蓄电池组,单体XX电压,第2组单体15电池电压,2025-07-10T02:31:08,2.245,V,1-D303电池室放电电池数据表.xlsx,DC6,2.245,第2组,DC6,7,8797.0,True,1.689,2.195,1.0309920860672999,0,False,False,False,0.36983171158855455,1.567974329105947,7,0.044223407463104825,0.16440487929473327,0.4154163554673291,-0.41297836034717317,1.0763127160481123,0.060072815533980584,7,False,-0.16530389865706888,False,False
咸阳秦都西咸数据中心1号楼D201电力电池机房|4#开关电源蓄电池组|第2组|第2组单体4电池电压|1-D201电池室放电电池数据表.xlsx|DC4|DC4,陕西省,咸阳,中国移动西咸数据中心,咸阳秦都西咸数据中心1号楼站点,咸阳秦都西咸数据中心1号楼D201电力电池机房,铅酸电池,4#开关电源蓄电池组,单体XX电压,第2组单体4电池电压,2025-07-08T00:48:14,2.04,V,1-D201电池室放电电池数据表.xlsx,DC4,2.04,第2组,DC4,11,1464.0,False,1.873,2.25,0.8606240688328448,0,False,False,False,0.36971347761479467,1.4917334683647996,7,-0.7745280840119197,-0.9904086793249899,0.13324733701218056,-0.43460530866502367,1.0763127160481123,0.060072815533980584,7,False,0.8766383870909199,False,False
咸阳秦都西咸数据中心1号楼D201电力电池机房|4#开关电源蓄电池组|第2组|第2组单体11电池电压|1-D201电池室放电电池数据表.xlsx|DC4|DC4,陕西省,咸阳,中国移动西咸数据中心,咸阳秦都西咸数据中心1号楼站点,咸阳秦都西咸数据中心1号楼D201电力电池机房,铅酸电池,4#开关电源蓄电池组,单体XX电压,第2组单体11电池电压,2025-07-08T01:05:24,1.895,V,1-D201电池室放电电池数据表.xlsx,DC4,1.895,第2组,DC4,7,1265.0,True,1.734,2.076,0.9067118559353946,0,False,False,False,0.36809622907763406,1.7205613591986642,7,-1.0767178203484953,-1.2907536750821902,0.15208230400471284,0.1885072762771063,1.0763127160481123,0.060072815533980584,7,False,0.9656359792856312,True,False
咸阳秦都西咸数据中心1号楼J301电力电池机房|02#开关电源蓄电池组|第1组|第1组单体7电池电压|1-J301电池室放电电池数据表.xlsx|DC2|DC2,陕西省,咸阳,中国移动西咸数据中心,咸阳秦都西咸数据中心1号楼站点,咸阳秦都西咸数据中心1号楼J301电力电池机房,铅酸电池,02#开关电源蓄电池组,单体XX电压,第1组单体7电池电压,2025-07-09T02:23:55,2.336,V,1-J301电池室放电电池数据表.xlsx,DC2,2.336,第1组,DC2,11,7762.0,False,1.879,2.336,-1.455050451318423,0,False,False,False,0.3678633587267109,2.787100729519565,7,1.449483428215945,0.4061048958994935,0.945817709655952,0.6580665752097655,1.0763127160481123,0.060072815533980584,7,False,0.35491393110644676,False,False
咸阳秦都西咸数据中心1号楼D303电力电池机房|1#开关电源蓄电池组|第2组|第2组单体19电池电压|1-D303电池室放电电池数据表.xlsx|DC1|DC1,陕西省,咸阳,中国移动西咸数据中心,咸阳秦都西咸数据中心1号楼站点,咸阳秦都西咸数据中心1号楼D303电力电池机房,铅酸电池,1#开关电源蓄电池组,单体XX电压,第2组单体19电池电压,2025-07-10T00:27:50,2.183,V,1-D303电池室放电电池数据表.xlsx,DC1,2.183,第2组,DC1,10,1902.0,False,1.98,2.261,-0.5658243621395275,0,False,False,False,0.36612814268395966,0.5391241573188778,5,-0.5750684171977051,-0.35412820584949556,-0.15995405398870655,-0.11510503994864198,1.0763127160481123,0.060072815533980584,7,False,0.9011795081277196,False,False
咸阳秦都西咸数据中心1号楼D203电力电池机房|5#开关电源蓄电池组|第2组|第2组单体16电池电压|1-D203电池室放电电池数据表.xlsx|DC5|DC5,陕西省,咸阳,中国移动西咸数据中心,咸阳秦都西咸数据中心1号楼站点,咸阳秦都西咸数据中心1号楼D203电力电池机房,铅酸电池,5#开关电源蓄电池组,单体XX电压,第2组单体16电池电压,2025-07-11T01:38:56,2.171,V,1-D203电池室放电电池数据表.xlsx,DC5,2.171,第2组,DC5,17,10173.0,False,2.147,2.571,-0.42864980954234355,0,False,False,False,0.3654180983600056,1.9603592171374145,7,-2.1450656731229096,0.8737612869707738,0.8956712868864981,-0.24849449683220787,1.0763127160481123,0.060072815533980584,7,False,0.3087410708317724,False,False
咸阳秦都西咸数据中心1号楼J301电力电池机房|07#开关电源蓄电池组|第1组|第1组单体18电池电压|1-J301电池室放电电池数据表.xlsx|DC7|DC7,陕西省,咸阳,中国移动西咸数据中心,咸阳秦都西咸数据中心1号楼站点,咸阳秦都西咸数据中心1号楼J301电力电池机房,铅酸电池,07#开关电源蓄电池组,单体XX电压,第1组单体18电池电压,2025-07-09T00:15:41,2.125,V,1-J301电池室放电电池数据表.xlsx,DC7,2.125,第1组,DC7,8,9859.0,False,1.95,2.128,-0.42015231149489535,0,False,False,False,0.365347127163162,1.2222381275186225,7,-1.6442496524325225,-0.501204098156879,0.4798626284503672,-0.33896071898182933,1.0763127160481123,0.060072815533980584,7,False,0.4774995053042896,False,False
咸阳秦都西咸数据中心1号楼D203电力电池机房|5#开关电源蓄电池组|第2组|第2组单体1电池电压|1-D203电池室放电电池数据表.xlsx|DC5|DC5,陕西省,咸阳,中国移动西咸数据中心,咸阳秦都西咸数据中心1号楼站点,咸阳秦都西咸数据中心1号楼D203电力电池机房,铅酸电池,5#开关电源蓄电池组,单体XX电压,第2组单体1电池电压,2025-07-11T01:39:54,1.98,V,1-D203电池室放电电池数据表.xlsx,DC5,1.98,第2组,DC5,12,8052.0,False,1.711,2.263,-0.6704078971432761,0,False,False,False,0.3638634672111612,1.4917431391581377,7,-1.880659566353096,0.1453928289402681,0.7589228799388518,0.01850014654973761,1.0763127160481123,0.060072815533980584,7,False,0.6415191247694229,False,False
咸阳秦都西咸数据中心1号楼D203电力电池机房|5#开关电源蓄电池组|第1组|第1组单体1电池电压|1-D203电池室放电电池数据表.xlsx|DC5|DC5,陕西省,咸阳,中国移动西咸数据中心,咸阳秦都西咸数据中心1号楼站点,咸阳秦都西咸数据中心1号楼D203电力电池机房,铅酸电池,5#开关电源蓄电池组,单体XX电压,第1组单体1电池电压,2025-07-11T01:39:54,2.046,V,1-D203电池室放电电池数据表.xlsx,DC5,2.046,第1组,DC5,7,75.0,True,1.797,2.221,1.0975874051682293,0,False,False,False,0.36365759240609774,1.9241158845190134,-7,-0.3813155881569065,-1.2603966544628569,-0.022035835899082867,-0.6640847161939735,1.0763127160481123,0.060072815533980584,7,False,0.5851372197195399,False,False
咸阳秦都西咸数据中心1号楼J301电力电池机房|02#开关电源蓄电池组|第1组|第1组单体10电池电压|1-J301电池室放电电池数据表.xlsx|DC2|DC2,陕西省,咸阳,中国移动西咸数据中心,咸阳秦都西咸数据中心1号楼站点,咸阳秦都西咸数据中心1号楼J301电力电池机房,铅酸电池,02#开关电源蓄电池组,单体XX电压,第1组单体10电池电压,2025-07-09T00:28:23,1.97,V,1-J301电池室放电电池数据表.xlsx,DC2,1.97,第1组,DC2,10,7022.0,False,1.926,2.292,-1.2852045587930556,0,False,False,False,0.3632734298148089,1.373848195933042,-6,-0.6914793981694854,0.5267832597520711,0.5838196078546258,0.16183871731688834,1.0763127160481123,0.060072815533980584,7,False,-0.2608237761944453,False,False
咸阳秦都西咸数据中心1号楼J301电力电池机房|14#开关电源蓄电池组|第1组|第1组单体15电池电压|1-J301电池室放电电池数据表.xlsx|DC14|DC14,陕西省,咸阳,中国移动西咸数据中心,咸阳秦都西咸数据中心1号楼站点,咸阳秦都西咸数据中心1号楼J301电力电池机房,铅酸电池,14#开关电源蓄电池组,单体XX电压,第1组单体15电池电压,2025-07-08T03:24:29,2.181,V,1-J301电池室放电电池数据表.xlsx,DC14,2.181,第1组,DC14,8,1517.0,False,2.123,2.434,-0.10779001999574636,0,False,False,False,0.3610431057105081,0.7909830724304281,-7,-0.7673786494215108,0.1362063644816646,0.5669295952903207,-0.49938475556192574,1.0763127160481123,0.060072815533980584,7,False,0.8203450064087254,False,False
咸阳秦都西咸数据中心1号楼D303电力电池机房|3#开关电源蓄电池组|第2组|第2组单体22电池电压|1-D303电池室放电电池数据表.xlsx|DC3|DC3,陕西省,咸阳,中国移动西咸数据中心,咸阳秦都西咸数据中心1号楼站点,咸阳秦都西咸数据中心1号楼D303电力电池机房,铅酸电池,3#开关电源蓄电池组,单体XX电压,第2组单体22电池电压,2025-07-10T00:57:35,2.02,V,1-D303电池室放电电池数据表.xlsx,DC3,2.02,第2组,DC3,9,4736.0,False,1.963,2.24,-0.8042331796909339,0,False,False,False,0.3608598658027062,0.6625392343203842,-5,-0.5481524871468748,0.13477376142115036,0.012275265367611699,-0.08911291568058577,1.0763127160481123,0.060072815533980584,7,False,0.9139607623792074,False,False
咸阳秦都西咸数据中心1号楼D303电力电池机房|5#开关电源蓄电池组|第2组|第2组单体11电池电压|1-D303电池室放电电池数据表.xlsx|DC5|DC5,陕西省,咸阳,中国移动西咸数据中心,咸阳秦都西咸数据中心1号楼站点,咸阳秦都西咸数据中心1号楼D303电力电池机房,铅酸电池,5#开关电源蓄电池组,单体XX电压,第2组单体11电池电压,2025-07-10T02:06:43,2.111,V,1-D303电池室放电电池数据表.xlsx,DC5,2.111,第2组,DC5,9,7695.0,False,2.052,2.437,-1.1615488750213878,0,False,False,False,0.3600269017103544,2.248967987442872,-7,0.5671356670456014,1.1511144425900106,1.030305109606703,-0.02596341596016087,1.0763127160481123,0.060072815533980584,7,False,0.753538034409494,False,False
咸阳秦都西咸数据中心1号楼J301电力电池机房|02#开关电源蓄电池组|第1组|第1组单体21电池电压|1-J301电池室放电电池数据表.xlsx|DC2|DC2,陕西省,咸阳,中国移动西咸数据中心,咸阳秦都西咸数据中心1号楼站点,咸阳秦都西咸数据中心1号楼J301电力电池机房,铅酸电池,02#开关电源蓄电池组,单体XX电压,第1组单体21电池电压,2025-07-09T00:27:44,1.897,V,1-J301电池室放电电池数据表.xlsx,DC2,1.897,第1组,DC2,9,8646.0,True,1.897,2.316,0.8229342364438199,0,False,False,False,0.3579459905389544,2.414776389899815,-1,-1.6043182186680527,1.5697905967329016,-1.1795746516907077,-0.06461463405020973,1.0763127160481123,0.060072815533980584,7,False,0.8844523385385246,False,False
咸阳秦都西咸数据中心1号楼D303电力电池机房|2#开关电源蓄电池组|第1组|第1组单体7电池电压|1-D303电池室放电电池数据表.xlsx|DC2|DC2,陕西省,咸阳,中国移动西咸数据中心,咸阳秦都西咸数据中心1号楼站点,咸阳秦都西咸数据中心1号楼D303电力电池机房,铅酸电池,2#开关电源蓄电池组,单体XX电压,第1组单体7电池电压,2025-07-10T00:54:59,2.228,V,1-D303电池室放电电池数据表.xlsx,DC2,2.228,第1组,DC2,10,3296.0,False,1.986,2.356,-0.473951576132129,0,False,False,False,0.3569521790224025,1.2161967467259762,-7,0.131951713180809,0.18128299595693312,0.5983114278517796,-0.5269165137131989,1.0763127160481123,0.060072815533980584,7,False,0.6975490014208919,False,False
咸阳秦都西咸数据中心1号楼J301电力电池机房|14#开关电源蓄电池组|第2组|第2组单体5电池电压|1-J301电池室放电电池数据表.xlsx|DC14|DC14,陕西省,咸阳,中国移动西咸数据中心,咸阳秦都西咸数据中心1号楼站点,咸阳秦都西咸数据中心1号楼J301电力电池机房,铅酸电池,14#开关电源蓄电池组,单体XX电压,第2组单体5电池电压,2025-07-08T03:20:07,2.241,V,1-J301电池室放电电池数据表.xlsx,DC14,2.241,第2组,DC14,6,506.0,True,2.077,2.355,0.06458642585406627,0,False,False,False,0.3568369837096229,1.1974026894639023,-7,-1.3363115075760477,0.49127152977669264,0.6625660036920447,-0.4821671009621389,1.0763127160481123,0.060072815533980584,7,False,0.3602314414247991,False,False
咸阳秦都西咸数据中心1号楼J301电力电池机房|01#开关电源蓄电池组|第1组|第1组单体16电池电压|1-J301电池室放电电池数据表.xlsx|DC1|DC1,陕西省,咸阳,中国移动西咸数据中心,咸阳秦都西咸数据中心1号楼站点,咸阳秦都西咸数据中心1号楼J301电力电池机房,铅酸电池,01#开关电源蓄电池组,单体XX电压,第1组单体16电池电压,2025-07-09T00:14:32,1.875,V,1-J301电池室放电电池数据表.xlsx,DC1,1.875,第1组,DC1,12,3263.0,False,1.856,2.292,0.7747819414956176,0,False,False,False,0.3568059688460731,1.1642051174263395,-7,-0.29270734003965077,-0.3638658848457873,0.3625465304193919,-0.0908799255105027,1.0763127160481123,0.060072815533980584,7,False,0.9799928407315632,True,False
咸阳秦都西咸数据中心1号楼J301电力电池机房|03#开关电源蓄电池组|第1组|第1组单体5电池电压|1-J301电池室放电电池数据表.xlsx|DC3|DC3,陕西省,咸阳,中国移动西咸数据中心,咸阳秦都西咸数据中心1号楼站点,咸阳秦都西咸数据中心1号楼J301电力电池机房,铅酸电池,03#开关电源蓄电池组,单体XX电压,第1组单体5电池电压,2025-07-09T00:31:17,2.205,V,1-J301电池室放电电池数据表.xlsx,DC3,2.205,第1组,DC3,6,933.0,True,1.84,2.132,0.6260480634015058,0,False,False,False,0.3567102385231369,1.8088825530621226,-7,-1.1944263053950004,-1.5770909135056241,0.07033955348110682,-0.06988741316296149,1.0763127160481123,0.060072815533980584,7,False,-0.42442565938666527,False,False
咸阳秦都西咸数据中心1号楼D301电力电池机房|4#开关电源蓄电池组|第2组|第2组单体17电池电压|1-D301电池室放电电池数据表.xlsx|DC4|DC4,陕西省,咸阳,中国移动西咸数据中心,咸阳秦都西咸数据中心1号楼站点,咸阳秦都西咸数据中心1号楼D301电力电池机房,铅酸电池,4#开关电源蓄电池组,单体XX电压,第2组单体17电池电压,2025-07-08T01:54:30,2.303,V,1-D301电池室放电电池数据表.xlsx,DC4,2.303,第2组,DC4,7,1467.0,False,2.093,2.303,-0.5016538261932518,0,False,False,False,0.3557005734325488,0.9215773864901671,4,-1.4340111904578996,0.09134693491018545,-0.391396685545076,-0.23168791964891888,1.0763127160481123,0.060072815533980584,7,False,0.7714130343178535,False,False
咸阳秦都西咸数据中心1号楼D203电力电池机房|6#开关电源蓄电池组|第1组|第1组单体21电池电压|1-D203电池室放电电池数据表.xlsx|DC6|DC6,陕西省,咸阳,中国移动西咸数据中心,咸阳秦都西咸数据中心1号楼站点,咸阳秦都西咸数据中心1号楼D203电力电池机房,铅酸电池,6#开关电源蓄电池组,单体XX电压,第1组单体21电池电压,2025-07-11T01:40:55,2.119,V,1-D203电池室放电电池数据表.xlsx,DC6,2.119,第1组,DC6,10,6716.0,False,1.912,2.201,1.0838951751555994,0,False,False,False,0.3556249012910332,2.0035689544250928,7,-2.1742903434129524,-0.05831138793532123,0.45790810396175424,-0.10547339729238883,1.0763127160481123,0.060072815533980584,7,False,-0.5675940472377017,False,False
咸阳秦都西咸数据中心1号楼D203电力电池机房|2#开关电源蓄电池组|第2组|第2组单体4电池电压|1-D203电池室放电电池数据表.xlsx|DC2|DC2,陕西省,咸阳,中国移动西咸数据中心,咸阳秦都西咸数据中心1号楼站点,咸阳秦都西咸数据中心1号楼D203电力电池机房,铅酸电池,2#开关电源蓄电池组,单体XX电压,第2组单体4电池电压,2025-07-11T00:25:38,2.025,V,1-D203电池室放电电池数据表.xlsx,DC2,2.025,第2组,DC2,8,1121.0,True,1.665,2.025,1.2900496910494608,0,False,False,False,0.3554186980671396,1.9208840717292661,7,-1.2851882508607413,-1.1096115771366042,0.12708396555728135,-0.003214078213479979,1.0763127160481123,0.060072815533980584,7,False,0.6922041730440537,False,False
咸阳秦都西咸数据中心1号楼J301电力电池机房|02#开关电源蓄电池组|第2组|第2组单体18电池电压|1-J301电池室放电电池数据表.xlsx|DC2|DC2,陕西省,咸阳,中国移动西咸数据中心,咸阳秦都西咸数据中心1号楼站点,咸阳秦都西咸数据中心1号楼J301电力电池机房,铅酸电池,02#开关电源蓄电池组,单体XX电压,第2组单体18电池电压,2025-07-09T02:08:04,2.127,V,1-J301电池室放电电池数据表.xlsx,DC2,2.127,第2组,DC2,12,7682.0,False,1.862,2.229,0.9533577646907636,0,False,False,False,0.35415188136726083,1.5411462033162397,-7,-1.3402147299318945,0.36884589634371,0.5142935091274559,-0.4603011194350801,1.0763127160481123,0.060072815533980584,7,False,-0.8352232699917639,False,False
咸阳秦都西咸数据中心1号楼J301电力电池机房|13#开关电源蓄电池组|第1组|第1组单体2电池电压|1-J301电池室放电电池数据表.xlsx|DC13|DC13,陕西省,咸阳,中国移动西咸数据中心,咸阳秦都西咸数据中心1号楼站点,咸阳秦都西咸数据中心1号楼J301电力电池机房,铅酸电池,13#开关电源蓄电池组,单体XX电压,第1组单体2电池电压,2025-07-08T03:21:10,2.253,V,1-J301电池室放电电池数据表.xlsx,DC13,2.253,第1组,DC13,8,1308.0,False,2.031,2.312,-0.7944733110147306,0,False,False,False,0.35403779915595157,1.3392415659914556,2,-0.4617056855208632,-0.3068028991098848,-1.1217797046371047,0.24146613747771076,1.0763127160481123,0.060072815533980584,7,False,0.5376941224352739,False,False
咸阳秦都西咸数据中心2号楼J301电力电池机房|01#开关电源蓄电池组|第2组|第2组单体18电池电压|2-J301电池室放电电池数据表.xlsx|DC1|DC1,陕西省,咸阳,中国移动西咸数据中心,咸阳秦都西咸数据中心2号楼站点,咸阳秦都西咸数据中心2号楼J301电力电池机房,铅酸电池,01#开关电源蓄电池组,单体XX电压,第2组单体18电池电压,2025-07-11T03:14:09,1.993,V,2-J301电池室放电电池数据表.xlsx,DC1,1.993,第2组,DC1,8,1404.0,False,1.993,2.355,-0.5541454538658348,0,False,False,False,0.35384360778743856,2.0465397357976394,0,0.0412500182758736,-0.2096125138320849,-1.8627118797714481,0.14402957086222132,1.0763127160481123,0.060072815533980584,7,False,0.34838310212028056,False,False
咸阳秦都西咸数据中心1号楼D201电力电池机房|2#开关电源蓄电池组|第1组|第1组单体12电池电压|1-D201电池室放电电池数据表.xlsx|DC2|DC2,陕西省,咸阳,中国移动西咸数据中心,咸阳秦都西咸数据中心1号楼站点,咸阳秦都西咸数据中心1号楼D201电力电池机房,铅酸电池,2#开关电源蓄电池组,单体XX电压,第1组单体12电池电压,2025-07-08T00:50:15,2.225,V,1-D201电池室放电电池数据表.xlsx,DC2,2.225,第1组,DC2,8,1341.0,False,2.047,2.254,-0.6770924696914576,0,False,False,False,0.353354502664583,1.6450794990414195,1,-1.3491207761397506,-0.13088172334522843,-1.4087170408006648,0.2882367095536811,1.0763127160481123,0.060072815533980584,7,False,0.4651575594639686,False,False
咸阳秦都西咸数据中心1号楼J301电力电池机房|02#开关电源蓄电池组|第1组|第1组单体15电池电压|1-J301电池室放电电池数据表.xlsx|DC2|DC2,陕西省,咸阳,中国移动西咸数据中心,咸阳秦都西咸数据中心1号楼站点,咸阳秦都西咸数据中心1号楼J301电力电池机房,铅酸电池,02#开关电源蓄电池组,单体XX电压,第1组单体15电池电压,2025-07-09T00:28:28,2.08,V,1-J301电池室放电电池数据表.xlsx,DC2,2.08,第1组,DC2,9,7006.0,True,1.87,2.337,0.8915655792076547,0,False,False,False,0.35259943024046886,2.283774323530846,-1,-1.255972401145672,1.4261749607313141,-1.2505544794226044,-0.13761834561604916,1.0763127160481123,0.060072815533980584,7,False,0.8648372695838799,False,False
咸阳秦都西咸数据中心1号楼D303电力电池机房|6#开关电源蓄电池组|第1组|第1组单体18电池电压|1-D303电池室放电电池数据表.xlsx|DC6|DC6,陕西省,咸阳,中国移动西咸数据中心,咸阳秦都西咸数据中心1号楼站点,咸阳秦都西咸数据中心1号楼D303电力电池机房,铅酸电池,6#开关电源蓄电池组,单体XX电压,第1组单体18电池电压,2025-07-10T02:30:26,2.004,V,1-D303电池室放电电池数据表.xlsx,DC6,2.004,第1组,DC6,10,9011.0,False,1.907,2.34,-1.383942180008163,0,False,False,False,0.35250112562310276,2.658634737879321,-7,1.3438843469861779,0.582918387516537,0.9466063369034425,0.3958148948133886,1.0763127160481123,0.060072815533980584,7,False,0.779691311539861,False,False
咸阳秦都西咸数据中心1号楼D303电力电池机房|2#开关电源蓄电池组|第1组|第1组单体3电池电压|1-D303电池室放电电池数据表.xlsx|DC2|DC2,陕西省,咸阳,中国移动西咸数据中心,咸阳秦都西咸数据中心1号楼站点,咸阳秦都西咸数据中心1号楼D303电力电池机房,铅酸电池,2#开关电源蓄电池组,单体XX电压,第1组单体3电池电压,2025-07-10T00:32:28,1.966,V,1-D303电池室放电电池数据表.xlsx,DC2,1.966,第1组,DC2,9,3296.0,False,1.966,2.332,-0.4792007751074422,0,False,False,False,0.3523072891841943,1.1727689276462006,-7,0.12718473950514042,0.06592936007547504,0.5711164910926229,-0.4999527123617895,1.0763127160481123,0.060072815533980584,7,False,0.6993339931488266,False,False
咸阳秦都西咸数据中心1号楼D303电力电池机房|6#开关电源蓄电池组|第1组|第1组单体8电池电压|1-D303电池室放电电池数据表.xlsx|DC6|DC6,陕西省,咸阳,中国移动西咸数据中心,咸阳秦都西咸数据中心1号楼站点,咸阳秦都西咸数据中心1号楼D303电力电池机房,铅酸电池,6#开关电源蓄电池组,单体XX电压,第1组单体8电池电压,2025-07-10T02:27:43,1.824,V,1-D303电池室放电电池数据表.xlsx,DC6,1.824,第1组,DC6,10,9002.0,False,1.824,2.191,0.2700018698933416,0,False,False,False,0.3516774036558831,0.8845336519118361,7,-0.6217210462634909,-0.187180980068408,0.5765666682631151,0.45590434183379,1.0763127160481123,0.060072815533980584,7,False,-0.09630451096812834,False,False
咸阳秦都西咸数据中心1号楼D201电力电池机房|4#开关电源蓄电池组|第2组|第2组单体15电池电压|1-D201电池室放电电池数据表.xlsx|DC4|DC4,陕西省,咸阳,中国移动西咸数据中心,咸阳秦都西咸数据中心1号楼站点,咸阳秦都西咸数据中心1号楼D201电力电池机房,铅酸电池,4#开关电源蓄电池组,单体XX电压,第2组单体15电池电压,2025-07-08T01:09:50,2.172,V,1-D201电池室放电电池数据表.xlsx,DC4,2.172,第2组,DC4,6,1220.0,True,1.771,2.346,0.7207152122175555,0,False,False,False,0.3511577935873872,2.817392507674996,7,1.3152761067997931,-1.535799884040612,0.1527228582464249,0.881044318965383,1.0763127160481123,0.060072815533980584,7,False,0.9977691531725715,True,False
咸阳秦都西咸数据中心1号楼D203电力电池机房|5#开关电源蓄电池组|第1组|第1组单体7电池电压|1-D203电池室放电电池数据表.xlsx|DC5|DC5,陕西省,咸阳,中国移动西咸数据中心,咸阳秦都西咸数据中心1号楼站点,咸阳秦都西咸数据中心1号楼D203电力电池机房,铅酸电池,5#开关电源蓄电池组,单体XX电压,第1组单体7电池电压,2025-07-11T00:00:53,2.181,V,1-D203电池室放电电池数据表.xlsx,DC5,2.181,第1组,DC5,6,5941.0,True,2.101,2.265,-0.2833763763777822,0,False,False,False,0.34971148656751905,2.211394873136347,-7,-2.7992834086277565,0.05321975953877481,0.6849589155205953,-0.12181425477985444,1.0763127160481123,0.060072815533980584,7,False,-0.5230501562290687,False,False
咸阳秦都西咸数据中心1号楼D301电力电池机房|2#开关电源蓄电池组|第2组|第2组单体10电池电压|1-D301电池室放电电池数据表.xlsx|DC2|DC2,陕西省,咸阳,中国移动西咸数据中心,咸阳秦都西咸数据中心1号楼站点,咸阳秦都西咸数据中心1号楼D301电力电池机房,铅酸电池,2#开关电源蓄电池组,单体XX电压,第2组单体10电池电压,2025-07-08T01:55:00,2.186,V,1-D301电池室放电电池数据表.xlsx,DC2,2.186,第2组,DC2,6,1424.0,False,2.125,2.313,-0.6330981440967698,0,False,False,False,0.34948543914856417,1.244986940040889,3,-1.622612766604611,0.3030734804958868,-0.6321328871187004,-0.04355618811829337,1.0763127160481123,0.060072815533980584,7,False,0.8433295467834953,False,False
咸阳秦都西咸数据中心1号楼D203电力电池机房|5#开关电源蓄电池组|第1组|第1组单体8电池电压|1-D203电池室放电电池数据表.xlsx|DC5|DC5,陕西省,咸阳,中国移动西咸数据中心,咸阳秦都西咸数据中心1号楼站点,咸阳秦都西咸数据中心1号楼D203电力电池机房,铅酸电池,5#开关电源蓄电池组,单体XX电压,第1组单体8电池电压,2025-07-11T01:39:34,1.471,V,1-D203电池室放电电池数据表.xlsx,DC5,1.471,第1组,DC5,14,10501.0,False,1.379,2.345,-0.1851304773823822,0,False,False,False,0.34947540718931647,2.173408465387411,-7,-2.428641515683938,0.8419700738698825,0.8151143289289247,-0.5415266467963814,1.0763127160481123,0.060072815533980584,7,False,-0.5046719859460742,False,False
咸阳秦都西咸数据中心1号楼D303电力电池机房|7#开关电源蓄电池组|第2组|第2组单体21电池电压|1-D303电池室放电电池数据表.xlsx|DC7|DC7,陕西省,咸阳,中国移动西咸数据中心,咸阳秦都西咸数据中心1号楼站点,咸阳秦都西咸数据中心1号楼D303电力电池机房,铅酸电池,7#开关电源蓄电池组,单体XX电压,第2组单体21电池电压,2025-07-10T02:35:40,2.008,V,1-D303电池室放电电池数据表.xlsx,DC7,2.008,第2组,DC7,8,10501.0,False,2.008,2.253,-0.7893520818029782,0,False,False,False,0.3494100721052068,0.7792979264440579,-5,-0.9548245607703014,0.3759998915883348,0.09381448226709838,-0.062087126294978964,1.0763127160481123,0.060072815533980584,7,False,0.7853738716692292,False,False
咸阳秦都西咸数据中心1号楼D301电力电池机房|4#开关电源蓄电池组|第1组|第1组单体6电池电压|1-D301电池室放电电池数据表.xlsx|DC4|DC4,陕西省,咸阳,中国移动西咸数据中心,咸阳秦都西咸数据中心1号楼站点,咸阳秦都西咸数据中心1号楼D301电力电池机房,铅酸电池,4#开关电源蓄电池组,单体XX电压,第1组单体6电池电压,2025-07-08T02:16:11,2.207,V,1-D301电池室放电电池数据表.xlsx,DC4,2.207,第1组,DC4,6,1302.0,False,2.078,2.274,-0.21552433841184448,0,False,False,False,0.34937029053023194,1.198773528215192,4,-1.8338055850896684,0.024313701752206235,-0.4034764314857826,-0.025404521671749586,1.0763127160481123,0.060072815533980584,7,False,0.9344758170172572,True,False
咸阳秦都西咸数据中心1号楼D303电力电池机房|5#开关电源蓄电池组|第2组|第2组单体7电池电压|1-D303电池室放电电池数据表.xlsx|DC5|DC5,陕西省,咸阳,中国移动西咸数据中心,咸阳秦都西咸数据中心1号楼站点,咸阳秦都西咸数据中心1号楼D303电力电池机房,铅酸电池,5#开关电源蓄电池组,单体XX电压,第2组单体7电池电压,2025-07-10T01:45:18,2.089,V,1-D303电池室放电电池数据表.xlsx,DC5,2.089,第2组,DC5,10,7576.0,False,1.969,2.303,-1.399727883819993,0,False,False,False,0.3468346335612137,1.9384559187988706,-2,0.26548939775359215,0.7920995272559676,-0.733863342731208,0.36382120025591635,1.0763127160481123,0.060072815533980584,7,False,0.9544048350121148,True,False
咸阳秦都西咸数据中心1号楼J301电力电池机房|03#开关电源蓄电池组|第2组|第2组单体17电池电压|1-J301电池室放电电池数据表.xlsx|DC3|DC3,陕西省,咸阳,中国移动西咸数据中心,咸阳秦都西咸数据中心1号楼站点,咸阳秦都西咸数据中心1号楼J301电力电池机房,铅酸电池,03#开关电源蓄电池组,单体XX电压,第2组单体17电池电压,2025-07-09T00:31:17,2.144,V,1-J301电池室放电电池数据表.xlsx,DC3,2.144,第2组,DC3,9,2100.0,False,1.928,2.245,-0.9744241118932235,0,False,False,False,0.3464939787644775,1.4339602505153883,2,-0.08276700985564123,0.11516890905946395,-0.9850985746324665,0.2727521625621332,1.0763127160481123,0.060072815533980584,7,False,0.670757558541129,False,False
咸阳秦都西咸数据中心1号楼D301电力电池机房|1#开关电源蓄电池组|第1组|第1组单体9电池电压|1-D301电池室放电电池数据表.xlsx|DC1|DC1,陕西省,咸阳,中国移动西咸数据中心,咸阳秦都西咸数据中心1号楼站点,咸阳秦都西咸数据中心1号楼D301电力电池机房,铅酸电池,1#开关电源蓄电池组,单体XX电压,第1组单体9电池电压,2025-07-08T01:34:53,2.058,V,1-D301电池室放电电池数据表.xlsx,DC1,2.058,第1组,DC1,11,1524.0,False,2.008,2.294,-0.7032407077850849,0,False,False,False,0.3462974898997957,1.0362765732848984,7,-0.28673682510094467,-0.6792134545866734,0.46614965438474476,-0.11057932829728315,1.0763127160481123,0.060072815533980584,7,False,0.8825856318897517,False,False
咸阳秦都西咸数据中心1号楼D203电力电池机房|4#开关电源蓄电池组|第1组|第1组单体7电池电压|1-D203电池室放电电池数据表.xlsx|DC4|DC4,陕西省,咸阳,中国移动西咸数据中心,咸阳秦都西咸数据中心1号楼站点,咸阳秦都西咸数据中心1号楼D203电力电池机房,铅酸电池,4#开关电源蓄电池组,单体XX电压,第1组单体7电池电压,2025-07-11T00:00:52,2.317,V,1-D203电池室放电电池数据表.xlsx,DC4,2.317,第1组,DC4,10,7148.0,False,1.859,2.318,-0.8360791737418507,0,False,False,False,0.34619521961451044,2.2152664309899337,-7,1.2074827770652126,0.19046711497200777,0.7723664595568895,0.42404063290072413,1.0763127160481123,0.060072815533980584,7,False,0.8651446721138822,False,False
咸阳秦都西咸数据中心1号楼D301电力电池机房|1#开关电源蓄电池组|第1组|第1组单体18电池电压|1-D301电池室放电电池数据表.xlsx|DC1|DC1,陕西省,咸阳,中国移动西咸数据中心,咸阳秦都西咸数据中心1号楼站点,咸阳秦都西咸数据中心1号楼D301电力电池机房,铅酸电池,1#开关电源蓄电池组,单体XX电压,第1组单体18电池电压,2025-07-08T01:37:46,2.222,V,1-D301电池室放电电池数据表.xlsx,DC1,2.222,第1组,DC1,6,1397.0,True,2.034,2.274,0.1393230290393664,0,False,False,False,0.3451986516088126,1.096500337360601,6,-1.6164214478729337,-0.39023248719352543,0.07915544686758519,-0.3624953366484063,1.0763127160481123,0.060072815533980584,7,False,0.8440411868489942,False,False
咸阳秦都西咸数据中心1号楼D303电力电池机房|7#开关电源蓄电池组|第2组|第2组单体13电池电压|1-D303电池室放电电池数据表.xlsx|DC7|DC7,陕西省,咸阳,中国移动西咸数据中心,咸阳秦都西咸数据中心1号楼站点,咸阳秦都西咸数据中心1号楼D303电力电池机房,铅酸电池,7#开关电源蓄电池组,单体XX电压,第2组单体13电池电压,2025-07-10T02:34:43,2.086,V,1-D303电池室放电电池数据表.xlsx,DC7,2.086,第2组,DC7,8,10572.0,False,2.068,2.305,-1.0850385857589848,0,False,False,False,0.34447653849044424,1.2184607613549692,-5,-0.8466844149219377,0.723504751977384,0.25698569322558545,0.12061452396495503,1.0763127160481123,0.060072815533980584,7,False,0.7805444212122623,False,False
咸阳秦都西咸数据中心1号楼D303电力电池机房|3#开关电源蓄电池组|第1组|第1组单体3电池电压|1-D303电池室放电电池数据表.xlsx|DC3|DC3,陕西省,咸阳,中国移动西咸数据中心,咸阳秦都西咸数据中心1号楼站点,咸阳秦都西咸数据中心1号楼D303电力电池机房,铅酸电池,3#开关电源蓄电池组,单体XX电压,第1组单体3电池电压,2025-07-10T00:47:44,2.309,V,1-D303电池室放电电池数据表.xlsx,DC3,2.309,第1组,DC3,9,4784.0,False,2.051,2.309,-0.7125646259838402,0,False,False,False,0.3442672797529013,0.8666340233119543,-6,-0.8181890824589594,0.38532381250118397,0.388272537831046,-0.3554806937018866,1.0763127160481123,0.060072815533980584,7,False,0.9160927332497883,False,False
咸阳秦都西咸数据中心1号楼J301电力电池机房|14#开关电源蓄电池组|第1组|第1组单体14电池电压|1-J301电池室放电电池数据表.xlsx|DC14|DC14,陕西省,咸阳,中国移动西咸数据中心,咸阳秦都西咸数据中心1号楼站点,咸阳秦都西咸数据中心1号楼J301电力电池机房,铅酸电池,14#开关电源蓄电池组,单体XX电压,第1组单体14电池电压,2025-07-08T03:24:29,2.17,V,1-J301电池室放电电池数据表.xlsx,DC14,2.17,第1组,DC14,9,1500.0,False,2.069,2.45,-0.22084865389338582,0,False,False,False,0.3439651874440763,0.9636975243994444,-7,-0.0006574188045512797,0.053867999245991394,0.570403868252308,-0.29431131846023445,1.0763127160481123,0.060072815533980584,7,False,0.8260905556537294,False,False
咸阳秦都西咸数据中心1号楼D203电力电池机房|1#开关电源蓄电池组|第1组|第1组单体16电池电压|1-D203电池室放电电池数据表.xlsx|DC1|DC1,陕西省,咸阳,中国移动西咸数据中心,咸阳秦都西咸数据中心1号楼站点,咸阳秦都西咸数据中心1号楼D203电力电池机房,铅酸电池,1#开关电源蓄电池组,单体XX电压,第1组单体16电池电压,2025-07-11T00:03:08,2.054,V,1-D203电池室放电电池数据表.xlsx,DC1,2.054,第1组,DC1,9,1513.0,False,2.054,2.26,-0.3069778988650931,0,False,False,False,0.3434009983662223,1.2905274399783861,3,-1.6523474864845786,0.03310582939451409,-0.7983972977736156,-0.3414888848794885,1.0763127160481123,0.060072815533980584,7,False,0.8158832872412631,False,False
咸阳秦都西咸数据中心1号楼J301电力电池机房|13#开关电源蓄电池组|第2组|第2组单体19电池电压|1-J301电池室放电电池数据表.xlsx|DC13|DC13,陕西省,咸阳,中国移动西咸数据中心,咸阳秦都西咸数据中心1号楼站点,咸阳秦都西咸数据中心1号楼J301电力电池机房,铅酸电池,13#开关电源蓄电池组,单体XX电压,第2组单体19电池电压,2025-07-08T03:20:53,1.965,V,1-J301电池室放电电池数据表.xlsx,DC13,1.965,第2组,DC13,8,1247.0,False,1.89,2.115,0.3356545649083131,0,False,False,False,0.34300990946646703,1.7672295194767076,7,-1.6098228641494279,-1.457171704811273,0.1668454477717936,0.009087039854208834,1.0763127160481123,0.060072815533980584,7,False,0.9906377313199739,True,False
咸阳秦都西咸数据中心1号楼J301电力电池机房|05#开关电源蓄电池组|第1组|第1组单体4电池电压|1-J301电池室放电电池数据表.xlsx|DC5|DC5,陕西省,咸阳,中国移动西咸数据中心,咸阳秦都西咸数据中心1号楼站点,咸阳秦都西咸数据中心1号楼J301电力电池机房,铅酸电池,05#开关电源蓄电池组,单体XX电压,第1组单体4电池电压,2025-07-09T01:04:43,1.861,V,1-J301电池室放电电池数据表.xlsx,DC5,1.861,第1组,DC5,6,1160.0,True,1.781,2.302,0.6653019918156466,0,False,False,False,0.3428695971859804,2.2547342656459772,7,0.8200630485578662,-1.3181021940466464,0.19002603922773942,0.6024959686850239,1.0763127160481123,0.060072815533980584,7,False,-0.5198257969441179,False,False
咸阳秦都西咸数据中心1号楼D301电力电池机房|2#开关电源蓄电池组|第1组|第1组单体8电池电压|1-D301电池室放电电池数据表.xlsx|DC2|DC2,陕西省,咸阳,中国移动西咸数据中心,咸阳秦都西咸数据中心1号楼站点,咸阳秦都西咸数据中心1号楼D301电力电池机房,铅酸电池,2#开关电源蓄电池组,单体XX电压,第1组单体8电池电压,2025-07-08T01:54:51,2.099,V,1-D301电池室放电电池数据表.xlsx,DC2,2.099,第1组,DC2,10,1424.0,False,2.017,2.37,0.7580787373808975,0,False,False,False,0.34273073474999,1.1533231426786057,7,-1.105812750902146,-0.3642403910655286,0.3923059600313209,-0.06102965916075191,1.0763127160481123,0.060072815533980584,7,False,0.7250725842027177,False,False
咸阳秦都西咸数据中心1号楼J301电力电池机房|08#开关电源蓄电池组|第2组|第2组单体16电池电压|1-J301电池室放电电池数据表.xlsx|DC8|DC8,陕西省,咸阳,中国移动西咸数据中心,咸阳秦都西咸数据中心1号楼站点,咸阳秦都西咸数据中心1号楼J301电力电池机房,铅酸电池,08#开关电源蓄电池组,单体XX电压,第2组单体16电池电压,2025-07-09T01:51:07,2.061,V,1-J301电池室放电电池数据表.xlsx,DC8,2.061,第2组,DC8,11,9862.0,False,1.937,2.288,-1.3712216581789602,0,False,False,False,0.34266801661278,1.7735002124506776,-5,0.47182807151057116,0.4420603569386494,0.20871397373361994,0.3055496938383506,1.0763127160481123,0.060072815533980584,7,False,0.05197407482736921,False,False
咸阳秦都西咸数据中心2号楼J301电力电池机房|01#开关电源蓄电池组|第2组|第2组单体24电池电压|2-J301电池室放电电池数据表.xlsx|DC1|DC1,陕西省,咸阳,中国移动西咸数据中心,咸阳秦都西咸数据中心2号楼站点,咸阳秦都西咸数据中心2号楼J301电力电池机房,铅酸电池,01#开关电源蓄电池组,单体XX电压,第2组单体24电池电压,2025-07-11T03:14:29,2.181,V,2-J301电池室放电电池数据表.xlsx,DC1,2.181,第2组,DC1,8,1571.0,False,2.006,2.289,-0.6261469552586831,0,False,False,False,0.34265559504574966,1.0136168375143169,7,-0.3872738938157962,-0.7313608260298622,0.4880584067462354,0.16103286566896355,1.0763127160481123,0.060072815533980584,7,False,0.7989819396784565,False,False
咸阳秦都西咸数据中心1号楼J301电力电池机房|11#开关电源蓄电池组|第2组|第2组单体2电池电压|1-J301电池室放电电池数据表.xlsx|DC11|DC11,陕西省,咸阳,中国移动西咸数据中心,咸阳秦都西咸数据中心1号楼站点,咸阳秦都西咸数据中心1号楼J301电力电池机房,铅酸电池,11#开关电源蓄电池组,单体XX电压,第2组单体2电池电压,2025-07-08T02:19:50,2.233,V,1-J301电池室放电电池数据表.xlsx,DC11,2.233,第2组,DC11,6,1291.0,False,2.034,2.25,-0.20228333085599098,0,False,False,False,0.3421213971915155,0.9099846762501582,5,-1.5614264964562397,-0.31474802531737156,-0.1377391604011281,0.07999490177641441,1.0763127160481123,0.060072815533980584,7,False,0.9325869427168585,True,False
咸阳秦都西咸数据中心1号楼J301电力电池机房|05#开关电源蓄电池组|第1组|第1组单体13电池电压|1-J301电池室放电电池数据表.xlsx|DC5|DC5,陕西省,咸阳,中国移动西咸数据中心,咸阳秦都西咸数据中心1号楼站点,咸阳秦都西咸数据中心1号楼J301电力电池机房,铅酸电池,05#开关电源蓄电池组,单体XX电压,第1组单体13电池电压,2025-07-09T01:11:31,1.796,V,1-J301电池室放电电池数据表.xlsx,DC5,1.796,第1组,DC5,6,1152.0,True,1.779,2.343,0.6584794166372876,0,False,False,False,0.34196370867332776,2.5856044000688945,7,1.2095735123469251,-1.301441585726858,0.21941642511130577,0.8173679934676925,1.0763127160481123,0.060072815533980584,7,False,-0.4986272925301678,False,False
咸阳秦都西咸数据中心1号楼J301电力电池机房|08#开关电源蓄电池组|第1组|第1组单体9电池电压|1-J301电池室放电电池数据表.xlsx|DC8|DC8,陕西省,咸阳,中国移动西咸数据中心,咸阳秦都西咸数据中心1号楼站点,咸阳秦都西咸数据中心1号楼J301电力电池机房,铅酸电池,08#开关电源蓄电池组,单体XX电压,第1组单体9电池电压,2025-07-09T02:12:41,2.154,V,1-J301电池室放电电池数据表.xlsx,DC8,2.154,第1组,DC8,10,9862.0,False,1.919,2.224,-1.11159802500184,0,False,False,False,0.34193100245937513,1.2977776583023284,3,-0.10134972174809187,0.2760159790055122,-0.5761837535352685,0.222160564404054,1.0763127160481123,0.060072815533980584,7,False,0.6766380042889716,False,False
咸阳秦都西咸数据中心1号楼D303电力电池机房|6#开关电源蓄电池组|第2组|第2组单体22电池电压|1-D303电池室放电电池数据表.xlsx|DC6|DC6,陕西省,咸阳,中国移动西咸数据中心,咸阳秦都西咸数据中心1号楼站点,咸阳秦都西咸数据中心1号楼D303电力电池机房,铅酸电池,6#开关电源蓄电池组,单体XX电压,第2组单体22电池电压,2025-07-10T02:30:37,2.022,V,1-D303电池室放电电池数据表.xlsx,DC6,2.022,第2组,DC6,8,9844.0,False,1.965,2.175,-0.4048249826720806,0,False,False,False,0.34172500454485666,1.170079786047252,3,-1.5709393550152657,-0.08486319573232042,-0.7625517494541336,0.019082206646962446,1.0763127160481123,0.060072815533980584,7,False,-0.3504273083145204,False,False
咸阳秦都西咸数据中心1号楼J301电力电池机房|13#开关电源蓄电池组|第1组|第1组单体17电池电压|1-J301电池室放电电池数据表.xlsx|DC13|DC13,陕西省,咸阳,中国移动西咸数据中心,咸阳秦都西咸数据中心1号楼站点,咸阳秦都西咸数据中心1号楼J301电力电池机房,铅酸电池,13#开关电源蓄电池组,单体XX电压,第1组单体17电池电压,2025-07-08T03:00:32,2.279,V,1-J301电池室放电电池数据表.xlsx,DC13,2.279,第1组,DC13,8,1247.0,False,1.904,2.279,0.1686486646197503,0,False,False,False,0.340144696479189,1.6463934662808903,7,-0.13959073892914964,-1.3127667653853088,0.30779351325646875,0.7486804935040237,1.0763127160481123,0.060072815533980584,7,False,0.9943121522964262,True,False
咸阳秦都西咸数据中心1号楼J301电力电池机房|03#开关电源蓄电池组|第1组|第1组单体15电池电压|1-J301电池室放电电池数据表.xlsx|DC3|DC3,陕西省,咸阳,中国移动西咸数据中心,咸阳秦都西咸数据中心1号楼站点,咸阳秦都西咸数据中心1号楼J301电力电池机房,铅酸电池,03#开关电源蓄电池组,单体XX电压,第1组单体15电池电压,2025-07-09T00:31:17,2.276,V,1-J301电池室放电电池数据表.xlsx,DC3,2.276,第1组,DC3,6,987.0,True,1.839,2.15,0.7983166735940137,0,False,False,False,0.3384351843846952,1.6274178048251007,-7,-1.2606120936579788,-1.0462972528882861,0.11676338007810005,-0.5748713701988141,1.0763127160481123,0.060072815533980584,7,False,-0.8607442967380712,False,False
咸阳秦都西咸数据中心1号楼D303电力电池机房|3#开关电源蓄电池组|第2组|第2组单体10电池电压|1-D303电池室放电电池数据表.xlsx|DC3|DC3,陕西省,咸阳,中国移动西咸数据中心,咸阳秦都西咸数据中心1号楼站点,咸阳秦都西咸数据中心1号楼D303电力电池机房,铅酸电池,3#开关电源蓄电池组,单体XX电压,第2组单体10电池电压,2025-07-10T00:00:02,2.35,V,1-D303电池室放电电池数据表.xlsx,DC3,2.35,第2组,DC3,11,4740.0,False,1.971,2.35,-0.6684116500927408,0,False,False,False,0.3372183095516728,1.4677816664310122,-7,0.3189928528293833,0.412065196075876,0.7032057907619238,-0.4054718879624828,1.0763127160481123,0.060072815533980584,7,False,0.8548898116554722,False,False
咸阳秦都西咸数据中心1号楼J301电力电池机房|14#开关电源蓄电池组|第2组|第2组单体24电池电压|1-J301电池室放电电池数据表.xlsx|DC14|DC14,陕西省,咸阳,中国移动西咸数据中心,咸阳秦都西咸数据中心1号楼站点,咸阳秦都西咸数据中心1号楼J301电力电池机房,铅酸电池,14#开关电源蓄电池组,单体XX电压,第2组单体24电池电压,2025-07-08T03:44:49,2.156,V,1-J301电池室放电电池数据表.xlsx,DC14,2.156,第2组,DC14,6,1229.0,True,2.107,2.353,0.6132349197864637,0,False,False,False,0.3369352753668919,1.7554466603329621,7,-2.1397275288685424,0.0272762116238148,0.5083270561137254,-0.3212168790834845,1.0763127160481123,0.060072815533980584,7,False,0.5887630573988317,False,False
咸阳秦都西咸数据中心1号楼D203电力电池机房|6#开关电源蓄电池组|第1组|第1组单体11电池电压|1-D203电池室放电电池数据表.xlsx|DC6|DC6,陕西省,咸阳,中国移动西咸数据中心,咸阳秦都西咸数据中心1号楼站点,咸阳秦都西咸数据中心1号楼D203电力电池机房,铅酸电池,6#开关电源蓄电池组,单体XX电压,第1组单体11电池电压,2025-07-11T00:00:53,2.203,V,1-D203电池室放电电池数据表.xlsx,DC6,2.203,第1组,DC6,9,6759.0,False,2.005,2.274,-0.8643915856488205,0,False,False,False,0.3367752157116644,1.8575574042599654,0,-0.8962211782814977,0.7130949784141429,-1.5498087077016538,0.06065456277441983,1.0763127160481123,0.060072815533980584,7,False,0.5517793733353447,False,False
咸阳秦都西咸数据中心1号楼D203电力电池机房|4#开关电源蓄电池组|第1组|第1组单体18电池电压|1-D203电池室放电电池数据表.xlsx|DC4|DC4,陕西省,咸阳,中国移动西咸数据中心,咸阳秦都西咸数据中心1号楼站点,咸阳秦都西咸数据中心1号楼D203电力电池机房,铅酸电池,4#开关电源蓄电池组,单体XX电压,第1组单体18电池电压,2025-07-11T01:36:26,2.138,V,1-D203电池室放电电池数据表.xlsx,DC4,2.138,第1组,DC4,9,7148.0,False,2.102,2.347,-1.254317878901074,0,False,False,False,0.3365586668838444,1.5603752368418466,-3,-0.7431075514302874,1.0443474304667892,-0.3427433444952972,0.10375177165211039,1.0763127160481123,0.060072815533980584,7,False,0.7054795474610948,False,False
咸阳秦都西咸数据中心1号楼D201电力电池机房|1#开关电源蓄电池组|第1组|第1组单体22电池电压|1-D201电池室放电电池数据表.xlsx|DC1|DC1,陕西省,咸阳,中国移动西咸数据中心,咸阳秦都西咸数据中心1号楼站点,咸阳秦都西咸数据中心1号楼D201电力电池机房,铅酸电池,1#开关电源蓄电池组,单体XX电压,第1组单体22电池电压,2025-07-08T00:28:07,1.828,V,1-D201电池室放电电池数据表.xlsx,DC1,1.828,第1组,DC1,11,1296.0,False,1.719,2.215,0.7647952548157044,0,False,False,False,0.3362134005059316,2.2132869509231146,7,0.5097308495173207,-1.4968563129078143,0.13743439519942913,0.615089106723876,1.0763127160481123,0.060072815533980584,7,False,0.8436432548831511,False,False
咸阳秦都西咸数据中心1号楼J301电力电池机房|07#开关电源蓄电池组|第1组|第1组单体12电池电压|1-J301电池室放电电池数据表.xlsx|DC7|DC7,陕西省,咸阳,中国移动西咸数据中心,咸阳秦都西咸数据中心1号楼站点,咸阳秦都西咸数据中心1号楼J301电力电池机房,铅酸电池,07#开关电源蓄电池组,单体XX电压,第1组单体12电池电压,2025-07-09T01:50:48,2.087,V,1-J301电池室放电电池数据表.xlsx,DC7,2.087,第1组,DC7,8,9859.0,True,2.036,2.156,-0.11324950746514342,0,False,False,False,0.336205676584878,1.9221715846738159,7,-2.4993909813136703,-0.38262450043289054,0.5004747457149239,-0.31480750067482616,1.0763127160481123,0.060072815533980584,7,False,0.6445283030480661,False,False
咸阳秦都西咸数据中心1号楼D203电力电池机房|3#开关电源蓄电池组|第1组|第1组单体22电池电压|1-D203电池室放电电池数据表.xlsx|DC3|DC3,陕西省,咸阳,中国移动西咸数据中心,咸阳秦都西咸数据中心1号楼站点,咸阳秦都西咸数据中心1号楼D203电力电池机房,铅酸电池,3#开关电源蓄电池组,单体XX电压,第1组单体22电池电压,2025-07-11T01:16:05,2.277,V,1-D203电池室放电电池数据表.xlsx,DC3,2.277,第1组,DC3,9,7151.0,False,2.066,2.287,-0.9550800549044987,0,False,False,False,0.33609211854325904,1.077049219246762,6,-1.0019616122454598,0.4490207865922654,0.4876330451716998,-0.08187640583309298,1.0763127160481123,0.060072815533980584,7,False,0.8429885530272637,False,False
咸阳秦都西咸数据中心1号楼D201电力电池机房|4#开关电源蓄电池组|第2组|第2组单体13电池电压|1-D201电池室放电电池数据表.xlsx|DC4|DC4,陕西省,咸阳,中国移动西咸数据中心,咸阳秦都西咸数据中心1号楼站点,咸阳秦都西咸数据中心1号楼D201电力电池机房,铅酸电池,4#开关电源蓄电池组,单体XX电压,第2组单体13电池电压,2025-07-08T01:05:46,1.831,V,1-D201电池室放电电池数据表.xlsx,DC4,1.831,第2组,DC4,8,1260.0,True,1.701,2.279,0.891254016198898,0,False,False,False,0.335876963103189,2.775108346156433,7,1.1774090880011072,-1.5090996662654708,0.14537203542006333,0.9047813179019374,1.0763127160481123,0.060072815533980584,7,False,0.9959471903374855,True,False
咸阳秦都西咸数据中心1号楼D203电力电池机房|7#开关电源蓄电池组|第2组|第2组单体3电池电压|1-D203电池室放电电池数据表.xlsx|DC7|DC7,陕西省,咸阳,中国移动西咸数据中心,咸阳秦都西咸数据中心1号楼站点,咸阳秦都西咸数据中心1号楼D203电力电池机房,铅酸电池,7#开关电源蓄电池组,单体XX电压,第2组单体3电池电压,2025-07-11T02:14:32,2.134,V,1-D203电池室放电电池数据表.xlsx,DC7,2.134,第2组,DC7,8,8018.0,False,1.988,2.151,-0.7208946752027265,0,False,False,False,0.3356976666396212,1.5545228640397786,-2,-1.7606365060731775,0.12136985954955573,-1.0016199888415682,0.07587094584265569,1.0763127160481123,0.060072815533980584,7,False,0.9632252223416574,True,False
咸阳秦都西咸数据中心1号楼D203电力电池机房|3#开关电源蓄电池组|第1组|第1组单体8电池电压|1-D203电池室放电电池数据表.xlsx|DC3|DC3,陕西省,咸阳,中国移动西咸数据中心,咸阳秦都西咸数据中心1号楼站点,咸阳秦都西咸数据中心1号楼D203电力电池机房,铅酸电池,3#开关电源蓄电池组,单体XX电压,第1组单体8电池电压,2025-07-11T01:13:26,2.202,V,1-D203电池室放电电池数据表.xlsx,DC3,2.202,第1组,DC3,11,7151.0,False,2.011,2.308,-1.1193907539200947,0,False,False,False,0.3352022409966981,1.2312774622212264,5,-0.1926228125789038,0.5354235170891236,0.19480020146273896,0.1480365083596237,1.0763127160481123,0.060072815533980584,7,False,0.6493541514347939,False,False
咸阳秦都西咸数据中心1号楼D201电力电池机房|2#开关电源蓄电池组|第1组|第1组单体4电池电压|1-D201电池室放电电池数据表.xlsx|DC2|DC2,陕西省,咸阳,中国移动西咸数据中心,咸阳秦都西咸数据中心1号楼站点,咸阳秦都西咸数据中心1号楼D201电力电池机房,铅酸电池,2#开关电源蓄电池组,单体XX电压,第1组单体4电池电压,2025-07-08T00:28:07,2.072,V,1-D201电池室放电电池数据表.xlsx,DC2,2.072,第1组,DC2,7,1310.0,False,2.002,2.268,-0.164149925196926,0,False,False,False,0.3342294440001353,0.7869548816575033,4,-1.1124564793245995,-0.4274198577150764,-0.5194620369109693,0.20882536277902755,1.0763127160481123,0.060072815533980584,7,False,0.7611435275295485,False,False
咸阳秦都西咸数据中心1号楼D303电力电池机房|2#开关电源蓄电池组|第1组|第1组单体17电池电压|1-D303电池室放电电池数据表.xlsx|DC2|DC2,陕西省,咸阳,中国移动西咸数据中心,咸阳秦都西咸数据中心1号楼站点,咸阳秦都西咸数据中心1号楼D303电力电池机房,铅酸电池,2#开关电源蓄电池组,单体XX电压,第1组单体17电池电压,2025-07-10T00:53:48,2.099,V,1-D303电池室放电电池数据表.xlsx,DC2,2.099,第1组,DC2,10,3301.0,False,1.985,2.301,-1.0843495434534562,0,False,False,False,0.3341893746521094,1.3444285592146565,-3,-0.033156369616269,0.3314609667650418,-0.5425811924311223,0.3678297255262374,1.0763127160481123,0.060072815533980584,7,False,0.9110801071410269,False,False
咸阳秦都西咸数据中心1号楼D201电力电池机房|1#开关电源蓄电池组|第1组|第1组单体19电池电压|1-D201电池室放电电池数据表.xlsx|DC1|DC1,陕西省,咸阳,中国移动西咸数据中心,咸阳秦都西咸数据中心1号楼站点,咸阳秦都西咸数据中心1号楼D201电力电池机房,铅酸电池,1#开关电源蓄电池组,单体XX电压,第1组单体19电池电压,2025-07-08T00:20:37,2.043,V,1-D201电池室放电电池数据表.xlsx,DC1,2.043,第1组,DC1,8,1432.0,False,1.992,2.269,-0.15797501615659537,0,False,False,False,0.3341567992543525,0.7586360744954528,7,-0.8632883929193041,-0.5856790966867039,0.40786264479429823,-0.28753271175315664,1.0763127160481123,0.060072815533980584,7,False,0.9802734237198109,True,False
咸阳秦都西咸数据中心2号楼J301电力电池机房|01#开关电源蓄电池组|第1组|第1组单体23电池电压|2-J301电池室放电电池数据表.xlsx|DC1|DC1,陕西省,咸阳,中国移动西咸数据中心,咸阳秦都西咸数据中心2号楼站点,咸阳秦都西咸数据中心2号楼J301电力电池机房,铅酸电池,01#开关电源蓄电池组,单体XX电压,第1组单体23电池电压,2025-07-11T03:14:09,1.882,V,2-J301电池室放电电池数据表.xlsx,DC1,1.882,第1组,DC1,6,1129.0,True,1.927,2.13,0.12526997182011546,0,False,False,False,0.3337014509264806,1.5762853953114502,7,-1.6860054858604108,-1.2063056074786314,0.2569347474517634,-0.05461378221092511,1.0763127160481123,0.060072815533980584,7,False,0.9896772093044531,True,False
咸阳秦都西咸数据中心1号楼J301电力电池机房|06#开关电源蓄电池组|第2组|第2组单体7电池电压|1-J301电池室放电电池数据表.xlsx|DC6|DC6,陕西省,咸阳,中国移动西咸数据中心,咸阳秦都西咸数据中心1号楼站点,咸阳秦都西咸数据中心1号楼J301电力电池机房,铅酸电池,06#开关电源蓄电池组,单体XX电压,第2组单体7电池电压,2025-07-09T03:00:02,2.222,V,1-J301电池室放电电池数据表.xlsx,DC6,2.222,第2组,DC6,11,9928.0,False,1.883,2.263,-0.9283902033726084,0,False,False,False,0.3332077857060478,1.7014057332397992,-7,0.6281426379808319,0.1339100856521269,0.6689396825409106,-0.29344792263468766,1.0763127160481123,0.060072815533980584,7,False,0.13722306117000826,False,False
咸阳秦都西咸数据中心1号楼J301电力电池机房|07#开关电源蓄电池组|第1组|第1组单体10电池电压|1-J301电池室放电电池数据表.xlsx|DC7|DC7,陕西省,咸阳,中国移动西咸数据中心,咸阳秦都西咸数据中心1号楼站点,咸阳秦都西咸数据中心1号楼J301电力电池机房,铅酸电池,07#开关电源蓄电池组,单体XX电压,第1组单体10电池电压,2025-07-09T01:49:59,2.034,V,1-J301电池室放电电池数据表.xlsx,DC7,2.034,第1组,DC7,9,9859.0,False,1.982,2.2,-0.6898941077698777,0,False,False,False,0.3327768216370341,0.7545952877148591,6,-1.1688852707816495,-0.054416824422499926,0.32200468328364806,-0.0442210505342345,1.0763127160481123,0.060072815533980584,7,False,0.2984989892106956,False,False
咸阳秦都西咸数据中心1号楼D303电力电池机房|6#开关电源蓄电池组|第1组|第1组单体6电池电压|1-D303电池室放电电池数据表.xlsx|DC6|DC6,陕西省,咸阳,中国移动西咸数据中心,咸阳秦都西咸数据中心1号楼站点,咸阳秦都西咸数据中心1号楼D303电力电池机房,铅酸电池,6#开关电源蓄电池组,单体XX电压,第1组单体6电池电压,2025-07-10T02:30:22,1.859,V,1-D303电池室放电电池数据表.xlsx,DC6,1.859,第1组,DC6,10,9002.0,False,1.859,2.241,-0.09663409413489243,0,False,False,False,0.3320104889425661,1.0801595590201685,7,-0.29397807684374383,0.3147634475028295,0.7670675019456246,0.5195975652954327,1.0763127160481123,0.060072815533980584,7,False,-0.0952467355552465,False,False
咸阳秦都西咸数据中心1号楼J301电力电池机房|03#开关电源蓄电池组|第1组|第1组单体6电池电压|1-J301电池室放电电池数据表.xlsx|DC3|DC3,陕西省,咸阳,中国移动西咸数据中心,咸阳秦都西咸数据中心1号楼站点,咸阳秦都西咸数据中心1号楼J301电力电池机房,铅酸电池,03#开关电源蓄电池组,单体XX电压,第1组单体6电池电压,2025-07-09T00:46:28,2.048,V,1-J301电池室放电电池数据表.xlsx,DC3,2.048,第1组,DC3,6,1940.0,False,2.005,2.28,-0.9182095594801685,0,False,False,False,0.3319915494011252,1.8351026900992844,0,-0.6214143849256019,0.31721401477503486,-1.6249917144651143,0.2866805128857025,1.0763127160481123,0.060072815533980584,7,False,0.8550628351327575,False,False
咸阳秦都西咸数据中心1号楼D303电力电池机房|4#开关电源蓄电池组|第1组|第1组单体13电池电压|1-D303电池室放电电池数据表.xlsx|DC4|DC4,陕西省,咸阳,中国移动西咸数据中心,咸阳秦都西咸数据中心1号楼站点,咸阳秦都西咸数据中心1号楼D303电力电池机房,铅酸电池,4#开关电源蓄电池组,单体XX电压,第1组单体13电池电压,2025-07-10T01:42:11,2.096,V,1-D303电池室放电电池数据表.xlsx,DC4,2.096,第1组,DC4,6,4867.0,True,1.972,2.131,0.516895191137007,0,False,False,False,0.3309050266882499,2.250035367730527,7,-2.7629910692514335,-0.07562355638446812,0.5301907095592535,-0.19438117887873518,1.0763127160481123,0.060072815533980584,7,False,0.6396950634352325,False,False
咸阳秦都西咸数据中心1号楼J301电力电池机房|14#开关电源蓄电池组|第2组|第2组单体21电池电压|1-J301电池室放电电池数据表.xlsx|DC14|DC14,陕西省,咸阳,中国移动西咸数据中心,咸阳秦都西咸数据中心1号楼站点,咸阳秦都西咸数据中心1号楼J301电力电池机房,铅酸电池,14#开关电源蓄电池组,单体XX电压,第2组单体21电池电压,2025-07-08T03:24:29,2.192,V,1-J301电池室放电电池数据表.xlsx,DC14,2.192,第2组,DC14,6,1247.0,False,2.141,2.309,-0.6141922605567143,0,False,False,False,0.3307263182976602,2.1574927699842332,0,-1.9485487703619042,0.5313943033565359,-1.6176034780189483,-0.021214849209733003,1.0763127160481123,0.060072815533980584,7,False,0.3600669674509987,False,False
咸阳秦都西咸数据中心1号楼J301电力电池机房|14#开关电源蓄电池组|第2组|第2组单体2电池电压|1-J301电池室放电电池数据表.xlsx|DC14|DC14,陕西省,咸阳,中国移动西咸数据中心,咸阳秦都西咸数据中心1号楼站点,咸阳秦都西咸数据中心1号楼J301电力电池机房,铅酸电池,14#开关电源蓄电池组,单体XX电压,第2组单体2电池电压,2025-07-08T03:44:49,2.102,V,1-J301电池室放电电池数据表.xlsx,DC14,2.102,第2组,DC14,7,1308.0,False,2.076,2.252,-0.3980687969823705,0,False,False,False,0.33033167519099577,1.6321932656721723,2,-1.8888928464527082,0.042381520724275895,-1.0975409990037344,-0.1384056400530485,1.0763127160481123,0.060072815533980584,7,False,0.9177995895592376,False,False
咸阳秦都西咸数据中心1号楼D301电力电池机房|1#开关电源蓄电池组|第1组|第1组单体10电池电压|1-D301电池室放电电池数据表.xlsx|DC1|DC1,陕西省,咸阳,中国移动西咸数据中心,咸阳秦都西咸数据中心1号楼站点,咸阳秦都西咸数据中心1号楼D301电力电池机房,铅酸电池,1#开关电源蓄电池组,单体XX电压,第1组单体10电池电压,2025-07-08T01:37:50,2.303,V,1-D301电池室放电电池数据表.xlsx,DC1,2.303,第1组,DC1,7,1318.0,True,2.126,2.303,0.25095900191826764,0,False,False,False,0.33001851311195685,1.86742353674665,7,-2.3726669442061192,0.08463607500918371,0.5648418895096735,-0.40805555529854587,1.0763127160481123,0.060072815533980584,7,False,0.691612428435256,False,False
咸阳秦都西咸数据中心1号楼J301电力电池机房|02#开关电源蓄电池组|第1组|第1组单体9电池电压|1-J301电池室放电电池数据表.xlsx|DC2|DC2,陕西省,咸阳,中国移动西咸数据中心,咸阳秦都西咸数据中心1号楼站点,咸阳秦都西咸数据中心1号楼J301电力电池机房,铅酸电池,02#开关电源蓄电池组,单体XX电压,第1组单体9电池电压,2025-07-09T00:28:15,1.914,V,1-J301电池室放电电池数据表.xlsx,DC2,1.914,第1组,DC2,8,6745.0,True,1.833,2.281,0.9569662537293404,0,False,False,False,0.32999952972640756,2.3363150691332395,-1,-1.4726779519248816,1.3638429400621028,-1.2543454830684901,-0.036984595043903334,1.0763127160481123,0.060072815533980584,7,False,0.8783110551466622,False,False
咸阳秦都西咸数据中心1号楼J301电力电池机房|01#开关电源蓄电池组|第2组|第2组单体16电池电压|1-J301电池室放电电池数据表.xlsx|DC1|DC1,陕西省,咸阳,中国移动西咸数据中心,咸阳秦都西咸数据中心1号楼站点,咸阳秦都西咸数据中心1号楼J301电力电池机房,铅酸电池,01#开关电源蓄电池组,单体XX电压,第2组单体16电池电压,2025-07-09T00:26:45,1.93,V,1-J301电池室放电电池数据表.xlsx,DC1,1.93,第2组,DC1,12,3267.0,False,1.924,2.449,1.0856981408836381,0,False,False,False,0.3281852265159246,1.617535703684366,-7,0.12562449457348313,0.19271476609390084,0.47490609396265787,-0.035365649273902316,1.0763127160481123,0.060072815533980584,7,False,0.9994861155315319,True,False
咸阳秦都西咸数据中心1号楼D301电力电池机房|1#开关电源蓄电池组|第2组|第2组单体3电池电压|1-D301电池室放电电池数据表.xlsx|DC1|DC1,陕西省,咸阳,中国移动西咸数据中心,咸阳秦都西咸数据中心1号楼站点,咸阳秦都西咸数据中心1号楼D301电力电池机房,铅酸电池,1#开关电源蓄电池组,单体XX电压,第2组单体3电池电压,2025-07-08T01:37:20,2.212,V,1-D301电池室放电电池数据表.xlsx,DC1,2.212,第2组,DC1,7,1402.0,False,2.039,2.262,-0.1490397671653439,0,False,False,False,0.3278767204031492,0.9562894179146672,5,-1.5514814878103975,-0.34584673532064336,-0.20716949875117208,-0.2500978653543777,1.0763127160481123,0.060072815533980584,7,False,0.9155454617866657,False,False
咸阳秦都西咸数据中心1号楼J301电力电池机房|14#开关电源蓄电池组|第1组|第1组单体16电池电压|1-J301电池室放电电池数据表.xlsx|DC14|DC14,陕西省,咸阳,中国移动西咸数据中心,咸阳秦都西咸数据中心1号楼站点,咸阳秦都西咸数据中心1号楼J301电力电池机房,铅酸电池,14#开关电源蓄电池组,单体XX电压,第1组单体16电池电压,2025-07-08T03:28:33,2.078,V,1-J301电池室放电电池数据表.xlsx,DC14,2.078,第1组,DC14,11,1552.0,False,1.909,2.295,-0.29245939736435717,0,False,False,False,0.32777644409343987,1.0569342775224133,-7,0.12737788794967975,-0.47704767138970205,0.4669263564120323,-0.048868223541477115,1.0763127160481123,0.060072815533980584,7,False,-0.4344198964438843,False,False
咸阳秦都西咸数据中心1号楼D303电力电池机房|6#开关电源蓄电池组|第1组|第1组单体22电池电压|1-D303电池室放电电池数据表.xlsx|DC6|DC6,陕西省,咸阳,中国移动西咸数据中心,咸阳秦都西咸数据中心1号楼站点,咸阳秦都西咸数据中心1号楼D303电力电池机房,铅酸电池,6#开关电源蓄电池组,单体XX电压,第1组单体22电池电压,2025-07-10T02:30:26,1.983,V,1-D303电池室放电电池数据表.xlsx,DC6,1.983,第1组,DC6,10,9011.0,False,1.884,2.338,-1.4399461431575487,0,False,False,False,0.3271375836114814,2.885372710864286,-7,1.6007254390100385,0.5497125923459585,0.9459220582938025,0.4480165401130469,1.0763127160481123,0.060072815533980584,7,False,0.7823368501214983,False,False
咸阳秦都西咸数据中心1号楼J301电力电池机房|14#开关电源蓄电池组|第2组|第2组单体18电池电压|1-J301电池室放电电池数据表.xlsx|DC14|DC14,陕西省,咸阳,中国移动西咸数据中心,咸阳秦都西咸数据中心1号楼站点,咸阳秦都西咸数据中心1号楼J301电力电池机房,铅酸电池,14#开关电源蓄电池组,单体XX电压,第2组单体18电池电压,2025-07-08T03:25:56,2.119,V,1-J301电池室放电电池数据表.xlsx,DC14,2.119,第2组,DC14,7,1500.0,False,2.119,2.406,-0.29733283349723716,0,False,False,False,0.32696963279475,0.7497534141598721,-7,-0.8623772704413513,0.17627014702565144,0.6527398833497096,-0.2098078709976759,1.0763127160481123,0.060072815533980584,7,False,0.8409743692783413,False,False
咸阳秦都西咸数据中心1号楼D303电力电池机房|6#开关电源蓄电池组|第1组|第1组单体10电池电压|1-D303电池室放电电池数据表.xlsx|DC6|DC6,陕西省,咸阳,中国移动西咸数据中心,咸阳秦都西咸数据中心1号楼站点,咸阳秦都西咸数据中心1号楼D303电力电池机房,铅酸电池,6#开关电源蓄电池组,单体XX电压,第1组单体10电池电压,2025-07-10T02:30:41,2.072,V,1-D303电池室放电电池数据表.xlsx,DC6,2.072,第1组,DC6,12,9147.0,False,1.826,2.221,-0.09123351189589035,0,False,False,False,0.32660220081442337,1.1065872283784761,7,-0.14790061356536677,0.0746728834206056,0.7110524291777379,0.619785356265104,1.0763127160481123,0.060072815533980584,7,False,-0.10284945574018088,False,False
咸阳秦都西咸数据中心1号楼D201电力电池机房|2#开关电源蓄电池组|第1组|第1组单体19电池电压|1-D201电池室放电电池数据表.xlsx|DC2|DC2,陕西省,咸阳,中国移动西咸数据中心,咸阳秦都西咸数据中心1号楼站点,咸阳秦都西咸数据中心1号楼D201电力电池机房,铅酸电池,2#开关电源蓄电池组,单体XX电压,第1组单体19电池电压,2025-07-08T00:27:58,2.139,V,1-D201电池室放电电池数据表.xlsx,DC2,2.139,第1组,DC2,9,1350.0,False,2.021,2.314,-0.8089709975809172,0,False,False,False,0.32646697259374213,1.6208108774085521,1,-0.3922991188730305,-0.19217678132330937,-1.4340311539513386,0.2963638720119548,1.0763127160481123,0.060072815533980584,7,False,0.37248142293018327,False,False
咸阳秦都西咸数据中心1号楼D201电力电池机房|1#开关电源蓄电池组|第1组|第1组单体9电池电压|1-D201电池室放电电池数据表.xlsx|DC1|DC1,陕西省,咸阳,中国移动西咸数据中心,咸阳秦都西咸数据中心1号楼站点,咸阳秦都西咸数据中心1号楼D201电力电池机房,铅酸电池,1#开关电源蓄电池组,单体XX电压,第1组单体9电池电压,2025-07-08T00:06:40,2.053,V,1-D201电池室放电电池数据表.xlsx,DC1,2.053,第1组,DC1,8,1353.0,False,2.002,2.307,-0.849048676232453,0,False,False,False,0.32640392825534925,1.682422512416631,1,-0.24615704228740698,-0.20456846863088693,-1.4167641499512273,0.41724850930712754,1.0763127160481123,0.060072815533980584,7,False,0.3615719003626547,False,False
咸阳秦都西咸数据中心1号楼D303电力电池机房|6#开关电源蓄电池组|第1组|第1组单体4电池电压|1-D303电池室放电电池数据表.xlsx|DC6|DC6,陕西省,咸阳,中国移动西咸数据中心,咸阳秦都西咸数据中心1号楼站点,咸阳秦都西咸数据中心1号楼D303电力电池机房,铅酸电池,6#开关电源蓄电池组,单体XX电压,第1组单体4电池电压,2025-07-10T00:00:48,2.266,V,1-D303电池室放电电池数据表.xlsx,DC6,2.266,第1组,DC6,7,1293.0,True,1.849,2.214,0.3097281225564987,0,False,False,False,0.32595483675487164,1.7107105803453586,-7,-0.2596792367135917,-1.5637198333975189,0.16179147520023301,0.376008756556403,1.0763127160481123,0.060072815533980584,7,False,0.05032270280556305,False,False
咸阳秦都西咸数据中心1号楼J301电力电池机房|08#开关电源蓄电池组|第2组|第2组单体5电池电压|1-J301电池室放电电池数据表.xlsx|DC8|DC8,陕西省,咸阳,中国移动西咸数据中心,咸阳秦都西咸数据中心1号楼站点,咸阳秦都西咸数据中心1号楼J301电力电池机房,铅酸电池,08#开关电源蓄电池组,单体XX电压,第2组单体5电池电压,2025-07-09T01:51:07,1.962,V,1-J301电池室放电电池数据表.xlsx,DC8,1.962,第2组,DC8,9,4136.0,True,1.893,2.267,0.008347124527615823,0,False,False,False,0.32565331187572283,0.856833028205898,-7,-0.4026691269756961,0.1133242776204629,0.6723359229734885,0.35047755710039963,1.0763127160481123,0.060072815533980584,7,False,-0.14562805263779033,False,False
咸阳秦都西咸数据中心1号楼D303电力电池机房|6#开关电源蓄电池组|第2组|第2组单体20电池电压|1-D303电池室放电电池数据表.xlsx|DC6|DC6,陕西省,咸阳,中国移动西咸数据中心,咸阳秦都西咸数据中心1号楼站点,咸阳秦都西咸数据中心1号楼D303电力电池机房,铅酸电池,6#开关电源蓄电池组,单体XX电压,第2组单体20电池电压,2025-07-10T02:30:59,2.081,V,1-D303电池室放电电池数据表.xlsx,DC6,2.081,第2组,DC6,7,9130.0,False,1.98,2.133,-0.4698005150334212,0,False,False,False,0.32564349410259763,1.9908286051703024,-1,-2.0527055454844465,-0.03661978731265228,-1.4436093221182262,-0.04378990432411009,1.0763127160481123,0.060072815533980584,7,False,-0.34888830997909565,False,False
咸阳秦都西咸数据中心1号楼J301电力电池机房|13#开关电源蓄电池组|第1组|第1组单体14电池电压|1-J301电池室放电电池数据表.xlsx|DC13|DC13,陕西省,咸阳,中国移动西咸数据中心,咸阳秦都西咸数据中心1号楼站点,咸阳秦都西咸数据中心1号楼J301电力电池机房,铅酸电池,13#开关电源蓄电池组,单体XX电压,第1组单体14电池电压,2025-07-08T03:21:10,2.141,V,1-J301电池室放电电池数据表.xlsx,DC13,2.141,第1组,DC13,9,1290.0,False,1.854,2.295,0.5083615152425522,0,False,False,False,0.3256284313478796,1.8749221741046644,7,0.2405832428057797,-1.4187760630829995,0.17538895752990524,0.4577844084269296,1.0763127160481123,0.060072815533980584,7,False,0.9311200704544688,True,False
咸阳秦都西咸数据中心1号楼J301电力电池机房|03#开关电源蓄电池组|第1组|第1组单体19电池电压|1-J301电池室放电电池数据表.xlsx|DC3|DC3,陕西省,咸阳,中国移动西咸数据中心,咸阳秦都西咸数据中心1号楼站点,咸阳秦都西咸数据中心1号楼J301电力电池机房,铅酸电池,03#开关电源蓄电池组,单体XX电压,第1组单体19电池电压,2025-07-09T00:31:17,2.256,V,1-J301电池室放电电池数据表.xlsx,DC3,2.256,第1组,DC3,9,1940.0,False,1.822,2.273,0.21634148210512333,0,False,False,False,0.32518092626059814,1.2979074219518294,7,0.29464302262463127,-0.2837874267980934,0.5259545705950504,0.4258411962591495,1.0763127160481123,0.060072815533980584,7,False,0.9001522786649955,False,False
咸阳秦都西咸数据中心1号楼J301电力电池机房|08#开关电源蓄电池组|第2组|第2组单体21电池电压|1-J301电池室放电电池数据表.xlsx|DC8|DC8,陕西省,咸阳,中国移动西咸数据中心,咸阳秦都西咸数据中心1号楼站点,咸阳秦都西咸数据中心1号楼J301电力电池机房,铅酸电池,08#开关电源蓄电池组,单体XX电压,第2组单体21电池电压,2025-07-09T02:12:25,2.12,V,1-J301电池室放电电池数据表.xlsx,DC8,2.12,第2组,DC8,11,9862.0,False,1.952,2.298,-1.3041551216069935,0,False,False,False,0.3251636630435406,1.6638327449214414,-5,0.3456673010964604,0.5066700396551561,0.21782362295383972,0.2826687133310817,1.0763127160481123,0.060072815533980584,7,False,0.0733611427572903,False,False
咸阳秦都西咸数据中心1号楼D203电力电池机房|2#开关电源蓄电池组|第2组|第2组单体21电池电压|1-D203电池室放电电池数据表.xlsx|DC2|DC2,陕西省,咸阳,中国移动西咸数据中心,咸阳秦都西咸数据中心1号楼站点,咸阳秦都西咸数据中心1号楼D203电力电池机房,铅酸电池,2#开关电源蓄电池组,单体XX电压,第2组单体21电池电压,2025-07-11T00:47:00,1.791,V,1-D203电池室放电电池数据表.xlsx,DC2,1.791,第2组,DC2,7,1108.0,True,1.689,2.034,1.1814761908148135,0,False,False,False,0.32514073241003383,1.86460265453247,7,-1.3274948549474677,-1.129005401273227,0.1427195875670606,0.030997497401375917,1.0763127160481123,0.060072815533980584,7,False,0.689121841833752,False,False
咸阳秦都西咸数据中心1号楼D203电力电池机房|5#开关电源蓄电池组|第1组|第1组单体4电池电压|1-D203电池室放电电池数据表.xlsx|DC5|DC5,陕西省,咸阳,中国移动西咸数据中心,咸阳秦都西咸数据中心1号楼站点,咸阳秦都西咸数据中心1号楼D203电力电池机房,铅酸电池,5#开关电源蓄电池组,单体XX电压,第1组单体4电池电压,2025-07-11T01:38:52,2.172,V,1-D203电池室放电电池数据表.xlsx,DC5,2.172,第1组,DC5,14,10347.0,False,1.208,2.274,-0.4467102049187739,0,False,False,False,0.32491581947836123,1.4460779748039854,-7,-1.9431623705656138,0.018196715793700913,0.6538294401368441,-0.23846879881470168,1.0763127160481123,0.060072815533980584,7,False,-0.6940570261845149,False,False
咸阳秦都西咸数据中心1号楼J301电力电池机房|08#开关电源蓄电池组|第2组|第2组单体23电池电压|1-J301电池室放电电池数据表.xlsx|DC8|DC8,陕西省,咸阳,中国移动西咸数据中心,咸阳秦都西咸数据中心1号楼站点,咸阳秦都西咸数据中心1号楼J301电力电池机房,铅酸电池,08#开关电源蓄电池组,单体XX电压,第2组单体23电池电压,2025-07-09T02:12:29,2.265,V,1-J301电池室放电电池数据表.xlsx,DC8,2.265,第2组,DC8,13,9862.0,False,1.961,2.355,-1.2719002731150004,0,False,False,False,0.3243809504390116,2.085671775433175,7,0.8528587079767134,0.2960684156905081,0.7955809821809213,-0.03375390497017065,1.0763127160481123,0.060072815533980584,7,False,0.9128930843977813,False,False
咸阳秦都西咸数据中心1号楼D203电力电池机房|8#开关电源蓄电池组|第1组|第1组单体15电池电压|1-D203电池室放电电池数据表.xlsx|DC8|DC8,陕西省,咸阳,中国移动西咸数据中心,咸阳秦都西咸数据中心1号楼站点,咸阳秦都西咸数据中心1号楼D203电力电池机房,铅酸电池,8#开关电源蓄电池组,单体XX电压,第1组单体15电池电压,2025-07-11T02:37:55,2.122,V,1-D203电池室放电电池数据表.xlsx,DC8,2.122,第1组,DC8,10,9501.0,False,1.977,2.329,-0.726873975107011,0,False,False,False,0.3241087547645315,1.4528420113269953,-7,0.06457093173538175,0.5736767678034814,0.742462432446541,-0.5352609438988506,1.0763127160481123,0.060072815533980584,7,False,0.4906640960109851,False,False
咸阳秦都西咸数据中心1号楼D203电力电池机房|5#开关电源蓄电池组|第1组|第1组单体20电池电压|1-D203电池室放电电池数据表.xlsx|DC5|DC5,陕西省,咸阳,中国移动西咸数据中心,咸阳秦都西咸数据中心1号楼站点,咸阳秦都西咸数据中心1号楼D203电力电池机房,铅酸电池,5#开关电源蓄电池组,单体XX电压,第1组单体20电池电压,2025-07-11T01:40:11,2.263,V,1-D203电池室放电电池数据表.xlsx,DC5,2.263,第1组,DC5,12,10307.0,False,1.676,2.314,-0.8419680038837232,0,False,False,False,0.323779355627487,1.433634214714853,7,0.11513307276636475,0.20674251908764066,0.8171579809391409,0.47830731957564787,1.0763127160481123,0.060072815533980584,7,False,0.6969121846383314,False,False
咸阳秦都西咸数据中心1号楼D203电力电池机房|4#开关电源蓄电池组|第1组|第1组单体20电池电压|1-D203电池室放电电池数据表.xlsx|DC4|DC4,陕西省,咸阳,中国移动西咸数据中心,咸阳秦都西咸数据中心1号楼站点,咸阳秦都西咸数据中心1号楼D203电力电池机房,铅酸电池,4#开关电源蓄电池组,单体XX电压,第1组单体20电池电压,2025-07-11T00:00:52,2.322,V,1-D203电池室放电电池数据表.xlsx,DC4,2.322,第1组,DC4,10,7148.0,False,2.04,2.322,-1.1359496419658246,0,False,False,False,0.32346512411624195,1.3311639898605958,-6,-0.3138715802926584,0.6080045773317946,0.5477280793635309,-0.01471854578371136,1.0763127160481123,0.060072815533980584,7,False,0.702637643185176,False,False
咸阳秦都西咸数据中心1号楼D203电力电池机房|7#开关电源蓄电池组|第2组|第2组单体14电池电压|1-D203电池室放电电池数据表.xlsx|DC7|DC7,陕西省,咸阳,中国移动西咸数据中心,咸阳秦都西咸数据中心1号楼站点,咸阳秦都西咸数据中心1号楼D203电力电池机房,铅酸电池,7#开关电源蓄电池组,单体XX电压,第2组单体14电池电压,2025-07-11T02:14:32,2.326,V,1-D203电池室放电电池数据表.xlsx,DC7,2.326,第2组,DC7,7,8018.0,False,2.066,2.326,-1.3945235462819803,0,False,False,False,0.323119266353112,1.965008868202246,-1,-0.5293758258686698,1.1175608071736471,-0.9900074437091604,0.2657297233414706,1.0763127160481123,0.060072815533980584,7,False,0.8913993154578203,False,False
咸阳秦都西咸数据中心1号楼J301电力电池机房|03#开关电源蓄电池组|第2组|第2组单体23电池电压|1-J301电池室放电电池数据表.xlsx|DC3|DC3,陕西省,咸阳,中国移动西咸数据中心,咸阳秦都西咸数据中心1号楼站点,咸阳秦都西咸数据中心1号楼J301电力电池机房,铅酸电池,03#开关电源蓄电池组,单体XX电压,第2组单体23电池电压,2025-07-09T00:31:12,2.203,V,1-J301电池室放电电池数据表.xlsx,DC3,2.203,第2组,DC3,9,1940.0,False,1.853,2.204,-0.24994667196018155,0,False,False,False,0.3224499519897982,1.0150923437648796,7,-0.20282521909823858,-0.5407123640603014,0.5394271106430856,0.48744013758348215,1.0763127160481123,0.060072815533980584,7,False,0.9953218633965935,True,False
咸阳秦都西咸数据中心1号楼D303电力电池机房|5#开关电源蓄电池组|第1组|第1组单体2电池电压|1-D303电池室放电电池数据表.xlsx|DC5|DC5,陕西省,咸阳,中国移动西咸数据中心,咸阳秦都西咸数据中心1号楼站点,咸阳秦都西咸数据中心1号楼D303电力电池机房,铅酸电池,5#开关电源蓄电池组,单体XX电压,第1组单体2电池电压,2025-07-10T01:45:22,2.046,V,1-D303电池室放电电池数据表.xlsx,DC5,2.046,第1组,DC5,8,7572.0,False,1.981,2.288,-1.0683569133333384,0,False,False,False,0.3223830933241876,1.2878305159356176,-6,-0.08790455949119569,0.40044088690465285,0.512497023289717,0.2222663676242622,1.0763127160481123,0.060072815533980584,7,False,0.6786980745491848,False,False
咸阳秦都西咸数据中心1号楼J301电力电池机房|04#开关电源蓄电池组|第1组|第1组单体2电池电压|1-J301电池室放电电池数据表.xlsx|DC4|DC4,陕西省,咸阳,中国移动西咸数据中心,咸阳秦都西咸数据中心1号楼站点,咸阳秦都西咸数据中心1号楼J301电力电池机房,铅酸电池,04#开关电源蓄电池组,单体XX电压,第1组单体2电池电压,2025-07-09T00:49:20,2.236,V,1-J301电池室放电电池数据表.xlsx,DC4,2.236,第1组,DC4,9,8662.0,False,1.874,2.389,-0.37857415565059055,0,False,False,False,0.3223830749997906,1.8719178090904065,7,-2.1866707894839,0.6549262218561511,0.8140543882926675,-0.339573521697798,1.0763127160481123,0.060072815533980584,7,False,0.8040496185825926,False,False
咸阳秦都西咸数据中心1号楼D201电力电池机房|4#开关电源蓄电池组|第2组|第2组单体7电池电压|1-D201电池室放电电池数据表.xlsx|DC4|DC4,陕西省,咸阳,中国移动西咸数据中心,咸阳秦都西咸数据中心1号楼站点,咸阳秦都西咸数据中心1号楼D201电力电池机房,铅酸电池,4#开关电源蓄电池组,单体XX电压,第2组单体7电池电压,2025-07-08T00:48:28,2.013,V,1-D201电池室放电电池数据表.xlsx,DC4,2.013,第2组,DC4,9,1304.0,False,2.013,2.325,-0.845366699894061,0,False,False,False,0.32211480843979184,2.0164693884956195,0,-0.16506414226592514,-0.16169274908447817,-1.8304473775761476,-0.013646282772517546,1.0763127160481123,0.060072815533980584,7,False,0.019731346925165667,False,False
咸阳秦都西咸数据中心1号楼D303电力电池机房|2#开关电源蓄电池组|第2组|第2组单体18电池电压|1-D303电池室放电电池数据表.xlsx|DC2|DC2,陕西省,咸阳,中国移动西咸数据中心,咸阳秦都西咸数据中心1号楼站点,咸阳秦都西咸数据中心1号楼D303电力电池机房,铅酸电池,2#开关电源蓄电池组,单体XX电压,第2组单体18电池电压,2025-07-10T00:53:39,2.043,V,1-D303电池室放电电池数据表.xlsx,DC2,2.043,第2组,DC2,9,3301.0,False,1.94,2.256,-1.2471784989057104,0,False,False,False,0.321448457327463,1.8948489047665729,-1,0.09707531727520347,0.2262890063960661,-1.2412597886437926,0.48854365878437234,1.0763127160481123,0.060072815533980584,7,False,0.9709361490832756,True,False
咸阳秦都西咸数据中心1号楼D203电力电池机房|3#开关电源蓄电池组|第1组|第1组单体17电池电压|1-D203电池室放电电池数据表.xlsx|DC3|DC3,陕西省,咸阳,中国移动西咸数据中心,咸阳秦都西咸数据中心1号楼站点,咸阳秦都西咸数据中心1号楼D203电力电池机房,铅酸电池,3#开关电源蓄电池组,单体XX电压,第1组单体17电池电压,2025-07-11T00:00:52,2.098,V,1-D203电池室放电电池数据表.xlsx,DC3,2.098,第1组,DC3,9,7151.0,False,1.894,2.163,-0.6145761963755105,0,False,False,False,0.3214287817720803,0.8683374815555387,7,-0.6011793131601645,-0.5406220636196839,0.5434776638525498,0.14494144917479687,1.0763127160481123,0.060072815533980584,7,False,0.9260167672548134,True,False
咸阳秦都西咸数据中心1号楼D301电力电池机房|1#开关电源蓄电池组|第2组|第2组单体11电池电压|1-D301电池室放电电池数据表.xlsx|DC1|DC1,陕西省,咸阳,中国移动西咸数据中心,咸阳秦都西咸数据中心1号楼站点,咸阳秦都西咸数据中心1号楼D301电力电池机房,铅酸电池,1#开关电源蓄电池组,单体XX电压,第2组单体11电池电压,2025-07-08T01:13:23,2.2,V,1-D301电池室放电电池数据表.xlsx,DC1,2.2,第2组,DC1,10,1393.0,False,2.022,2.339,-0.6874513290796036,0,False,False,False,0.3211951903263155,1.62044913548807,1,-0.26150526553467823,-0.1496464661256479,-1.4766794716942324,0.08089243220885459,1.0763127160481123,0.060072815533980584,7,False,0.8512538382815542,False,False
咸阳秦都西咸数据中心1号楼D203电力电池机房|6#开关电源蓄电池组|第1组|第1组单体2电池电压|1-D203电池室放电电池数据表.xlsx|DC6|DC6,陕西省,咸阳,中国移动西咸数据中心,咸阳秦都西咸数据中心1号楼站点,咸阳秦都西咸数据中心1号楼D203电力电池机房,铅酸电池,6#开关电源蓄电池组,单体XX电压,第1组单体2电池电压,2025-07-11T01:52:20,2.203,V,1-D203电池室放电电池数据表.xlsx,DC6,2.203,第1组,DC6,9,6687.0,False,1.898,2.214,0.781252028260699,0,False,False,False,0.32108442080132055,1.6057673302865128,7,-1.7270299036598094,0.3948098306628861,0.6148991674509713,-0.0911552466207536,1.0763127160481123,0.060072815533980584,7,False,-0.10649409053445738,False,False
咸阳秦都西咸数据中心1号楼D303电力电池机房|1#开关电源蓄电池组|第1组|第1组单体3电池电压|1-D303电池室放电电池数据表.xlsx|DC1|DC1,陕西省,咸阳,中国移动西咸数据中心,咸阳秦都西咸数据中心1号楼站点,咸阳秦都西咸数据中心1号楼D303电力电池机房,铅酸电池,1#开关电源蓄电池组,单体XX电压,第1组单体3电池电压,2025-07-10T00:27:50,2.237,V,1-D303电池室放电电池数据表.xlsx,DC1,2.237,第1组,DC1,9,1668.0,False,1.963,2.267,-0.6910530759551679,0,False,False,False,0.3204621600293469,1.6431525625862597,-1,-0.3609846338455654,-0.16492849681368502,-1.5174900071952755,-0.16516606700278105,1.0763127160481123,0.060072815533980584,7,False,0.94935989787652,True,False
咸阳秦都西咸数据中心1号楼D201电力电池机房|4#开关电源蓄电池组|第1组|第1组单体3电池电压|1-D201电池室放电电池数据表.xlsx|DC4|DC4,陕西省,咸阳,中国移动西咸数据中心,咸阳秦都西咸数据中心1号楼站点,咸阳秦都西咸数据中心1号楼D201电力电池机房,铅酸电池,4#开关电源蓄电池组,单体XX电压,第1组单体3电池电压,2025-07-08T00:48:23,2.007,V,1-D201电池室放电电池数据表.xlsx,DC4,2.007,第1组,DC4,7,1251.0,True,1.748,2.066,0.9904669276716449,0,False,False,False,0.3203405592646307,1.8278159301833998,7,-1.3757050353835165,-1.2565993148993104,0.13402499349217184,0.03414156475850766,1.0763127160481123,0.060072815533980584,7,False,0.9206397740260852,True,False
咸阳秦都西咸数据中心1号楼D301电力电池机房|2#开关电源蓄电池组|第1组|第1组单体7电池电压|1-D301电池室放电电池数据表.xlsx|DC2|DC2,陕西省,咸阳,中国移动西咸数据中心,咸阳秦都西咸数据中心1号楼站点,咸阳秦都西咸数据中心1号楼D301电力电池机房,铅酸电池,2#开关电源蓄电池组,单体XX电压,第1组单体7电池电压,2025-07-08T01:55:27,2.202,V,1-D301电池室放电电池数据表.xlsx,DC2,2.202,第1组,DC2,6,1372.0,False,2.071,2.252,-0.4036054456324639,0,False,False,False,0.31988279434700995,1.3583183439209594,3,-1.8384893594560754,0.043377115838884456,-0.7191967122648246,0.019105331288095995,1.0763127160481123,0.060072815533980584,7,False,0.8575575498674363,False,False
咸阳秦都西咸数据中心1号楼J301电力电池机房|13#开关电源蓄电池组|第1组|第1组单体22电池电压|1-J301电池室放电电池数据表.xlsx|DC13|DC13,陕西省,咸阳,中国移动西咸数据中心,咸阳秦都西咸数据中心1号楼站点,咸阳秦都西咸数据中心1号楼J301电力电池机房,铅酸电池,13#开关电源蓄电池组,单体XX电压,第1组单体22电池电压,2025-07-08T03:00:32,2.24,V,1-J301电池室放电电池数据表.xlsx,DC13,2.24,第1组,DC13,7,1334.0,False,1.977,2.244,-0.5934305504833259,0,False,False,False,0.3185751555681559,0.8466372155093416,4,-0.6631501878480648,-0.5627236533190992,-0.5349538828345555,0.07481683948347953,1.0763127160481123,0.060072815533980584,7,False,0.6513290089890874,False,False
咸阳秦都西咸数据中心1号楼J301电力电池机房|06#开关电源蓄电池组|第2组|第2组单体12电池电压|1-J301电池室放电电池数据表.xlsx|DC6|DC6,陕西省,咸阳,中国移动西咸数据中心,咸阳秦都西咸数据中心1号楼站点,咸阳秦都西咸数据中心1号楼J301电力电池机房,铅酸电池,06#开关电源蓄电池组,单体XX电压,第2组单体12电池电压,2025-07-09T01:12:22,2.24,V,1-J301电池室放电电池数据表.xlsx,DC6,2.24,第2组,DC6,7,6450.0,True,1.946,2.219,0.7959620788421273,0,False,False,False,0.31821770782528813,1.8874220631050094,-6,-2.1934903742522605,0.45863520585666406,0.273933458590033,-0.1947814979181392,1.0763127160481123,0.060072815533980584,7,False,0.3005137986859304,False,False
咸阳秦都西咸数据中心1号楼J301电力电池机房|01#开关电源蓄电池组|第1组|第1组单体12电池电压|1-J301电池室放电电池数据表.xlsx|DC1|DC1,陕西省,咸阳,中国移动西咸数据中心,咸阳秦都西咸数据中心1号楼站点,咸阳秦都西咸数据中心1号楼J301电力电池机房,铅酸电池,01#开关电源蓄电池组,单体XX电压,第1组单体12电池电压,2025-07-09T00:27:16,2.142,V,1-J301电池室放电电池数据表.xlsx,DC1,2.142,第1组,DC1,10,3263.0,False,1.907,2.321,0.6999289617281508,0,False,False,False,0.31816496440957087,1.0310803944510476,-7,-0.5275133752599287,-0.08377363121099679,0.4759152231498547,0.021951686647703222,1.0763127160481123,0.060072815533980584,7,False,0.9808632473249752,True,False
咸阳秦都西咸数据中心1号楼D203电力电池机房|4#开关电源蓄电池组|第1组|第1组单体11电池电压|1-D203电池室放电电池数据表.xlsx|DC4|DC4,陕西省,咸阳,中国移动西咸数据中心,咸阳秦都西咸数据中心1号楼站点,咸阳秦都西咸数据中心1号楼D203电力电池机房,铅酸电池,4#开关电源蓄电池组,单体XX电压,第1组单体11电池电压,2025-07-11T00:00:52,2.348,V,1-D203电池室放电电池数据表.xlsx,DC4,2.348,第1组,DC4,10,7148.0,False,1.899,2.349,-0.9155316622177712,0,False,False,False,0.3176924284329642,2.216735871977275,-7,1.1298333072901299,0.3677626465451237,0.8309061989696191,0.3997930727313054,1.0763127160481123,0.060072815533980584,7,False,0.8687516270769404,False,False
咸阳秦都西咸数据中心1号楼J301电力电池机房|03#开关电源蓄电池组|第2组|第2组单体15电池电压|1-J301电池室放电电池数据表.xlsx|DC3|DC3,陕西省,咸阳,中国移动西咸数据中心,咸阳秦都西咸数据中心1号楼站点,咸阳秦都西咸数据中心1号楼J301电力电池机房,铅酸电池,03#开关电源蓄电池组,单体XX电压,第2组单体15电池电压,2025-07-09T00:14:34,2.362,V,1-J301电池室放电电池数据表.xlsx,DC3,2.362,第2组,DC3,7,2405.0,False,1.921,2.362,-0.9646037301490251,0,False,False,False,0.3176106750969535,2.2056737750847217,-7,1.2190416505009043,-0.003396632996700094,0.7060482088177239,0.24737097205832173,1.0763127160481123,0.060072815533980584,7,False,-0.03196127344839255,False,False
咸阳秦都西咸数据中心1号楼J301电力电池机房|11#开关电源蓄电池组|第1组|第1组单体22电池电压|1-J301电池室放电电池数据表.xlsx|DC11|DC11,陕西省,咸阳,中国移动西咸数据中心,咸阳秦都西咸数据中心1号楼站点,咸阳秦都西咸数据中心1号楼J301电力电池机房,铅酸电池,11#开关电源蓄电池组,单体XX电压,第1组单体22电池电压,2025-07-08T02:19:59,2.097,V,1-J301电池室放电电池数据表.xlsx,DC11,2.097,第1组,DC11,10,1308.0,False,2.044,2.333,-0.6508228765168169,0,False,False,False,0.3169404588182586,0.6819486810986765,4,-0.48851556811897945,-0.17228261947261028,-0.44079421464661195,-0.03734121912115901,1.0763127160481123,0.060072815533980584,7,False,0.5500319141227898,False,False
咸阳秦都西咸数据中心1号楼D201电力电池机房|4#开关电源蓄电池组|第1组|第1组单体22电池电压|1-D201电池室放电电池数据表.xlsx|DC4|DC4,陕西省,咸阳,中国移动西咸数据中心,咸阳秦都西咸数据中心1号楼站点,咸阳秦都西咸数据中心1号楼D201电力电池机房,铅酸电池,4#开关电源蓄电池组,单体XX电压,第1组单体22电池电压,2025-07-08T00:48:10,2.231,V,1-D201电池室放电电池数据表.xlsx,DC4,2.231,第1组,DC4,6,1221.0,True,1.745,2.03,0.8880705146211341,0,False,False,False,0.3169140727622881,1.8769010739206535,7,-1.5919772330498054,-1.285682378724357,0.1490716340721201,0.05638032512916033,1.0763127160481123,0.060072815533980584,7,False,0.8797758148192198,False,False
咸阳秦都西咸数据中心1号楼D203电力电池机房|5#开关电源蓄电池组|第1组|第1组单体14电池电压|1-D203电池室放电电池数据表.xlsx|DC5|DC5,陕西省,咸阳,中国移动西咸数据中心,咸阳秦都西咸数据中心1号楼站点,咸阳秦都西咸数据中心1号楼D203电力电池机房,铅酸电池,5#开关电源蓄电池组,单体XX电压,第1组单体14电池电压,2025-07-11T01:39:29,1.605,V,1-D203电池室放电电池数据表.xlsx,DC5,1.605,第1组,DC5,12,9750.0,False,1.605,2.4,-0.6751709803016461,0,False,False,False,0.31561715813556596,1.7157359005365824,7,-1.9586248953219043,0.5716079758037635,0.8657887524526806,-0.07799878943182625,1.0763127160481123,0.060072815533980584,7,False,0.6475142621950006,False,False
咸阳秦都西咸数据中心1号楼J301电力电池机房|12#开关电源蓄电池组|第1组|第1组单体17电池电压|1-J301电池室放电电池数据表.xlsx|DC12|DC12,陕西省,咸阳,中国移动西咸数据中心,咸阳秦都西咸数据中心1号楼站点,咸阳秦都西咸数据中心1号楼J301电力电池机房,铅酸电池,12#开关电源蓄电池组,单体XX电压,第1组单体17电池电压,2025-07-08T02:40:30,2.245,V,1-J301电池室放电电池数据表.xlsx,DC12,2.245,第1组,DC12,6,1343.0,False,2.023,2.249,-0.6160796310958114,0,False,False,False,0.3146228655003941,0.8055400588110151,4,-1.093917543840239,-0.364531067507195,-0.4574368563277724,0.11679793525881185,1.0763127160481123,0.060072815533980584,7,False,0.6288192428034347,False,False
咸阳秦都西咸数据中心1号楼J301电力电池机房|05#开关电源蓄电池组|第1组|第1组单体11电池电压|1-J301电池室放电电池数据表.xlsx|DC5|DC5,陕西省,咸阳,中国移动西咸数据中心,咸阳秦都西咸数据中心1号楼站点,咸阳秦都西咸数据中心1号楼J301电力电池机房,铅酸电池,05#开关电源蓄电池组,单体XX电压,第1组单体11电池电压,2025-07-09T01:11:27,1.783,V,1-J301电池室放电电池数据表.xlsx,DC5,1.783,第1组,DC5,6,1240.0,True,1.793,2.261,0.6037234850394817,0,False,False,False,0.31392697487270077,1.9359669543568796,7,0.3652526068051958,-1.2987384311168522,0.2145156422989195,0.5909947500475973,1.0763127160481123,0.060072815533980584,7,False,-0.5061108628073434,False,False
咸阳秦都西咸数据中心1号楼D203电力电池机房|5#开关电源蓄电池组|第2组|第2组单体5电池电压|1-D203电池室放电电池数据表.xlsx|DC5|DC5,陕西省,咸阳,中国移动西咸数据中心,咸阳秦都西咸数据中心1号楼站点,咸阳秦都西咸数据中心1号楼D203电力电池机房,铅酸电池,5#开关电源蓄电池组,单体XX电压,第2组单体5电池电压,2025-07-11T01:39:29,1.469,V,1-D203电池室放电电池数据表.xlsx,DC5,1.469,第2组,DC5,13,8395.0,False,1.469,2.26,-0.36495576844559247,0,False,False,False,0.3139074430304154,2.191051934979059,7,-2.756880798526961,0.11970895834795744,0.7009296105479933,-0.19784077742820738,1.0763127160481123,0.060072815533980584,7,False,0.9218869817812396,True,False
咸阳秦都西咸数据中心1号楼D303电力电池机房|4#开关电源蓄电池组|第2组|第2组单体6电池电压|1-D303电池室放电电池数据表.xlsx|DC4|DC4,陕西省,咸阳,中国移动西咸数据中心,咸阳秦都西咸数据中心1号楼站点,咸阳秦都西咸数据中心1号楼D303电力电池机房,铅酸电池,4#开关电源蓄电池组,单体XX电压,第2组单体6电池电压,2025-07-10T01:20:47,2.084,V,1-D303电池室放电电池数据表.xlsx,DC4,2.084,第2组,DC4,9,6252.0,False,1.998,2.224,-1.026367616048632,0,False,False,False,0.3137468325678008,1.886663107725574,0,-1.0365450746023301,0.5063870972978127,-1.5511052975253565,0.2546455462630455,1.0763127160481123,0.060072815533980584,7,False,0.7373507708770789,False,False
咸阳秦都西咸数据中心1号楼D303电力电池机房|1#开关电源蓄电池组|第2组|第2组单体7电池电压|1-D303电池室放电电池数据表.xlsx|DC1|DC1,陕西省,咸阳,中国移动西咸数据中心,咸阳秦都西咸数据中心1号楼站点,咸阳秦都西咸数据中心1号楼D303电力电池机房,铅酸电池,1#开关电源蓄电池组,单体XX电压,第2组单体7电池电压,2025-07-10T00:27:37,2.027,V,1-D303电池室放电电池数据表.xlsx,DC1,2.027,第2组,DC1,10,1752.0,False,1.965,2.248,-0.4357482714968872,0,False,False,False,0.3132475147624743,1.648870356605722,1,-0.7658983242870516,-0.14671877861686775,-1.5753241775818827,-0.41591144716776074,1.0763127160481123,0.060072815533980584,7,False,0.9879776443301892,True,False
咸阳秦都西咸数据中心1号楼D203电力电池机房|1#开关电源蓄电池组|第1组|第1组单体21电池电压|1-D203电池室放电电池数据表.xlsx|DC1|DC1,陕西省,咸阳,中国移动西咸数据中心,咸阳秦都西咸数据中心1号楼站点,咸阳秦都西咸数据中心1号楼D203电力电池机房,铅酸电池,1#开关电源蓄电池组,单体XX电压,第1组单体21电池电压,2025-07-11T00:03:08,2.053,V,1-D203电池室放电电池数据表.xlsx,DC1,2.053,第1组,DC1,9,1473.0,False,2.053,2.344,-0.36542459397629384,0,False,False,False,0.3128992598329619,1.652449371523394,-1,-0.8216670471615494,0.16057325920049245,-1.5228395974566937,-0.5769817833003098,1.0763127160481123,0.060072815533980584,7,False,0.9421774649320156,True,False
咸阳秦都西咸数据中心1号楼J301电力电池机房|14#开关电源蓄电池组|第2组|第2组单体1电池电压|1-J301电池室放电电池数据表.xlsx|DC14|DC14,陕西省,咸阳,中国移动西咸数据中心,咸阳秦都西咸数据中心1号楼站点,咸阳秦都西咸数据中心1号楼J301电力电池机房,铅酸电池,14#开关电源蓄电池组,单体XX电压,第2组单体1电池电压,2025-07-08T03:45:07,2.258,V,1-J301电池室放电电池数据表.xlsx,DC14,2.258,第2组,DC14,6,497.0,True,2.086,2.38,-0.05407639323466831,0,False,False,False,0.31285128703087983,1.1381538968465976,-7,-1.1423233474908292,0.6336273460087688,0.7565787682365884,-0.2113026595130736,1.0763127160481123,0.060072815533980584,7,False,0.3761949472249511,False,False
咸阳秦都西咸数据中心1号楼D203电力电池机房|3#开关电源蓄电池组|第2组|第2组单体20电池电压|1-D203电池室放电电池数据表.xlsx|DC3|DC3,陕西省,咸阳,中国移动西咸数据中心,咸阳秦都西咸数据中心1号楼站点,咸阳秦都西咸数据中心1号楼D203电力电池机房,铅酸电池,3#开关电源蓄电池组,单体XX电压,第2组单体20电池电压,2025-07-11T00:00:52,2.199,V,1-D203电池室放电电池数据表.xlsx,DC3,2.199,第2组,DC3,10,7151.0,False,1.944,2.199,-0.9104065720258574,0,False,False,False,0.3128261379462517,0.8421038043092433,6,-0.5754072618071318,-0.1573623481479765,0.34699168329809926,0.21169699829874852,1.0763127160481123,0.060072815533980584,7,False,0.9431952843268405,True,False
咸阳秦都西咸数据中心1号楼D203电力电池机房|5#开关电源蓄电池组|第1组|第1组单体21电池电压|1-D203电池室放电电池数据表.xlsx|DC5|DC5,陕西省,咸阳,中国移动西咸数据中心,咸阳秦都西咸数据中心1号楼站点,咸阳秦都西咸数据中心1号楼D203电力电池机房,铅酸电池,5#开关电源蓄电池组,单体XX电压,第1组单体21电池电压,2025-07-11T01:38:56,1.933,V,1-D203电池室放电电池数据表.xlsx,DC5,1.933,第1组,DC5,6,5958.0,False,1.933,2.308,-0.3466280612353917,0,False,False,False,0.3127026329818745,2.4049842951492546,-7,-2.7456479175835367,0.7973451383741111,0.8594496781062089,-0.3770139839792217,1.0763127160481123,0.060072815533980584,7,False,-0.5798163958572778,False,False
咸阳秦都西咸数据中心1号楼D301电力电池机房|1#开关电源蓄电池组|第2组|第2组单体19电池电压|1-D301电池室放电电池数据表.xlsx|DC1|DC1,陕西省,咸阳,中国移动西咸数据中心,咸阳秦都西咸数据中心1号楼站点,咸阳秦都西咸数据中心1号楼D301电力电池机房,铅酸电池,1#开关电源蓄电池组,单体XX电压,第2组单体19电池电压,2025-07-08T01:12:57,2.249,V,1-D301电池室放电电池数据表.xlsx,DC1,2.249,第2组,DC1,7,1397.0,False,2.044,2.249,-0.25648336851760833,0,False,False,False,0.3126858073475129,1.5651425517907926,2,-1.6923167755445343,-0.081547579979817,-1.1809850692943287,-0.28934551750852466,1.0763127160481123,0.060072815533980584,7,False,0.926057751429949,True,False
咸阳秦都西咸数据中心1号楼D303电力电池机房|1#开关电源蓄电池组|第2组|第2组单体22电池电压|1-D303电池室放电电池数据表.xlsx|DC1|DC1,陕西省,咸阳,中国移动西咸数据中心,咸阳秦都西咸数据中心1号楼站点,咸阳秦都西咸数据中心1号楼D303电力电池机房,铅酸电池,1#开关电源蓄电池组,单体XX电压,第2组单体22电池电压,2025-07-10T00:27:37,2.07,V,1-D303电池室放电电池数据表.xlsx,DC1,2.07,第2组,DC1,9,1757.0,False,1.997,2.277,-0.7886403549835284,0,False,False,False,0.3123862926248382,1.2393330636998068,2,-0.535711904034331,-0.03200615553305064,-1.0778757220962334,0.027833413019248077,1.0763127160481123,0.060072815533980584,7,False,0.9604681094206355,True,False
咸阳秦都西咸数据中心1号楼J301电力电池机房|02#开关电源蓄电池组|第2组|第2组单体5电池电压|1-J301电池室放电电池数据表.xlsx|DC2|DC2,陕西省,咸阳,中国移动西咸数据中心,咸阳秦都西咸数据中心1号楼站点,咸阳秦都西咸数据中心1号楼J301电力电池机房,铅酸电池,02#开关电源蓄电池组,单体XX电压,第2组单体5电池电压,2025-07-09T00:28:37,2.21,V,1-J301电池室放电电池数据表.xlsx,DC2,2.21,第2组,DC2,7,8016.0,True,1.896,2.245,1.0931807873047994,0,False,False,False,0.31228162795747455,1.8884024960031003,-7,-1.6719899084909784,0.6641400468212537,0.6142130356122242,-0.298282821849102,1.0763127160481123,0.060072815533980584,7,False,-0.8405217994704565,False,False
咸阳秦都西咸数据中心1号楼D301电力电池机房|1#开关电源蓄电池组|第1组|第1组单体11电池电压|1-D301电池室放电电池数据表.xlsx|DC1|DC1,陕西省,咸阳,中国移动西咸数据中心,咸阳秦都西咸数据中心1号楼站点,咸阳秦都西咸数据中心1号楼D301电力电池机房,铅酸电池,1#开关电源蓄电池组,单体XX电压,第1组单体11电池电压,2025-07-08T01:35:06,2.216,V,1-D301电池室放电电池数据表.xlsx,DC1,2.216,第1组,DC1,9,1485.0,False,2.006,2.289,0.08392792666124477,0,False,False,False,0.3119748693917985,0.9517806417473789,7,-1.0398886584999472,-0.6117459518793527,0.33550086717528704,-0.5225728667091976,1.0763127160481123,0.060072815533980584,7,False,0.8849093145370934,False,False
咸阳秦都西咸数据中心1号楼D303电力电池机房|4#开关电源蓄电池组|第1组|第1组单体5电池电压|1-D303电池室放电电池数据表.xlsx|DC4|DC4,陕西省,咸阳,中国移动西咸数据中心,咸阳秦都西咸数据中心1号楼站点,咸阳秦都西咸数据中心1号楼D303电力电池机房,铅酸电池,4#开关电源蓄电池组,单体XX电压,第1组单体5电池电压,2025-07-10T01:43:04,2.255,V,1-D303电池室放电电池数据表.xlsx,DC4,2.255,第1组,DC4,9,6182.0,False,1.974,2.299,-0.8578832128421663,0,False,False,False,0.31195176175249245,1.2938954956108646,-7,-0.023436432367491156,0.3156026713144553,0.7246797710335752,-0.3196353351430007,1.0763127160481123,0.060072815533980584,7,False,0.9848075899169868,True,False
咸阳秦都西咸数据中心1号楼D303电力电池机房|7#开关电源蓄电池组|第2组|第2组单体16电池电压|1-D303电池室放电电池数据表.xlsx|DC7|DC7,陕西省,咸阳,中国移动西咸数据中心,咸阳秦都西咸数据中心1号楼站点,咸阳秦都西咸数据中心1号楼D303电力电池机房,铅酸电池,7#开关电源蓄电池组,单体XX电压,第2组单体16电池电压,2025-07-10T02:55:33,2.135,V,1-D303电池室放电电池数据表.xlsx,DC7,2.135,第2组,DC7,7,10501.0,False,2.066,2.281,-0.6764697985208252,0,False,False,False,0.3116452769793812,1.9224592309351713,0,-1.4626935605991092,0.5189419523734079,-1.6051729751307429,0.11068954203844106,1.0763127160481123,0.060072815533980584,7,False,0.696244881994317,False,False
咸阳秦都西咸数据中心1号楼D303电力电池机房|1#开关电源蓄电池组|第2组|第2组单体21电池电压|1-D303电池室放电电池数据表.xlsx|DC1|DC1,陕西省,咸阳,中国移动西咸数据中心,咸阳秦都西咸数据中心1号楼站点,咸阳秦都西咸数据中心1号楼D303电力电池机房,铅酸电池,1#开关电源蓄电池组,单体XX电压,第2组单体21电池电压,2025-07-10T00:27:37,2.05,V,1-D303电池室放电电池数据表.xlsx,DC1,2.05,第2组,DC1,10,2013.0,False,1.974,2.261,-0.5098846254868616,0,False,False,False,0.31061856779328273,0.8327603640257375,7,-0.47088246230856873,-0.4769515525230925,0.4624584244824896,-0.3583647318173196,1.0763127160481123,0.060072815533980584,7,False,0.8620246309889368,False,False
咸阳秦都西咸数据中心1号楼J301电力电池机房|13#开关电源蓄电池组|第1组|第1组单体13电池电压|1-J301电池室放电电池数据表.xlsx|DC13|DC13,陕西省,咸阳,中国移动西咸数据中心,咸阳秦都西咸数据中心1号楼站点,咸阳秦都西咸数据中心1号楼J301电力电池机房,铅酸电池,13#开关电源蓄电池组,单体XX电压,第1组单体13电池电压,2025-07-08T03:00:58,1.929,V,1-J301电池室放电电池数据表.xlsx,DC13,1.929,第1组,DC13,7,1281.0,False,1.929,2.167,0.46693560475040835,0,False,False,False,0.31054958186557524,1.673169174357598,7,-1.6407547384125558,-1.2298256462721395,0.1774043154072134,-0.21829320704685767,1.0763127160481123,0.060072815533980584,7,False,0.9710069010820432,True,False
咸阳秦都西咸数据中心1号楼J301电力电池机房|04#开关电源蓄电池组|第2组|第2组单体8电池电压|1-J301电池室放电电池数据表.xlsx|DC4|DC4,陕西省,咸阳,中国移动西咸数据中心,咸阳秦都西咸数据中心1号楼站点,咸阳秦都西咸数据中心1号楼J301电力电池机房,铅酸电池,04#开关电源蓄电池组,单体XX电压,第2组单体8电池电压,2025-07-09T00:48:57,2.042,V,1-J301电池室放电电池数据表.xlsx,DC4,2.042,第2组,DC4,6,239.0,True,1.945,2.216,0.40286810491210084,0,False,False,False,0.3104657856842433,1.2452936891748356,-7,-1.541416940152545,-0.16889132884786187,0.4296831358311377,-0.5351763146838469,1.0763127160481123,0.060072815533980584,7,False,-0.7892699799732464,False,False
咸阳秦都西咸数据中心1号楼J301电力电池机房|14#开关电源蓄电池组|第2组|第2组单体13电池电压|1-J301电池室放电电池数据表.xlsx|DC14|DC14,陕西省,咸阳,中国移动西咸数据中心,咸阳秦都西咸数据中心1号楼站点,咸阳秦都西咸数据中心1号楼J301电力电池机房,铅酸电池,14#开关电源蓄电池组,单体XX电压,第2组单体13电池电压,2025-07-08T03:24:20,2.363,V,1-J301电池室放电电池数据表.xlsx,DC14,2.363,第2组,DC14,6,366.0,True,2.107,2.365,-0.22496995774514278,0,False,False,False,0.31027001575907937,1.4175601409338685,-7,-1.352143532235209,0.8158077998992599,0.7974949947300665,-0.45075045086304044,1.0763127160481123,0.060072815533980584,7,False,0.15483608428092352,False,False
咸阳秦都西咸数据中心1号楼D303电力电池机房|6#开关电源蓄电池组|第2组|第2组单体10电池电压|1-D303电池室放电电池数据表.xlsx|DC6|DC6,陕西省,咸阳,中国移动西咸数据中心,咸阳秦都西咸数据中心1号楼站点,咸阳秦都西咸数据中心1号楼D303电力电池机房,铅酸电池,6#开关电源蓄电池组,单体XX电压,第2组单体10电池电压,2025-07-10T02:20:25,2.111,V,1-D303电池室放电电池数据表.xlsx,DC6,2.111,第2组,DC6,12,2245.0,True,2.008,2.23,-0.3950442885085984,0,False,False,False,0.31025407336968547,0.9848481276887967,-7,-1.3041611195712504,-0.22117138991421736,0.5177343705796699,-0.5113270542448092,1.0763127160481123,0.060072815533980584,7,False,0.8823676407435076,False,False
咸阳秦都西咸数据中心1号楼D203电力电池机房|3#开关电源蓄电池组|第2组|第2组单体16电池电压|1-D203电池室放电电池数据表.xlsx|DC3|DC3,陕西省,咸阳,中国移动西咸数据中心,咸阳秦都西咸数据中心1号楼站点,咸阳秦都西咸数据中心1号楼D203电力电池机房,铅酸电池,3#开关电源蓄电池组,单体XX电压,第2组单体16电池电压,2025-07-11T00:00:52,2.266,V,1-D203电池室放电电池数据表.xlsx,DC3,2.266,第2组,DC3,10,7151.0,False,1.976,2.266,-0.9971704967551618,0,False,False,False,0.31015462069624444,0.9846968619307193,5,-0.28929319152832544,0.22521540181274205,0.1123368576358087,0.2597959778695913,1.0763127160481123,0.060072815533980584,7,False,0.837140052101493,False,False
咸阳秦都西咸数据中心1号楼D301电力电池机房|2#开关电源蓄电池组|第1组|第1组单体4电池电压|1-D301电池室放电电池数据表.xlsx|DC2|DC2,陕西省,咸阳,中国移动西咸数据中心,咸阳秦都西咸数据中心1号楼站点,咸阳秦都西咸数据中心1号楼D301电力电池机房,铅酸电池,2#开关电源蓄电池组,单体XX电压,第1组单体4电池电压,2025-07-08T01:54:51,2.1,V,1-D301电池室放电电池数据表.xlsx,DC2,2.1,第1组,DC2,8,1394.0,False,2.038,2.305,-0.5460065402252239,0,False,False,False,0.3099542175993299,0.6870944669267293,4,-0.8729042904945996,-0.2550964604909538,-0.49168304503672644,-0.1892770922328366,1.0763127160481123,0.060072815533980584,7,False,0.9788110567318381,True,False
咸阳秦都西咸数据中心1号楼D203电力电池机房|7#开关电源蓄电池组|第2组|第2组单体19电池电压|1-D203电池室放电电池数据表.xlsx|DC7|DC7,陕西省,咸阳,中国移动西咸数据中心,咸阳秦都西咸数据中心1号楼站点,咸阳秦都西咸数据中心1号楼D203电力电池机房,铅酸电池,7#开关电源蓄电池组,单体XX电压,第2组单体19电池电压,2025-07-11T00:00:54,2.206,V,1-D203电池室放电电池数据表.xlsx,DC7,2.206,第2组,DC7,9,8274.0,False,2.038,2.238,-0.9876151350913578,0,False,False,False,0.3098402173740451,1.9617789199146785,0,-1.3596555559956016,0.6317900866946695,-1.512174538138309,0.25328644857344706,1.0763127160481123,0.060072815533980584,7,False,0.8928690244526266,False,False
咸阳秦都西咸数据中心1号楼J301电力电池机房|04#开关电源蓄电池组|第1组|第1组单体22电池电压|1-J301电池室放电电池数据表.xlsx|DC4|DC4,陕西省,咸阳,中国移动西咸数据中心,咸阳秦都西咸数据中心1号楼站点,咸阳秦都西咸数据中心1号楼J301电力电池机房,铅酸电池,04#开关电源蓄电池组,单体XX电压,第1组单体22电池电压,2025-07-09T00:47:37,2.32,V,1-J301电池室放电电池数据表.xlsx,DC4,2.32,第1组,DC4,9,8564.0,False,1.912,2.334,-0.5019872135476579,0,False,False,False,0.3095723449940972,2.1088457525602236,7,-2.50844198225375,0.5349518295839317,0.808524929723898,-0.32229261367584683,1.0763127160481123,0.060072815533980584,7,False,0.8344730766900093,False,False
咸阳秦都西咸数据中心1号楼D301电力电池机房|4#开关电源蓄电池组|第2组|第2组单体19电池电压|1-D301电池室放电电池数据表.xlsx|DC4|DC4,陕西省,咸阳,中国移动西咸数据中心,咸阳秦都西咸数据中心1号楼站点,咸阳秦都西咸数据中心1号楼D301电力电池机房,铅酸电池,4#开关电源蓄电池组,单体XX电压,第2组单体19电池电压,2025-07-08T01:54:34,2.194,V,1-D301电池室放电电池数据表.xlsx,DC4,2.194,第2组,DC4,7,1424.0,False,2.087,2.273,-0.47522082346395733,0,False,False,False,0.30950428037527816,1.3116144610196132,3,-1.7157782553561634,0.10968952898817055,-0.7367948115147536,-0.24211029426774194,1.0763127160481123,0.060072815533980584,7,False,0.8256437575131547,False,False
咸阳秦都西咸数据中心1号楼J301电力电池机房|09#开关电源蓄电池组|第1组|第1组单体12电池电压|1-J301电池室放电电池数据表.xlsx|DC9|DC9,陕西省,咸阳,中国移动西咸数据中心,咸阳秦都西咸数据中心1号楼站点,咸阳秦都西咸数据中心1号楼J301电力电池机房,铅酸电池,09#开关电源蓄电池组,单体XX电压,第1组单体12电池电压,2025-07-09T02:33:32,2.205,V,1-J301电池室放电电池数据表.xlsx,DC9,2.205,第1组,DC9,7,1238.0,False,2.028,2.25,-0.29617693171876947,0,False,False,False,0.3094157974062466,0.9166014788585539,4,-1.4563058220793255,-0.1455989330862083,-0.47592356546320214,-0.1788666262338663,1.0763127160481123,0.060072815533980584,7,False,0.6112460146448176,False,False
咸阳秦都西咸数据中心1号楼D203电力电池机房|7#开关电源蓄电池组|第2组|第2组单体13电池电压|1-D203电池室放电电池数据表.xlsx|DC7|DC7,陕西省,咸阳,中国移动西咸数据中心,咸阳秦都西咸数据中心1号楼站点,咸阳秦都西咸数据中心1号楼D203电力电池机房,铅酸电池,7#开关电源蓄电池组,单体XX电压,第2组单体13电池电压,2025-07-11T02:14:32,2.125,V,1-D203电池室放电电池数据表.xlsx,DC7,2.125,第2组,DC7,9,8049.0,False,2.03,2.209,-0.8392018393689809,0,False,False,False,0.30849628858402206,1.275348940728192,-3,-1.5556888672385356,0.35710184321786664,-0.565608539187519,0.11708162974907363,1.0763127160481123,0.060072815533980584,7,False,0.9316468268432564,True,False
咸阳秦都西咸数据中心1号楼J301电力电池机房|14#开关电源蓄电池组|第1组|第1组单体12电池电压|1-J301电池室放电电池数据表.xlsx|DC14|DC14,陕西省,咸阳,中国移动西咸数据中心,咸阳秦都西咸数据中心1号楼站点,咸阳秦都西咸数据中心1号楼J301电力电池机房,铅酸电池,14#开关电源蓄电池组,单体XX电压,第1组单体12电池电压,2025-07-08T03:44:58,2.179,V,1-J301电池室放电电池数据表.xlsx,DC14,2.179,第1组,DC14,8,1500.0,False,2.134,2.502,-0.20841639822313407,0,False,False,False,0.30844406611998004,0.8085175110072416,-7,-0.5314946150008031,0.30585447284951717,0.6668293884699585,-0.21746953833765986,1.0763127160481123,0.060072815533980584,7,False,0.8109293111511429,False,False
咸阳秦都西咸数据中心1号楼D301电力电池机房|4#开关电源蓄电池组|第2组|第2组单体18电池电压|1-D301电池室放电电池数据表.xlsx|DC4|DC4,陕西省,咸阳,中国移动西咸数据中心,咸阳秦都西咸数据中心1号楼站点,咸阳秦都西咸数据中心1号楼D301电力电池机房,铅酸电池,4#开关电源蓄电池组,单体XX电压,第2组单体18电池电压,2025-07-08T01:55:26,2.057,V,1-D301电池室放电电池数据表.xlsx,DC4,2.057,第2组,DC4,6,1564.0,True,2.057,2.278,-0.1583509671003313,0,False,False,False,0.3082166466163103,1.0231092427281567,7,-1.5267266163548692,-0.22003452100023654,0.5442713019951686,-0.19424800190129848,1.0763127160481123,0.060072815533980584,7,False,0.607382877706663,False,False
咸阳秦都西咸数据中心1号楼D203电力电池机房|3#开关电源蓄电池组|第1组|第1组单体11电池电压|1-D203电池室放电电池数据表.xlsx|DC3|DC3,陕西省,咸阳,中国移动西咸数据中心,咸阳秦都西咸数据中心1号楼站点,咸阳秦都西咸数据中心1号楼D203电力电池机房,铅酸电池,3#开关电源蓄电池组,单体XX电压,第1组单体11电池电压,2025-07-11T01:13:08,1.963,V,1-D203电池室放电电池数据表.xlsx,DC3,1.963,第1组,DC3,11,7151.0,False,1.94,2.232,-1.0663967973961963,0,False,False,False,0.3079233745154908,1.1499081987662785,6,-0.1288387388835348,0.007108702000180794,0.4063766558864238,0.2433539774563276,1.0763127160481123,0.060072815533980584,7,False,0.8047684531434622,False,False
咸阳秦都西咸数据中心1号楼J301电力电池机房|14#开关电源蓄电池组|第1组|第1组单体8电池电压|1-J301电池室放电电池数据表.xlsx|DC14|DC14,陕西省,咸阳,中国移动西咸数据中心,咸阳秦都西咸数据中心1号楼站点,咸阳秦都西咸数据中心1号楼J301电力电池机房,铅酸电池,14#开关电源蓄电池组,单体XX电压,第1组单体8电池电压,2025-07-08T03:20:33,2.214,V,1-J301电池室放电电池数据表.xlsx,DC14,2.214,第1组,DC14,7,1535.0,False,2.105,2.32,-0.7032836942026223,0,False,False,False,0.30789516627526337,2.0609638108135893,0,-1.6123240407446362,0.4707085811498811,-1.6786402824019317,-0.3078052945326618,1.0763127160481123,0.060072815533980584,7,False,0.8272078540265868,False,False
咸阳秦都西咸数据中心1号楼J301电力电池机房|06#开关电源蓄电池组|第2组|第2组单体2电池电压|1-J301电池室放电电池数据表.xlsx|DC6|DC6,陕西省,咸阳,中国移动西咸数据中心,咸阳秦都西咸数据中心1号楼站点,咸阳秦都西咸数据中心1号楼J301电力电池机房,铅酸电池,06#开关电源蓄电池组,单体XX电压,第2组单体2电池电压,2025-07-09T01:21:48,2.137,V,1-J301电池室放电电池数据表.xlsx,DC6,2.137,第2组,DC6,9,6450.0,True,1.956,2.245,0.9543938128549545,0,False,False,False,0.30775263693661203,2.062834136051715,-7,-2.116587962869784,0.6405215589297717,0.6523534992997844,-0.21212435303039862,1.0763127160481123,0.060072815533980584,7,False,-0.2981581878696259,False,False
咸阳秦都西咸数据中心1号楼D203电力电池机房|2#开关电源蓄电池组|第2组|第2组单体1电池电压|1-D203电池室放电电池数据表.xlsx|DC2|DC2,陕西省,咸阳,中国移动西咸数据中心,咸阳秦都西咸数据中心1号楼站点,咸阳秦都西咸数据中心1号楼D203电力电池机房,铅酸电池,2#开关电源蓄电池组,单体XX电压,第2组单体1电池电压,2025-07-11T00:25:38,2.021,V,1-D203电池室放电电池数据表.xlsx,DC2,2.021,第2组,DC2,7,2788.0,False,1.955,2.19,-0.23535995315522967,0,False,False,False,0.30759095089333455,0.9447717602646176,7,-1.3140067089493708,-0.39041005273100465,0.5746642318808687,0.2634250832234155,1.0763127160481123,0.060072815533980584,7,False,0.7653003372898034,False,False
咸阳秦都西咸数据中心1号楼D201电力电池机房|4#开关电源蓄电池组|第2组|第2组单体10电池电压|1-D201电池室放电电池数据表.xlsx|DC4|DC4,陕西省,咸阳,中国移动西咸数据中心,咸阳秦都西咸数据中心1号楼站点,咸阳秦都西咸数据中心1号楼D201电力电池机房,铅酸电池,4#开关电源蓄电池组,单体XX电压,第2组单体10电池电压,2025-07-08T01:06:52,1.85,V,1-D201电池室放电电池数据表.xlsx,DC4,1.85,第2组,DC4,6,1233.0,True,1.791,2.128,0.7176294683588782,0,False,False,False,0.3075316497335973,1.7643660135744512,7,-0.8899880079231733,-1.5239575121481417,0.11124233949033874,0.2185731901608106,1.0763127160481123,0.060072815533980584,7,False,0.9921476338884114,True,False
咸阳秦都西咸数据中心1号楼D203电力电池机房|8#开关电源蓄电池组|第2组|第2组单体23电池电压|1-D203电池室放电电池数据表.xlsx|DC8|DC8,陕西省,咸阳,中国移动西咸数据中心,咸阳秦都西咸数据中心1号楼站点,咸阳秦都西咸数据中心1号楼D203电力电池机房,铅酸电池,8#开关电源蓄电池组,单体XX电压,第2组单体23电池电压,2025-07-11T02:38:08,2.095,V,1-D203电池室放电电池数据表.xlsx,DC8,2.095,第2组,DC8,10,9501.0,False,1.995,2.274,-1.004707584759226,0,False,False,False,0.30741670591533987,1.4285369309980749,-2,-0.5512069401905427,0.731989051611535,-0.8617332437000349,-0.1412773161624925,1.0763127160481123,0.060072815533980584,7,False,0.9952771028026374,True,False
咸阳秦都西咸数据中心1号楼D303电力电池机房|1#开关电源蓄电池组|第1组|第1组单体7电池电压|1-D303电池室放电电池数据表.xlsx|DC1|DC1,陕西省,咸阳,中国移动西咸数据中心,咸阳秦都西咸数据中心1号楼站点,咸阳秦都西咸数据中心1号楼D303电力电池机房,铅酸电池,1#开关电源蓄电池组,单体XX电压,第1组单体7电池电压,2025-07-10T00:27:37,2.018,V,1-D303电池室放电电池数据表.xlsx,DC1,2.018,第1组,DC1,10,1668.0,False,1.931,2.27,0.09538554257400073,0,False,False,False,0.3071807963330665,0.8864510089600991,7,-0.5345108197152948,-0.7040480196443243,0.4184638786504936,0.24782147677007224,1.0763127160481123,0.060072815533980584,7,False,0.7170310420490139,False,False
咸阳秦都西咸数据中心1号楼D303电力电池机房|3#开关电源蓄电池组|第2组|第2组单体1电池电压|1-D303电池室放电电池数据表.xlsx|DC3|DC3,陕西省,咸阳,中国移动西咸数据中心,咸阳秦都西咸数据中心1号楼站点,咸阳秦都西咸数据中心1号楼D303电力电池机房,铅酸电池,3#开关电源蓄电池组,单体XX电压,第2组单体1电池电压,2025-07-10T01:18:58,2.165,V,1-D303电池室放电电池数据表.xlsx,DC3,2.165,第2组,DC3,8,4784.0,False,2.004,2.249,-0.9426516869804382,0,False,False,False,0.3071369328221432,0.8653903562624016,-4,-0.7976370423560336,0.29881016779026737,-0.24205437895108273,0.08147433370742344,1.0763127160481123,0.060072815533980584,7,False,0.9323104566051398,True,False
咸阳秦都西咸数据中心1号楼D301电力电池机房|1#开关电源蓄电池组|第1组|第1组单体15电池电压|1-D301电池室放电电池数据表.xlsx|DC1|DC1,陕西省,咸阳,中国移动西咸数据中心,咸阳秦都西咸数据中心1号楼站点,咸阳秦都西咸数据中心1号楼D301电力电池机房,铅酸电池,1#开关电源蓄电池组,单体XX电压,第1组单体15电池电压,2025-07-08T01:14:51,2.018,V,1-D301电池室放电电池数据表.xlsx,DC1,2.018,第1组,DC1,11,1498.0,False,1.966,2.287,-0.10434299271682429,0,False,False,False,0.3067368450960105,0.9327502757913998,7,-0.5495133093851671,-0.8810758642350642,0.36329591714087206,0.048028300534844026,1.0763127160481123,0.060072815533980584,7,False,0.8974658656882989,False,False
咸阳秦都西咸数据中心1号楼J301电力电池机房|10#开关电源蓄电池组|第1组|第1组单体5电池电压|1-J301电池室放电电池数据表.xlsx|DC10|DC10,陕西省,咸阳,中国移动西咸数据中心,咸阳秦都西咸数据中心1号楼站点,咸阳秦都西咸数据中心1号楼J301电力电池机房,铅酸电池,10#开关电源蓄电池组,单体XX电压,第1组单体5电池电压,2025-07-09T02:35:10,1.983,V,1-J301电池室放电电池数据表.xlsx,DC10,1.983,第1组,DC10,7,855.0,False,1.983,2.265,-0.4359844911511601,0,False,False,False,0.3065220515791107,0.7458823788896632,4,-0.6758154602287051,-0.49601187170857686,-0.5449145847895596,0.023981900265965556,1.0763127160481123,0.060072815533980584,7,False,0.7519194855398431,False,False
咸阳秦都西咸数据中心1号楼J301电力电池机房|05#开关电源蓄电池组|第1组|第1组单体5电池电压|1-J301电池室放电电池数据表.xlsx|DC5|DC5,陕西省,咸阳,中国移动西咸数据中心,咸阳秦都西咸数据中心1号楼站点,咸阳秦都西咸数据中心1号楼J301电力电池机房,铅酸电池,05#开关电源蓄电池组,单体XX电压,第1组单体5电池电压,2025-07-09T01:11:35,1.916,V,1-J301电池室放电电池数据表.xlsx,DC5,1.916,第1组,DC5,9,7778.0,False,1.872,2.228,-0.24402326580527267,0,False,False,False,0.3063887702774199,1.0114660175153,-7,-0.3497726869001273,0.14115156042945812,0.7446737690412317,0.5522750393758853,1.0763127160481123,0.060072815533980584,7,False,0.9435919643035223,True,False
咸阳秦都西咸数据中心1号楼D301电力电池机房|2#开关电源蓄电池组|第1组|第1组单体5电池电压|1-D301电池室放电电池数据表.xlsx|DC2|DC2,陕西省,咸阳,中国移动西咸数据中心,咸阳秦都西咸数据中心1号楼站点,咸阳秦都西咸数据中心1号楼D301电力电池机房,铅酸电池,2#开关电源蓄电池组,单体XX电压,第1组单体5电池电压,2025-07-08T01:54:51,2.081,V,1-D301电池室放电电池数据表.xlsx,DC2,2.081,第1组,DC2,8,1455.0,False,2.029,2.268,-0.48584794129658526,0,False,False,False,0.30627378350637197,0.7484202792922144,4,-1.0698536181744207,-0.31394573785662305,-0.5026751375364693,-0.14007826910873467,1.0763127160481123,0.060072815533980584,7,False,0.9607372126486554,True,False
咸阳秦都西咸数据中心1号楼D203电力电池机房|5#开关电源蓄电池组|第2组|第2组单体22电池电压|1-D203电池室放电电池数据表.xlsx|DC5|DC5,陕西省,咸阳,中国移动西咸数据中心,咸阳秦都西咸数据中心1号楼站点,咸阳秦都西咸数据中心1号楼D203电力电池机房,铅酸电池,5#开关电源蓄电池组,单体XX电压,第2组单体22电池电压,2025-07-11T02:46:41,2.265,V,1-D203电池室放电电池数据表.xlsx,DC5,2.265,第2组,DC5,14,9948.0,False,1.958,2.328,-0.4585835395271394,0,False,False,False,0.30618685115010946,2.25549934334553,7,-2.7438811353151147,0.37861263648554744,0.7718744242184302,-0.282905528377915,1.0763127160481123,0.060072815533980584,7,False,-0.06736758822075917,False,False
咸阳秦都西咸数据中心1号楼D303电力电池机房|5#开关电源蓄电池组|第1组|第1组单体16电池电压|1-D303电池室放电电池数据表.xlsx|DC5|DC5,陕西省,咸阳,中国移动西咸数据中心,咸阳秦都西咸数据中心1号楼站点,咸阳秦都西咸数据中心1号楼D303电力电池机房,铅酸电池,5#开关电源蓄电池组,单体XX电压,第1组单体16电池电压,2025-07-10T02:06:43,2.081,V,1-D303电池室放电电池数据表.xlsx,DC5,2.081,第1组,DC5,8,7572.0,False,1.998,2.412,-1.1674688342316588,0,False,False,False,0.3052958431624539,2.3680742532199295,-7,0.8595423669057591,0.9944415189663991,1.026197442279917,0.2665492015284928,1.0763127160481123,0.060072815533980584,7,False,0.6598897824349954,False,False
咸阳秦都西咸数据中心1号楼D203电力电池机房|8#开关电源蓄电池组|第2组|第2组单体8电池电压|1-D203电池室放电电池数据表.xlsx|DC8|DC8,陕西省,咸阳,中国移动西咸数据中心,咸阳秦都西咸数据中心1号楼站点,咸阳秦都西咸数据中心1号楼D203电力电池机房,铅酸电池,8#开关电源蓄电池组,单体XX电压,第2组单体8电池电压,2025-07-11T00:00:53,2.254,V,1-D203电池室放电电池数据表.xlsx,DC8,2.254,第2组,DC8,9,9501.0,False,2.016,2.254,-0.9029302114839237,0,False,False,False,0.3052675874044003,1.3816670703977274,-2,-1.0211232506872192,0.6724541133894764,-0.8806989490515078,-0.15354902035472867,1.0763127160481123,0.060072815533980584,7,False,0.9923190299074756,True,False
咸阳秦都西咸数据中心1号楼D201电力电池机房|1#开关电源蓄电池组|第1组|第1组单体11电池电压|1-D201电池室放电电池数据表.xlsx|DC1|DC1,陕西省,咸阳,中国移动西咸数据中心,咸阳秦都西咸数据中心1号楼站点,咸阳秦都西咸数据中心1号楼D201电力电池机房,铅酸电池,1#开关电源蓄电池组,单体XX电压,第1组单体11电池电压,2025-07-08T00:28:12,2.199,V,1-D201电池室放电电池数据表.xlsx,DC1,2.199,第1组,DC1,6,1353.0,False,2.044,2.374,-0.6664381439590048,0,False,False,False,0.30514437213868084,1.8730666168497585,0,-0.25827063988691223,0.1258722863296489,-1.74830023001434,0.12529019495607344,1.0763127160481123,0.060072815533980584,7,False,0.21591627957705392,False,False
咸阳秦都西咸数据中心1号楼D203电力电池机房|4#开关电源蓄电池组|第1组|第1组单体19电池电压|1-D203电池室放电电池数据表.xlsx|DC4|DC4,陕西省,咸阳,中国移动西咸数据中心,咸阳秦都西咸数据中心1号楼站点,咸阳秦都西咸数据中心1号楼D203电力电池机房,铅酸电池,4#开关电源蓄电池组,单体XX电压,第1组单体19电池电压,2025-07-11T01:15:56,2.214,V,1-D203电池室放电电池数据表.xlsx,DC4,2.214,第1组,DC4,10,7148.0,False,1.996,2.215,-0.8228323991673645,0,False,False,False,0.3049453011990716,0.8222689618612968,-6,-1.0582152359244812,0.05296884248450273,0.3784509747518998,0.028901172349832527,1.0763127160481123,0.060072815533980584,7,False,0.7134885301935056,False,False
咸阳秦都西咸数据中心1号楼J301电力电池机房|06#开关电源蓄电池组|第2组|第2组单体11电池电压|1-J301电池室放电电池数据表.xlsx|DC6|DC6,陕西省,咸阳,中国移动西咸数据中心,咸阳秦都西咸数据中心1号楼站点,咸阳秦都西咸数据中心1号楼J301电力电池机房,铅酸电池,06#开关电源蓄电池组,单体XX电压,第2组单体11电池电压,2025-07-09T01:12:22,2.238,V,1-J301电池室放电电池数据表.xlsx,DC6,2.238,第2组,DC6,8,6450.0,True,1.907,2.234,1.0355701609500347,0,False,False,False,0.3049211103824042,1.9079300543239082,-6,-1.957021050128631,0.6279816058759089,0.289479184106881,-0.15560797931495066,1.0763127160481123,0.060072815533980584,7,False,0.3005137986859295,False,False
咸阳秦都西咸数据中心1号楼J301电力电池机房|04#开关电源蓄电池组|第2组|第2组单体11电池电压|1-J301电池室放电电池数据表.xlsx|DC4|DC4,陕西省,咸阳,中国移动西咸数据中心,咸阳秦都西咸数据中心1号楼站点,咸阳秦都西咸数据中心1号楼J301电力电池机房,铅酸电池,04#开关电源蓄电池组,单体XX电压,第2组单体11电池电压,2025-07-09T00:47:52,1.937,V,1-J301电池室放电电池数据表.xlsx,DC4,1.937,第2组,DC4,7,6294.0,True,1.937,2.306,-0.13235807459386253,0,False,False,False,0.3047592810830104,1.326714488560913,7,-1.3849867263344922,0.7320566268883246,0.8049280833719181,-0.18934509484392875,1.0763127160481123,0.060072815533980584,7,False,-0.7551569858230569,False,False
咸阳秦都西咸数据中心1号楼D303电力电池机房|2#开关电源蓄电池组|第2组|第2组单体23电池电压|1-D303电池室放电电池数据表.xlsx|DC2|DC2,陕西省,咸阳,中国移动西咸数据中心,咸阳秦都西咸数据中心1号楼站点,咸阳秦都西咸数据中心1号楼D303电力电池机房,铅酸电池,2#开关电源蓄电池组,单体XX电压,第2组单体23电池电压,2025-07-10T00:32:28,1.969,V,1-D303电池室放电电池数据表.xlsx,DC2,1.969,第2组,DC2,10,3305.0,False,1.969,2.212,-1.0645275270669867,0,False,False,False,0.30470910369766846,1.8936069972962628,0,-0.7646604579209099,0.1803990935746335,-1.6200029675405605,0.4105028116783499,1.0763127160481123,0.060072815533980584,7,False,0.9490920595911688,True,False
咸阳秦都西咸数据中心1号楼D303电力电池机房|5#开关电源蓄电池组|第1组|第1组单体23电池电压|1-D303电池室放电电池数据表.xlsx|DC5|DC5,陕西省,咸阳,中国移动西咸数据中心,咸阳秦都西咸数据中心1号楼站点,咸阳秦都西咸数据中心1号楼D303电力电池机房,铅酸电池,5#开关电源蓄电池组,单体XX电压,第1组单体23电池电压,2025-07-10T02:06:43,2.037,V,1-D303电池室放电电池数据表.xlsx,DC5,2.037,第1组,DC5,9,7572.0,False,1.968,2.256,-1.0979693269816189,0,False,False,False,0.3044466230219319,1.253346172752024,-3,-0.3363739177623238,0.5036349030558085,-0.49904770072531246,0.2743567107032061,1.0763127160481123,0.060072815533980584,7,False,0.9218482662806758,True,False
咸阳秦都西咸数据中心1号楼D203电力电池机房|8#开关电源蓄电池组|第2组|第2组单体3电池电压|1-D203电池室放电电池数据表.xlsx|DC8|DC8,陕西省,咸阳,中国移动西咸数据中心,咸阳秦都西咸数据中心1号楼站点,咸阳秦都西咸数据中心1号楼D203电力电池机房,铅酸电池,8#开关电源蓄电池组,单体XX电压,第2组单体3电池电压,2025-07-11T00:00:53,2.272,V,1-D203电池室放电电池数据表.xlsx,DC8,2.272,第2组,DC8,9,9501.0,False,1.992,2.273,-1.0096846107939448,0,False,False,False,0.30429804814846606,1.4325842895272694,-2,-0.5226870668090975,0.7177032185197325,-0.8682656968081555,-0.15599230110183188,1.0763127160481123,0.060072815533980584,7,False,0.9946592071312349,True,False
咸阳秦都西咸数据中心1号楼D301电力电池机房|1#开关电源蓄电池组|第2组|第2组单体5电池电压|1-D301电池室放电电池数据表.xlsx|DC1|DC1,陕西省,咸阳,中国移动西咸数据中心,咸阳秦都西咸数据中心1号楼站点,咸阳秦都西咸数据中心1号楼D301电力电池机房,铅酸电池,1#开关电源蓄电池组,单体XX电压,第2组单体5电池电压,2025-07-08T01:17:15,2.001,V,1-D301电池室放电电池数据表.xlsx,DC1,2.001,第2组,DC1,8,1423.0,False,2.001,2.25,-0.6214820005163529,0,False,False,False,0.3042217211414737,0.847177780211923,4,-0.7977043368590788,-0.5168426552915822,-0.543532178860062,-0.10418618306394462,1.0763127160481123,0.060072815533980584,7,False,0.9617343585332137,True,False
咸阳秦都西咸数据中心1号楼D303电力电池机房|6#开关电源蓄电池组|第2组|第2组单体14电池电压|1-D303电池室放电电池数据表.xlsx|DC6|DC6,陕西省,咸阳,中国移动西咸数据中心,咸阳秦都西咸数据中心1号楼站点,咸阳秦都西咸数据中心1号楼D303电力电池机房,铅酸电池,6#开关电源蓄电池组,单体XX电压,第2组单体14电池电压,2025-07-10T02:09:17,2.089,V,1-D303电池室放电电池数据表.xlsx,DC6,2.089,第2组,DC6,8,3475.0,True,2.029,2.204,-0.13795877642659726,0,False,False,False,0.30416913835085657,1.5406914380756724,-7,-2.0085275697221565,-0.12464389835695444,0.5118367200533737,-0.6273944794941745,1.0763127160481123,0.060072815533980584,7,False,0.8993540475299534,False,False
咸阳秦都西咸数据中心1号楼D301电力电池机房|2#开关电源蓄电池组|第2组|第2组单体24电池电压|1-D301电池室放电电池数据表.xlsx|DC2|DC2,陕西省,咸阳,中国移动西咸数据中心,咸阳秦都西咸数据中心1号楼站点,咸阳秦都西咸数据中心1号楼D301电力电池机房,铅酸电池,2#开关电源蓄电池组,单体XX电压,第2组单体24电池电压,2025-07-08T01:55:09,2.222,V,1-D301电池室放电电池数据表.xlsx,DC2,2.222,第2组,DC2,7,1301.0,False,2.031,2.245,-0.115529975547502,0,False,False,False,0.3036337988485481,1.0010293764826013,5,-1.6253605234279804,-0.37656045674493,-0.1894211899036662,-0.07244204174972546,1.0763127160481123,0.060072815533980584,7,False,0.8095571424193779,False,False
咸阳秦都西咸数据中心1号楼D203电力电池机房|8#开关电源蓄电池组|第2组|第2组单体9电池电压|1-D203电池室放电电池数据表.xlsx|DC8|DC8,陕西省,咸阳,中国移动西咸数据中心,咸阳秦都西咸数据中心1号楼站点,咸阳秦都西咸数据中心1号楼D203电力电池机房,铅酸电池,8#开关电源蓄电池组,单体XX电压,第2组单体9电池电压,2025-07-11T02:38:13,2.22,V,1-D203电池室放电电池数据表.xlsx,DC8,2.22,第2组,DC8,10,9501.0,False,1.982,2.273,-1.388472680983618,0,False,False,False,0.30360619348174317,1.9228106687553759,-1,-0.17033172699490695,0.8041044352356377,-1.0760197243694334,0.3452876546865685,1.0763127160481123,0.060072815533980584,7,False,0.8610843726613476,False,False
咸阳秦都西咸数据中心1号楼D203电力电池机房|7#开关电源蓄电池组|第2组|第2组单体4电池电压|1-D203电池室放电电池数据表.xlsx|DC7|DC7,陕西省,咸阳,中国移动西咸数据中心,咸阳秦都西咸数据中心1号楼站点,咸阳秦都西咸数据中心1号楼D203电力电池机房,铅酸电池,7#开关电源蓄电池组,单体XX电压,第2组单体4电池电压,2025-07-11T02:14:32,2.363,V,1-D203电池室放电电池数据表.xlsx,DC7,2.363,第2组,DC7,7,8018.0,False,2.085,2.363,-1.2616494041824997,0,False,False,False,0.303136323935928,1.8995747478789093,-1,-0.4821412378658623,1.1099895190061186,-1.007124652677069,0.2898993064941897,1.0763127160481123,0.060072815533980584,7,False,0.8854046567416872,False,False
咸阳秦都西咸数据中心1号楼D303电力电池机房|1#开关电源蓄电池组|第2组|第2组单体18电池电压|1-D303电池室放电电池数据表.xlsx|DC1|DC1,陕西省,咸阳,中国移动西咸数据中心,咸阳秦都西咸数据中心1号楼站点,咸阳秦都西咸数据中心1号楼D303电力电池机房,铅酸电池,1#开关电源蓄电池组,单体XX电压,第2组单体18电池电压,2025-07-10T00:06:45,2.037,V,1-D303电池室放电电池数据表.xlsx,DC1,2.037,第2组,DC1,10,1748.0,False,2.037,2.363,-0.8250195231641284,0,False,False,False,0.30286548626777554,1.6089442557388642,-1,-0.17701164828558968,0.33130940813142584,-1.3343464955805866,0.028274653713894038,1.0763127160481123,0.060072815533980584,7,False,0.9236833238614106,True,False
咸阳秦都西咸数据中心1号楼J301电力电池机房|09#开关电源蓄电池组|第1组|第1组单体13电池电压|1-J301电池室放电电池数据表.xlsx|DC9|DC9,陕西省,咸阳,中国移动西咸数据中心,咸阳秦都西咸数据中心1号楼站点,咸阳秦都西咸数据中心1号楼J301电力电池机房,铅酸电池,09#开关电源蓄电池组,单体XX电压,第1组单体13电池电压,2025-07-09T02:33:23,2.149,V,1-J301电池室放电电池数据表.xlsx,DC9,2.149,第1组,DC9,10,1474.0,False,2.003,2.295,-0.39527838034960405,0,False,False,False,0.3025589707267368,0.7264732051185322,7,-0.569629330454605,-0.44244044869732313,0.472210295435437,-0.28138008263503844,1.0763127160481123,0.060072815533980584,7,False,0.7441265202183881,False,False
咸阳秦都西咸数据中心1号楼J301电力电池机房|05#开关电源蓄电池组|第1组|第1组单体15电池电压|1-J301电池室放电电池数据表.xlsx|DC5|DC5,陕西省,咸阳,中国移动西咸数据中心,咸阳秦都西咸数据中心1号楼站点,咸阳秦都西咸数据中心1号楼J301电力电池机房,铅酸电池,05#开关电源蓄电池组,单体XX电压,第1组单体15电池电压,2025-07-09T01:11:57,2.172,V,1-J301电池室放电电池数据表.xlsx,DC5,2.172,第1组,DC5,6,1181.0,True,1.778,2.246,0.660747873667408,0,False,False,False,0.3013372401878372,1.9616611958450374,7,0.33137383840589685,-1.3503541660978104,0.18720264379241336,0.5524564288897661,1.0763127160481123,0.060072815533980584,7,False,-0.5097752859715237,False,False
咸阳秦都西咸数据中心1号楼D303电力电池机房|1#开关电源蓄电池组|第1组|第1组单体12电池电压|1-D303电池室放电电池数据表.xlsx|DC1|DC1,陕西省,咸阳,中国移动西咸数据中心,咸阳秦都西咸数据中心1号楼站点,咸阳秦都西咸数据中心1号楼D303电力电池机房,铅酸电池,1#开关电源蓄电池组,单体XX电压,第1组单体12电池电压,2025-07-10T00:27:50,2.224,V,1-D303电池室放电电池数据表.xlsx,DC1,2.224,第1组,DC1,9,1757.0,False,2.058,2.314,-0.8130707504213743,0,False,False,False,0.3012395232901399,1.8427354778581022,0,-0.8998197433149953,0.45909650560863136,-1.6514808296305157,-0.08578360898498112,1.0763127160481123,0.060072815533980584,7,False,0.9370041249427692,True,False
咸阳秦都西咸数据中心1号楼D303电力电池机房|2#开关电源蓄电池组|第2组|第2组单体16电池电压|1-D303电池室放电电池数据表.xlsx|DC2|DC2,陕西省,咸阳,中国移动西咸数据中心,咸阳秦都西咸数据中心1号楼站点,咸阳秦都西咸数据中心1号楼D303电力电池机房,铅酸电池,2#开关电源蓄电池组,单体XX电压,第2组单体16电池电压,2025-07-10T00:32:28,1.888,V,1-D303电池室放电电池数据表.xlsx,DC2,1.888,第2组,DC2,11,3305.0,False,1.857,2.229,-0.0537259313827157,0,False,False,False,0.3008741334091779,1.0127112135847458,7,-0.22718848287763893,-0.3070349693123337,0.5970273782925934,0.5942256191870835,1.0763127160481123,0.060072815533980584,7,False,0.7339784019834299,False,False
咸阳秦都西咸数据中心1号楼D201电力电池机房|4#开关电源蓄电池组|第2组|第2组单体19电池电压|1-D201电池室放电电池数据表.xlsx|DC4|DC4,陕西省,咸阳,中国移动西咸数据中心,咸阳秦都西咸数据中心1号楼站点,咸阳秦都西咸数据中心1号楼D201电力电池机房,铅酸电池,4#开关电源蓄电池组,单体XX电压,第2组单体19电池电压,2025-07-08T00:48:46,1.914,V,1-D201电池室放电电池数据表.xlsx,DC4,1.914,第2组,DC4,11,1304.0,False,1.824,2.211,0.5773650407190742,0,False,False,False,0.3004525254761195,1.6309089307916596,7,-0.4068356343660886,-1.3865464505413332,0.1807754525527155,0.37917667831083235,1.0763127160481123,0.060072815533980584,7,False,0.9957654784042946,True,False
咸阳秦都西咸数据中心1号楼J301电力电池机房|04#开关电源蓄电池组|第1组|第1组单体15电池电压|1-J301电池室放电电池数据表.xlsx|DC4|DC4,陕西省,咸阳,中国移动西咸数据中心,咸阳秦都西咸数据中心1号楼站点,咸阳秦都西咸数据中心1号楼J301电力电池机房,铅酸电池,04#开关电源蓄电池组,单体XX电压,第1组单体15电池电压,2025-07-09T03:14:42,2.261,V,1-J301电池室放电电池数据表.xlsx,DC4,2.261,第1组,DC4,8,8815.0,False,1.871,2.313,-0.4754177587084508,0,False,False,False,0.3003778088341186,2.6159726162631647,-7,-3.0022183551071357,0.6169582991230498,0.7896415276773034,-0.6454304324267776,1.0763127160481123,0.060072815533980584,7,False,-0.22343386034269727,False,False
咸阳秦都西咸数据中心1号楼D303电力电池机房|1#开关电源蓄电池组|第2组|第2组单体20电池电压|1-D303电池室放电电池数据表.xlsx|DC1|DC1,陕西省,咸阳,中国移动西咸数据中心,咸阳秦都西咸数据中心1号楼站点,咸阳秦都西咸数据中心1号楼D303电力电池机房,铅酸电池,1#开关电源蓄电池组,单体XX电压,第2组单体20电池电压,2025-07-10T00:00:02,2.283,V,1-D303电池室放电电池数据表.xlsx,DC1,2.283,第2组,DC1,10,1757.0,False,2.004,2.283,-0.7572301690085443,0,False,False,False,0.3003420651569887,1.2225003652275228,2,-0.5770467704607429,0.0024724829151807626,-1.080048765058914,-0.02694685600030873,1.0763127160481123,0.060072815533980584,7,False,0.9610424812815058,True,False
咸阳秦都西咸数据中心1号楼J301电力电池机房|02#开关电源蓄电池组|第1组|第1组单体13电池电压|1-J301电池室放电电池数据表.xlsx|DC2|DC2,陕西省,咸阳,中国移动西咸数据中心,咸阳秦都西咸数据中心1号楼站点,咸阳秦都西咸数据中心1号楼J301电力电池机房,铅酸电池,02#开关电源蓄电池组,单体XX电压,第1组单体13电池电压,2025-07-09T02:06:44,2.298,V,1-J301电池室放电电池数据表.xlsx,DC2,2.298,第1组,DC2,11,7253.0,False,1.824,2.35,-0.13733120464525767,0,False,False,False,0.29997066137416256,2.154499902911149,7,-2.5644261511381155,0.6011188447861847,0.7656774739307446,-0.41359749491578757,1.0763127160481123,0.060072815533980584,7,False,0.7673118194634838,False,False
咸阳秦都西咸数据中心1号楼J301电力电池机房|12#开关电源蓄电池组|第1组|第1组单体19电池电压|1-J301电池室放电电池数据表.xlsx|DC12|DC12,陕西省,咸阳,中国移动西咸数据中心,咸阳秦都西咸数据中心1号楼站点,咸阳秦都西咸数据中心1号楼J301电力电池机房,铅酸电池,12#开关电源蓄电池组,单体XX电压,第1组单体19电池电压,2025-07-08T03:01:00,2.132,V,1-J301电池室放电电池数据表.xlsx,DC12,2.132,第1组,DC12,6,1334.0,False,2.023,2.242,-0.49505850570291915,0,False,False,False,0.2998626236681796,0.8589392058485458,4,-1.2741726641120235,-0.3575732099008335,-0.46570312071017006,0.12128758001159548,1.0763127160481123,0.060072815533980584,7,False,0.6077857955252921,False,False
咸阳秦都西咸数据中心1号楼J301电力电池机房|04#开关电源蓄电池组|第2组|第2组单体14电池电压|1-J301电池室放电电池数据表.xlsx|DC4|DC4,陕西省,咸阳,中国移动西咸数据中心,咸阳秦都西咸数据中心1号楼站点,咸阳秦都西咸数据中心1号楼J301电力电池机房,铅酸电池,04#开关电源蓄电池组,单体XX电压,第2组单体14电池电压,2025-07-09T03:24:00,2.12,V,1-J301电池室放电电池数据表.xlsx,DC4,2.12,第2组,DC4,11,9383.0,False,1.718,2.223,-0.001125420837498614,0,False,False,False,0.2993540312370233,1.7790159828206424,-7,-2.2925356007012887,-0.08305079052913458,0.5226966938942268,-0.569837196484109,1.0763127160481123,0.060072815533980584,7,False,0.8431422053243505,False,False
咸阳秦都西咸数据中心1号楼J301电力电池机房|03#开关电源蓄电池组|第1组|第1组单体3电池电压|1-J301电池室放电电池数据表.xlsx|DC3|DC3,陕西省,咸阳,中国移动西咸数据中心,咸阳秦都西咸数据中心1号楼站点,咸阳秦都西咸数据中心1号楼J301电力电池机房,铅酸电池,03#开关电源蓄电池组,单体XX电压,第1组单体3电池电压,2025-07-09T00:14:34,2.274,V,1-J301电池室放电电池数据表.xlsx,DC3,2.274,第1组,DC3,6,933.0,True,1.864,2.221,0.6748766399046755,0,False,False,False,0.2993153440907062,1.4890231235791949,-7,-0.7022329968050186,-1.2379772563973335,0.13621843800463618,-0.1258155746287256,1.0763127160481123,0.060072815533980584,7,False,-0.48974851396562175,False,False
咸阳秦都西咸数据中心1号楼D303电力电池机房|3#开关电源蓄电池组|第2组|第2组单体16电池电压|1-D303电池室放电电池数据表.xlsx|DC3|DC3,陕西省,咸阳,中国移动西咸数据中心,咸阳秦都西咸数据中心1号楼站点,咸阳秦都西咸数据中心1号楼D303电力电池机房,铅酸电池,3#开关电源蓄电池组,单体XX电压,第2组单体16电池电压,2025-07-10T01:18:58,2.143,V,1-D303电池室放电电池数据表.xlsx,DC3,2.143,第2组,DC3,10,4784.0,False,1.936,2.239,-1.0378896897248737,0,False,False,False,0.29892139640521503,1.090728181406439,-5,-0.08824675161553885,0.055341501410019284,0.06914795483936864,0.2892246055782204,1.0763127160481123,0.060072815533980584,7,False,0.9086388181994249,False,False
咸阳秦都西咸数据中心1号楼D303电力电池机房|5#开关电源蓄电池组|第2组|第2组单体18电池电压|1-D303电池室放电电池数据表.xlsx|DC5|DC5,陕西省,咸阳,中国移动西咸数据中心,咸阳秦都西咸数据中心1号楼站点,咸阳秦都西咸数据中心1号楼D303电力电池机房,铅酸电池,5#开关电源蓄电池组,单体XX电压,第2组单体18电池电压,2025-07-10T01:45:53,1.966,V,1-D303电池室放电电池数据表.xlsx,DC5,1.966,第2组,DC5,10,7894.0,False,1.966,2.25,-1.2000373497948398,0,False,False,False,0.29872205557155673,1.9874176253572826,0,-0.3787415231026362,0.7006991216734568,-1.496921941210882,0.22454526856936222,1.0763127160481123,0.060072815533980584,7,False,0.9571128871029845,True,False
咸阳秦都西咸数据中心1号楼D301电力电池机房|4#开关电源蓄电池组|第1组|第1组单体15电池电压|1-D301电池室放电电池数据表.xlsx|DC4|DC4,陕西省,咸阳,中国移动西咸数据中心,咸阳秦都西咸数据中心1号楼站点,咸阳秦都西咸数据中心1号楼D301电力电池机房,铅酸电池,4#开关电源蓄电池组,单体XX电压,第1组单体15电池电压,2025-07-08T01:55:18,2.086,V,1-D301电池室放电电池数据表.xlsx,DC4,2.086,第1组,DC4,9,1354.0,False,2.031,2.246,-0.15304429094200267,0,False,False,False,0.2985973363043872,1.082604743490636,4,-1.6306716601371751,-0.2778199737212077,-0.5094942705658652,-0.07013267257888771,1.0763127160481123,0.060072815533980584,7,False,0.9280631014079581,True,False
咸阳秦都西咸数据中心1号楼D201电力电池机房|4#开关电源蓄电池组|第2组|第2组单体17电池电压|1-D201电池室放电电池数据表.xlsx|DC4|DC4,陕西省,咸阳,中国移动西咸数据中心,咸阳秦都西咸数据中心1号楼站点,咸阳秦都西咸数据中心1号楼D201电力电池机房,铅酸电池,4#开关电源蓄电池组,单体XX电压,第2组单体17电池电压,2025-07-08T00:48:10,2.21,V,1-D201电池室放电电池数据表.xlsx,DC4,2.21,第2组,DC4,6,1189.0,True,1.812,2.21,0.510701836417152,0,False,False,False,0.29857262141228347,1.752877737550275,7,-0.1850809441907756,-1.4258765380156242,0.2077383990610996,0.5981702227499862,1.0763127160481123,0.060072815533980584,7,False,0.9949204093268957,True,False
咸阳秦都西咸数据中心1号楼J301电力电池机房|04#开关电源蓄电池组|第1组|第1组单体6电池电压|1-J301电池室放电电池数据表.xlsx|DC4|DC4,陕西省,咸阳,中国移动西咸数据中心,咸阳秦都西咸数据中心1号楼站点,咸阳秦都西咸数据中心1号楼J301电力电池机房,铅酸电池,04#开关电源蓄电池组,单体XX电压,第1组单体6电池电压,2025-07-09T03:32:51,2.262,V,1-J301电池室放电电池数据表.xlsx,DC4,2.262,第1组,DC4,10,9936.0,False,1.814,2.262,-0.11521031879549537,0,False,False,False,0.29857097046077546,2.1775896375277037,7,-2.716197758990777,0.13403049509192647,0.6189456016610868,-0.5183613685389468,1.0763127160481123,0.060072815533980584,7,False,0.0711710119635606,False,False
咸阳秦都西咸数据中心1号楼D201电力电池机房|1#开关电源蓄电池组|第1组|第1组单体20电池电压|1-D201电池室放电电池数据表.xlsx|DC1|DC1,陕西省,咸阳,中国移动西咸数据中心,咸阳秦都西咸数据中心1号楼站点,咸阳秦都西咸数据中心1号楼D201电力电池机房,铅酸电池,1#开关电源蓄电池组,单体XX电压,第1组单体20电池电压,2025-07-08T00:27:58,1.874,V,1-D201电池室放电电池数据表.xlsx,DC1,1.874,第1组,DC1,10,1296.0,False,1.746,2.292,0.6918407270039688,0,False,False,False,0.2978664733331567,2.4473371829589157,7,0.935726630658833,-1.412246080891187,0.18581291306502667,0.7816660605496618,1.0763127160481123,0.060072815533980584,7,False,0.8828495854882205,False,False
咸阳秦都西咸数据中心1号楼D303电力电池机房|1#开关电源蓄电池组|第1组|第1组单体20电池电压|1-D303电池室放电电池数据表.xlsx|DC1|DC1,陕西省,咸阳,中国移动西咸数据中心,咸阳秦都西咸数据中心1号楼站点,咸阳秦都西咸数据中心1号楼D303电力电池机房,铅酸电池,1#开关电源蓄电池组,单体XX电压,第1组单体20电池电压,2025-07-10T00:27:37,2.062,V,1-D303电池室放电电池数据表.xlsx,DC1,2.062,第1组,DC1,10,1717.0,False,1.999,2.367,-0.4261943268106151,0,False,False,False,0.2978638819131749,1.1111797609099698,-7,0.18058088231206115,-0.3456783248460166,0.48941598858300595,-0.23799841323437088,1.0763127160481123,0.060072815533980584,7,False,0.5524945192391644,False,False
咸阳秦都西咸数据中心1号楼J301电力电池机房|02#开关电源蓄电池组|第1组|第1组单体19电池电压|1-J301电池室放电电池数据表.xlsx|DC2|DC2,陕西省,咸阳,中国移动西咸数据中心,咸阳秦都西咸数据中心1号楼站点,咸阳秦都西咸数据中心1号楼J301电力电池机房,铅酸电池,02#开关电源蓄电池组,单体XX电压,第1组单体19电池电压,2025-07-09T00:27:13,2.248,V,1-J301电池室放电电池数据表.xlsx,DC2,2.248,第1组,DC2,12,7053.0,False,1.879,2.313,-0.7312577292371696,0,False,False,False,0.2978376571681127,1.3705757608722866,7,-1.4110101008679405,0.549171111082793,0.8531463648634771,-0.06802506377109341,1.0763127160481123,0.060072815533980584,7,False,0.8294906895941044,False,False
咸阳秦都西咸数据中心1号楼J301电力电池机房|07#开关电源蓄电池组|第2组|第2组单体15电池电压|1-J301电池室放电电池数据表.xlsx|DC7|DC7,陕西省,咸阳,中国移动西咸数据中心,咸阳秦都西咸数据中心1号楼站点,咸阳秦都西咸数据中心1号楼J301电力电池机房,铅酸电池,07#开关电源蓄电池组,单体XX电压,第2组单体15电池电压,2025-07-09T01:28:40,2.273,V,1-J301电池室放电电池数据表.xlsx,DC7,2.273,第2组,DC7,9,9859.0,False,1.948,2.273,-1.0433804297116527,0,False,False,False,0.29760360304331235,1.2028477051640751,5,0.05910585871597984,0.3064213147676951,0.10215306248068323,0.0785371877924467,1.0763127160481123,0.060072815533980584,7,False,0.741761030842916,False,False
咸阳秦都西咸数据中心1号楼D201电力电池机房|4#开关电源蓄电池组|第2组|第2组单体6电池电压|1-D201电池室放电电池数据表.xlsx|DC4|DC4,陕西省,咸阳,中国移动西咸数据中心,咸阳秦都西咸数据中心1号楼站点,咸阳秦都西咸数据中心1号楼D201电力电池机房,铅酸电池,4#开关电源蓄电池组,单体XX电压,第2组单体6电池电压,2025-07-08T01:08:30,1.855,V,1-D201电池室放电电池数据表.xlsx,DC4,1.855,第2组,DC4,10,1304.0,False,1.824,2.134,0.5512982725698654,0,False,False,False,0.29741326903530896,1.6778494310840137,7,-1.0743589570489909,-1.4855750562298933,0.14067135384819135,0.16587658740519498,1.0763127160481123,0.060072815533980584,7,False,0.9916425982752147,True,False
咸阳秦都西咸数据中心1号楼J301电力电池机房|02#开关电源蓄电池组|第1组|第1组单体5电池电压|1-J301电池室放电电池数据表.xlsx|DC2|DC2,陕西省,咸阳,中国移动西咸数据中心,咸阳秦都西咸数据中心1号楼站点,咸阳秦都西咸数据中心1号楼J301电力电池机房,铅酸电池,02#开关电源蓄电池组,单体XX电压,第1组单体5电池电压,2025-07-09T00:14:33,2.225,V,1-J301电池室放电电池数据表.xlsx,DC2,2.225,第1组,DC2,10,7156.0,False,1.836,2.278,-0.40003226859762026,0,False,False,False,0.2968567066025688,2.0225317567795305,7,-2.4916174154597313,0.3792323973020715,0.7497980722287646,-0.3288146228221098,1.0763127160481123,0.060072815533980584,7,False,0.8469889889392839,False,False
咸阳秦都西咸数据中心1号楼D303电力电池机房|1#开关电源蓄电池组|第1组|第1组单体8电池电压|1-D303电池室放电电池数据表.xlsx|DC1|DC1,陕西省,咸阳,中国移动西咸数据中心,咸阳秦都西咸数据中心1号楼站点,咸阳秦都西咸数据中心1号楼D303电力电池机房,铅酸电池,1#开关电源蓄电池组,单体XX电压,第1组单体8电池电压,2025-07-10T00:27:42,2.114,V,1-D303电池室放电电池数据表.xlsx,DC1,2.114,第1组,DC1,9,1757.0,False,2.033,2.339,-0.7668191294362872,0,False,False,False,0.29619539709129394,1.5309288335542781,-1,-0.41969848075872573,0.33124276694853927,-1.342945036671801,-0.01931582996817241,1.0763127160481123,0.060072815533980584,7,False,0.90183998753878,False,False
咸阳秦都西咸数据中心1号楼D203电力电池机房|4#开关电源蓄电池组|第1组|第1组单体10电池电压|1-D203电池室放电电池数据表.xlsx|DC4|DC4,陕西省,咸阳,中国移动西咸数据中心,咸阳秦都西咸数据中心1号楼站点,咸阳秦都西咸数据中心1号楼D203电力电池机房,铅酸电池,4#开关电源蓄电池组,单体XX电压,第1组单体10电池电压,2025-07-11T00:00:52,2.158,V,1-D203电池室放电电池数据表.xlsx,DC4,2.158,第1组,DC4,9,7148.0,True,2.158,2.421,-0.14408621058608953,0,False,False,False,0.2956182966894474,1.06185083794613,7,-1.313023814988132,0.4038724861021048,0.7411611034529766,-0.011038839049391624,1.0763127160481123,0.060072815533980584,7,False,0.09203689694450347,False,False
咸阳秦都西咸数据中心1号楼J301电力电池机房|14#开关电源蓄电池组|第1组|第1组单体18电池电压|1-J301电池室放电电池数据表.xlsx|DC14|DC14,陕西省,咸阳,中国移动西咸数据中心,咸阳秦都西咸数据中心1号楼站点,咸阳秦都西咸数据中心1号楼J301电力电池机房,铅酸电池,14#开关电源蓄电池组,单体XX电压,第1组单体18电池电压,2025-07-08T03:20:16,2.074,V,1-J301电池室放电电池数据表.xlsx,DC14,2.074,第1组,DC14,10,1657.0,False,2.007,2.299,-0.08594836904340133,0,False,False,False,0.2954854545147437,0.7559454586056936,7,-1.0096569899162269,-0.26635350273608954,0.4681839086789453,-0.43536876978690353,1.0763127160481123,0.060072815533980584,7,False,0.5077822347781609,False,False
咸阳秦都西咸数据中心1号楼J301电力电池机房|03#开关电源蓄电池组|第1组|第1组单体11电池电压|1-J301电池室放电电池数据表.xlsx|DC3|DC3,陕西省,咸阳,中国移动西咸数据中心,咸阳秦都西咸数据中心1号楼站点,咸阳秦都西咸数据中心1号楼J301电力电池机房,铅酸电池,03#开关电源蓄电池组,单体XX电压,第1组单体11电池电压,2025-07-09T00:14:34,2.266,V,1-J301电池室放电电池数据表.xlsx,DC3,2.266,第1组,DC3,7,2984.0,True,1.799,2.182,0.7058201098745438,0,False,False,False,0.2954842807187471,1.071077757705338,-7,-0.7793599300801352,-0.315963707652662,0.3565390765536382,-0.3520848999930282,1.0763127160481123,0.060072815533980584,7,False,-0.5250892548981629,False,False
咸阳秦都西咸数据中心1号楼D303电力电池机房|5#开关电源蓄电池组|第1组|第1组单体15电池电压|1-D303电池室放电电池数据表.xlsx|DC5|DC5,陕西省,咸阳,中国移动西咸数据中心,咸阳秦都西咸数据中心1号楼站点,咸阳秦都西咸数据中心1号楼D303电力电池机房,铅酸电池,5#开关电源蓄电池组,单体XX电压,第1组单体15电池电压,2025-07-10T02:07:00,2.145,V,1-D303电池室放电电池数据表.xlsx,DC5,2.145,第1组,DC5,8,7899.0,False,1.987,2.196,-0.8395707070754088,0,False,False,False,0.2953048976755738,1.8978537808497196,0,-1.3197669769162486,0.3623266475266228,-1.6216311820676959,0.1722166253246545,1.0763127160481123,0.060072815533980584,7,False,0.9729202210991705,True,False
咸阳秦都西咸数据中心1号楼J301电力电池机房|10#开关电源蓄电池组|第1组|第1组单体4电池电压|1-J301电池室放电电池数据表.xlsx|DC10|DC10,陕西省,咸阳,中国移动西咸数据中心,咸阳秦都西咸数据中心1号楼站点,咸阳秦都西咸数据中心1号楼J301电力电池机房,铅酸电池,10#开关电源蓄电池组,单体XX电压,第1组单体4电池电压,2025-07-09T02:48:33,2.149,V,1-J301电池室放电电池数据表.xlsx,DC10,2.149,第1组,DC10,8,855.0,False,1.911,2.152,0.5638736967494855,0,False,False,False,0.29493550654005335,1.705456152333065,-7,-1.7190501955399018,-1.1076793873998163,0.17583605294064064,-0.37434930314090364,1.0763127160481123,0.060072815533980584,7,False,-0.10550253813940794,False,False
咸阳秦都西咸数据中心1号楼D301电力电池机房|4#开关电源蓄电池组|第2组|第2组单体7电池电压|1-D301电池室放电电池数据表.xlsx|DC4|DC4,陕西省,咸阳,中国移动西咸数据中心,咸阳秦都西咸数据中心1号楼站点,咸阳秦都西咸数据中心1号楼D301电力电池机房,铅酸电池,4#开关电源蓄电池组,单体XX电压,第2组单体7电池电压,2025-07-08T01:56:50,2.018,V,1-D301电池室放电电池数据表.xlsx,DC4,2.018,第2组,DC4,7,1310.0,False,2.018,2.368,-0.4330880381967613,0,False,False,False,0.2947794502470878,1.937442828616403,0,-0.2184539079729091,-0.007093605414883408,-1.8587737556400605,-0.12927333847413283,1.0763127160481123,0.060072815533980584,7,False,0.9569999913486159,True,False
咸阳秦都西咸数据中心1号楼D301电力电池机房|1#开关电源蓄电池组|第1组|第1组单体12电池电压|1-D301电池室放电电池数据表.xlsx|DC1|DC1,陕西省,咸阳,中国移动西咸数据中心,咸阳秦都西咸数据中心1号楼站点,咸阳秦都西咸数据中心1号楼D301电力电池机房,铅酸电池,1#开关电源蓄电池组,单体XX电压,第1组单体12电池电压,2025-07-08T01:35:32,2.176,V,1-D301电池室放电电池数据表.xlsx,DC1,2.176,第1组,DC1,9,1573.0,True,2.163,2.334,-0.809299776386688,0,False,False,False,0.2942868915492462,1.2516263479780918,7,-1.461222855729232,0.07917590292279456,0.6883293522200602,-0.34387093220332676,1.0763127160481123,0.060072815533980584,7,False,0.7424515214067711,False,False
咸阳秦都西咸数据中心1号楼D203电力电池机房|3#开关电源蓄电池组|第1组|第1组单体24电池电压|1-D203电池室放电电池数据表.xlsx|DC3|DC3,陕西省,咸阳,中国移动西咸数据中心,咸阳秦都西咸数据中心1号楼站点,咸阳秦都西咸数据中心1号楼D203电力电池机房,铅酸电池,3#开关电源蓄电池组,单体XX电压,第1组单体24电池电压,2025-07-11T01:13:21,2.168,V,1-D203电池室放电电池数据表.xlsx,DC3,2.168,第1组,DC3,10,7151.0,False,2.024,2.3,-1.1090728360206852,0,False,False,False,0.293503078769925,1.1592167877255595,4,-0.4327663095148739,0.5565314082921458,-0.13247398720207437,0.23893760426099644,1.0763127160481123,0.060072815533980584,7,False,0.5613719327381856,False,False
咸阳秦都西咸数据中心1号楼J301电力电池机房|03#开关电源蓄电池组|第2组|第2组单体12电池电压|1-J301电池室放电电池数据表.xlsx|DC3|DC3,陕西省,咸阳,中国移动西咸数据中心,咸阳秦都西咸数据中心1号楼站点,咸阳秦都西咸数据中心1号楼J301电力电池机房,铅酸电池,03#开关电源蓄电池组,单体XX电压,第2组单体12电池电压,2025-07-09T00:31:35,1.909,V,1-J301电池室放电电池数据表.xlsx,DC3,1.909,第2组,DC3,10,1940.0,False,1.909,2.234,0.36640919689338575,0,False,False,False,0.29323927293428165,0.9924974226626943,7,-0.9663807243153801,-0.582006777525765,0.4442638544235149,0.3421890060314152,1.0763127160481123,0.060072815533980584,7,False,0.9967575605428006,True,False
咸阳秦都西咸数据中心1号楼D203电力电池机房|4#开关电源蓄电池组|第1组|第1组单体5电池电压|1-D203电池室放电电池数据表.xlsx|DC4|DC4,陕西省,咸阳,中国移动西咸数据中心,咸阳秦都西咸数据中心1号楼站点,咸阳秦都西咸数据中心1号楼D203电力电池机房,铅酸电池,4#开关电源蓄电池组,单体XX电压,第1组单体5电池电压,2025-07-11T01:16:44,1.897,V,1-D203电池室放电电池数据表.xlsx,DC4,1.897,第1组,DC4,9,7148.0,False,1.873,2.261,-0.7086450631630667,0,False,False,False,0.29297303151935017,1.5008342429423571,-7,0.4899330969257183,-0.06396171126956919,0.6833773833230237,0.29507895402878026,1.0763127160481123,0.060072815533980584,7,False,0.876889706885132,False,False
咸阳秦都西咸数据中心1号楼D303电力电池机房|3#开关电源蓄电池组|第2组|第2组单体23电池电压|1-D303电池室放电电池数据表.xlsx|DC3|DC3,陕西省,咸阳,中国移动西咸数据中心,咸阳秦都西咸数据中心1号楼站点,咸阳秦都西咸数据中心1号楼D303电力电池机房,铅酸电池,3#开关电源蓄电池组,单体XX电压,第2组单体23电池电压,2025-07-10T01:18:44,2.027,V,1-D303电池室放电电池数据表.xlsx,DC3,2.027,第2组,DC3,9,4784.0,False,2.001,2.261,-1.1333695239838735,0,False,False,False,0.29279831437662246,1.2120583041187083,-3,-0.5462741907603261,0.4033485428780488,-0.5068321092286272,0.334922197015852,1.0763127160481123,0.060072815533980584,7,False,0.9449361926601685,True,False
咸阳秦都西咸数据中心1号楼J301电力电池机房|01#开关电源蓄电池组|第2组|第2组单体2电池电压|1-J301电池室放电电池数据表.xlsx|DC1|DC1,陕西省,咸阳,中国移动西咸数据中心,咸阳秦都西咸数据中心1号楼站点,咸阳秦都西咸数据中心1号楼J301电力电池机房,铅酸电池,01#开关电源蓄电池组,单体XX电压,第2组单体2电池电压,2025-07-09T00:27:03,1.99,V,1-J301电池室放电电池数据表.xlsx,DC1,1.99,第2组,DC1,12,3272.0,False,1.817,2.258,0.22703750892414282,0,False,False,False,0.2922837480151482,1.2281820623493742,-7,0.187287956654835,-0.29773825710977775,0.5258332526995395,0.43941947992700126,1.0763127160481123,0.060072815533980584,7,False,0.9986074273929436,True,False
咸阳秦都西咸数据中心1号楼D303电力电池机房|7#开关电源蓄电池组|第1组|第1组单体18电池电压|1-D303电池室放电电池数据表.xlsx|DC7|DC7,陕西省,咸阳,中国移动西咸数据中心,咸阳秦都西咸数据中心1号楼站点,咸阳秦都西咸数据中心1号楼D303电力电池机房,铅酸电池,7#开关电源蓄电池组,单体XX电压,第1组单体18电池电压,2025-07-10T02:34:08,2.299,V,1-D303电池室放电电池数据表.xlsx,DC7,2.299,第1组,DC7,8,10501.0,False,2.107,2.308,-0.8769767797189489,0,False,False,False,0.2922463677982022,1.4047353084688194,-7,-1.2793288309301236,0.5802359339221405,0.8823897768292733,-0.03743476546257041,1.0763127160481123,0.060072815533980584,7,False,0.6934382211606228,False,False
咸阳秦都西咸数据中心1号楼J301电力电池机房|10#开关电源蓄电池组|第2组|第2组单体18电池电压|1-J301电池室放电电池数据表.xlsx|DC10|DC10,陕西省,咸阳,中国移动西咸数据中心,咸阳秦都西咸数据中心1号楼站点,咸阳秦都西咸数据中心1号楼J301电力电池机房,铅酸电池,10#开关电源蓄电池组,单体XX电压,第2组单体18电池电压,2025-07-09T02:34:18,2.283,V,1-J301电池室放电电池数据表.xlsx,DC10,2.283,第2组,DC10,7,863.0,False,2.009,2.283,-0.6206139872679477,0,False,False,False,0.292218979922239,0.627771833336663,4,-0.6607710937109222,-0.16730445613130018,-0.44135660197290494,-0.05466024220247727,1.0763127160481123,0.060072815533980584,7,False,0.10034165232382967,False,False
咸阳秦都西咸数据中心1号楼J301电力电池机房|02#开关电源蓄电池组|第1组|第1组单体24电池电压|1-J301电池室放电电池数据表.xlsx|DC2|DC2,陕西省,咸阳,中国移动西咸数据中心,咸阳秦都西咸数据中心1号楼站点,咸阳秦都西咸数据中心1号楼J301电力电池机房,铅酸电池,02#开关电源蓄电池组,单体XX电压,第1组单体24电池电压,2025-07-09T00:14:33,2.208,V,1-J301电池室放电电池数据表.xlsx,DC2,2.208,第1组,DC2,9,2728.0,False,1.895,2.245,-1.1994092479530252,0,False,False,False,0.2920811502644132,1.5137453121064866,5,0.31599450954749364,0.3481277399332037,0.1540185231261197,0.2438534689656426,1.0763127160481123,0.060072815533980584,7,False,0.29850324504827647,False,False
咸阳秦都西咸数据中心1号楼J301电力电池机房|03#开关电源蓄电池组|第2组|第2组单体8电池电压|1-J301电池室放电电池数据表.xlsx|DC3|DC3,陕西省,咸阳,中国移动西咸数据中心,咸阳秦都西咸数据中心1号楼站点,咸阳秦都西咸数据中心1号楼J301电力电池机房,铅酸电池,03#开关电源蓄电池组,单体XX电压,第2组单体8电池电压,2025-07-09T00:31:12,2.26,V,1-J301电池室放电电池数据表.xlsx,DC3,2.26,第2组,DC3,10,1940.0,False,1.847,2.26,-0.008763374253227652,0,False,False,False,0.2920253774752378,1.2792623987752982,7,0.12851255326508704,-0.3809012974714297,0.5745884931685987,0.6822292647547717,1.0763127160481123,0.060072815533980584,7,False,0.9943131357682173,True,False
咸阳秦都西咸数据中心1号楼D203电力电池机房|4#开关电源蓄电池组|第1组|第1组单体6电池电压|1-D203电池室放电电池数据表.xlsx|DC4|DC4,陕西省,咸阳,中国移动西咸数据中心,咸阳秦都西咸数据中心1号楼站点,咸阳秦都西咸数据中心1号楼D203电力电池机房,铅酸电池,4#开关电源蓄电池组,单体XX电压,第1组单体6电池电压,2025-07-11T01:36:40,2.374,V,1-D203电池室放电电池数据表.xlsx,DC4,2.374,第1组,DC4,7,7148.0,True,2.206,2.428,-0.3613665358868146,0,False,False,False,0.2918815520023341,1.3965383471122546,7,-1.5501356658280516,0.6489789520062265,0.8031148996110734,-0.2723102282969484,1.0763127160481123,0.060072815533980584,7,False,0.4515679806886232,False,False
咸阳秦都西咸数据中心1号楼D203电力电池机房|1#开关电源蓄电池组|第1组|第1组单体3电池电压|1-D203电池室放电电池数据表.xlsx|DC1|DC1,陕西省,咸阳,中国移动西咸数据中心,咸阳秦都西咸数据中心1号楼站点,咸阳秦都西咸数据中心1号楼D203电力电池机房,铅酸电池,1#开关电源蓄电池组,单体XX电压,第1组单体3电池电压,2025-07-11T00:02:51,2.057,V,1-D203电池室放电电池数据表.xlsx,DC1,2.057,第1组,DC1,8,1469.0,False,2.057,2.33,-0.36974589518053036,0,False,False,False,0.2917569987042576,1.6599483100789652,-1,-1.003955323742086,0.21810547702626362,-1.4997177665781072,-0.5690576560838465,1.0763127160481123,0.060072815533980584,7,False,0.9374092385990055,True,False
咸阳秦都西咸数据中心1号楼J301电力电池机房|04#开关电源蓄电池组|第2组|第2组单体4电池电压|1-J301电池室放电电池数据表.xlsx|DC4|DC4,陕西省,咸阳,中国移动西咸数据中心,咸阳秦都西咸数据中心1号楼站点,咸阳秦都西咸数据中心1号楼J301电力电池机房,铅酸电池,04#开关电源蓄电池组,单体XX电压,第2组单体4电池电压,2025-07-09T00:47:47,1.835,V,1-J301电池室放电电池数据表.xlsx,DC4,1.835,第2组,DC4,11,5853.0,False,1.738,2.242,0.03416069761512863,0,False,False,False,0.29160714030773877,1.9582667862329821,-7,-2.4431500880718295,0.2452958125564215,0.6202338923353264,-0.5339787155858834,1.0763127160481123,0.060072815533980584,7,False,0.7066364308230069,False,False
咸阳秦都西咸数据中心1号楼J301电力电池机房|01#开关电源蓄电池组|第1组|第1组单体17电池电压|1-J301电池室放电电池数据表.xlsx|DC1|DC1,陕西省,咸阳,中国移动西咸数据中心,咸阳秦都西咸数据中心1号楼站点,咸阳秦都西咸数据中心1号楼J301电力电池机房,铅酸电池,01#开关电源蓄电池组,单体XX电压,第1组单体17电池电压,2025-07-09T00:26:49,1.991,V,1-J301电池室放电电池数据表.xlsx,DC1,1.991,第1组,DC1,13,3263.0,False,1.892,2.286,-0.9505764152531033,0,False,False,False,0.29118712586658074,1.8708025252054283,7,0.8784125325103262,-0.3209135510848845,0.5670377877960613,-0.10871313519247479,1.0763127160481123,0.060072815533980584,7,False,0.4677217360829533,False,False
咸阳秦都西咸数据中心2号楼J301电力电池机房|01#开关电源蓄电池组|第2组|第2组单体13电池电压|2-J301电池室放电电池数据表.xlsx|DC1|DC1,陕西省,咸阳,中国移动西咸数据中心,咸阳秦都西咸数据中心2号楼站点,咸阳秦都西咸数据中心2号楼J301电力电池机房,铅酸电池,01#开关电源蓄电池组,单体XX电压,第2组单体13电池电压,2025-07-11T03:14:09,1.906,V,2-J301电池室放电电池数据表.xlsx,DC1,1.906,第2组,DC1,7,1294.0,False,1.906,2.195,0.8154636105011943,0,False,False,False,0.2905259641881255,1.747738399608201,7,-1.5422750202999,-1.1562449882552013,0.2213153891448062,0.2276708224725141,1.0763127160481123,0.060072815533980584,7,False,0.920554426331819,True,False
咸阳秦都西咸数据中心1号楼J301电力电池机房|05#开关电源蓄电池组|第1组|第1组单体2电池电压|1-J301电池室放电电池数据表.xlsx|DC5|DC5,陕西省,咸阳,中国移动西咸数据中心,咸阳秦都西咸数据中心1号楼站点,咸阳秦都西咸数据中心1号楼J301电力电池机房,铅酸电池,05#开关电源蓄电池组,单体XX电压,第1组单体2电池电压,2025-07-09T01:07:43,1.796,V,1-J301电池室放电电池数据表.xlsx,DC5,1.796,第1组,DC5,7,1240.0,True,1.721,2.289,0.7958053255403799,0,False,False,False,0.2904129887620257,2.7129528639145466,7,1.1928838257543386,-1.530834011871546,0.12576677858368557,0.7458940515311384,1.0763127160481123,0.060072815533980584,7,False,-0.5052641497435811,False,False
咸阳秦都西咸数据中心1号楼J301电力电池机房|04#开关电源蓄电池组|第1组|第1组单体9电池电压|1-J301电池室放电电池数据表.xlsx|DC4|DC4,陕西省,咸阳,中国移动西咸数据中心,咸阳秦都西咸数据中心1号楼站点,咸阳秦都西咸数据中心1号楼J301电力电池机房,铅酸电池,04#开关电源蓄电池组,单体XX电压,第1组单体9电池电压,2025-07-09T03:10:21,2.218,V,1-J301电池室放电电池数据表.xlsx,DC4,2.218,第1组,DC4,9,8564.0,False,1.943,2.326,-0.2991565934939459,0,False,False,False,0.29033610399431287,2.3521356956901305,-7,-2.676912271959294,0.7152765199882969,0.782741044260763,-0.6581440319529765,1.0763127160481123,0.060072815533980584,7,False,-0.14978119216550842,False,False
咸阳秦都西咸数据中心1号楼D201电力电池机房|4#开关电源蓄电池组|第2组|第2组单体22电池电压|1-D201电池室放电电池数据表.xlsx|DC4|DC4,陕西省,咸阳,中国移动西咸数据中心,咸阳秦都西咸数据中心1号楼站点,咸阳秦都西咸数据中心1号楼D201电力电池机房,铅酸电池,4#开关电源蓄电池组,单体XX电压,第2组单体22电池电压,2025-07-08T01:09:41,2.037,V,1-D201电池室放电电池数据表.xlsx,DC4,2.037,第2组,DC4,9,1348.0,False,1.923,2.234,0.5401256312245781,0,False,False,False,0.2902977615959243,1.378891628354629,7,-1.036000369881784,-1.088266286873216,0.16759444365309167,-0.3598504627104092,1.0763127160481123,0.060072815533980584,7,False,0.9561237976683769,True,False
咸阳秦都西咸数据中心1号楼D301电力电池机房|1#开关电源蓄电池组|第2组|第2组单体4电池电压|1-D301电池室放电电池数据表.xlsx|DC1|DC1,陕西省,咸阳,中国移动西咸数据中心,咸阳秦都西咸数据中心1号楼站点,咸阳秦都西咸数据中心1号楼D301电力电池机房,铅酸电池,1#开关电源蓄电池组,单体XX电压,第2组单体4电池电压,2025-07-08T01:36:32,2.247,V,1-D301电池室放电电池数据表.xlsx,DC1,2.247,第2组,DC1,6,2068.0,False,2.131,2.298,-0.1207755745918713,0,False,False,False,0.2901334485683896,1.6217346277275855,7,-2.1314556931040145,0.1224164546371179,0.6161417111477209,-0.41856811237367075,1.0763127160481123,0.060072815533980584,7,False,0.5071793837212275,False,False
咸阳秦都西咸数据中心1号楼J301电力电池机房|02#开关电源蓄电池组|第2组|第2组单体22电池电压|1-J301电池室放电电池数据表.xlsx|DC2|DC2,陕西省,咸阳,中国移动西咸数据中心,咸阳秦都西咸数据中心1号楼站点,咸阳秦都西咸数据中心1号楼J301电力电池机房,铅酸电池,02#开关电源蓄电池组,单体XX电压,第2组单体22电池电压,2025-07-09T00:27:31,1.838,V,1-J301电池室放电电池数据表.xlsx,DC2,1.838,第2组,DC2,9,2728.0,False,1.838,2.241,-1.0999263039732043,0,False,False,False,0.2899548093355179,1.8095714983640285,6,0.7481539653598628,0.2295676252124956,0.4491967473412778,0.24679498815016396,1.0763127160481123,0.060072815533980584,7,False,0.6534392821098404,False,False
咸阳秦都西咸数据中心1号楼D303电力电池机房|6#开关电源蓄电池组|第1组|第1组单体24电池电压|1-D303电池室放电电池数据表.xlsx|DC6|DC6,陕西省,咸阳,中国移动西咸数据中心,咸阳秦都西咸数据中心1号楼站点,咸阳秦都西咸数据中心1号楼D303电力电池机房,铅酸电池,6#开关电源蓄电池组,单体XX电压,第1组单体24电池电压,2025-07-10T02:30:26,1.99,V,1-D303电池室放电电池数据表.xlsx,DC6,1.99,第1组,DC6,10,9011.0,False,1.916,2.306,-1.2657380905499134,0,False,False,False,0.28904754592591697,2.197208115605642,-7,0.8823423679372544,0.41385600867183003,0.8937627792459313,0.3790757652987419,1.0763127160481123,0.060072815533980584,7,False,0.7873097352255451,False,False
咸阳秦都西咸数据中心1号楼D303电力电池机房|3#开关电源蓄电池组|第1组|第1组单体19电池电压|1-D303电池室放电电池数据表.xlsx|DC3|DC3,陕西省,咸阳,中国移动西咸数据中心,咸阳秦都西咸数据中心1号楼站点,咸阳秦都西咸数据中心1号楼D303电力电池机房,铅酸电池,3#开关电源蓄电池组,单体XX电压,第1组单体19电池电压,2025-07-10T00:57:22,2.117,V,1-D303电池室放电电池数据表.xlsx,DC3,2.117,第1组,DC3,10,4784.0,False,2.0,2.267,-0.863074928562245,0,False,False,False,0.2887259159767669,0.7623899602799424,-5,-0.6152504752556213,0.29549656542704605,0.07248839867771661,-0.055552114839905006,1.0763127160481123,0.060072815533980584,7,False,0.9113301255209769,False,False
咸阳秦都西咸数据中心1号楼J301电力电池机房|03#开关电源蓄电池组|第2组|第2组单体6电池电压|1-J301电池室放电电池数据表.xlsx|DC3|DC3,陕西省,咸阳,中国移动西咸数据中心,咸阳秦都西咸数据中心1号楼站点,咸阳秦都西咸数据中心1号楼J301电力电池机房,铅酸电池,03#开关电源蓄电池组,单体XX电压,第2组单体6电池电压,2025-07-09T00:14:34,2.235,V,1-J301电池室放电电池数据表.xlsx,DC3,2.235,第2组,DC3,8,1940.0,False,1.838,2.235,0.21019912940247704,0,False,False,False,0.2886553875523008,0.9364118985010346,7,-0.20533386624197458,-0.34183995887540847,0.5101519430132706,0.3370702423442258,1.0763127160481123,0.060072815533980584,7,False,0.9848780059265759,True,False
咸阳秦都西咸数据中心1号楼D203电力电池机房|7#开关电源蓄电池组|第2组|第2组单体6电池电压|1-D203电池室放电电池数据表.xlsx|DC7|DC7,陕西省,咸阳,中国移动西咸数据中心,咸阳秦都西咸数据中心1号楼站点,咸阳秦都西咸数据中心1号楼D203电力电池机房,铅酸电池,7#开关电源蓄电池组,单体XX电压,第2组单体6电池电压,2025-07-11T00:00:54,2.286,V,1-D203电池室放电电池数据表.xlsx,DC7,2.286,第2组,DC7,8,8027.0,False,2.092,2.359,-1.1633570284920458,0,False,False,False,0.28852842173672755,1.8113390344040554,-1,-1.1274932309727208,0.9618232383057466,-1.051660979072222,0.2400571209630543,1.0763127160481123,0.060072815533980584,7,False,0.8903015819140445,False,False
咸阳秦都西咸数据中心1号楼J301电力电池机房|13#开关电源蓄电池组|第2组|第2组单体4电池电压|1-J301电池室放电电池数据表.xlsx|DC13|DC13,陕西省,咸阳,中国移动西咸数据中心,咸阳秦都西咸数据中心1号楼站点,咸阳秦都西咸数据中心1号楼J301电力电池机房,铅酸电池,13#开关电源蓄电池组,单体XX电压,第2组单体4电池电压,2025-07-08T03:21:10,2.197,V,1-J301电池室放电电池数据表.xlsx,DC13,2.197,第2组,DC13,7,1334.0,False,1.927,2.205,0.5898968566005685,0,False,False,False,0.28828968654004905,1.5691698460822459,7,-1.3746490423324482,-1.1420582918095035,0.14742674727386507,-0.40927030098060924,1.0763127160481123,0.060072815533980584,7,False,0.928421742504323,True,False
咸阳秦都西咸数据中心1号楼J301电力电池机房|04#开关电源蓄电池组|第2组|第2组单体21电池电压|1-J301电池室放电电池数据表.xlsx|DC4|DC4,陕西省,咸阳,中国移动西咸数据中心,咸阳秦都西咸数据中心1号楼站点,咸阳秦都西咸数据中心1号楼J301电力电池机房,铅酸电池,04#开关电源蓄电池组,单体XX电压,第2组单体21电池电压,2025-07-09T00:48:42,1.809,V,1-J301电池室放电电池数据表.xlsx,DC4,1.809,第2组,DC4,9,8546.0,False,1.809,2.305,-1.2275310885361714,0,False,False,False,0.288263395033931,1.9815283015681195,7,0.6366096109740438,0.4983873398926416,0.8665196264349262,0.052441427274183355,1.0763127160481123,0.060072815533980584,7,False,-0.1301666726457266,False,False
咸阳秦都西咸数据中心1号楼D203电力电池机房|3#开关电源蓄电池组|第2组|第2组单体1电池电压|1-D203电池室放电电池数据表.xlsx|DC3|DC3,陕西省,咸阳,中国移动西咸数据中心,咸阳秦都西咸数据中心1号楼站点,咸阳秦都西咸数据中心1号楼D203电力电池机房,铅酸电池,3#开关电源蓄电池组,单体XX电压,第2组单体1电池电压,2025-07-11T01:13:17,2.111,V,1-D203电池室放电电池数据表.xlsx,DC3,2.111,第2组,DC3,11,7151.0,False,2.035,2.305,-1.0745035330568107,0,False,False,False,0.28824696000202166,1.0978384463347763,5,-0.4898253197745501,0.5213874279413498,0.19501509549320772,0.15884577429450028,1.0763127160481123,0.060072815533980584,7,False,0.8543177144976138,False,False
咸阳秦都西咸数据中心1号楼D303电力电池机房|1#开关电源蓄电池组|第2组|第2组单体24电池电压|1-D303电池室放电电池数据表.xlsx|DC1|DC1,陕西省,咸阳,中国移动西咸数据中心,咸阳秦都西咸数据中心1号楼站点,咸阳秦都西咸数据中心1号楼D303电力电池机房,铅酸电池,1#开关电源蓄电池组,单体XX电压,第2组单体24电池电压,2025-07-10T00:27:46,2.104,V,1-D303电池室放电电池数据表.xlsx,DC1,2.104,第2组,DC1,10,1761.0,False,2.013,2.267,-0.6938161856887148,0,False,False,False,0.2879286046394206,1.1992955681328266,2,-0.8735625957174817,-0.0006471090918467315,-1.080253833972961,-0.022413831624722255,1.0763127160481123,0.060072815533980584,7,False,0.9608225897065562,True,False
咸阳秦都西咸数据中心1号楼D303电力电池机房|2#开关电源蓄电池组|第1组|第1组单体9电池电压|1-D303电池室放电电池数据表.xlsx|DC2|DC2,陕西省,咸阳,中国移动西咸数据中心,咸阳秦都西咸数据中心1号楼站点,咸阳秦都西咸数据中心1号楼D303电力电池机房,铅酸电池,2#开关电源蓄电池组,单体XX电压,第1组单体9电池电压,2025-07-10T00:53:52,2.164,V,1-D303电池室放电电池数据表.xlsx,DC2,2.164,第1组,DC2,10,3296.0,False,1.978,2.309,-1.0170241968781133,0,False,False,False,0.28682444113372574,1.2492388938755505,-4,0.09004858369100022,0.25432574575708866,-0.22821414272638518,0.33757783103035865,1.0763127160481123,0.060072815533980584,7,False,0.8674579403314644,False,False
咸阳秦都西咸数据中心1号楼D203电力电池机房|2#开关电源蓄电池组|第1组|第1组单体3电池电压|1-D203电池室放电电池数据表.xlsx|DC2|DC2,陕西省,咸阳,中国移动西咸数据中心,咸阳秦都西咸数据中心1号楼站点,咸阳秦都西咸数据中心1号楼D203电力电池机房,铅酸电池,2#开关电源蓄电池组,单体XX电压,第1组单体3电池电压,2025-07-11T00:47:33,2.196,V,1-D203电池室放电电池数据表.xlsx,DC2,2.196,第1组,DC2,8,1407.0,True,2.02,2.252,0.06640953529701388,0,False,False,False,0.28672729507048655,1.1410950435764495,7,-1.5251092479615758,-0.42166532903303977,0.40948126947252894,-0.493637249906996,1.0763127160481123,0.060072815533980584,7,False,-0.27724732773135335,False,False
咸阳秦都西咸数据中心1号楼D303电力电池机房|3#开关电源蓄电池组|第2组|第2组单体5电池电压|1-D303电池室放电电池数据表.xlsx|DC3|DC3,陕西省,咸阳,中国移动西咸数据中心,咸阳秦都西咸数据中心1号楼站点,咸阳秦都西咸数据中心1号楼D303电力电池机房,铅酸电池,3#开关电源蓄电池组,单体XX电压,第2组单体5电池电压,2025-07-10T01:19:46,2.19,V,1-D303电池室放电电池数据表.xlsx,DC3,2.19,第2组,DC3,10,4784.0,False,1.883,2.19,0.6348267670430985,0,False,False,False,0.2861721222398865,1.2933488259648434,7,-1.3081089708893734,-0.7419483082922503,0.340657824814272,0.1393627900761796,1.0763127160481123,0.060072815533980584,7,False,0.5417961361510346,False,False
咸阳秦都西咸数据中心1号楼J301电力电池机房|11#开关电源蓄电池组|第2组|第2组单体20电池电压|1-J301电池室放电电池数据表.xlsx|DC11|DC11,陕西省,咸阳,中国移动西咸数据中心,咸阳秦都西咸数据中心1号楼站点,咸阳秦都西咸数据中心1号楼J301电力电池机房,铅酸电池,11#开关电源蓄电池组,单体XX电压,第2组单体20电池电压,2025-07-08T02:37:26,2.067,V,1-J301电池室放电电池数据表.xlsx,DC11,2.067,第2组,DC11,7,1308.0,False,2.016,2.264,-0.271247578153852,0,False,False,False,0.28602961108255115,0.7939424889082225,4,-1.2048541354887474,-0.36332100982860227,-0.48349435836376653,0.21633432917547005,1.0763127160481123,0.060072815533980584,7,False,0.9838801188459965,True,False
咸阳秦都西咸数据中心1号楼J301电力电池机房|07#开关电源蓄电池组|第1组|第1组单体7电池电压|1-J301电池室放电电池数据表.xlsx|DC7|DC7,陕西省,咸阳,中国移动西咸数据中心,咸阳秦都西咸数据中心1号楼站点,咸阳秦都西咸数据中心1号楼J301电力电池机房,铅酸电池,07#开关电源蓄电池组,单体XX电压,第1组单体7电池电压,2025-07-09T01:28:55,1.929,V,1-J301电池室放电电池数据表.xlsx,DC7,1.929,第1组,DC7,8,9859.0,False,1.929,2.173,-0.5016423388294021,0,False,False,False,0.2858317724644207,0.8464840952440876,7,-0.9690289132227375,-0.28172402094888144,0.5115643383633895,-0.473362120619055,1.0763127160481123,0.060072815533980584,7,False,0.49063506212278507,False,False
咸阳秦都西咸数据中心1号楼J301电力电池机房|07#开关电源蓄电池组|第2组|第2组单体14电池电压|1-J301电池室放电电池数据表.xlsx|DC7|DC7,陕西省,咸阳,中国移动西咸数据中心,咸阳秦都西咸数据中心1号楼站点,咸阳秦都西咸数据中心1号楼J301电力电池机房,铅酸电池,07#开关电源蓄电池组,单体XX电压,第2组单体14电池电压,2025-07-09T01:50:11,2.094,V,1-J301电池室放电电池数据表.xlsx,DC7,2.094,第2组,DC7,10,9859.0,False,1.887,2.269,-1.18945612919828,0,False,False,False,0.28554015823829326,1.877930452862597,6,0.8041799702800865,0.18215040395977491,0.4278372426989427,0.13352722818433824,1.0763127160481123,0.060072815533980584,7,False,0.8795539259742132,False,False
咸阳秦都西咸数据中心1号楼D203电力电池机房|8#开关电源蓄电池组|第2组|第2组单体7电池电压|1-D203电池室放电电池数据表.xlsx|DC8|DC8,陕西省,咸阳,中国移动西咸数据中心,咸阳秦都西咸数据中心1号楼站点,咸阳秦都西咸数据中心1号楼D203电力电池机房,铅酸电池,8#开关电源蓄电池组,单体XX电压,第2组单体7电池电压,2025-07-11T00:00:53,2.233,V,1-D203电池室放电电池数据表.xlsx,DC8,2.233,第2组,DC8,10,9501.0,False,1.973,2.273,-1.0153067040277741,0,False,False,False,0.2851583883597868,1.6621894101365238,-1,-0.351048542854753,0.6509327545230263,-1.2203612206175565,-0.007570512892820236,1.0763127160481123,0.060072815533980584,7,False,0.9124042998643949,False,False
咸阳秦都西咸数据中心1号楼D301电力电池机房|4#开关电源蓄电池组|第2组|第2组单体10电池电压|1-D301电池室放电电池数据表.xlsx|DC4|DC4,陕西省,咸阳,中国移动西咸数据中心,咸阳秦都西咸数据中心1号楼站点,咸阳秦都西咸数据中心1号楼D301电力电池机房,铅酸电池,4#开关电源蓄电池组,单体XX电压,第2组单体10电池电压,2025-07-08T02:16:02,2.142,V,1-D301电池室放电电池数据表.xlsx,DC4,2.142,第2组,DC4,8,1577.0,False,2.079,2.338,-0.3828904696732526,0,False,False,False,0.28500291401331534,0.7087975244009678,7,-0.9913036272757804,-0.11968442343784381,0.6009153300036657,-0.10886437157688525,1.0763127160481123,0.060072815533980584,7,False,0.655414097142874,False,False
咸阳秦都西咸数据中心1号楼D203电力电池机房|3#开关电源蓄电池组|第1组|第1组单体19电池电压|1-D203电池室放电电池数据表.xlsx|DC3|DC3,陕西省,咸阳,中国移动西咸数据中心,咸阳秦都西咸数据中心1号楼站点,咸阳秦都西咸数据中心1号楼D203电力电池机房,铅酸电池,3#开关电源蓄电池组,单体XX电压,第1组单体19电池电压,2025-07-11T00:00:52,2.139,V,1-D203电池室放电电池数据表.xlsx,DC3,2.139,第1组,DC3,11,7151.0,False,1.909,2.168,-0.865928618209681,0,False,False,False,0.284975967194763,1.0439904593886584,7,-0.49382912273992235,-0.42683330520161933,0.6212167492496502,0.24119500586114953,1.0763127160481123,0.060072815533980584,7,False,0.9105115900553346,False,False
咸阳秦都西咸数据中心1号楼J301电力电池机房|06#开关电源蓄电池组|第2组|第2组单体15电池电压|1-J301电池室放电电池数据表.xlsx|DC6|DC6,陕西省,咸阳,中国移动西咸数据中心,咸阳秦都西咸数据中心1号楼站点,咸阳秦都西咸数据中心1号楼J301电力电池机房,铅酸电池,06#开关电源蓄电池组,单体XX电压,第2组单体15电池电压,2025-07-09T01:21:10,1.819,V,1-J301电池室放电电池数据表.xlsx,DC6,1.819,第2组,DC6,13,9928.0,False,1.819,2.289,-1.0430856030495612,0,False,False,False,0.284967318159037,2.1332392785769048,-7,1.085703009330967,0.15760928085825535,0.7460770264060602,0.12805684137808535,1.0763127160481123,0.060072815533980584,7,False,0.11517374783340131,False,False
咸阳秦都西咸数据中心1号楼D303电力电池机房|1#开关电源蓄电池组|第1组|第1组单体10电池电压|1-D303电池室放电电池数据表.xlsx|DC1|DC1,陕西省,咸阳,中国移动西咸数据中心,咸阳秦都西咸数据中心1号楼站点,咸阳秦都西咸数据中心1号楼D303电力电池机房,铅酸电池,1#开关电源蓄电池组,单体XX电压,第1组单体10电池电压,2025-07-10T00:00:47,2.292,V,1-D303电池室放电电池数据表.xlsx,DC1,2.292,第1组,DC1,10,5347.0,False,2.048,2.293,-0.976331046232908,0,False,False,False,0.2848136585428351,0.9116475924826475,5,-0.7800512652201946,0.39793434426065255,0.12597878879114688,-0.02384822424691725,1.0763127160481123,0.060072815533980584,7,False,0.15301340505647873,False,False
咸阳秦都西咸数据中心1号楼J301电力电池机房|01#开关电源蓄电池组|第1组|第1组单体13电池电压|1-J301电池室放电电池数据表.xlsx|DC1|DC1,陕西省,咸阳,中国移动西咸数据中心,咸阳秦都西咸数据中心1号楼站点,咸阳秦都西咸数据中心1号楼J301电力电池机房,铅酸电池,01#开关电源蓄电池组,单体XX电压,第1组单体13电池电压,2025-07-09T00:14:32,1.891,V,1-J301电池室放电电池数据表.xlsx,DC1,1.891,第1组,DC1,13,3267.0,False,1.868,2.288,-0.6731020798304028,0,False,False,False,0.2848080070959266,1.7489263983246606,7,0.860807630184091,-0.30905255462513226,0.5435524578767392,-0.050648354477051405,1.0763127160481123,0.060072815533980584,7,False,0.5243244021348297,False,False
咸阳秦都西咸数据中心1号楼D203电力电池机房|5#开关电源蓄电池组|第1组|第1组单体18电池电压|1-D203电池室放电电池数据表.xlsx|DC5|DC5,陕西省,咸阳,中国移动西咸数据中心,咸阳秦都西咸数据中心1号楼站点,咸阳秦都西咸数据中心1号楼D203电力电池机房,铅酸电池,5#开关电源蓄电池组,单体XX电压,第1组单体18电池电压,2025-07-11T01:38:52,1.844,V,1-D203电池室放电电池数据表.xlsx,DC5,1.844,第1组,DC5,12,10182.0,False,1.673,2.295,-0.187578891589835,0,False,False,False,0.284729260401595,2.1984699419088223,7,-2.7268097783805043,0.33170142126195945,0.7237377150455175,-0.27452493926768273,1.0763127160481123,0.060072815533980584,7,False,0.7391286820744036,False,False
咸阳秦都西咸数据中心1号楼J301电力电池机房|08#开关电源蓄电池组|第2组|第2组单体2电池电压|1-J301电池室放电电池数据表.xlsx|DC8|DC8,陕西省,咸阳,中国移动西咸数据中心,咸阳秦都西咸数据中心1号楼站点,咸阳秦都西咸数据中心1号楼J301电力电池机房,铅酸电池,08#开关电源蓄电池组,单体XX电压,第2组单体2电池电压,2025-07-09T02:12:41,2.346,V,1-J301电池室放电电池数据表.xlsx,DC8,2.346,第2组,DC8,15,9862.0,False,1.914,2.346,-0.605293833770461,0,False,False,False,0.28460082235858286,1.6792274749143719,7,0.8058915467442402,-0.2946687489431784,0.5434173543074547,-0.030528934876082242,1.0763127160481123,0.060072815533980584,7,False,0.6507113739291766,False,False
咸阳秦都西咸数据中心1号楼D201电力电池机房|1#开关电源蓄电池组|第1组|第1组单体10电池电压|1-D201电池室放电电池数据表.xlsx|DC1|DC1,陕西省,咸阳,中国移动西咸数据中心,咸阳秦都西咸数据中心1号楼站点,咸阳秦都西咸数据中心1号楼D201电力电池机房,铅酸电池,1#开关电源蓄电池组,单体XX电压,第1组单体10电池电压,2025-07-08T00:27:09,1.84,V,1-D201电池室放电电池数据表.xlsx,DC1,1.84,第1组,DC1,8,1296.0,False,1.825,2.185,0.38487472005456896,0,False,False,False,0.28401835893983085,1.74713012187773,7,-0.45799032179451293,-1.565342686766372,0.18652300905833158,0.5587968914553911,1.0763127160481123,0.060072815533980584,7,False,0.8857115951593328,False,False
咸阳秦都西咸数据中心1号楼J301电力电池机房|07#开关电源蓄电池组|第1组|第1组单体2电池电压|1-J301电池室放电电池数据表.xlsx|DC7|DC7,陕西省,咸阳,中国移动西咸数据中心,咸阳秦都西咸数据中心1号楼站点,咸阳秦都西咸数据中心1号楼J301电力电池机房,铅酸电池,07#开关电源蓄电池组,单体XX电压,第1组单体2电池电压,2025-07-09T01:28:40,2.209,V,1-J301电池室放电电池数据表.xlsx,DC7,2.209,第1组,DC7,11,9859.0,False,1.843,2.229,-1.1493553066976112,0,False,False,False,0.2840121121751013,1.988891028927723,7,0.8957221000610667,-0.09637848859750654,0.6823033700860962,0.054711225208654485,1.0763127160481123,0.060072815533980584,7,False,0.5850146650202089,False,False
咸阳秦都西咸数据中心1号楼D303电力电池机房|1#开关电源蓄电池组|第1组|第1组单体18电池电压|1-D303电池室放电电池数据表.xlsx|DC1|DC1,陕西省,咸阳,中国移动西咸数据中心,咸阳秦都西咸数据中心1号楼站点,咸阳秦都西咸数据中心1号楼D303电力电池机房,铅酸电池,1#开关电源蓄电池组,单体XX电压,第1组单体18电池电压,2025-07-10T00:27:37,2.074,V,1-D303电池室放电电池数据表.xlsx,DC1,2.074,第1组,DC1,10,1752.0,False,2.019,2.375,-0.4954789199304041,0,False,False,False,0.2839433704312088,1.0654913652773572,-7,0.10230253202413697,-0.2529340233776779,0.5242608427325646,-0.25378386053673063,1.0763127160481123,0.060072815533980584,7,False,0.5310919661914231,False,False
咸阳秦都西咸数据中心1号楼D303电力电池机房|1#开关电源蓄电池组|第1组|第1组单体2电池电压|1-D303电池室放电电池数据表.xlsx|DC1|DC1,陕西省,咸阳,中国移动西咸数据中心,咸阳秦都西咸数据中心1号楼站点,咸阳秦都西咸数据中心1号楼D303电力电池机房,铅酸电池,1#开关电源蓄电池组,单体XX电压,第1组单体2电池电压,2025-07-10T00:00:02,2.233,V,1-D303电池室放电电池数据表.xlsx,DC1,2.233,第1组,DC1,10,1774.0,False,1.983,2.255,-0.5382470477288545,0,False,False,False,0.2838735283194971,1.2533723492692694,2,-0.7830055526866051,-0.15286892906132038,-1.1791758284740825,-0.2269213715297555,1.0763127160481123,0.060072815533980584,7,False,0.9753964309590257,True,False
咸阳秦都西咸数据中心1号楼D303电力电池机房|5#开关电源蓄电池组|第2组|第2组单体3电池电压|1-D303电池室放电电池数据表.xlsx|DC5|DC5,陕西省,咸阳,中国移动西咸数据中心,咸阳秦都西咸数据中心1号楼站点,咸阳秦都西咸数据中心1号楼D303电力电池机房,铅酸电池,5#开关电源蓄电池组,单体XX电压,第2组单体3电池电压,2025-07-10T01:45:14,2.242,V,1-D303电池室放电电池数据表.xlsx,DC5,2.242,第2组,DC5,9,7572.0,False,1.979,2.242,-0.9771623840951591,0,False,False,False,0.2827780661798736,1.0861176910342605,-3,-0.6568705405762421,0.4555117499111616,-0.5327435534358158,0.19268913058230588,1.0763127160481123,0.060072815533980584,7,False,0.9239033424180239,True,False
咸阳秦都西咸数据中心1号楼J301电力电池机房|11#开关电源蓄电池组|第2组|第2组单体9电池电压|1-J301电池室放电电池数据表.xlsx|DC11|DC11,陕西省,咸阳,中国移动西咸数据中心,咸阳秦都西咸数据中心1号楼站点,咸阳秦都西咸数据中心1号楼J301电力电池机房,铅酸电池,11#开关电源蓄电池组,单体XX电压,第2组单体9电池电压,2025-07-08T02:34:40,1.948,V,1-J301电池室放电电池数据表.xlsx,DC11,1.948,第2组,DC11,8,1282.0,True,1.793,2.109,0.7671684262712086,0,False,False,False,0.2825786426206207,1.4072721188320951,7,-1.2849361659892984,-0.7134658848660039,0.23359222373696814,-0.45990960171619644,1.0763127160481123,0.060072815533980584,7,False,0.38656150812909923,False,False
咸阳秦都西咸数据中心1号楼J301电力电池机房|07#开关电源蓄电池组|第2组|第2组单体10电池电压|1-J301电池室放电电池数据表.xlsx|DC7|DC7,陕西省,咸阳,中国移动西咸数据中心,咸阳秦都西咸数据中心1号楼站点,咸阳秦都西咸数据中心1号楼J301电力电池机房,铅酸电池,07#开关电源蓄电池组,单体XX电压,第2组单体10电池电压,2025-07-09T01:28:40,2.268,V,1-J301电池室放电电池数据表.xlsx,DC7,2.268,第2组,DC7,10,9859.0,False,1.887,2.268,-1.177996793369992,0,False,False,False,0.28238295450577844,1.8513806264296353,6,0.7839183694633238,0.16875551164901628,0.42073049761259995,0.11868800899747373,1.0763127160481123,0.060072815533980584,7,False,0.8791267297560402,False,False
咸阳秦都西咸数据中心1号楼D303电力电池机房|7#开关电源蓄电池组|第2组|第2组单体1电池电压|1-D303电池室放电电池数据表.xlsx|DC7|DC7,陕西省,咸阳,中国移动西咸数据中心,咸阳秦都西咸数据中心1号楼站点,咸阳秦都西咸数据中心1号楼D303电力电池机房,铅酸电池,7#开关电源蓄电池组,单体XX电压,第2组单体1电池电压,2025-07-10T02:33:45,2.177,V,1-D303电池室放电电池数据表.xlsx,DC7,2.177,第2组,DC7,8,10501.0,False,1.99,2.177,-0.834153456959434,0,False,False,False,0.2823033791894949,1.4284868081214697,-2,-1.4997258155184512,0.2909598301016537,-0.9246679530628241,0.20999185238673687,1.0763127160481123,0.060072815533980584,7,False,0.9059308164097559,False,False
咸阳秦都西咸数据中心1号楼J301电力电池机房|04#开关电源蓄电池组|第1组|第1组单体11电池电压|1-J301电池室放电电池数据表.xlsx|DC4|DC4,陕西省,咸阳,中国移动西咸数据中心,咸阳秦都西咸数据中心1号楼站点,咸阳秦都西咸数据中心1号楼J301电力电池机房,铅酸电池,04#开关电源蓄电池组,单体XX电压,第1组单体11电池电压,2025-07-09T02:52:55,2.269,V,1-J301电池室放电电池数据表.xlsx,DC4,2.269,第1组,DC4,8,8202.0,False,1.966,2.32,-0.3108729470006747,0,False,False,False,0.2822107562859703,2.368927559166137,-7,-2.7149675775795803,0.6842316622370875,0.7795533463965683,-0.6401516803982253,1.0763127160481123,0.060072815533980584,7,False,-0.1565440960815961,False,False
咸阳秦都西咸数据中心1号楼D303电力电池机房|3#开关电源蓄电池组|第2组|第2组单体9电池电压|1-D303电池室放电电池数据表.xlsx|DC3|DC3,陕西省,咸阳,中国移动西咸数据中心,咸阳秦都西咸数据中心1号楼站点,咸阳秦都西咸数据中心1号楼D303电力电池机房,铅酸电池,3#开关电源蓄电池组,单体XX电压,第2组单体9电池电压,2025-07-10T00:57:22,2.093,V,1-D303电池室放电电池数据表.xlsx,DC3,2.093,第2组,DC3,6,3457.0,True,1.978,2.154,0.5642964386838933,0,False,False,False,0.2821046274247574,2.202437391026522,7,-2.6816569058013355,0.06467403100154576,0.5598266116215285,-0.20178415432835978,1.0763127160481123,0.060072815533980584,7,False,0.7316670154860617,False,False
咸阳秦都西咸数据中心1号楼D203电力电池机房|3#开关电源蓄电池组|第2组|第2组单体5电池电压|1-D203电池室放电电池数据表.xlsx|DC3|DC3,陕西省,咸阳,中国移动西咸数据中心,咸阳秦都西咸数据中心1号楼站点,咸阳秦都西咸数据中心1号楼D203电力电池机房,铅酸电池,3#开关电源蓄电池组,单体XX电压,第2组单体5电池电压,2025-07-11T00:00:52,2.307,V,1-D203电池室放电电池数据表.xlsx,DC3,2.307,第2组,DC3,9,7151.0,False,2.047,2.307,-1.0309200271573267,0,False,False,False,0.28208153278041176,1.0646640181618263,5,-0.632298299266118,0.5810382138920834,0.1865350693661606,0.013760731676964288,1.0763127160481123,0.060072815533980584,7,False,0.8514255463905326,False,False
咸阳秦都西咸数据中心1号楼D203电力电池机房|4#开关电源蓄电池组|第1组|第1组单体8电池电压|1-D203电池室放电电池数据表.xlsx|DC4|DC4,陕西省,咸阳,中国移动西咸数据中心,咸阳秦都西咸数据中心1号楼站点,咸阳秦都西咸数据中心1号楼D203电力电池机房,铅酸电池,4#开关电源蓄电池组,单体XX电压,第1组单体8电池电压,2025-07-11T01:16:44,2.163,V,1-D203电池室放电电池数据表.xlsx,DC4,2.163,第1组,DC4,7,7148.0,True,2.163,2.429,-0.27292486695492807,0,False,False,False,0.28190066918754686,1.0494692677113011,7,-1.1781143291579677,0.4790222237974051,0.7516041700968003,-0.1588753005333688,1.0763127160481123,0.060072815533980584,7,False,0.35167320728359447,False,False
咸阳秦都西咸数据中心1号楼D203电力电池机房|7#开关电源蓄电池组|第1组|第1组单体11电池电压|1-D203电池室放电电池数据表.xlsx|DC7|DC7,陕西省,咸阳,中国移动西咸数据中心,咸阳秦都西咸数据中心1号楼站点,咸阳秦都西咸数据中心1号楼D203电力电池机房,铅酸电池,7#开关电源蓄电池组,单体XX电压,第1组单体11电池电压,2025-07-11T01:55:32,2.036,V,1-D203电池室放电电池数据表.xlsx,DC7,2.036,第1组,DC7,9,8146.0,False,2.036,2.303,-1.2318762905045648,0,False,False,False,0.2817600184890931,1.4341081359167773,-3,-0.5031922342631525,0.8031303103831637,-0.39358366926124155,0.26812553640679915,1.0763127160481123,0.060072815533980584,7,False,0.9823909303462708,True,False
咸阳秦都西咸数据中心1号楼D203电力电池机房|4#开关电源蓄电池组|第1组|第1组单体4电池电压|1-D203电池室放电电池数据表.xlsx|DC4|DC4,陕西省,咸阳,中国移动西咸数据中心,咸阳秦都西咸数据中心1号楼站点,咸阳秦都西咸数据中心1号楼D203电力电池机房,铅酸电池,4#开关电源蓄电池组,单体XX电压,第1组单体4电池电压,2025-07-11T01:38:12,2.341,V,1-D203电池室放电电池数据表.xlsx,DC4,2.341,第1组,DC4,8,7148.0,False,2.098,2.341,-0.35848037334704885,0,False,False,False,0.28159274749612845,0.952309939103101,7,-1.2511456013299052,0.1978444350260362,0.6701938891927905,-0.25683597831537586,1.0763127160481123,0.060072815533980584,7,False,0.5763736561367848,False,False
咸阳秦都西咸数据中心1号楼D303电力电池机房|2#开关电源蓄电池组|第1组|第1组单体15电池电压|1-D303电池室放电电池数据表.xlsx|DC2|DC2,陕西省,咸阳,中国移动西咸数据中心,咸阳秦都西咸数据中心1号楼站点,咸阳秦都西咸数据中心1号楼D303电力电池机房,铅酸电池,2#开关电源蓄电池组,单体XX电压,第1组单体15电池电压,2025-07-10T00:32:28,1.985,V,1-D303电池室放电电池数据表.xlsx,DC2,1.985,第1组,DC2,10,3292.0,False,1.985,2.308,-1.0512849343568387,0,False,False,False,0.2807244194444386,1.240411125208222,-4,0.045334982422506775,0.26159758780449405,-0.2235796960030082,0.3178281791953712,1.0763127160481123,0.060072815533980584,7,False,0.8615145972155912,False,False
咸阳秦都西咸数据中心1号楼D303电力电池机房|6#开关电源蓄电池组|第1组|第1组单体21电池电压|1-D303电池室放电电池数据表.xlsx|DC6|DC6,陕西省,咸阳,中国移动西咸数据中心,咸阳秦都西咸数据中心1号楼站点,咸阳秦都西咸数据中心1号楼D303电力电池机房,铅酸电池,6#开关电源蓄电池组,单体XX电压,第1组单体21电池电压,2025-07-10T02:30:26,1.965,V,1-D303电池室放电电池数据表.xlsx,DC6,1.965,第1组,DC6,11,10607.0,False,1.873,2.245,-0.5705735849324669,0,False,False,False,0.2806662875387309,1.251710783812562,7,0.3118583962004331,-0.3086873196271757,0.5592574450834117,0.03438681303397925,1.0763127160481123,0.060072815533980584,7,False,0.4383743789125115,False,False
咸阳秦都西咸数据中心1号楼J301电力电池机房|02#开关电源蓄电池组|第1组|第1组单体18电池电压|1-J301电池室放电电池数据表.xlsx|DC2|DC2,陕西省,咸阳,中国移动西咸数据中心,咸阳秦都西咸数据中心1号楼站点,咸阳秦都西咸数据中心1号楼J301电力电池机房,铅酸电池,02#开关电源蓄电池组,单体XX电压,第1组单体18电池电压,2025-07-09T00:27:17,1.918,V,1-J301电池室放电电池数据表.xlsx,DC2,1.918,第1组,DC2,7,1964.0,True,1.887,2.223,0.9377768012064809,0,False,False,False,0.2805733183919692,2.016266211268392,-3,-1.9210285418400397,0.8927279896929889,-0.6608823900708929,-0.011999702865634551,1.0763127160481123,0.060072815533980584,7,False,0.8958195743094783,False,False
咸阳秦都西咸数据中心1号楼D203电力电池机房|6#开关电源蓄电池组|第1组|第1组单体13电池电压|1-D203电池室放电电池数据表.xlsx|DC6|DC6,陕西省,咸阳,中国移动西咸数据中心,咸阳秦都西咸数据中心1号楼站点,咸阳秦都西咸数据中心1号楼D203电力电池机房,铅酸电池,6#开关电源蓄电池组,单体XX电压,第1组单体13电池电压,2025-07-11T00:00:53,2.225,V,1-D203电池室放电电池数据表.xlsx,DC6,2.225,第1组,DC6,9,6914.0,False,2.038,2.302,-0.7525319455248387,0,False,False,False,0.28050931282922537,1.5964837688992375,1,-1.063482052407861,0.7951683610601794,-1.1893460041524697,0.025060117091566803,1.0763127160481123,0.060072815533980584,7,False,0.5392413985708107,False,False
咸阳秦都西咸数据中心1号楼D203电力电池机房|3#开关电源蓄电池组|第1组|第1组单体5电池电压|1-D203电池室放电电池数据表.xlsx|DC3|DC3,陕西省,咸阳,中国移动西咸数据中心,咸阳秦都西咸数据中心1号楼站点,咸阳秦都西咸数据中心1号楼D203电力电池机房,铅酸电池,3#开关电源蓄电池组,单体XX电压,第1组单体5电池电压,2025-07-11T01:13:21,2.062,V,1-D203电池室放电电池数据表.xlsx,DC3,2.062,第1组,DC3,13,7151.0,False,1.919,2.192,-0.904371907428976,0,False,False,False,0.2803281237752777,1.080902019619818,7,-0.3201205817698855,-0.46444971079461295,0.5763498951695601,0.027759176445941502,1.0763127160481123,0.060072815533980584,7,False,0.9257324608687005,True,False
咸阳秦都西咸数据中心1号楼J301电力电池机房|02#开关电源蓄电池组|第2组|第2组单体17电池电压|1-J301电池室放电电池数据表.xlsx|DC2|DC2,陕西省,咸阳,中国移动西咸数据中心,咸阳秦都西咸数据中心1号楼站点,咸阳秦都西咸数据中心1号楼J301电力电池机房,铅酸电池,02#开关电源蓄电池组,单体XX电压,第2组单体17电池电压,2025-07-09T02:09:27,2.376,V,1-J301电池室放电电池数据表.xlsx,DC2,2.376,第2组,DC2,13,12382.0,False,1.893,2.426,-1.0120818703157155,0,False,False,False,0.28030680167199495,1.6434304293164228,7,-0.5408333274528085,0.9700233738389181,0.9732587029794639,-0.13447240913945618,1.0763127160481123,0.060072815533980584,7,False,0.7009030252796957,False,False
咸阳秦都西咸数据中心1号楼D303电力电池机房|7#开关电源蓄电池组|第2组|第2组单体3电池电压|1-D303电池室放电电池数据表.xlsx|DC7|DC7,陕西省,咸阳,中国移动西咸数据中心,咸阳秦都西咸数据中心1号楼站点,咸阳秦都西咸数据中心1号楼D303电力电池机房,铅酸电池,7#开关电源蓄电池组,单体XX电压,第2组单体3电池电压,2025-07-10T02:34:43,2.1,V,1-D303电池室放电电池数据表.xlsx,DC7,2.1,第2组,DC7,8,10501.0,False,2.085,2.298,-1.1343692872290718,0,False,False,False,0.28017102693930296,1.4412190841541503,-3,-1.1206190243293457,0.8748136783479974,-0.38155868719509545,0.1905971299833513,1.0763127160481123,0.060072815533980584,7,False,0.8872406849058098,False,False
咸阳秦都西咸数据中心1号楼D301电力电池机房|4#开关电源蓄电池组|第2组|第2组单体9电池电压|1-D301电池室放电电池数据表.xlsx|DC4|DC4,陕西省,咸阳,中国移动西咸数据中心,咸阳秦都西咸数据中心1号楼站点,咸阳秦都西咸数据中心1号楼D301电力电池机房,铅酸电池,4#开关电源蓄电池组,单体XX电压,第2组单体9电池电压,2025-07-08T02:16:07,2.119,V,1-D301电池室放电电池数据表.xlsx,DC4,2.119,第2组,DC4,8,1345.0,False,2.046,2.29,-0.5363910799116942,0,False,False,False,0.2797188964184627,1.3307417820869287,2,-1.3204580762080584,-0.04744864963156781,-1.1227562162390115,-0.15283043825970666,1.0763127160481123,0.060072815533980584,7,False,0.8702196169065433,False,False
咸阳秦都西咸数据中心1号楼D301电力电池机房|2#开关电源蓄电池组|第1组|第1组单体10电池电压|1-D301电池室放电电池数据表.xlsx|DC2|DC2,陕西省,咸阳,中国移动西咸数据中心,咸阳秦都西咸数据中心1号楼站点,咸阳秦都西咸数据中心1号楼D301电力电池机房,铅酸电池,2#开关电源蓄电池组,单体XX电压,第1组单体10电池电压,2025-07-08T01:55:09,2.366,V,1-D301电池室放电电池数据表.xlsx,DC2,2.366,第1组,DC2,9,1583.0,False,2.035,2.366,-0.49555974509917716,0,False,False,False,0.2790936007331639,0.7760816082448682,7,-0.41000633729213853,-0.3833760860285172,0.5103652927479264,-0.2022743695707181,1.0763127160481123,0.060072815533980584,7,False,0.6740846876002192,False,False
咸阳秦都西咸数据中心1号楼D301电力电池机房|4#开关电源蓄电池组|第2组|第2组单体16电池电压|1-D301电池室放电电池数据表.xlsx|DC4|DC4,陕西省,咸阳,中国移动西咸数据中心,咸阳秦都西咸数据中心1号楼站点,咸阳秦都西咸数据中心1号楼D301电力电池机房,铅酸电池,4#开关电源蓄电池组,单体XX电压,第2组单体16电池电压,2025-07-08T01:55:05,2.047,V,1-D301电池室放电电池数据表.xlsx,DC4,2.047,第2组,DC4,7,1271.0,False,1.994,2.187,0.7005703440253108,0,False,False,False,0.27887718611756196,2.100591303493741,7,-2.4114637174199807,-0.8171079640145533,0.3016929914036381,-0.10890637320258476,1.0763127160481123,0.060072815533980584,7,False,0.3188601619815933,False,False
咸阳秦都西咸数据中心1号楼D201电力电池机房|2#开关电源蓄电池组|第2组|第2组单体24电池电压|1-D201电池室放电电池数据表.xlsx|DC2|DC2,陕西省,咸阳,中国移动西咸数据中心,咸阳秦都西咸数据中心1号楼站点,咸阳秦都西咸数据中心1号楼D201电力电池机房,铅酸电池,2#开关电源蓄电池组,单体XX电压,第2组单体24电池电压,2025-07-08T00:27:54,2.261,V,1-D201电池室放电电池数据表.xlsx,DC2,2.261,第2组,DC2,7,1310.0,False,2.029,2.261,-0.18339221724976118,0,False,False,False,0.27803548411130724,0.9385476829127832,4,-1.443272671560059,-0.3264244915514031,-0.48621500219366,0.16591913227719693,1.0763127160481123,0.060072815533980584,7,False,0.7511209773641847,False,False
咸阳秦都西咸数据中心1号楼D303电力电池机房|1#开关电源蓄电池组|第1组|第1组单体5电池电压|1-D303电池室放电电池数据表.xlsx|DC1|DC1,陕西省,咸阳,中国移动西咸数据中心,咸阳秦都西咸数据中心1号楼站点,咸阳秦都西咸数据中心1号楼D303电力电池机房,铅酸电池,1#开关电源蓄电池组,单体XX电压,第1组单体5电池电压,2025-07-10T00:27:37,2.037,V,1-D303电池室放电电池数据表.xlsx,DC1,2.037,第1组,DC1,9,1668.0,False,1.95,2.246,0.2545744619536801,0,False,False,False,0.2774572600518164,0.9880826854130609,7,-1.0492689169547236,-0.5930116822933623,0.32329466934229145,-0.4926364844625942,1.0763127160481123,0.060072815533980584,7,False,0.7749347403506659,False,False
咸阳秦都西咸数据中心1号楼D303电力电池机房|2#开关电源蓄电池组|第2组|第2组单体1电池电压|1-D303电池室放电电池数据表.xlsx|DC2|DC2,陕西省,咸阳,中国移动西咸数据中心,咸阳秦都西咸数据中心1号楼站点,咸阳秦都西咸数据中心1号楼D303电力电池机房,铅酸电池,2#开关电源蓄电池组,单体XX电压,第2组单体1电池电压,2025-07-10T00:32:20,2.049,V,1-D303电池室放电电池数据表.xlsx,DC2,2.049,第2组,DC2,10,3301.0,False,1.979,2.227,-1.153802130312469,0,False,False,False,0.2773840515903455,1.9202208238963572,0,-0.6661087643529889,0.2889250743030203,-1.577697031128534,0.4278101992061113,1.0763127160481123,0.060072815533980584,7,False,0.9502250029424888,True,False
咸阳秦都西咸数据中心1号楼D203电力电池机房|3#开关电源蓄电池组|第1组|第1组单体13电池电压|1-D203电池室放电电池数据表.xlsx|DC3|DC3,陕西省,咸阳,中国移动西咸数据中心,咸阳秦都西咸数据中心1号楼站点,咸阳秦都西咸数据中心1号楼D203电力电池机房,铅酸电池,3#开关电源蓄电池组,单体XX电压,第1组单体13电池电压,2025-07-11T01:13:08,1.937,V,1-D203电池室放电电池数据表.xlsx,DC3,1.937,第1组,DC3,12,7151.0,False,1.937,2.237,-0.925930901188762,0,False,False,False,0.2771118632244105,1.2162130208300406,7,-0.08911599764662115,-0.40235393741613545,0.6204529845240497,0.21516494369763287,1.0763127160481123,0.060072815533980584,7,False,0.9271118112942739,True,False
咸阳秦都西咸数据中心1号楼D201电力电池机房|2#开关电源蓄电池组|第1组|第1组单体5电池电压|1-D201电池室放电电池数据表.xlsx|DC2|DC2,陕西省,咸阳,中国移动西咸数据中心,咸阳秦都西咸数据中心1号楼站点,咸阳秦都西咸数据中心1号楼D201电力电池机房,铅酸电池,2#开关电源蓄电池组,单体XX电压,第1组单体5电池电压,2025-07-08T00:49:22,2.077,V,1-D201电池室放电电池数据表.xlsx,DC2,2.077,第1组,DC2,7,1319.0,False,2.017,2.261,-0.11021416265511846,0,False,False,False,0.2770681406260057,0.9136260849971343,4,-1.379656352070623,-0.3603706209874744,-0.526137077246724,0.04887056226094705,1.0763127160481123,0.060072815533980584,7,False,0.7915045278769498,False,False
咸阳秦都西咸数据中心1号楼D203电力电池机房|5#开关电源蓄电池组|第1组|第1组单体19电池电压|1-D203电池室放电电池数据表.xlsx|DC5|DC5,陕西省,咸阳,中国移动西咸数据中心,咸阳秦都西咸数据中心1号楼站点,咸阳秦都西咸数据中心1号楼D203电力电池机房,铅酸电池,5#开关电源蓄电池组,单体XX电压,第1组单体19电池电压,2025-07-11T00:00:53,2.327,V,1-D203电池室放电电池数据表.xlsx,DC5,2.327,第1组,DC5,9,10347.0,False,2.038,2.327,-0.690277677720823,0,False,False,False,0.27657791563848805,1.8261084505995404,-7,-2.087401835289033,0.5877169778820184,0.8588763513035773,-0.18342436059511089,1.0763127160481123,0.060072815533980584,7,False,-0.33472959666064095,False,False
咸阳秦都西咸数据中心1号楼J301电力电池机房|02#开关电源蓄电池组|第2组|第2组单体1电池电压|1-J301电池室放电电池数据表.xlsx|DC2|DC2,陕西省,咸阳,中国移动西咸数据中心,咸阳秦都西咸数据中心1号楼站点,咸阳秦都西咸数据中心1号楼J301电力电池机房,铅酸电池,02#开关电源蓄电池组,单体XX电压,第2组单体1电池电压,2025-07-09T00:27:13,2.203,V,1-J301电池室放电电池数据表.xlsx,DC2,2.203,第2组,DC2,9,2728.0,False,1.913,2.24,-1.190548585289348,0,False,False,False,0.27643713911064227,1.4334750146966744,5,0.19054138318367642,0.3686885052966241,0.1629585151572091,0.24891015980156136,1.0763127160481123,0.060072815533980584,7,False,0.4975509420637479,False,False
咸阳秦都西咸数据中心1号楼D201电力电池机房|1#开关电源蓄电池组|第1组|第1组单体12电池电压|1-D201电池室放电电池数据表.xlsx|DC1|DC1,陕西省,咸阳,中国移动西咸数据中心,咸阳秦都西咸数据中心1号楼站点,咸阳秦都西咸数据中心1号楼D201电力电池机房,铅酸电池,1#开关电源蓄电池组,单体XX电压,第1组单体12电池电压,2025-07-08T00:06:36,2.166,V,1-D201电池室放电电池数据表.xlsx,DC1,2.166,第1组,DC1,7,2774.0,False,1.86,2.18,0.1291518011380436,0,False,False,False,0.27613491716723065,0.8266561695654102,-7,-0.7300841331893431,-0.6861308948099424,0.3970418084781653,0.07790543729238641,1.0763127160481123,0.060072815533980584,7,False,-0.22638547473812398,False,False
咸阳秦都西咸数据中心1号楼D301电力电池机房|4#开关电源蓄电池组|第2组|第2组单体14电池电压|1-D301电池室放电电池数据表.xlsx|DC4|DC4,陕西省,咸阳,中国移动西咸数据中心,咸阳秦都西咸数据中心1号楼站点,咸阳秦都西咸数据中心1号楼D301电力电池机房,铅酸电池,4#开关电源蓄电池组,单体XX电压,第2组单体14电池电压,2025-07-08T02:15:41,1.998,V,1-D301电池室放电电池数据表.xlsx,DC4,1.998,第2组,DC4,6,1289.0,False,1.998,2.189,0.6822708297939668,0,False,False,False,0.2761235256758686,2.093071838135737,7,-2.4247895617014152,-0.7837489110506083,0.3166427009112574,-0.09165081797115107,1.0763127160481123,0.060072815533980584,7,False,0.297554340703726,False,False
咸阳秦都西咸数据中心1号楼D203电力电池机房|8#开关电源蓄电池组|第1组|第1组单体24电池电压|1-D203电池室放电电池数据表.xlsx|DC8|DC8,陕西省,咸阳,中国移动西咸数据中心,咸阳秦都西咸数据中心1号楼站点,咸阳秦都西咸数据中心1号楼D203电力电池机房,铅酸电池,8#开关电源蓄电池组,单体XX电压,第1组单体24电池电压,2025-07-11T02:16:36,2.096,V,1-D203电池室放电电池数据表.xlsx,DC8,2.096,第1组,DC8,10,9501.0,False,2.045,2.292,-1.1246549557337413,0,False,False,False,0.275978014011794,1.2140111199960957,-4,-0.7370400023127345,0.7084683789436339,-0.08741408328718991,0.18824753537500863,1.0763127160481123,0.060072815533980584,7,False,0.794098530187429,False,False
咸阳秦都西咸数据中心1号楼D303电力电池机房|3#开关电源蓄电池组|第1组|第1组单体4电池电压|1-D303电池室放电电池数据表.xlsx|DC3|DC3,陕西省,咸阳,中国移动西咸数据中心,咸阳秦都西咸数据中心1号楼站点,咸阳秦都西咸数据中心1号楼D303电力电池机房,铅酸电池,3#开关电源蓄电池组,单体XX电压,第1组单体4电池电压,2025-07-10T00:58:06,1.892,V,1-D303电池室放电电池数据表.xlsx,DC3,1.892,第1组,DC3,6,3484.0,True,1.892,2.139,0.90837283965571,0,False,False,False,0.2759081479782145,2.0347057757673026,7,-2.325330882831407,0.06689078093279635,0.514723953691593,-0.14126287928060952,1.0763127160481123,0.060072815533980584,7,False,0.31801270723435854,False,False
咸阳秦都西咸数据中心2号楼J301电力电池机房|01#开关电源蓄电池组|第2组|第2组单体17电池电压|2-J301电池室放电电池数据表.xlsx|DC1|DC1,陕西省,咸阳,中国移动西咸数据中心,咸阳秦都西咸数据中心2号楼站点,咸阳秦都西咸数据中心2号楼J301电力电池机房,铅酸电池,01#开关电源蓄电池组,单体XX电压,第2组单体17电池电压,2025-07-11T02:52:55,2.093,V,2-J301电池室放电电池数据表.xlsx,DC1,2.093,第2组,DC1,7,1294.0,False,1.919,2.152,0.4044466188617127,0,False,False,False,0.27583226476302464,1.678040832898319,7,-1.6906112937640716,-1.205619076909186,0.27100206151136863,0.2587239906196429,1.0763127160481123,0.060072815533980584,7,False,0.9234789411946125,True,False
咸阳秦都西咸数据中心1号楼D303电力电池机房|6#开关电源蓄电池组|第1组|第1组单体2电池电压|1-D303电池室放电电池数据表.xlsx|DC6|DC6,陕西省,咸阳,中国移动西咸数据中心,咸阳秦都西咸数据中心1号楼站点,咸阳秦都西咸数据中心1号楼D303电力电池机房,铅酸电池,6#开关电源蓄电池组,单体XX电压,第1组单体2电池电压,2025-07-10T02:30:37,1.969,V,1-D303电池室放电电池数据表.xlsx,DC6,1.969,第1组,DC6,7,9002.0,False,1.909,2.32,-1.1980968334641786,0,False,False,False,0.27564469000739067,2.2458693550483204,-7,0.9739283260796543,0.5143233496986886,0.8978237339041547,0.30099864431317813,1.0763127160481123,0.060072815533980584,7,False,0.7536013369541578,False,False
咸阳秦都西咸数据中心1号楼D203电力电池机房|8#开关电源蓄电池组|第1组|第1组单体17电池电压|1-D203电池室放电电池数据表.xlsx|DC8|DC8,陕西省,咸阳,中国移动西咸数据中心,咸阳秦都西咸数据中心1号楼站点,咸阳秦都西咸数据中心1号楼D203电力电池机房,铅酸电池,8#开关电源蓄电池组,单体XX电压,第1组单体17电池电压,2025-07-11T00:00:53,2.383,V,1-D203电池室放电电池数据表.xlsx,DC8,2.383,第1组,DC8,10,9501.0,False,1.98,2.384,-1.2325244910808255,0,False,False,False,0.27560593404661055,2.3516352848577906,-7,0.8588243322116018,0.8962529056439854,1.012172950505974,0.296947207275435,1.0763127160481123,0.060072815533980584,7,False,0.6022777656030571,False,False
咸阳秦都西咸数据中心1号楼J301电力电池机房|11#开关电源蓄电池组|第1组|第1组单体3电池电压|1-J301电池室放电电池数据表.xlsx|DC11|DC11,陕西省,咸阳,中国移动西咸数据中心,咸阳秦都西咸数据中心1号楼站点,咸阳秦都西咸数据中心1号楼J301电力电池机房,铅酸电池,11#开关电源蓄电池组,单体XX电压,第1组单体3电池电压,2025-07-08T02:40:11,2.283,V,1-J301电池室放电电池数据表.xlsx,DC11,2.283,第1组,DC11,10,1325.0,False,2.031,2.283,-0.0987324241943871,0,False,False,False,0.2755114701325349,0.9039345192284161,7,-1.2343890555372456,-0.3821517838505537,0.43965558153324247,-0.4602313858075143,1.0763127160481123,0.060072815533980584,7,False,0.7840304555058101,False,False
咸阳秦都西咸数据中心1号楼D203电力电池机房|5#开关电源蓄电池组|第1组|第1组单体13电池电压|1-D203电池室放电电池数据表.xlsx|DC5|DC5,陕西省,咸阳,中国移动西咸数据中心,咸阳秦都西咸数据中心1号楼站点,咸阳秦都西咸数据中心1号楼D203电力电池机房,铅酸电池,5#开关电源蓄电池组,单体XX电压,第1组单体13电池电压,2025-07-11T01:38:52,2.253,V,1-D203电池室放电电池数据表.xlsx,DC5,2.253,第1组,DC5,7,10088.0,False,2.06,2.254,-0.6295242416253608,0,False,False,False,0.27549609688562965,1.6954634324157316,-7,-2.1011243066411,0.28923024307106526,0.7757373841224292,-0.1320637832258024,1.0763127160481123,0.060072815533980584,7,False,0.2782809906437877,False,False
咸阳秦都西咸数据中心1号楼D303电力电池机房|3#开关电源蓄电池组|第1组|第1组单体10电池电压|1-D303电池室放电电池数据表.xlsx|DC3|DC3,陕西省,咸阳,中国移动西咸数据中心,咸阳秦都西咸数据中心1号楼站点,咸阳秦都西咸数据中心1号楼D303电力电池机房,铅酸电池,3#开关电源蓄电池组,单体XX电压,第1组单体10电池电压,2025-07-10T01:18:58,2.104,V,1-D303电池室放电电池数据表.xlsx,DC3,2.104,第1组,DC3,11,4784.0,False,1.875,2.185,-0.17949252809592448,0,False,False,False,0.27547086366172635,0.8463045403483384,7,-0.7004773786667619,-0.28353556412408454,0.6219274946029478,0.5223760445008819,1.0763127160481123,0.060072815533980584,7,False,0.31406929776111725,False,False
咸阳秦都西咸数据中心1号楼D303电力电池机房|1#开关电源蓄电池组|第2组|第2组单体23电池电压|1-D303电池室放电电池数据表.xlsx|DC1|DC1,陕西省,咸阳,中国移动西咸数据中心,咸阳秦都西咸数据中心1号楼站点,咸阳秦都西咸数据中心1号楼D303电力电池机房,铅酸电池,1#开关电源蓄电池组,单体XX电压,第2组单体23电池电压,2025-07-10T00:27:50,2.198,V,1-D303电池室放电电池数据表.xlsx,DC1,2.198,第2组,DC1,10,1774.0,False,1.985,2.249,-0.5568074196391342,0,False,False,False,0.2754613839241036,1.238384105625483,2,-0.850208821556824,-0.14856496275874415,-1.1629226189373205,-0.1607319271301177,1.0763127160481123,0.060072815533980584,7,False,0.977008325766622,True,False
咸阳秦都西咸数据中心1号楼J301电力电池机房|12#开关电源蓄电池组|第2组|第2组单体4电池电压|1-J301电池室放电电池数据表.xlsx|DC12|DC12,陕西省,咸阳,中国移动西咸数据中心,咸阳秦都西咸数据中心1号楼站点,咸阳秦都西咸数据中心1号楼J301电力电池机房,铅酸电池,12#开关电源蓄电池组,单体XX电压,第2组单体4电池电压,2025-07-08T02:41:05,1.89,V,1-J301电池室放电电池数据表.xlsx,DC12,1.89,第2组,DC12,6,1238.0,False,1.89,2.174,0.051080938770229845,0,False,False,False,0.27540305960473177,1.3742822866857558,7,-0.8541680053034437,-1.3248861181452474,0.2688927346835821,0.3089368676423704,1.0763127160481123,0.060072815533980584,7,False,0.9967759728849163,True,False
咸阳秦都西咸数据中心1号楼D303电力电池机房|3#开关电源蓄电池组|第2组|第2组单体19电池电压|1-D303电池室放电电池数据表.xlsx|DC3|DC3,陕西省,咸阳,中国移动西咸数据中心,咸阳秦都西咸数据中心1号楼站点,咸阳秦都西咸数据中心1号楼D303电力电池机房,铅酸电池,3#开关电源蓄电池组,单体XX电压,第2组单体19电池电压,2025-07-10T00:00:02,2.252,V,1-D303电池室放电电池数据表.xlsx,DC3,2.252,第2组,DC3,9,4784.0,False,2.06,2.252,-1.0750966531244421,0,False,False,False,0.27538339900000874,1.4818180448881921,-2,-1.2940887805940386,0.53410622209265,-0.8186981094175261,0.28183284454270563,1.0763127160481123,0.060072815533980584,7,False,0.9305691660355605,True,False
咸阳秦都西咸数据中心1号楼D303电力电池机房|4#开关电源蓄电池组|第2组|第2组单体10电池电压|1-D303电池室放电电池数据表.xlsx|DC4|DC4,陕西省,咸阳,中国移动西咸数据中心,咸阳秦都西咸数据中心1号楼站点,咸阳秦都西咸数据中心1号楼D303电力电池机房,铅酸电池,4#开关电源蓄电池组,单体XX电压,第2组单体10电池电压,2025-07-10T01:42:15,2.115,V,1-D303电池室放电电池数据表.xlsx,DC4,2.115,第2组,DC4,7,6133.0,False,1.951,2.115,0.31447103124945414,0,False,False,False,0.27491138871941556,1.9068881443378924,7,-2.3431614742801496,-0.7863002731555532,0.3575008103053806,-0.12120580366801088,1.0763127160481123,0.060072815533980584,7,False,0.5704144454441364,False,False
咸阳秦都西咸数据中心1号楼D301电力电池机房|4#开关电源蓄电池组|第2组|第2组单体8电池电压|1-D301电池室放电电池数据表.xlsx|DC4|DC4,陕西省,咸阳,中国移动西咸数据中心,咸阳秦都西咸数据中心1号楼站点,咸阳秦都西咸数据中心1号楼D301电力电池机房,铅酸电池,4#开关电源蓄电池组,单体XX电压,第2组单体8电池电压,2025-07-08T01:54:34,2.179,V,1-D301电池室放电电池数据表.xlsx,DC4,2.179,第2组,DC4,8,1302.0,False,2.07,2.287,0.428663153575131,0,False,False,False,0.27445821649630386,1.596087778280775,7,-2.0618191356054685,-0.3521851709517758,0.4585389641511778,-0.10778245359273861,1.0763127160481123,0.060072815533980584,7,False,0.3785161571949307,False,False
咸阳秦都西咸数据中心1号楼D203电力电池机房|7#开关电源蓄电池组|第2组|第2组单体24电池电压|1-D203电池室放电电池数据表.xlsx|DC7|DC7,陕西省,咸阳,中国移动西咸数据中心,咸阳秦都西咸数据中心1号楼站点,咸阳秦都西咸数据中心1号楼D203电力电池机房,铅酸电池,7#开关电源蓄电池组,单体XX电压,第2组单体24电池电压,2025-07-11T00:00:54,2.222,V,1-D203电池室放电电池数据表.xlsx,DC7,2.222,第2组,DC7,9,8102.0,False,2.055,2.222,-0.9398958237180939,0,False,False,False,0.27419831057280303,1.5818264844420746,-2,-1.645726315151772,0.5218341701420255,-0.8421850914493394,0.20742408998930992,1.0763127160481123,0.060072815533980584,7,False,0.9705255952076193,True,False
咸阳秦都西咸数据中心1号楼D303电力电池机房|5#开关电源蓄电池组|第1组|第1组单体17电池电压|1-D303电池室放电电池数据表.xlsx|DC5|DC5,陕西省,咸阳,中国移动西咸数据中心,咸阳秦都西咸数据中心1号楼站点,咸阳秦都西咸数据中心1号楼D303电力电池机房,铅酸电池,5#开关电源蓄电池组,单体XX电压,第1组单体17电池电压,2025-07-10T02:07:00,2.199,V,1-D303电池室放电电池数据表.xlsx,DC5,2.199,第1组,DC5,9,7572.0,False,1.985,2.213,-0.8732072414673309,0,False,False,False,0.2741929142001957,1.2616991886798854,-2,-1.0296556951647762,0.253813933712557,-0.9719470247664395,0.03177657522799357,1.0763127160481123,0.060072815533980584,7,False,0.910476423638666,False,False
咸阳秦都西咸数据中心1号楼D303电力电池机房|7#开关电源蓄电池组|第1组|第1组单体2电池电压|1-D303电池室放电电池数据表.xlsx|DC7|DC7,陕西省,咸阳,中国移动西咸数据中心,咸阳秦都西咸数据中心1号楼站点,咸阳秦都西咸数据中心1号楼D303电力电池机房,铅酸电池,7#开关电源蓄电池组,单体XX电压,第1组单体2电池电压,2025-07-10T02:35:40,2.021,V,1-D303电池室放电电池数据表.xlsx,DC7,2.021,第1组,DC7,7,10501.0,False,2.021,2.238,0.6215326422117728,0,False,False,False,0.2741561716750358,1.8618778602627533,7,-2.286221908168489,-0.24207226081513283,0.4488765855507796,-0.2399071138094234,1.0763127160481123,0.060072815533980584,7,False,0.5992826040173362,False,False
咸阳秦都西咸数据中心1号楼J301电力电池机房|05#开关电源蓄电池组|第1组|第1组单体1电池电压|1-J301电池室放电电池数据表.xlsx|DC5|DC5,陕西省,咸阳,中国移动西咸数据中心,咸阳秦都西咸数据中心1号楼站点,咸阳秦都西咸数据中心1号楼J301电力电池机房,铅酸电池,05#开关电源蓄电池组,单体XX电压,第1组单体1电池电压,2025-07-09T03:00:00,2.22,V,1-J301电池室放电电池数据表.xlsx,DC5,2.22,第1组,DC5,9,7782.0,False,1.884,2.22,-0.23867460259950604,0,False,False,False,0.2733011789701357,0.893490425062463,-7,-0.5125807873481311,0.09542885038118223,0.7218546817499732,0.46664663640778714,1.0763127160481123,0.060072815533980584,7,False,0.9533515140662434,True,False
咸阳秦都西咸数据中心1号楼J301电力电池机房|01#开关电源蓄电池组|第2组|第2组单体10电池电压|1-J301电池室放电电池数据表.xlsx|DC1|DC1,陕西省,咸阳,中国移动西咸数据中心,咸阳秦都西咸数据中心1号楼站点,咸阳秦都西咸数据中心1号楼J301电力电池机房,铅酸电池,01#开关电源蓄电池组,单体XX电压,第2组单体10电池电压,2025-07-09T00:05:44,1.867,V,1-J301电池室放电电池数据表.xlsx,DC1,1.867,第2组,DC1,11,3263.0,False,1.814,2.25,0.4256573379457131,0,False,False,False,0.2729216791661931,1.0644566807546332,-7,0.0016691711740967063,-0.2798504217176072,0.43220484527610603,-0.04040652767349566,1.0763127160481123,0.060072815533980584,7,False,0.99928276466952,True,False
咸阳秦都西咸数据中心1号楼J301电力电池机房|06#开关电源蓄电池组|第2组|第2组单体23电池电压|1-J301电池室放电电池数据表.xlsx|DC6|DC6,陕西省,咸阳,中国移动西咸数据中心,咸阳秦都西咸数据中心1号楼站点,咸阳秦都西咸数据中心1号楼J301电力电池机房,铅酸电池,06#开关电源蓄电池组,单体XX电压,第2组单体23电池电压,2025-07-09T00:14:34,2.252,V,1-J301电池室放电电池数据表.xlsx,DC6,2.252,第2组,DC6,7,6450.0,True,1.91,2.216,0.9595989951084252,0,False,False,False,0.27245572768868637,1.874773647689811,-6,-2.047167902305475,0.4914982052208907,0.26292063658189857,-0.16069352544699142,1.0763127160481123,0.060072815533980584,7,False,0.30051379868593103,False,False
咸阳秦都西咸数据中心1号楼J301电力电池机房|06#开关电源蓄电池组|第2组|第2组单体9电池电压|1-J301电池室放电电池数据表.xlsx|DC6|DC6,陕西省,咸阳,中国移动西咸数据中心,咸阳秦都西咸数据中心1号楼站点,咸阳秦都西咸数据中心1号楼J301电力电池机房,铅酸电池,06#开关电源蓄电池组,单体XX电压,第2组单体9电池电压,2025-07-09T00:14:34,2.229,V,1-J301电池室放电电池数据表.xlsx,DC6,2.229,第2组,DC6,8,6450.0,True,1.93,2.225,0.8990791714895512,0,False,False,False,0.2719969926896649,1.9171515725851895,-6,-2.123134750829008,0.5534900513678318,0.289538424138169,-0.16639773049240353,1.0763127160481123,0.060072815533980584,7,False,0.30051379868593076,False,False
咸阳秦都西咸数据中心1号楼J301电力电池机房|01#开关电源蓄电池组|第2组|第2组单体22电池电压|1-J301电池室放电电池数据表.xlsx|DC1|DC1,陕西省,咸阳,中国移动西咸数据中心,咸阳秦都西咸数据中心1号楼站点,咸阳秦都西咸数据中心1号楼J301电力电池机房,铅酸电池,01#开关电源蓄电池组,单体XX电压,第2组单体22电池电压,2025-07-09T00:27:51,2.188,V,1-J301电池室放电电池数据表.xlsx,DC1,2.188,第2组,DC1,11,3420.0,False,1.901,2.376,0.9072031884464116,0,False,False,False,0.27192296803322547,1.342216971323921,-7,-0.14290664096657613,0.09424173051263682,0.45036946006866857,-0.2087594417801854,1.0763127160481123,0.060072815533980584,7,False,0.9768846527556845,True,False
咸阳秦都西咸数据中心1号楼D303电力电池机房|6#开关电源蓄电池组|第1组|第1组单体9电池电压|1-D303电池室放电电池数据表.xlsx|DC6|DC6,陕西省,咸阳,中国移动西咸数据中心,咸阳秦都西咸数据中心1号楼站点,咸阳秦都西咸数据中心1号楼D303电力电池机房,铅酸电池,6#开关电源蓄电池组,单体XX电压,第1组单体9电池电压,2025-07-10T02:30:26,2.003,V,1-D303电池室放电电池数据表.xlsx,DC6,2.003,第1组,DC6,10,9011.0,False,1.943,2.326,-1.256549081884476,0,False,False,False,0.27183479579857905,2.153168830967172,-7,0.7773714899392516,0.5369884211676685,0.9229748521231482,0.33525153973372956,1.0763127160481123,0.060072815533980584,7,False,0.7845853154507776,False,False
咸阳秦都西咸数据中心1号楼D203电力电池机房|3#开关电源蓄电池组|第1组|第1组单体4电池电压|1-D203电池室放电电池数据表.xlsx|DC3|DC3,陕西省,咸阳,中国移动西咸数据中心,咸阳秦都西咸数据中心1号楼站点,咸阳秦都西咸数据中心1号楼D203电力电池机房,铅酸电池,3#开关电源蓄电池组,单体XX电压,第1组单体4电池电压,2025-07-11T01:13:26,2.273,V,1-D203电池室放电电池数据表.xlsx,DC3,2.273,第1组,DC3,9,7151.0,False,2.114,2.346,-0.8760761966595481,0,False,False,False,0.2711583431811873,1.3869528577010661,7,-1.0152493006922645,0.681553976894396,0.8641097755274123,-0.2797834944204821,1.0763127160481123,0.060072815533980584,7,False,0.9045801820618098,False,False
咸阳秦都西咸数据中心1号楼D203电力电池机房|7#开关电源蓄电池组|第1组|第1组单体24电池电压|1-D203电池室放电电池数据表.xlsx|DC7|DC7,陕西省,咸阳,中国移动西咸数据中心,咸阳秦都西咸数据中心1号楼站点,咸阳秦都西咸数据中心1号楼D203电力电池机房,铅酸电池,7#开关电源蓄电池组,单体XX电压,第1组单体24电池电压,2025-07-11T00:00:54,2.264,V,1-D203电池室放电电池数据表.xlsx,DC7,2.264,第1组,DC7,8,8018.0,False,2.063,2.264,-0.8883884160572175,0,False,False,False,0.27114881290081705,1.2907209778577347,-3,-1.3689008696633187,0.663880818816024,-0.49730464882739356,-0.0009064468092026545,1.0763127160481123,0.060072815533980584,7,False,0.9906348540749034,True,False
咸阳秦都西咸数据中心1号楼D303电力电池机房|5#开关电源蓄电池组|第2组|第2组单体14电池电压|1-D303电池室放电电池数据表.xlsx|DC5|DC5,陕西省,咸阳,中国移动西咸数据中心,咸阳秦都西咸数据中心1号楼站点,咸阳秦都西咸数据中心1号楼D303电力电池机房,铅酸电池,5#开关电源蓄电池组,单体XX电压,第2组单体14电池电压,2025-07-10T02:10:01,2.192,V,1-D303电池室放电电池数据表.xlsx,DC5,2.192,第2组,DC5,10,7753.0,False,1.95,2.192,0.14727876308990306,0,False,False,False,0.2709697991350617,1.1642771449816134,7,-1.6152682294535006,-0.28905515389825565,0.5526764900621206,0.21215221617540678,1.0763127160481123,0.060072815533980584,7,False,0.2467014102991729,False,False
咸阳秦都西咸数据中心1号楼J301电力电池机房|01#开关电源蓄电池组|第2组|第2组单体14电池电压|1-J301电池室放电电池数据表.xlsx|DC1|DC1,陕西省,咸阳,中国移动西咸数据中心,咸阳秦都西咸数据中心1号楼站点,咸阳秦都西咸数据中心1号楼J301电力电池机房,铅酸电池,01#开关电源蓄电池组,单体XX电压,第2组单体14电池电压,2025-07-09T00:26:49,2.001,V,1-J301电池室放电电池数据表.xlsx,DC1,2.001,第2组,DC1,11,3263.0,False,1.906,2.417,1.0521262145019008,0,False,False,False,0.27065937573596,1.534477131534909,-7,0.019878970391690287,0.16721967053761724,0.4675148731721771,-0.08263017090240886,1.0763127160481123,0.060072815533980584,7,False,0.9997193457872809,True,False
咸阳秦都西咸数据中心1号楼D203电力电池机房|4#开关电源蓄电池组|第1组|第1组单体12电池电压|1-D203电池室放电电池数据表.xlsx|DC4|DC4,陕西省,咸阳,中国移动西咸数据中心,咸阳秦都西咸数据中心1号楼站点,咸阳秦都西咸数据中心1号楼D203电力电池机房,铅酸电池,4#开关电源蓄电池组,单体XX电压,第1组单体12电池电压,2025-07-11T01:36:35,2.243,V,1-D203电池室放电电池数据表.xlsx,DC4,2.243,第1组,DC4,8,7148.0,False,2.123,2.386,-0.39001124125121195,0,False,False,False,0.2706526481641156,0.9906093176230789,7,-1.0830377947590504,0.40037784315596325,0.7265801029435428,-0.25635179146475934,1.0763127160481123,0.060072815533980584,7,False,0.534663873979919,False,False
咸阳秦都西咸数据中心1号楼J301电力电池机房|07#开关电源蓄电池组|第2组|第2组单体8电池电压|1-J301电池室放电电池数据表.xlsx|DC7|DC7,陕西省,咸阳,中国移动西咸数据中心,咸阳秦都西咸数据中心1号楼站点,咸阳秦都西咸数据中心1号楼J301电力电池机房,铅酸电池,07#开关电源蓄电池组,单体XX电压,第2组单体8电池电压,2025-07-09T01:50:28,2.131,V,1-J301电池室放电电池数据表.xlsx,DC7,2.131,第2组,DC7,9,9859.0,False,1.929,2.224,-0.5970362895700166,0,False,False,False,0.2703547924255592,0.8791142283228601,7,-0.4830350864979641,-0.05554959821393554,0.5749196237973924,-0.4678654314914724,1.0763127160481123,0.060072815533980584,7,False,0.9826409437455685,True,False
咸阳秦都西咸数据中心1号楼D203电力电池机房|5#开关电源蓄电池组|第1组|第1组单体10电池电压|1-D203电池室放电电池数据表.xlsx|DC5|DC5,陕西省,咸阳,中国移动西咸数据中心,咸阳秦都西咸数据中心1号楼站点,咸阳秦都西咸数据中心1号楼D203电力电池机房,铅酸电池,5#开关电源蓄电池组,单体XX电压,第1组单体10电池电压,2025-07-11T01:39:34,1.593,V,1-D203电池室放电电池数据表.xlsx,DC5,1.593,第1组,DC5,12,10097.0,False,1.513,2.317,-0.34490188876820066,0,False,False,False,0.270114575089504,2.766932484120409,-7,-3.1552591600898214,0.7664535780071957,0.8410524123352596,-0.5068576494750324,1.0763127160481123,0.060072815533980584,7,False,-0.5710500574965072,False,False
咸阳秦都西咸数据中心1号楼J301电力电池机房|04#开关电源蓄电池组|第2组|第2组单体22电池电压|1-J301电池室放电电池数据表.xlsx|DC4|DC4,陕西省,咸阳,中国移动西咸数据中心,咸阳秦都西咸数据中心1号楼站点,咸阳秦都西咸数据中心1号楼J301电力电池机房,铅酸电池,04#开关电源蓄电池组,单体XX电压,第2组单体22电池电压,2025-07-09T02:17:39,2.207,V,1-J301电池室放电电池数据表.xlsx,DC4,2.207,第2组,DC4,12,5402.0,False,1.532,2.363,0.13965641074113438,0,False,False,False,0.26996417984351195,2.327560620212347,-7,-2.8038489766030876,0.4562774248061424,0.6977738294544964,-0.39708385858364004,1.0763127160481123,0.060072815533980584,7,False,0.9111355145156846,False,False
咸阳秦都西咸数据中心1号楼D203电力电池机房|7#开关电源蓄电池组|第1组|第1组单体23电池电压|1-D203电池室放电电池数据表.xlsx|DC7|DC7,陕西省,咸阳,中国移动西咸数据中心,咸阳秦都西咸数据中心1号楼站点,咸阳秦都西咸数据中心1号楼D203电力电池机房,铅酸电池,7#开关电源蓄电池组,单体XX电压,第1组单体23电池电压,2025-07-11T02:00:01,2.055,V,1-D203电池室放电电池数据表.xlsx,DC7,2.055,第1组,DC7,8,8018.0,False,2.055,2.251,-0.8852055479252263,0,False,False,False,0.2699583698368413,1.2757356322909876,-3,-1.4016393225298054,0.5926838689138719,-0.5144759706801891,0.013425933913958576,1.0763127160481123,0.060072815533980584,7,False,0.9902126012468296,True,False
咸阳秦都西咸数据中心1号楼J301电力电池机房|07#开关电源蓄电池组|第2组|第2组单体3电池电压|1-J301电池室放电电池数据表.xlsx|DC7|DC7,陕西省,咸阳,中国移动西咸数据中心,咸阳秦都西咸数据中心1号楼站点,咸阳秦都西咸数据中心1号楼J301电力电池机房,铅酸电池,07#开关电源蓄电池组,单体XX电压,第2组单体3电池电压,2025-07-09T01:50:15,2.128,V,1-J301电池室放电电池数据表.xlsx,DC7,2.128,第2组,DC7,9,9859.0,False,2.005,2.272,-0.9797788651500969,0,False,False,False,0.2698706334166382,0.9803832901794662,4,-0.6450353718534008,0.5074767201100376,-0.19024144469669624,0.035760802651420426,1.0763127160481123,0.060072815533980584,7,False,0.595566538471252,False,False
咸阳秦都西咸数据中心1号楼J301电力电池机房|01#开关电源蓄电池组|第1组|第1组单体7电池电压|1-J301电池室放电电池数据表.xlsx|DC1|DC1,陕西省,咸阳,中国移动西咸数据中心,咸阳秦都西咸数据中心1号楼站点,咸阳秦都西咸数据中心1号楼J301电力电池机房,铅酸电池,01#开关电源蓄电池组,单体XX电压,第1组单体7电池电压,2025-07-09T00:14:32,1.941,V,1-J301电池室放电电池数据表.xlsx,DC1,1.941,第1组,DC1,11,3290.0,False,1.932,2.272,-0.5348124072832303,0,False,False,False,0.2697723497761776,0.9575976982205111,7,-0.0515021915365701,-0.16389161239549,0.5807018520537781,-0.11820852623955681,1.0763127160481123,0.060072815533980584,7,False,0.6190257607400855,False,False
咸阳秦都西咸数据中心1号楼D203电力电池机房|4#开关电源蓄电池组|第2组|第2组单体14电池电压|1-D203电池室放电电池数据表.xlsx|DC4|DC4,陕西省,咸阳,中国移动西咸数据中心,咸阳秦都西咸数据中心1号楼站点,咸阳秦都西咸数据中心1号楼D203电力电池机房,铅酸电池,4#开关电源蓄电池组,单体XX电压,第2组单体14电池电压,2025-07-11T00:00:52,2.191,V,1-D203电池室放电电池数据表.xlsx,DC4,2.191,第2组,DC4,6,7148.0,False,2.076,2.25,-0.2454856260793294,0,False,False,False,0.269755989401743,1.4516788524919129,7,-1.953851492744657,-0.011153660419821104,0.5870569767535812,-0.43770993524204915,1.0763127160481123,0.060072815533980584,7,False,0.3637894036687908,False,False
咸阳秦都西咸数据中心1号楼J301电力电池机房|01#开关电源蓄电池组|第1组|第1组单体15电池电压|1-J301电池室放电电池数据表.xlsx|DC1|DC1,陕西省,咸阳,中国移动西咸数据中心,咸阳秦都西咸数据中心1号楼站点,咸阳秦都西咸数据中心1号楼J301电力电池机房,铅酸电池,01#开关电源蓄电池组,单体XX电压,第1组单体15电池电压,2025-07-09T00:28:58,2.284,V,1-J301电池室放电电池数据表.xlsx,DC1,2.284,第1组,DC1,12,3263.0,False,1.911,2.304,-0.5866184607801236,0,False,False,False,0.2696986109102937,1.400639474549171,7,0.4946434526871677,-0.13611349979116097,0.579690230781954,-0.1202391219201961,1.0763127160481123,0.060072815533980584,7,False,0.5674883233596394,False,False
咸阳秦都西咸数据中心1号楼D301电力电池机房|4#开关电源蓄电池组|第2组|第2组单体15电池电压|1-D301电池室放电电池数据表.xlsx|DC4|DC4,陕西省,咸阳,中国移动西咸数据中心,咸阳秦都西咸数据中心1号楼站点,咸阳秦都西咸数据中心1号楼D301电力电池机房,铅酸电池,4#开关电源蓄电池组,单体XX电压,第2组单体15电池电压,2025-07-08T02:16:02,2.166,V,1-D301电池室放电电池数据表.xlsx,DC4,2.166,第2组,DC4,7,1306.0,False,2.112,2.334,-0.7202038147676009,0,False,False,False,0.2696514613792118,1.9160425619674426,0,-1.2885783871636385,0.4206706913883409,-1.6789111140657327,-0.18024350410567014,1.0763127160481123,0.060072815533980584,7,False,0.9715626007531419,True,False
咸阳秦都西咸数据中心1号楼D303电力电池机房|5#开关电源蓄电池组|第1组|第1组单体1电池电压|1-D303电池室放电电池数据表.xlsx|DC5|DC5,陕西省,咸阳,中国移动西咸数据中心,咸阳秦都西咸数据中心1号楼站点,咸阳秦都西咸数据中心1号楼D303电力电池机房,铅酸电池,5#开关电源蓄电池组,单体XX电压,第1组单体1电池电压,2025-07-10T02:06:38,2.005,V,1-D303电池室放电电池数据表.xlsx,DC5,2.005,第1组,DC5,10,7894.0,False,1.984,2.249,-1.1962249223948944,0,False,False,False,0.26946792780662077,1.9633980876812338,0,-0.5744442767829414,0.7205325523310498,-1.4937384271391134,0.17894117668467127,1.0763127160481123,0.060072815533980584,7,False,0.9917573254561679,True,False
咸阳秦都西咸数据中心1号楼D303电力电池机房|4#开关电源蓄电池组|第2组|第2组单体3电池电压|1-D303电池室放电电池数据表.xlsx|DC4|DC4,陕西省,咸阳,中国移动西咸数据中心,咸阳秦都西咸数据中心1号楼站点,咸阳秦都西咸数据中心1号楼D303电力电池机房,铅酸电池,4#开关电源蓄电池组,单体XX电压,第2组单体3电池电压,2025-07-10T01:43:04,2.225,V,1-D303电池室放电电池数据表.xlsx,DC4,2.225,第2组,DC4,8,6182.0,False,2.02,2.264,-1.0271698061934915,0,False,False,False,0.26926490225768246,1.014949701652584,-4,-0.7912309107364813,0.46488310161589985,-0.16257251183887955,0.21666555914591326,1.0763127160481123,0.060072815533980584,7,False,0.8542826842920321,False,False
咸阳秦都西咸数据中心1号楼D303电力电池机房|7#开关电源蓄电池组|第2组|第2组单体8电池电压|1-D303电池室放电电池数据表.xlsx|DC7|DC7,陕西省,咸阳,中国移动西咸数据中心,咸阳秦都西咸数据中心1号楼站点,咸阳秦都西咸数据中心1号楼D303电力电池机房,铅酸电池,7#开关电源蓄电池组,单体XX电压,第2组单体8电池电压,2025-07-10T02:55:50,2.194,V,1-D303电池室放电电池数据表.xlsx,DC7,2.194,第2组,DC7,8,10501.0,False,2.037,2.207,-0.901230382109274,0,False,False,False,0.2692318483642577,1.5589411979345598,-2,-1.6537318354858481,0.46248044777902786,-0.8722162753372233,0.15498633477238852,1.0763127160481123,0.060072815533980584,7,False,0.9167204670589905,False,False
咸阳秦都西咸数据中心1号楼J301电力电池机房|07#开关电源蓄电池组|第1组|第1组单体5电池电压|1-J301电池室放电电池数据表.xlsx|DC7|DC7,陕西省,咸阳,中国移动西咸数据中心,咸阳秦都西咸数据中心1号楼站点,咸阳秦都西咸数据中心1号楼J301电力电池机房,铅酸电池,07#开关电源蓄电池组,单体XX电压,第1组单体5电池电压,2025-07-09T01:51:00,2.162,V,1-J301电池室放电电池数据表.xlsx,DC7,2.162,第1组,DC7,6,5476.0,True,2.047,2.222,-0.1475528589500889,0,False,False,False,0.2690234001026063,1.545012280681683,7,-2.04929782729384,0.08200603346151755,0.6031498927539612,-0.4363923443307781,1.0763127160481123,0.060072815533980584,7,False,0.28354686685322983,False,False
咸阳秦都西咸数据中心1号楼J301电力电池机房|01#开关电源蓄电池组|第2组|第2组单体18电池电压|1-J301电池室放电电池数据表.xlsx|DC1|DC1,陕西省,咸阳,中国移动西咸数据中心,咸阳秦都西咸数据中心1号楼站点,咸阳秦都西咸数据中心1号楼J301电力电池机房,铅酸电池,01#开关电源蓄电池组,单体XX电压,第2组单体18电池电压,2025-07-09T00:05:52,1.931,V,1-J301电池室放电电池数据表.xlsx,DC1,1.931,第2组,DC1,12,3267.0,False,1.931,2.421,0.9390763221389964,0,False,False,False,0.26896717409003557,1.4135654645644902,-7,-0.08730741616083604,0.21937970293335554,0.49988977903844506,-0.08404856523218032,1.0763127160481123,0.060072815533980584,7,False,0.9995915870592174,True,False
咸阳秦都西咸数据中心1号楼D303电力电池机房|6#开关电源蓄电池组|第1组|第1组单体1电池电压|1-D303电池室放电电池数据表.xlsx|DC6|DC6,陕西省,咸阳,中国移动西咸数据中心,咸阳秦都西咸数据中心1号楼站点,咸阳秦都西咸数据中心1号楼D303电力电池机房,铅酸电池,6#开关电源蓄电池组,单体XX电压,第1组单体1电池电压,2025-07-10T02:30:37,1.987,V,1-D303电池室放电电池数据表.xlsx,DC6,1.987,第1组,DC6,8,3070.0,True,1.887,2.254,0.15420497314332504,0,False,False,False,0.2689608320912659,0.7540318404408557,-7,-0.4609970814886983,-0.2323198205396993,0.5400810236141622,0.24183533940116766,1.0763127160481123,0.060072815533980584,7,False,-0.21876009468309626,False,False
咸阳秦都西咸数据中心1号楼D203电力电池机房|4#开关电源蓄电池组|第1组|第1组单体2电池电压|1-D203电池室放电电池数据表.xlsx|DC4|DC4,陕西省,咸阳,中国移动西咸数据中心,咸阳秦都西咸数据中心1号楼站点,咸阳秦都西咸数据中心1号楼D203电力电池机房,铅酸电池,4#开关电源蓄电池组,单体XX电压,第1组单体2电池电压,2025-07-11T01:36:26,2.073,V,1-D203电池室放电电池数据表.xlsx,DC4,2.073,第1组,DC4,8,7148.0,False,2.005,2.245,-0.1855128091533257,0,False,False,False,0.26878905467556635,0.8566598424184029,7,-1.2902025444217795,-0.3229407278388602,0.5075863240440136,-0.22360921684472426,1.0763127160481123,0.060072815533980584,7,False,0.6608942099714491,False,False
咸阳秦都西咸数据中心1号楼J301电力电池机房|02#开关电源蓄电池组|第2组|第2组单体6电池电压|1-J301电池室放电电池数据表.xlsx|DC2|DC2,陕西省,咸阳,中国移动西咸数据中心,咸阳秦都西咸数据中心1号楼站点,咸阳秦都西咸数据中心1号楼J301电力电池机房,铅酸电池,02#开关电源蓄电池组,单体XX电压,第2组单体6电池电压,2025-07-09T00:29:34,2.179,V,1-J301电池室放电电池数据表.xlsx,DC2,2.179,第2组,DC2,9,2728.0,False,1.882,2.205,-1.0739491511918293,0,False,False,False,0.2686067192842111,1.1777214057448118,5,0.024379806440821827,0.1363359643049152,0.0796885713566135,0.20385973877671162,1.0763127160481123,0.060072815533980584,7,False,0.48718104982175814,False,False
咸阳秦都西咸数据中心1号楼D303电力电池机房|5#开关电源蓄电池组|第2组|第2组单体16电池电压|1-D303电池室放电电池数据表.xlsx|DC5|DC5,陕西省,咸阳,中国移动西咸数据中心,咸阳秦都西咸数据中心1号楼站点,咸阳秦都西咸数据中心1号楼D303电力电池机房,铅酸电池,5#开关电源蓄电池组,单体XX电压,第2组单体16电池电压,2025-07-10T01:45:40,1.967,V,1-D303电池室放电电池数据表.xlsx,DC5,1.967,第2组,DC5,8,7572.0,False,1.951,2.175,0.13068373447982062,0,False,False,False,0.2685234876409799,1.2679850118718141,7,-1.7773318098843829,-0.26394545820558035,0.5447870318024556,0.0780625954794287,1.0763127160481123,0.060072815533980584,7,False,0.14598009318187827,False,False
咸阳秦都西咸数据中心1号楼D203电力电池机房|3#开关电源蓄电池组|第1组|第1组单体15电池电压|1-D203电池室放电电池数据表.xlsx|DC3|DC3,陕西省,咸阳,中国移动西咸数据中心,咸阳秦都西咸数据中心1号楼站点,咸阳秦都西咸数据中心1号楼D203电力电池机房,铅酸电池,3#开关电源蓄电池组,单体XX电压,第1组单体15电池电压,2025-07-11T00:51:53,2.015,V,1-D203电池室放电电池数据表.xlsx,DC3,2.015,第1组,DC3,10,7151.0,False,1.882,2.173,-0.7915549444058566,0,False,False,False,0.268234151631232,1.0736810363298595,7,-0.2371919191136077,-0.4801128309568421,0.5834975042995104,0.20582190309503276,1.0763127160481123,0.060072815533980584,7,False,0.9183028323711732,False,False
咸阳秦都西咸数据中心1号楼D201电力电池机房|1#开关电源蓄电池组|第2组|第2组单体18电池电压|1-D201电池室放电电池数据表.xlsx|DC1|DC1,陕西省,咸阳,中国移动西咸数据中心,咸阳秦都西咸数据中心1号楼站点,咸阳秦都西咸数据中心1号楼D201电力电池机房,铅酸电池,1#开关电源蓄电池组,单体XX电压,第2组单体18电池电压,2025-07-08T00:37:58,2.231,V,1-D201电池室放电电池数据表.xlsx,DC1,2.231,第2组,DC1,7,1900.0,False,1.997,2.231,-0.543713119922936,0,False,False,False,0.26815148815691825,0.848824329975098,7,-0.9518700509993033,-0.5661575695392851,0.49253321066426836,-0.12869501014101925,1.0763127160481123,0.060072815533980584,7,False,0.6092481895694994,False,False
咸阳秦都西咸数据中心1号楼D303电力电池机房|2#开关电源蓄电池组|第2组|第2组单体10电池电压|1-D303电池室放电电池数据表.xlsx|DC2|DC2,陕西省,咸阳,中国移动西咸数据中心,咸阳秦都西咸数据中心1号楼站点,咸阳秦都西咸数据中心1号楼D303电力电池机房,铅酸电池,2#开关电源蓄电池组,单体XX电压,第2组单体10电池电压,2025-07-10T00:32:15,2.195,V,1-D303电池室放电电池数据表.xlsx,DC2,2.195,第2组,DC2,12,3318.0,False,1.789,2.217,0.16834917866466792,0,False,False,False,0.26805030761570786,1.3203403988200748,7,0.15761984943860374,-0.5022115462705082,0.5083834882565921,0.6333307532697681,1.0763127160481123,0.060072815533980584,7,False,0.7281759011930137,False,False
咸阳秦都西咸数据中心1号楼D303电力电池机房|7#开关电源蓄电池组|第1组|第1组单体6电池电压|1-D303电池室放电电池数据表.xlsx|DC7|DC7,陕西省,咸阳,中国移动西咸数据中心,咸阳秦都西咸数据中心1号楼站点,咸阳秦都西咸数据中心1号楼D303电力电池机房,铅酸电池,7#开关电源蓄电池组,单体XX电压,第1组单体6电池电压,2025-07-10T02:35:18,2.031,V,1-D303电池室放电电池数据表.xlsx,DC7,2.031,第1组,DC7,7,10501.0,False,2.031,2.205,-0.6227192372499666,0,False,False,False,0.2677330266921504,1.8006376736012688,-1,-1.799994060629466,0.13244452218790972,-1.341218840671279,0.21469303102712053,1.0763127160481123,0.060072815533980584,7,False,0.7575435577755181,False,False
咸阳秦都西咸数据中心2号楼J301电力电池机房|01#开关电源蓄电池组|第2组|第2组单体3电池电压|2-J301电池室放电电池数据表.xlsx|DC1|DC1,陕西省,咸阳,中国移动西咸数据中心,咸阳秦都西咸数据中心2号楼站点,咸阳秦都西咸数据中心2号楼J301电力电池机房,铅酸电池,01#开关电源蓄电池组,单体XX电压,第2组单体3电池电压,2025-07-11T02:52:55,2.102,V,2-J301电池室放电电池数据表.xlsx,DC1,2.102,第2组,DC1,7,1294.0,False,1.978,2.198,0.3986749495463127,0,False,False,False,0.2675598016663161,1.614431477656455,7,-1.8797770353628878,-0.9038114534959761,0.34283404871599843,0.1414204226031268,1.0763127160481123,0.060072815533980584,7,False,0.9202861833583335,True,False
咸阳秦都西咸数据中心1号楼D303电力电池机房|7#开关电源蓄电池组|第2组|第2组单体7电池电压|1-D303电池室放电电池数据表.xlsx|DC7|DC7,陕西省,咸阳,中国移动西咸数据中心,咸阳秦都西咸数据中心1号楼站点,咸阳秦都西咸数据中心1号楼D303电力电池机房,铅酸电池,7#开关电源蓄电池组,单体XX电压,第2组单体7电池电压,2025-07-10T02:55:28,2.072,V,1-D303电池室放电电池数据表.xlsx,DC7,2.072,第2组,DC7,10,10515.0,False,2.072,2.357,-0.7718310754856657,0,False,False,False,0.267047888857751,1.3897584979684872,-7,-0.670906813727486,0.7879431284314531,0.8490181469114135,-0.4127588512367679,1.0763127160481123,0.060072815533980584,7,False,0.6032803771394079,False,False
咸阳秦都西咸数据中心1号楼D303电力电池机房|7#开关电源蓄电池组|第2组|第2组单体4电池电压|1-D303电池室放电电池数据表.xlsx|DC7|DC7,陕西省,咸阳,中国移动西咸数据中心,咸阳秦都西咸数据中心1号楼站点,咸阳秦都西咸数据中心1号楼D303电力电池机房,铅酸电池,7#开关电源蓄电池组,单体XX电压,第2组单体4电池电压,2025-07-10T02:55:33,2.123,V,1-D303电池室放电电池数据表.xlsx,DC7,2.123,第2组,DC7,8,10532.0,False,2.049,2.254,-0.8836585493432203,0,False,False,False,0.2669728696311185,1.254753182806709,-3,-1.3232324190680393,0.6246508785986352,-0.520023246664356,-0.06149585046389182,1.0763127160481123,0.060072815533980584,7,False,0.9173039926102785,False,False
咸阳秦都西咸数据中心1号楼J301电力电池机房|03#开关电源蓄电池组|第2组|第2组单体5电池电压|1-J301电池室放电电池数据表.xlsx|DC3|DC3,陕西省,咸阳,中国移动西咸数据中心,咸阳秦都西咸数据中心1号楼站点,咸阳秦都西咸数据中心1号楼J301电力电池机房,铅酸电池,03#开关电源蓄电池组,单体XX电压,第2组单体5电池电压,2025-07-09T00:46:24,1.993,V,1-J301电池室放电电池数据表.xlsx,DC3,1.993,第2组,DC3,7,2467.0,False,1.913,2.32,-0.748821984263943,0,False,False,False,0.26647657191777807,1.6786072344373106,-7,0.7461440420397076,-0.09568204599041846,0.5932595460259266,-0.19551755119632627,1.0763127160481123,0.060072815533980584,7,False,-0.14493367417846242,False,False
咸阳秦都西咸数据中心1号楼D301电力电池机房|4#开关电源蓄电池组|第1组|第1组单体9电池电压|1-D301电池室放电电池数据表.xlsx|DC4|DC4,陕西省,咸阳,中国移动西咸数据中心,咸阳秦都西咸数据中心1号楼站点,咸阳秦都西咸数据中心1号楼D301电力电池机房,铅酸电池,4#开关电源蓄电池组,单体XX电压,第1组单体9电池电压,2025-07-08T01:56:11,2.044,V,1-D301电池室放电电池数据表.xlsx,DC4,2.044,第1组,DC4,7,1376.0,False,2.044,2.247,-0.4676076645840033,0,False,False,False,0.2664239707640831,1.4390217896777078,2,-1.551174502691559,-0.03111745214644479,-1.1230875587905067,-0.16702985253965752,1.0763127160481123,0.060072815533980584,7,False,0.9121211943047657,False,False
咸阳秦都西咸数据中心1号楼J301电力电池机房|01#开关电源蓄电池组|第2组|第2组单体8电池电压|1-J301电池室放电电池数据表.xlsx|DC1|DC1,陕西省,咸阳,中国移动西咸数据中心,咸阳秦都西咸数据中心1号楼站点,咸阳秦都西咸数据中心1号楼J301电力电池机房,铅酸电池,01#开关电源蓄电池组,单体XX电压,第2组单体8电池电压,2025-07-09T00:05:44,1.9,V,1-J301电池室放电电池数据表.xlsx,DC1,1.9,第2组,DC1,11,3263.0,False,1.846,2.254,0.2770891478868693,0,False,False,False,0.2663912858493031,0.8984557096754148,-7,-0.16451754979513789,-0.2180016025217264,0.4975615174168366,0.10601963287439786,1.0763127160481123,0.060072815533980584,7,False,0.9987334717332952,True,False
咸阳秦都西咸数据中心1号楼D301电力电池机房|1#开关电源蓄电池组|第2组|第2组单体13电池电压|1-D301电池室放电电池数据表.xlsx|DC1|DC1,陕西省,咸阳,中国移动西咸数据中心,咸阳秦都西咸数据中心1号楼站点,咸阳秦都西咸数据中心1号楼D301电力电池机房,铅酸电池,1#开关电源蓄电池组,单体XX电压,第2组单体13电池电压,2025-07-08T01:10:32,2.439,V,1-D301电池室放电电池数据表.xlsx,DC1,2.439,第2组,DC1,8,1577.0,False,2.111,2.439,0.3349288152913746,0,False,False,False,0.26589135663566743,0.9000322582744322,-7,-1.040307844266105,0.15814208505173724,0.5674321698962327,-0.21964563845801527,1.0763127160481123,0.060072815533980584,7,False,0.33271038194899216,False,False
咸阳秦都西咸数据中心1号楼D303电力电池机房|5#开关电源蓄电池组|第2组|第2组单体6电池电压|1-D303电池室放电电池数据表.xlsx|DC5|DC5,陕西省,咸阳,中国移动西咸数据中心,咸阳秦都西咸数据中心1号楼站点,咸阳秦都西咸数据中心1号楼D303电力电池机房,铅酸电池,5#开关电源蓄电池组,单体XX电压,第2组单体6电池电压,2025-07-10T01:45:40,1.993,V,1-D303电池室放电电池数据表.xlsx,DC5,1.993,第2组,DC5,8,7695.0,False,1.993,2.201,-0.9255890977038654,0,False,False,False,0.26586701185072115,1.36225917181564,-2,-1.2640253631683003,0.37530195443906833,-0.9097068870866667,0.12222722695328547,1.0763127160481123,0.060072815533980584,7,False,0.9501308834949312,True,False
咸阳秦都西咸数据中心1号楼J301电力电池机房|03#开关电源蓄电池组|第1组|第1组单体12电池电压|1-J301电池室放电电池数据表.xlsx|DC3|DC3,陕西省,咸阳,中国移动西咸数据中心,咸阳秦都西咸数据中心1号楼站点,咸阳秦都西咸数据中心1号楼J301电力电池机房,铅酸电池,03#开关电源蓄电池组,单体XX电压,第1组单体12电池电压,2025-07-09T00:46:37,2.113,V,1-J301电池室放电电池数据表.xlsx,DC3,2.113,第1组,DC3,12,1940.0,False,1.786,2.278,0.7095220894063778,0,False,False,False,0.26566452795853435,1.2870654666127963,7,0.05752913689298067,0.008712514989644649,0.4941937601312717,0.083847089992378,1.0763127160481123,0.060072815533980584,7,False,0.8448419117479021,False,False
咸阳秦都西咸数据中心1号楼J301电力电池机房|06#开关电源蓄电池组|第1组|第1组单体1电池电压|1-J301电池室放电电池数据表.xlsx|DC6|DC6,陕西省,咸阳,中国移动西咸数据中心,咸阳秦都西咸数据中心1号楼站点,咸阳秦都西咸数据中心1号楼J301电力电池机房,铅酸电池,06#开关电源蓄电池组,单体XX电压,第1组单体1电池电压,2025-07-09T00:14:34,2.213,V,1-J301电池室放电电池数据表.xlsx,DC6,2.213,第1组,DC6,12,9928.0,False,1.817,2.23,-1.053404547336722,0,False,False,False,0.265266645638916,1.8123451781308584,7,0.7265848471001566,0.02937315684970146,0.6775343876103286,-0.14397643431576165,1.0763127160481123,0.060072815533980584,7,False,0.3991895979339573,False,False
咸阳秦都西咸数据中心1号楼D303电力电池机房|2#开关电源蓄电池组|第2组|第2组单体20电池电压|1-D303电池室放电电池数据表.xlsx|DC2|DC2,陕西省,咸阳,中国移动西咸数据中心,咸阳秦都西咸数据中心1号楼站点,咸阳秦都西咸数据中心1号楼D303电力电池机房,铅酸电池,2#开关电源蓄电池组,单体XX电压,第2组单体20电池电压,2025-07-10T00:53:39,2.045,V,1-D303电池室放电电池数据表.xlsx,DC2,2.045,第2组,DC2,10,3292.0,False,1.94,2.339,-1.0268449466182377,0,False,False,False,0.26526046495424277,1.9513231953207366,-7,0.8673642050000667,0.0345813380419675,0.7405799962135471,0.2830192587468462,1.0763127160481123,0.060072815533980584,7,False,0.6752004790463052,False,False
咸阳秦都西咸数据中心1号楼J301电力电池机房|08#开关电源蓄电池组|第1组|第1组单体18电池电压|1-J301电池室放电电池数据表.xlsx|DC8|DC8,陕西省,咸阳,中国移动西咸数据中心,咸阳秦都西咸数据中心1号楼站点,咸阳秦都西咸数据中心1号楼J301电力电池机房,铅酸电池,08#开关电源蓄电池组,单体XX电压,第1组单体18电池电压,2025-07-09T01:51:07,2.07,V,1-J301电池室放电电池数据表.xlsx,DC8,2.07,第1组,DC8,11,9862.0,False,1.925,2.327,-1.0298675180509806,0,False,False,False,0.26514273813357553,1.9425070037126624,-7,0.8020323545005048,0.36996071089300564,0.7878111733197914,-0.02094838636814167,1.0763127160481123,0.060072815533980584,7,False,0.051994490340213806,False,False
咸阳秦都西咸数据中心1号楼J301电力电池机房|03#开关电源蓄电池组|第1组|第1组单体2电池电压|1-J301电池室放电电池数据表.xlsx|DC3|DC3,陕西省,咸阳,中国移动西咸数据中心,咸阳秦都西咸数据中心1号楼站点,咸阳秦都西咸数据中心1号楼J301电力电池机房,铅酸电池,03#开关电源蓄电池组,单体XX电压,第1组单体2电池电压,2025-07-09T00:31:21,1.953,V,1-J301电池室放电电池数据表.xlsx,DC3,1.953,第1组,DC3,6,933.0,True,1.898,2.197,0.5239879705781596,0,False,False,False,0.26511855710723836,1.472488509807713,-7,-1.1253844182995636,-1.2437201039231738,0.17552867457946747,-0.06963032683044629,1.0763127160481123,0.060072815533980584,7,False,-0.41085852265990996,False,False
咸阳秦都西咸数据中心1号楼J301电力电池机房|06#开关电源蓄电池组|第2组|第2组单体20电池电压|1-J301电池室放电电池数据表.xlsx|DC6|DC6,陕西省,咸阳,中国移动西咸数据中心,咸阳秦都西咸数据中心1号楼站点,咸阳秦都西咸数据中心1号楼J301电力电池机房,铅酸电池,06#开关电源蓄电池组,单体XX电压,第2组单体20电池电压,2025-07-09T01:21:18,1.91,V,1-J301电池室放电电池数据表.xlsx,DC6,1.91,第2组,DC6,9,9928.0,False,1.854,2.257,-0.8150850315969487,0,False,False,False,0.26511379580376276,1.6686691695522873,7,0.6642095520069113,0.058940948112880504,0.6996805846974649,0.12573546365933216,1.0763127160481123,0.060072815533980584,7,False,0.8706794367407913,False,False
咸阳秦都西咸数据中心1号楼D201电力电池机房|1#开关电源蓄电池组|第1组|第1组单体6电池电压|1-D201电池室放电电池数据表.xlsx|DC1|DC1,陕西省,咸阳,中国移动西咸数据中心,咸阳秦都西咸数据中心1号楼站点,咸阳秦都西咸数据中心1号楼D201电力电池机房,铅酸电池,1#开关电源蓄电池组,单体XX电压,第1组单体6电池电压,2025-07-08T00:06:40,1.963,V,1-D201电池室放电电池数据表.xlsx,DC1,1.963,第1组,DC1,6,1336.0,False,1.876,2.195,0.6449902831721883,0,False,False,False,0.26445308261584266,1.6105519515127193,7,-1.000235117169657,-1.3719581629650355,0.10491584233584972,-0.16297750693909568,1.0763127160481123,0.060072815533980584,7,False,0.8630291438216984,False,False
咸阳秦都西咸数据中心1号楼J301电力电池机房|14#开关电源蓄电池组|第2组|第2组单体19电池电压|1-J301电池室放电电池数据表.xlsx|DC14|DC14,陕西省,咸阳,中国移动西咸数据中心,咸阳秦都西咸数据中心1号楼站点,咸阳秦都西咸数据中心1号楼J301电力电池机房,铅酸电池,14#开关电源蓄电池组,单体XX电压,第2组单体19电池电压,2025-07-08T03:44:49,2.127,V,1-J301电池室放电电池数据表.xlsx,DC14,2.127,第2组,DC14,6,1823.0,True,2.117,2.328,-0.30373672705105603,0,False,False,False,0.26426032958556195,1.4127022013371109,-7,-1.638310202144413,0.4894255997619864,0.7059525558985751,-0.5643435800367126,1.0763127160481123,0.060072815533980584,7,False,-0.12300604395042848,False,False
咸阳秦都西咸数据中心1号楼D203电力电池机房|1#开关电源蓄电池组|第2组|第2组单体2电池电压|1-D203电池室放电电池数据表.xlsx|DC1|DC1,陕西省,咸阳,中国移动西咸数据中心,咸阳秦都西咸数据中心1号楼站点,咸阳秦都西咸数据中心1号楼D203电力电池机房,铅酸电池,1#开关电源蓄电池组,单体XX电压,第2组单体2电池电压,2025-07-11T00:03:17,2.025,V,1-D203电池室放电电池数据表.xlsx,DC1,2.025,第2组,DC1,10,1473.0,False,2.025,2.282,-0.4236424318803321,0,False,False,False,0.26377753911495233,1.6678777367149304,1,-1.0597584021904622,0.008032222970925013,-1.5377930210212907,-0.49359048554639395,1.0763127160481123,0.060072815533980584,7,False,0.9933548486802394,True,False
咸阳秦都西咸数据中心1号楼J301电力电池机房|03#开关电源蓄电池组|第1组|第1组单体23电池电压|1-J301电池室放电电池数据表.xlsx|DC3|DC3,陕西省,咸阳,中国移动西咸数据中心,咸阳秦都西咸数据中心1号楼站点,咸阳秦都西咸数据中心1号楼J301电力电池机房,铅酸电池,03#开关电源蓄电池组,单体XX电压,第1组单体23电池电压,2025-07-09T00:46:54,2.211,V,1-J301电池室放电电池数据表.xlsx,DC3,2.211,第1组,DC3,7,933.0,True,1.875,2.211,0.5896760779614856,0,False,False,False,0.263523532418998,1.5745136236533093,-7,-0.7935081785329595,-1.4007835040277805,0.12597127314857848,0.007920750179340769,1.0763127160481123,0.060072815533980584,7,False,-0.36771681141734797,False,False
咸阳秦都西咸数据中心1号楼D301电力电池机房|1#开关电源蓄电池组|第1组|第1组单体19电池电压|1-D301电池室放电电池数据表.xlsx|DC1|DC1,陕西省,咸阳,中国移动西咸数据中心,咸阳秦都西咸数据中心1号楼站点,咸阳秦都西咸数据中心1号楼D301电力电池机房,铅酸电池,1#开关电源蓄电池组,单体XX电压,第1组单体19电池电压,2025-07-08T01:16:31,2.128,V,1-D301电池室放电电池数据表.xlsx,DC1,2.128,第1组,DC1,7,1502.0,False,2.128,2.353,-0.639479066942513,0,False,False,False,0.2632564327073295,1.5910557575467101,1,-1.3342626624037361,0.44827257961557254,-1.3055725437449985,-0.04600688127305966,1.0763127160481123,0.060072815533980584,7,False,0.7712603641470623,False,False
咸阳秦都西咸数据中心1号楼D203电力电池机房|7#开关电源蓄电池组|第2组|第2组单体16电池电压|1-D203电池室放电电池数据表.xlsx|DC7|DC7,陕西省,咸阳,中国移动西咸数据中心,咸阳秦都西咸数据中心1号楼站点,咸阳秦都西咸数据中心1号楼D203电力电池机房,铅酸电池,7#开关电源蓄电池组,单体XX电压,第2组单体16电池电压,2025-07-11T02:17:29,2.301,V,1-D203电池室放电电池数据表.xlsx,DC7,2.301,第2组,DC7,9,8195.0,False,2.033,2.303,-1.2349111132191561,0,False,False,False,0.2630484881887172,1.8216877745910016,-1,-0.5639297001878825,0.9814872730358628,-1.0810924186994582,0.06323763300786103,1.0763127160481123,0.060072815533980584,7,False,0.9738581563031384,True,False
咸阳秦都西咸数据中心1号楼D201电力电池机房|4#开关电源蓄电池组|第2组|第2组单体9电池电压|1-D201电池室放电电池数据表.xlsx|DC4|DC4,陕西省,咸阳,中国移动西咸数据中心,咸阳秦都西咸数据中心1号楼站点,咸阳秦都西咸数据中心1号楼D201电力电池机房,铅酸电池,4#开关电源蓄电池组,单体XX电压,第2组单体9电池电压,2025-07-08T01:09:41,2.186,V,1-D201电池室放电电池数据表.xlsx,DC4,2.186,第2组,DC4,9,1304.0,False,2.032,2.321,-0.8470870230270506,0,False,False,False,0.2624188043991978,1.9286659959292267,0,-0.41249220606292064,-0.050269554819874496,-1.7947060309144391,-0.030421944235977508,1.0763127160481123,0.060072815533980584,7,False,-0.0032780600567873437,False,False
咸阳秦都西咸数据中心1号楼D203电力电池机房|3#开关电源蓄电池组|第2组|第2组单体3电池电压|1-D203电池室放电电池数据表.xlsx|DC3|DC3,陕西省,咸阳,中国移动西咸数据中心,咸阳秦都西咸数据中心1号楼站点,咸阳秦都西咸数据中心1号楼D203电力电池机房,铅酸电池,3#开关电源蓄电池组,单体XX电压,第2组单体3电池电压,2025-07-11T01:14:41,2.274,V,1-D203电池室放电电池数据表.xlsx,DC3,2.274,第2组,DC3,11,7151.0,False,2.026,2.433,-1.1542485594130223,0,False,False,False,0.26187304496422115,2.2501521454796714,-7,0.852968889467435,0.7543064276291603,0.971275251789234,0.353465349551111,1.0763127160481123,0.060072815533980584,7,False,0.051930543557042845,False,False
咸阳秦都西咸数据中心1号楼J301电力电池机房|07#开关电源蓄电池组|第1组|第1组单体16电池电压|1-J301电池室放电电池数据表.xlsx|DC7|DC7,陕西省,咸阳,中国移动西咸数据中心,咸阳秦都西咸数据中心1号楼站点,咸阳秦都西咸数据中心1号楼J301电力电池机房,铅酸电池,07#开关电源蓄电池组,单体XX电压,第1组单体16电池电压,2025-07-09T00:15:41,2.113,V,1-J301电池室放电电池数据表.xlsx,DC7,2.113,第1组,DC7,8,9859.0,False,1.923,2.141,-0.37458077825534203,0,False,False,False,0.26182858510983975,0.9670877647093644,7,-1.288204036305612,-0.5370547363973123,0.4563213569865069,-0.3232127230719572,1.0763127160481123,0.060072815533980584,7,False,0.5182230736513247,False,False
咸阳秦都西咸数据中心1号楼D303电力电池机房|7#开关电源蓄电池组|第2组|第2组单体18电池电压|1-D303电池室放电电池数据表.xlsx|DC7|DC7,陕西省,咸阳,中国移动西咸数据中心,咸阳秦都西咸数据中心1号楼站点,咸阳秦都西咸数据中心1号楼D303电力电池机房,铅酸电池,7#开关电源蓄电池组,单体XX电压,第2组单体18电池电压,2025-07-10T02:34:08,2.303,V,1-D303电池室放电电池数据表.xlsx,DC7,2.303,第2组,DC7,10,10515.0,False,2.084,2.351,-1.1672741359605348,0,False,False,False,0.2613104716946877,1.4565221892263975,-3,-1.027394166717044,0.9021691051605487,-0.36861482429703807,0.21242457329017736,1.0763127160481123,0.060072815533980584,7,False,0.8869089600598986,False,False
咸阳秦都西咸数据中心1号楼D303电力电池机房|5#开关电源蓄电池组|第1组|第1组单体9电池电压|1-D303电池室放电电池数据表.xlsx|DC5|DC5,陕西省,咸阳,中国移动西咸数据中心,咸阳秦都西咸数据中心1号楼站点,咸阳秦都西咸数据中心1号楼D303电力电池机房,铅酸电池,5#开关电源蓄电池组,单体XX电压,第1组单体9电池电压,2025-07-10T02:06:47,2.093,V,1-D303电池室放电电池数据表.xlsx,DC5,2.093,第1组,DC5,6,7572.0,False,2.015,2.361,-0.8426157063004989,0,False,False,False,0.2609379930920728,1.5581474779629783,-7,-0.07426409757005936,0.8081695316610408,0.9298946820764988,0.09795951153012797,1.0763127160481123,0.060072815533980584,7,False,0.6740211959428498,False,False
咸阳秦都西咸数据中心1号楼D203电力电池机房|1#开关电源蓄电池组|第2组|第2组单体24电池电压|1-D203电池室放电电池数据表.xlsx|DC1|DC1,陕西省,咸阳,中国移动西咸数据中心,咸阳秦都西咸数据中心1号楼站点,咸阳秦都西咸数据中心1号楼D203电力电池机房,铅酸电池,1#开关电源蓄电池组,单体XX电压,第2组单体24电池电压,2025-07-11T00:03:17,2.042,V,1-D203电池室放电电池数据表.xlsx,DC1,2.042,第2组,DC1,9,1504.0,False,2.042,2.259,-0.4482495726534315,0,False,False,False,0.26036583178561445,1.3882066970537756,2,-1.4174059333338298,-0.03631596118453806,-1.1426740501051844,-0.24006986711741463,1.0763127160481123,0.060072815533980584,7,False,0.9833935455028032,True,False
咸阳秦都西咸数据中心1号楼D203电力电池机房|1#开关电源蓄电池组|第1组|第1组单体19电池电压|1-D203电池室放电电池数据表.xlsx|DC1|DC1,陕西省,咸阳,中国移动西咸数据中心,咸阳秦都西咸数据中心1号楼站点,咸阳秦都西咸数据中心1号楼D203电力电池机房,铅酸电池,1#开关电源蓄电池组,单体XX电压,第1组单体19电池电压,2025-07-11T00:02:51,2.068,V,1-D203电池室放电电池数据表.xlsx,DC1,2.068,第1组,DC1,9,1469.0,False,2.068,2.332,-0.5335623727231942,0,False,False,False,0.26002985935841916,1.9041279755187746,0,-1.01713296387147,0.3667663643137312,-1.7608083902124658,-0.3933334378620731,1.0763127160481123,0.060072815533980584,7,False,0.9784091848508247,True,False
咸阳秦都西咸数据中心1号楼J301电力电池机房|01#开关电源蓄电池组|第1组|第1组单体24电池电压|1-J301电池室放电电池数据表.xlsx|DC1|DC1,陕西省,咸阳,中国移动西咸数据中心,咸阳秦都西咸数据中心1号楼站点,咸阳秦都西咸数据中心1号楼J301电力电池机房,铅酸电池,01#开关电源蓄电池组,单体XX电压,第1组单体24电池电压,2025-07-09T00:30:34,2.229,V,1-J301电池室放电电池数据表.xlsx,DC1,2.229,第1组,DC1,11,3263.0,False,1.982,2.312,0.43665462573379515,0,False,False,False,0.25962560485227193,0.961041977440858,-7,-1.0962366880993777,0.0657353999568576,0.5178238339635258,-0.2925105829448667,1.0763127160481123,0.060072815533980584,7,False,0.9825188414193059,True,False
咸阳秦都西咸数据中心1号楼D303电力电池机房|4#开关电源蓄电池组|第2组|第2组单体14电池电压|1-D303电池室放电电池数据表.xlsx|DC4|DC4,陕西省,咸阳,中国移动西咸数据中心,咸阳秦都西咸数据中心1号楼站点,咸阳秦都西咸数据中心1号楼D303电力电池机房,铅酸电池,4#开关电源蓄电池组,单体XX电压,第2组单体14电池电压,2025-07-10T01:42:06,1.978,V,1-D303电池室放电电池数据表.xlsx,DC4,1.978,第2组,DC4,8,6182.0,False,1.964,2.162,-0.11498539642287878,0,False,False,False,0.2595224981312064,1.284953685817284,7,-1.8012615043793836,-0.28361827700158626,0.5906939050209544,0.1910157977934613,1.0763127160481123,0.060072815533980584,7,False,0.1932122160027127,False,False
咸阳秦都西咸数据中心1号楼J301电力电池机房|02#开关电源蓄电池组|第2组|第2组单体9电池电压|1-J301电池室放电电池数据表.xlsx|DC2|DC2,陕西省,咸阳,中国移动西咸数据中心,咸阳秦都西咸数据中心1号楼站点,咸阳秦都西咸数据中心1号楼J301电力电池机房,铅酸电池,02#开关电源蓄电池组,单体XX电压,第2组单体9电池电压,2025-07-09T00:14:33,2.299,V,1-J301电池室放电电池数据表.xlsx,DC2,2.299,第2组,DC2,6,1964.0,True,1.901,2.294,1.1422058927473537,0,False,False,False,0.2594628426350864,2.215981387355161,-3,-1.5854606202893806,1.3835645650846917,-0.5634329200896375,-0.036019956269780815,1.0763127160481123,0.060072815533980584,7,False,0.853151139111273,False,False
咸阳秦都西咸数据中心1号楼J301电力电池机房|14#开关电源蓄电池组|第2组|第2组单体7电池电压|1-J301电池室放电电池数据表.xlsx|DC14|DC14,陕西省,咸阳,中国移动西咸数据中心,咸阳秦都西咸数据中心1号楼站点,咸阳秦都西咸数据中心1号楼J301电力电池机房,铅酸电池,14#开关电源蓄电池组,单体XX电压,第2组单体7电池电压,2025-07-08T03:28:50,2.076,V,1-J301电池室放电电池数据表.xlsx,DC14,2.076,第2组,DC14,9,1500.0,False,2.076,2.332,-0.8427976158978476,0,False,False,False,0.25943152877540443,1.524844571217811,-1,-0.8425339632300374,0.30071729874942854,-1.3326890286915283,-0.038454211129046345,1.0763127160481123,0.060072815533980584,7,False,0.7215702927446306,False,False
咸阳秦都西咸数据中心1号楼J301电力电池机房|04#开关电源蓄电池组|第1组|第1组单体14电池电压|1-J301电池室放电电池数据表.xlsx|DC4|DC4,陕西省,咸阳,中国移动西咸数据中心,咸阳秦都西咸数据中心1号楼站点,咸阳秦都西咸数据中心1号楼J301电力电池机房,铅酸电池,04#开关电源蓄电池组,单体XX电压,第1组单体14电池电压,2025-07-09T01:08:17,2.226,V,1-J301电池室放电电池数据表.xlsx,DC4,2.226,第1组,DC4,8,7911.0,False,1.939,2.279,-0.6513058203873155,0,False,False,False,0.2591754347354376,1.7260707854011397,7,-2.089745110418036,0.36953803345678193,0.7812017534677974,-0.2535285196226226,1.0763127160481123,0.060072815533980584,7,False,0.6061564020391015,False,False
咸阳秦都西咸数据中心1号楼D303电力电池机房|5#开关电源蓄电池组|第1组|第1组单体14电池电压|1-D303电池室放电电池数据表.xlsx|DC5|DC5,陕西省,咸阳,中国移动西咸数据中心,咸阳秦都西咸数据中心1号楼站点,咸阳秦都西咸数据中心1号楼D303电力电池机房,铅酸电池,5#开关电源蓄电池组,单体XX电压,第1组单体14电池电压,2025-07-10T01:45:22,2.073,V,1-D303电池室放电电池数据表.xlsx,DC5,2.073,第1组,DC5,9,11137.0,False,2.014,2.29,-1.1650674288077065,0,False,False,False,0.25897481370917186,1.7722030368163444,1,-0.49825886276826103,0.8935113705194406,-1.1327765453740175,-0.03512025015911849,1.0763127160481123,0.060072815533980584,7,False,-0.08623481974455693,False,False
咸阳秦都西咸数据中心1号楼J301电力电池机房|14#开关电源蓄电池组|第2组|第2组单体4电池电压|1-J301电池室放电电池数据表.xlsx|DC14|DC14,陕西省,咸阳,中国移动西咸数据中心,咸阳秦都西咸数据中心1号楼站点,咸阳秦都西咸数据中心1号楼J301电力电池机房,铅酸电池,14#开关电源蓄电池组,单体XX电压,第2组单体4电池电压,2025-07-08T03:44:49,2.112,V,1-J301电池室放电电池数据表.xlsx,DC14,2.112,第2组,DC14,8,1709.0,False,2.112,2.431,-0.4524667272385567,0,False,False,False,0.25821520682685817,0.8203079962180755,-7,-0.42138871750212686,0.16638553573029444,0.6622531088199227,-0.18413800233048952,1.0763127160481123,0.060072815533980584,7,False,0.7605961717161211,False,False
咸阳秦都西咸数据中心1号楼D303电力电池机房|2#开关电源蓄电池组|第2组|第2组单体19电池电压|1-D303电池室放电电池数据表.xlsx|DC2|DC2,陕西省,咸阳,中国移动西咸数据中心,咸阳秦都西咸数据中心1号楼站点,咸阳秦都西咸数据中心1号楼D303电力电池机房,铅酸电池,2#开关电源蓄电池组,单体XX电压,第2组单体19电池电压,2025-07-10T00:32:15,2.219,V,1-D303电池室放电电池数据表.xlsx,DC2,2.219,第2组,DC2,11,3561.0,False,1.987,2.257,-0.8470110003948594,0,False,False,False,0.2578805091904971,1.2117243157457833,2,-0.6912526420458726,0.30111325058826766,-0.9591730414674462,0.10883620729388446,1.0763127160481123,0.060072815533980584,7,False,0.9075517259053939,False,False
咸阳秦都西咸数据中心1号楼D201电力电池机房|2#开关电源蓄电池组|第1组|第1组单体24电池电压|1-D201电池室放电电池数据表.xlsx|DC2|DC2,陕西省,咸阳,中国移动西咸数据中心,咸阳秦都西咸数据中心1号楼站点,咸阳秦都西咸数据中心1号楼D201电力电池机房,铅酸电池,2#开关电源蓄电池组,单体XX电压,第1组单体24电池电压,2025-07-08T00:49:18,2.03,V,1-D201电池室放电电池数据表.xlsx,DC2,2.03,第1组,DC2,7,1310.0,False,2.03,2.202,-0.04278737020795864,0,False,False,False,0.25787487505831974,1.5449646211497845,7,-1.9929472426816832,-0.715185600204467,0.4663141366748241,0.19683919548253162,1.0763127160481123,0.060072815533980584,7,False,0.9759503893179772,True,False
咸阳秦都西咸数据中心1号楼J301电力电池机房|13#开关电源蓄电池组|第2组|第2组单体12电池电压|1-J301电池室放电电池数据表.xlsx|DC13|DC13,陕西省,咸阳,中国移动西咸数据中心,咸阳秦都西咸数据中心1号楼站点,咸阳秦都西咸数据中心1号楼J301电力电池机房,铅酸电池,13#开关电源蓄电池组,单体XX电压,第2组单体12电池电压,2025-07-08T03:20:53,2.052,V,1-J301电池室放电电池数据表.xlsx,DC13,2.052,第2组,DC13,6,1247.0,False,1.99,2.327,-0.5310210511810778,0,False,False,False,0.25777578244546745,1.9601821131242614,0,-0.2214267822807301,-0.2043591505236516,-1.864327291393837,0.0982277615323219,1.0763127160481123,0.060072815533980584,7,False,0.10834202103961939,False,False
咸阳秦都西咸数据中心1号楼D301电力电池机房|2#开关电源蓄电池组|第1组|第1组单体19电池电压|1-D301电池室放电电池数据表.xlsx|DC2|DC2,陕西省,咸阳,中国移动西咸数据中心,咸阳秦都西咸数据中心1号楼站点,咸阳秦都西咸数据中心1号楼D301电力电池机房,铅酸电池,2#开关电源蓄电池组,单体XX电压,第1组单体19电池电压,2025-07-08T01:55:00,2.181,V,1-D301电池室放电电池数据表.xlsx,DC2,2.181,第1组,DC2,7,1583.0,False,2.069,2.307,-0.7735647677088935,0,False,False,False,0.2570707393466145,0.9026564648260909,7,-0.7672775754163085,-0.3819471828067395,0.5956568607650069,0.03327795033089842,1.0763127160481123,0.060072815533980584,7,False,0.7708841113646451,False,False
咸阳秦都西咸数据中心1号楼J301电力电池机房|13#开关电源蓄电池组|第1组|第1组单体8电池电压|1-J301电池室放电电池数据表.xlsx|DC13|DC13,陕西省,咸阳,中国移动西咸数据中心,咸阳秦都西咸数据中心1号楼站点,咸阳秦都西咸数据中心1号楼J301电力电池机房,铅酸电池,13#开关电源蓄电池组,单体XX电压,第1组单体8电池电压,2025-07-08T03:21:19,2.36,V,1-J301电池室放电电池数据表.xlsx,DC13,2.36,第1组,DC13,6,1308.0,True,2.139,2.416,0.8300262582431368,0,False,False,False,0.2567707639800834,1.8636000951862841,7,-2.0407208365049687,0.40272014578436255,0.5848892918273575,-0.30503834018498743,1.0763127160481123,0.060072815533980584,7,False,-0.5240605730476773,False,False
咸阳秦都西咸数据中心1号楼J301电力电池机房|08#开关电源蓄电池组|第1组|第1组单体3电池电压|1-J301电池室放电电池数据表.xlsx|DC8|DC8,陕西省,咸阳,中国移动西咸数据中心,咸阳秦都西咸数据中心1号楼站点,咸阳秦都西咸数据中心1号楼J301电力电池机房,铅酸电池,08#开关电源蓄电池组,单体XX电压,第1组单体3电池电压,2025-07-09T01:51:02,2.118,V,1-J301电池室放电电池数据表.xlsx,DC8,2.118,第1组,DC8,11,9862.0,False,1.883,2.216,-0.6563921300917629,0,False,False,False,0.25675471714266856,1.0493955764739362,7,-0.013972954162403184,-0.3194863202377758,0.5720701356487853,0.0056066749397538085,1.0763127160481123,0.060072815533980584,7,False,0.7709278244743026,False,False
咸阳秦都西咸数据中心1号楼D303电力电池机房|5#开关电源蓄电池组|第1组|第1组单体5电池电压|1-D303电池室放电电池数据表.xlsx|DC5|DC5,陕西省,咸阳,中国移动西咸数据中心,咸阳秦都西咸数据中心1号楼站点,咸阳秦都西咸数据中心1号楼D303电力电池机房,铅酸电池,5#开关电源蓄电池组,单体XX电压,第1组单体5电池电压,2025-07-10T02:06:43,2.06,V,1-D303电池室放电电池数据表.xlsx,DC5,2.06,第1组,DC5,9,7894.0,False,2.007,2.26,-1.1734373096121424,0,False,False,False,0.25670821915047815,1.944713110624271,0,-0.7029970051540655,0.7075176534017066,-1.4750608106945542,0.3133561306662428,1.0763127160481123,0.060072815533980584,7,False,0.9906845137883438,True,False
咸阳秦都西咸数据中心1号楼J301电力电池机房|10#开关电源蓄电池组|第1组|第1组单体7电池电压|1-J301电池室放电电池数据表.xlsx|DC10|DC10,陕西省,咸阳,中国移动西咸数据中心,咸阳秦都西咸数据中心1号楼站点,咸阳秦都西咸数据中心1号楼J301电力电池机房,铅酸电池,10#开关电源蓄电池组,单体XX电压,第1组单体7电池电压,2025-07-09T02:34:53,1.981,V,1-J301电池室放电电池数据表.xlsx,DC10,1.981,第1组,DC10,7,985.0,False,1.981,2.218,0.32074266411424074,0,False,False,False,0.2567047783021842,1.4040863458292208,7,-1.6328105144611111,-0.6819758530855292,0.29037713363228274,-0.5889478893067487,1.0763127160481123,0.060072815533980584,7,False,0.8551383235133033,False,False
咸阳秦都西咸数据中心1号楼J301电力电池机房|04#开关电源蓄电池组|第1组|第1组单体23电池电压|1-J301电池室放电电池数据表.xlsx|DC4|DC4,陕西省,咸阳,中国移动西咸数据中心,咸阳秦都西咸数据中心1号楼站点,咸阳秦都西咸数据中心1号楼J301电力电池机房,铅酸电池,04#开关电源蓄电池组,单体XX电压,第1组单体23电池电压,2025-07-09T00:48:53,1.852,V,1-J301电池室放电电池数据表.xlsx,DC4,1.852,第1组,DC4,9,9196.0,False,1.814,2.324,0.751482111934406,0,False,False,False,0.25650892915434065,1.8181657766015398,-7,-1.9042681336659106,0.5954430497907243,0.6301829859163844,-0.4000665246389743,1.0763127160481123,0.060072815533980584,7,False,0.23328681709940227,False,False
咸阳秦都西咸数据中心1号楼D301电力电池机房|1#开关电源蓄电池组|第2组|第2组单体23电池电压|1-D301电池室放电电池数据表.xlsx|DC1|DC1,陕西省,咸阳,中国移动西咸数据中心,咸阳秦都西咸数据中心1号楼站点,咸阳秦都西咸数据中心1号楼D301电力电池机房,铅酸电池,1#开关电源蓄电池组,单体XX电压,第2组单体23电池电压,2025-07-08T01:34:57,2.085,V,1-D301电池室放电电池数据表.xlsx,DC1,2.085,第2组,DC1,6,1303.0,False,2.063,2.237,-0.41750600869784316,0,False,False,False,0.2563874675122866,2.1782069620845737,0,-1.9357902383620982,0.07973834805301724,-1.781533797035185,-0.08778290359845294,1.0763127160481123,0.060072815533980584,7,False,0.8145991656326028,False,False
咸阳秦都西咸数据中心1号楼J301电力电池机房|08#开关电源蓄电池组|第2组|第2组单体14电池电压|1-J301电池室放电电池数据表.xlsx|DC8|DC8,陕西省,咸阳,中国移动西咸数据中心,咸阳秦都西咸数据中心1号楼站点,咸阳秦都西咸数据中心1号楼J301电力电池机房,铅酸电池,08#开关电源蓄电池组,单体XX电压,第2组单体14电池电压,2025-07-09T00:15:41,2.247,V,1-J301电池室放电电池数据表.xlsx,DC8,2.247,第2组,DC8,8,4132.0,True,1.945,2.264,-0.12383461883550184,0,False,False,False,0.25608206926943755,0.8207783930821207,-7,-0.7645251272265171,0.13483821701597523,0.707794497797374,0.36146791251187604,1.0763127160481123,0.060072815533980584,7,False,-0.14292881906008448,False,False
咸阳秦都西咸数据中心1号楼D201电力电池机房|1#开关电源蓄电池组|第1组|第1组单体21电池电压|1-D201电池室放电电池数据表.xlsx|DC1|DC1,陕西省,咸阳,中国移动西咸数据中心,咸阳秦都西咸数据中心1号楼站点,咸阳秦都西咸数据中心1号楼D201电力电池机房,铅酸电池,1#开关电源蓄电池组,单体XX电压,第1组单体21电池电压,2025-07-08T00:26:34,2.132,V,1-D201电池室放电电池数据表.xlsx,DC1,2.132,第1组,DC1,7,1882.0,False,2.03,2.288,-0.2705465209676524,0,False,False,False,0.2560422280769912,0.7406379475009658,7,-1.0536902767621372,-0.2091300592420627,0.527165035603659,-0.3285996995714127,1.0763127160481123,0.060072815533980584,7,False,0.6022252825796771,False,False
咸阳秦都西咸数据中心1号楼D203电力电池机房|1#开关电源蓄电池组|第1组|第1组单体5电池电压|1-D203电池室放电电池数据表.xlsx|DC1|DC1,陕西省,咸阳,中国移动西咸数据中心,咸阳秦都西咸数据中心1号楼站点,咸阳秦都西咸数据中心1号楼D203电力电池机房,铅酸电池,1#开关电源蓄电池组,单体XX电压,第1组单体5电池电压,2025-07-11T00:03:00,2.048,V,1-D203电池室放电电池数据表.xlsx,DC1,2.048,第1组,DC1,9,1473.0,False,2.048,2.337,-0.6271712690684442,0,False,False,False,0.254958865019549,1.4907349919978314,-1,-0.6719978590426686,0.1999623202875335,-1.404914742049005,-0.10421433103650443,1.0763127160481123,0.060072815533980584,7,False,0.9460963787649856,True,False
咸阳秦都西咸数据中心1号楼J301电力电池机房|13#开关电源蓄电池组|第2组|第2组单体22电池电压|1-J301电池室放电电池数据表.xlsx|DC13|DC13,陕西省,咸阳,中国移动西咸数据中心,咸阳秦都西咸数据中心1号楼站点,咸阳秦都西咸数据中心1号楼J301电力电池机房,铅酸电池,13#开关电源蓄电池组,单体XX电压,第2组单体22电池电压,2025-07-08T03:21:02,2.049,V,1-J301电池室放电电池数据表.xlsx,DC13,2.049,第2组,DC13,7,1247.0,False,1.907,2.169,0.15491191432614992,0,False,False,False,0.2549464751812651,1.3283883532995866,7,-1.1553672253939888,-1.2191315790334938,0.24019445612299734,-0.019496512536495078,1.0763127160481123,0.060072815533980584,7,False,0.9697577600033291,True,False
咸阳秦都西咸数据中心1号楼J301电力电池机房|12#开关电源蓄电池组|第2组|第2组单体15电池电压|1-J301电池室放电电池数据表.xlsx|DC12|DC12,陕西省,咸阳,中国移动西咸数据中心,咸阳秦都西咸数据中心1号楼站点,咸阳秦都西咸数据中心1号楼J301电力电池机房,铅酸电池,12#开关电源蓄电池组,单体XX电压,第2组单体15电池电压,2025-07-08T02:40:39,1.998,V,1-J301电池室放电电池数据表.xlsx,DC12,1.998,第2组,DC12,6,1247.0,False,1.998,2.223,-0.3664210533107943,0,False,False,False,0.25457836640759846,0.9301159096954188,7,-1.2080602381537024,-0.6103559435583716,0.5002404221075439,0.09622305330346739,1.0763127160481123,0.060072815533980584,7,False,0.927849120065718,True,False
咸阳秦都西咸数据中心1号楼D303电力电池机房|4#开关电源蓄电池组|第1组|第1组单体4电池电压|1-D303电池室放电电池数据表.xlsx|DC4|DC4,陕西省,咸阳,中国移动西咸数据中心,咸阳秦都西咸数据中心1号楼站点,咸阳秦都西咸数据中心1号楼D303电力电池机房,铅酸电池,4#开关电源蓄电池组,单体XX电压,第1组单体4电池电压,2025-07-10T01:43:04,2.2,V,1-D303电池室放电电池数据表.xlsx,DC4,2.2,第1组,DC4,6,4871.0,True,1.96,2.161,0.6643045530033342,0,False,False,False,0.2545666790241382,2.13992682477453,7,-2.5594634934475957,0.1531455117284312,0.5691496498528693,-0.1947087745973124,1.0763127160481123,0.060072815533980584,7,False,-0.6396941496391906,False,False
咸阳秦都西咸数据中心1号楼J301电力电池机房|13#开关电源蓄电池组|第1组|第1组单体4电池电压|1-J301电池室放电电池数据表.xlsx|DC13|DC13,陕西省,咸阳,中国移动西咸数据中心,咸阳秦都西咸数据中心1号楼站点,咸阳秦都西咸数据中心1号楼J301电力电池机房,铅酸电池,13#开关电源蓄电池组,单体XX电压,第1组单体4电池电压,2025-07-08T03:00:23,2.159,V,1-J301电池室放电电池数据表.xlsx,DC13,2.159,第1组,DC13,7,1247.0,False,1.919,2.159,0.24116311068344315,0,False,False,False,0.25447831037020313,1.5366279536217478,7,-1.458718902790872,-1.260713560674555,0.2666687153387265,0.23428432318034734,1.0763127160481123,0.060072815533980584,7,False,0.9889875683078565,True,False
咸阳秦都西咸数据中心1号楼J301电力电池机房|13#开关电源蓄电池组|第2组|第2组单体20电池电压|1-J301电池室放电电池数据表.xlsx|DC13|DC13,陕西省,咸阳,中国移动西咸数据中心,咸阳秦都西咸数据中心1号楼站点,咸阳秦都西咸数据中心1号楼J301电力电池机房,铅酸电池,13#开关电源蓄电池组,单体XX电压,第2组单体20电池电压,2025-07-08T03:20:53,2.104,V,1-J301电池室放电电池数据表.xlsx,DC13,2.104,第2组,DC13,8,2006.0,False,2.045,2.308,-0.7215163661924926,0,False,False,False,0.2540041864553213,1.9056445825270478,0,-0.8170963226365479,0.23255181641224779,-1.773720490160542,-0.35917761504717605,1.0763127160481123,0.060072815533980584,7,False,0.7143236310911685,False,False
咸阳秦都西咸数据中心1号楼D303电力电池机房|4#开关电源蓄电池组|第2组|第2组单体22电池电压|1-D303电池室放电电池数据表.xlsx|DC4|DC4,陕西省,咸阳,中国移动西咸数据中心,咸阳秦都西咸数据中心1号楼站点,咸阳秦都西咸数据中心1号楼D303电力电池机房,铅酸电池,4#开关电源蓄电池组,单体XX电压,第2组单体22电池电压,2025-07-10T01:43:04,2.227,V,1-D303电池室放电电池数据表.xlsx,DC4,2.227,第2组,DC4,8,6182.0,False,1.994,2.235,-0.9132953616292832,0,False,False,False,0.2539336579140974,1.2767477212657052,-2,-0.9054491142186226,0.3786144357263014,-0.9482365377094335,-0.04947932493392847,1.0763127160481123,0.060072815533980584,7,False,0.9523147490173461,True,False
咸阳秦都西咸数据中心1号楼J301电力电池机房|01#开关电源蓄电池组|第1组|第1组单体18电池电压|1-J301电池室放电电池数据表.xlsx|DC1|DC1,陕西省,咸阳,中国移动西咸数据中心,咸阳秦都西咸数据中心1号楼站点,咸阳秦都西咸数据中心1号楼J301电力电池机房,铅酸电池,01#开关电源蓄电池组,单体XX电压,第1组单体18电池电压,2025-07-09T00:30:56,2.186,V,1-J301电池室放电电池数据表.xlsx,DC1,2.186,第1组,DC1,11,3263.0,False,1.934,2.284,0.5785698373840524,0,False,False,False,0.25338668270965636,0.969267121105634,-7,-0.9620331242263281,-0.20123910450392238,0.4268414692109549,-0.2522950662594572,1.0763127160481123,0.060072815533980584,7,False,0.9810490092982865,True,False
咸阳秦都西咸数据中心1号楼D303电力电池机房|2#开关电源蓄电池组|第1组|第1组单体13电池电压|1-D303电池室放电电池数据表.xlsx|DC2|DC2,陕西省,咸阳,中国移动西咸数据中心,咸阳秦都西咸数据中心1号楼站点,咸阳秦都西咸数据中心1号楼D303电力电池机房,铅酸电池,2#开关电源蓄电池组,单体XX电压,第1组单体13电池电压,2025-07-10T00:32:20,2.084,V,1-D303电池室放电电池数据表.xlsx,DC2,2.084,第1组,DC2,10,3292.0,False,1.969,2.378,-1.0014744817909504,0,False,False,False,0.25334007911467415,1.9956307067335801,-7,0.8799310646750975,0.24589121985908183,0.7987216323203431,0.29865730099908394,1.0763127160481123,0.060072815533980584,7,False,0.7178511625391208,False,False
咸阳秦都西咸数据中心1号楼J301电力电池机房|04#开关电源蓄电池组|第1组|第1组单体21电池电压|1-J301电池室放电电池数据表.xlsx|DC4|DC4,陕西省,咸阳,中国移动西咸数据中心,咸阳秦都西咸数据中心1号楼站点,咸阳秦都西咸数据中心1号楼J301电力电池机房,铅酸电池,04#开关电源蓄电池组,单体XX电压,第1组单体21电池电压,2025-07-09T00:47:52,1.884,V,1-J301电池室放电电池数据表.xlsx,DC4,1.884,第1组,DC4,7,8339.0,False,1.884,2.287,0.055369223562215464,0,False,False,False,0.2532684971116271,2.4267145227892577,-7,-2.8597051318717774,0.6142096288124843,0.7502517265430239,-0.42537291435372815,1.0763127160481123,0.060072815533980584,7,False,0.3102390018263739,False,False
咸阳秦都西咸数据中心1号楼D303电力电池机房|5#开关电源蓄电池组|第1组|第1组单体13电池电压|1-D303电池室放电电池数据表.xlsx|DC5|DC5,陕西省,咸阳,中国移动西咸数据中心,咸阳秦都西咸数据中心1号楼站点,咸阳秦都西咸数据中心1号楼D303电力电池机房,铅酸电池,5#开关电源蓄电池组,单体XX电压,第1组单体13电池电压,2025-07-10T01:45:22,2.07,V,1-D303电池室放电电池数据表.xlsx,DC5,2.07,第1组,DC5,10,7930.0,False,1.987,2.246,-1.2121351065929735,0,False,False,False,0.2532409778053577,1.968414948331189,0,-0.6200190886360231,0.7119904204049287,-1.4606677499596628,0.37735330497653086,1.0763127160481123,0.060072815533980584,7,False,0.9902122937706628,True,False
咸阳秦都西咸数据中心1号楼J301电力电池机房|11#开关电源蓄电池组|第1组|第1组单体15电池电压|1-J301电池室放电电池数据表.xlsx|DC11|DC11,陕西省,咸阳,中国移动西咸数据中心,咸阳秦都西咸数据中心1号楼站点,咸阳秦都西咸数据中心1号楼J301电力电池机房,铅酸电池,11#开关电源蓄电池组,单体XX电压,第1组单体15电池电压,2025-07-08T02:20:25,2.037,V,1-J301电池室放电电池数据表.xlsx,DC11,2.037,第1组,DC11,7,1909.0,False,1.986,2.277,-0.5799537568022849,0,False,False,False,0.25314125425532114,1.5468167791155367,-1,-0.6037105248482217,-0.07665679119478078,-1.4930940393488545,-0.11881847435964812,1.0763127160481123,0.060072815533980584,7,False,0.8226508994960748,False,False
咸阳秦都西咸数据中心1号楼J301电力电池机房|02#开关电源蓄电池组|第1组|第1组单体6电池电压|1-J301电池室放电电池数据表.xlsx|DC2|DC2,陕西省,咸阳,中国移动西咸数据中心,咸阳秦都西咸数据中心1号楼站点,咸阳秦都西咸数据中心1号楼J301电力电池机房,铅酸电池,02#开关电源蓄电池组,单体XX电压,第1组单体6电池电压,2025-07-09T00:27:17,1.968,V,1-J301电池室放电电池数据表.xlsx,DC2,1.968,第1组,DC2,7,6073.0,True,1.968,2.258,0.8008953513398283,0,False,False,False,0.2529966383820912,1.9034842293602279,-7,-1.9586654082842612,0.6669205964889353,0.6533103628362807,-0.35016416772527764,1.0763127160481123,0.060072815533980584,7,False,-0.8289551890814778,False,False
咸阳秦都西咸数据中心1号楼J301电力电池机房|14#开关电源蓄电池组|第1组|第1组单体10电池电压|1-J301电池室放电电池数据表.xlsx|DC14|DC14,陕西省,咸阳,中国移动西咸数据中心,咸阳秦都西咸数据中心1号楼站点,咸阳秦都西咸数据中心1号楼J301电力电池机房,铅酸电池,14#开关电源蓄电池组,单体XX电压,第1组单体10电池电压,2025-07-08T03:20:16,2.343,V,1-J301电池室放电电池数据表.xlsx,DC14,2.343,第1组,DC14,10,1500.0,False,2.079,2.343,-0.7416893915551535,0,False,False,False,0.25271221578848335,2.020656052251398,0,-1.5534958604473408,0.3924589569385333,-1.6838449731031937,-0.22534537975557434,1.0763127160481123,0.060072815533980584,7,False,0.7398997008725009,False,False
咸阳秦都西咸数据中心1号楼D301电力电池机房|4#开关电源蓄电池组|第1组|第1组单体4电池电压|1-D301电池室放电电池数据表.xlsx|DC4|DC4,陕西省,咸阳,中国移动西咸数据中心,咸阳秦都西咸数据中心1号楼站点,咸阳秦都西咸数据中心1号楼D301电力电池机房,铅酸电池,4#开关电源蓄电池组,单体XX电压,第1组单体4电池电压,2025-07-08T02:16:16,2.317,V,1-D301电池室放电电池数据表.xlsx,DC4,2.317,第1组,DC4,8,1477.0,False,2.061,2.317,-0.5002668894359603,0,False,False,False,0.2524804024213837,0.7418562508011637,7,-0.8667532263607391,-0.35366537770054696,0.5299738529348672,-0.21574381540812843,1.0763127160481123,0.060072815533980584,7,False,0.7829374855956541,False,False
咸阳秦都西咸数据中心1号楼D303电力电池机房|7#开关电源蓄电池组|第1组|第1组单体13电池电压|1-D303电池室放电电池数据表.xlsx|DC7|DC7,陕西省,咸阳,中国移动西咸数据中心,咸阳秦都西咸数据中心1号楼站点,咸阳秦都西咸数据中心1号楼D303电力电池机房,铅酸电池,7#开关电源蓄电池组,单体XX电压,第1组单体13电池电压,2025-07-10T02:55:46,2.19,V,1-D303电池室放电电池数据表.xlsx,DC7,2.19,第1组,DC7,8,10501.0,False,2.101,2.355,-0.9617113700830804,0,False,False,False,0.25228949191947436,1.5301620517393573,-7,-0.786524677049366,0.8531955716008408,0.9651848652049323,0.016957207651125544,1.0763127160481123,0.060072815533980584,7,False,0.7676809446969277,False,False
咸阳秦都西咸数据中心1号楼J301电力电池机房|01#开关电源蓄电池组|第1组|第1组单体10电池电压|1-J301电池室放电电池数据表.xlsx|DC1|DC1,陕西省,咸阳,中国移动西咸数据中心,咸阳秦都西咸数据中心1号楼站点,咸阳秦都西咸数据中心1号楼J301电力电池机房,铅酸电池,01#开关电源蓄电池组,单体XX电压,第1组单体10电池电压,2025-07-09T00:14:32,1.919,V,1-J301电池室放电电池数据表.xlsx,DC1,1.919,第1组,DC1,12,3267.0,False,1.905,2.353,0.7665452931514922,0,False,False,False,0.25195272987412776,1.1633985254618977,-7,-0.26780304766907026,-0.0727919072956074,0.47514191580388354,0.09768062111561701,1.0763127160481123,0.060072815533980584,7,False,0.9832938910678138,True,False
咸阳秦都西咸数据中心2号楼J301电力电池机房|01#开关电源蓄电池组|第2组|第2组单体7电池电压|2-J301电池室放电电池数据表.xlsx|DC1|DC1,陕西省,咸阳,中国移动西咸数据中心,咸阳秦都西咸数据中心2号楼站点,咸阳秦都西咸数据中心2号楼J301电力电池机房,铅酸电池,01#开关电源蓄电池组,单体XX电压,第2组单体7电池电压,2025-07-11T03:14:09,1.965,V,2-J301电池室放电电池数据表.xlsx,DC1,1.965,第2组,DC1,7,1294.0,False,1.965,2.219,0.6034008936950872,0,False,False,False,0.2517458508863307,1.606160204701774,7,-1.7458466379774085,-0.9011858645640273,0.3167131854102696,0.16602879423349373,1.0763127160481123,0.060072815533980584,7,False,0.9231637833782224,True,False
咸阳秦都西咸数据中心1号楼D203电力电池机房|8#开关电源蓄电池组|第1组|第1组单体11电池电压|1-D203电池室放电电池数据表.xlsx|DC8|DC8,陕西省,咸阳,中国移动西咸数据中心,咸阳秦都西咸数据中心1号楼站点,咸阳秦都西咸数据中心1号楼D203电力电池机房,铅酸电池,8#开关电源蓄电池组,单体XX电压,第1组单体11电池电压,2025-07-11T02:17:11,1.965,V,1-D203电池室放电电池数据表.xlsx,DC8,1.965,第1组,DC8,10,9501.0,False,1.965,2.269,-1.3360017326141762,0,False,False,False,0.2512825086097519,1.7258200586705679,-2,-0.05370378579334467,0.7074137501329776,-0.7611339138542705,0.33890142346666696,1.0763127160481123,0.060072815533980584,7,False,0.9776711053424842,True,False
咸阳秦都西咸数据中心1号楼D203电力电池机房|8#开关电源蓄电池组|第2组|第2组单体19电池电压|1-D203电池室放电电池数据表.xlsx|DC8|DC8,陕西省,咸阳,中国移动西咸数据中心,咸阳秦都西咸数据中心1号楼站点,咸阳秦都西咸数据中心1号楼D203电力电池机房,铅酸电池,8#开关电源蓄电池组,单体XX电压,第2组单体19电池电压,2025-07-11T02:16:31,2.084,V,1-D203电池室放电电池数据表.xlsx,DC8,2.084,第2组,DC8,8,9501.0,False,2.027,2.249,-0.7594730633858908,0,False,False,False,0.25123799487023774,1.623065907498333,-1,-1.311127197419607,0.5499758821590597,-1.265305438038683,-0.06768207965009426,1.0763127160481123,0.060072815533980584,7,False,0.9141867097662981,False,False
咸阳秦都西咸数据中心1号楼D303电力电池机房|6#开关电源蓄电池组|第1组|第1组单体13电池电压|1-D303电池室放电电池数据表.xlsx|DC6|DC6,陕西省,咸阳,中国移动西咸数据中心,咸阳秦都西咸数据中心1号楼站点,咸阳秦都西咸数据中心1号楼D303电力电池机房,铅酸电池,6#开关电源蓄电池组,单体XX电压,第1组单体13电池电压,2025-07-10T02:30:59,2.129,V,1-D303电池室放电电池数据表.xlsx,DC6,2.129,第1组,DC6,10,9011.0,False,1.837,2.129,0.03996969472040124,0,False,False,False,0.2510716004344238,0.8700557081312249,7,-1.080843113837963,-0.34026922686590855,0.5664754003632883,0.39141189487787154,1.0763127160481123,0.060072815533980584,7,False,-0.08833565873114065,False,False
咸阳秦都西咸数据中心1号楼J301电力电池机房|12#开关电源蓄电池组|第1组|第1组单体15电池电压|1-J301电池室放电电池数据表.xlsx|DC12|DC12,陕西省,咸阳,中国移动西咸数据中心,咸阳秦都西咸数据中心1号楼站点,咸阳秦都西咸数据中心1号楼J301电力电池机房,铅酸电池,12#开关电源蓄电池组,单体XX电压,第1组单体15电池电压,2025-07-08T02:40:39,1.957,V,1-J301电池室放电电池数据表.xlsx,DC12,1.957,第1组,DC12,6,1238.0,False,1.899,2.14,0.12720571243874862,0,False,False,False,0.25095981764173014,1.5311138949737926,7,-1.3158210546380609,-1.3656969545021025,0.25032827017874015,0.24709430470503832,1.0763127160481123,0.060072815533980584,7,False,0.9797606981533555,True,False
咸阳秦都西咸数据中心1号楼D203电力电池机房|3#开关电源蓄电池组|第2组|第2组单体14电池电压|1-D203电池室放电电池数据表.xlsx|DC3|DC3,陕西省,咸阳,中国移动西咸数据中心,咸阳秦都西咸数据中心1号楼站点,咸阳秦都西咸数据中心1号楼D203电力电池机房,铅酸电池,3#开关电源蓄电池组,单体XX电压,第2组单体14电池电压,2025-07-11T01:13:21,2.107,V,1-D203电池室放电电池数据表.xlsx,DC3,2.107,第2组,DC3,11,7151.0,False,1.983,2.231,-0.9368251489292481,0,False,False,False,0.2508648565102711,0.8506463971494354,6,-0.6639387343306317,0.08023472409301871,0.38824170128286384,0.017331780353551124,1.0763127160481123,0.060072815533980584,7,False,0.9605054402211363,True,False
咸阳秦都西咸数据中心1号楼D301电力电池机房|4#开关电源蓄电池组|第1组|第1组单体17电池电压|1-D301电池室放电电池数据表.xlsx|DC4|DC4,陕西省,咸阳,中国移动西咸数据中心,咸阳秦都西咸数据中心1号楼站点,咸阳秦都西咸数据中心1号楼D301电力电池机房,铅酸电池,4#开关电源蓄电池组,单体XX电压,第1组单体17电池电压,2025-07-08T01:54:17,2.238,V,1-D301电池室放电电池数据表.xlsx,DC4,2.238,第1组,DC4,7,1371.0,False,2.071,2.251,-0.41143154572585633,0,False,False,False,0.25080567360470585,1.8962877349194616,1,-1.873020594569824,0.1751536475453356,-1.4366500117092522,-0.2894626940438697,1.0763127160481123,0.060072815533980584,7,False,0.9169843504576785,False,False
咸阳秦都西咸数据中心1号楼D303电力电池机房|5#开关电源蓄电池组|第2组|第2组单体4电池电压|1-D303电池室放电电池数据表.xlsx|DC5|DC5,陕西省,咸阳,中国移动西咸数据中心,咸阳秦都西咸数据中心1号楼站点,咸阳秦都西咸数据中心1号楼D303电力电池机房,铅酸电池,5#开关电源蓄电池组,单体XX电压,第2组单体4电池电压,2025-07-10T02:06:38,1.95,V,1-D303电池室放电电池数据表.xlsx,DC5,1.95,第2组,DC5,9,7572.0,False,1.95,2.176,-0.13697912661418665,0,False,False,False,0.25053349761925614,1.0678787522403987,7,-1.5502258920732552,-0.12072403373168993,0.6260463993085089,0.15244100249581707,1.0763127160481123,0.060072815533980584,7,False,0.09360147209594258,False,False
咸阳秦都西咸数据中心1号楼D303电力电池机房|6#开关电源蓄电池组|第1组|第1组单体19电池电压|1-D303电池室放电电池数据表.xlsx|DC6|DC6,陕西省,咸阳,中国移动西咸数据中心,咸阳秦都西咸数据中心1号楼站点,咸阳秦都西咸数据中心1号楼D303电力电池机房,铅酸电池,6#开关电源蓄电池组,单体XX电压,第1组单体19电池电压,2025-07-10T02:30:46,2.109,V,1-D303电池室放电电池数据表.xlsx,DC6,2.109,第1组,DC6,11,9235.0,False,1.917,2.219,0.005074340050568504,0,False,False,False,0.2502059458694009,0.8415395591132521,7,-1.0003759190169075,-0.03749770008994241,0.6539015863388608,0.39186214951168385,1.0763127160481123,0.060072815533980584,7,False,-0.10511650668552469,False,False
咸阳秦都西咸数据中心1号楼J301电力电池机房|12#开关电源蓄电池组|第2组|第2组单体21电池电压|1-J301电池室放电电池数据表.xlsx|DC12|DC12,陕西省,咸阳,中国移动西咸数据中心,咸阳秦都西咸数据中心1号楼站点,咸阳秦都西咸数据中心1号楼J301电力电池机房,铅酸电池,12#开关电源蓄电池组,单体XX电压,第2组单体21电池电压,2025-07-08T03:01:00,2.213,V,1-J301电池室放电电池数据表.xlsx,DC12,2.213,第2组,DC12,6,1238.0,False,2.082,2.331,-0.8389602151505955,0,False,False,False,0.24987533549628552,1.8531784494701002,0,-0.865892113415899,0.16696278243589527,-1.7210557254351575,-0.024164114160753605,1.0763127160481123,0.060072815533980584,7,False,0.3217686863188028,False,False
咸阳秦都西咸数据中心1号楼D303电力电池机房|5#开关电源蓄电池组|第2组|第2组单体13电池电压|1-D303电池室放电电池数据表.xlsx|DC5|DC5,陕西省,咸阳,中国移动西咸数据中心,咸阳秦都西咸数据中心1号楼站点,咸阳秦都西咸数据中心1号楼D303电力电池机房,铅酸电池,5#开关电源蓄电池组,单体XX电压,第2组单体13电池电压,2025-07-10T02:06:38,2.059,V,1-D303电池室放电电池数据表.xlsx,DC5,2.059,第2组,DC5,10,7576.0,False,2.024,2.404,-1.2220342941818094,0,False,False,False,0.2498636156466658,2.1815621166647445,-7,0.6106747897818192,0.9431445905553815,0.9912483536154255,0.051641205425646264,1.0763127160481123,0.060072815533980584,7,False,0.7276074429605023,False,False
咸阳秦都西咸数据中心1号楼J301电力电池机房|09#开关电源蓄电池组|第2组|第2组单体21电池电压|1-J301电池室放电电池数据表.xlsx|DC9|DC9,陕西省,咸阳,中国移动西咸数据中心,咸阳秦都西咸数据中心1号楼站点,咸阳秦都西咸数据中心1号楼J301电力电池机房,铅酸电池,09#开关电源蓄电池组,单体XX电压,第2组单体21电池电压,2025-07-09T02:13:29,2.008,V,1-J301电池室放电电池数据表.xlsx,DC9,2.008,第2组,DC9,8,1412.0,False,2.008,2.267,-0.3595182346218916,0,False,False,False,0.2498450735300773,2.001726068335919,0,-1.0754354271720405,-0.17805484347166078,-1.9278070932692404,-0.3479948832113806,1.0763127160481123,0.060072815533980584,7,False,0.8236130854515503,False,False
咸阳秦都西咸数据中心1号楼D203电力电池机房|8#开关电源蓄电池组|第2组|第2组单体5电池电压|1-D203电池室放电电池数据表.xlsx|DC8|DC8,陕西省,咸阳,中国移动西咸数据中心,咸阳秦都西咸数据中心1号楼站点,咸阳秦都西咸数据中心1号楼D203电力电池机房,铅酸电池,8#开关电源蓄电池组,单体XX电压,第2组单体5电池电压,2025-07-11T02:16:40,2.027,V,1-D203电池室放电电池数据表.xlsx,DC8,2.027,第2组,DC8,10,9501.0,False,1.976,2.258,-1.136812018123505,0,False,False,False,0.24970792748767365,1.7072919675954583,-1,-0.4165276256892265,0.6873160334849271,-1.1904172959671948,0.0036924021426122944,1.0763127160481123,0.060072815533980584,7,False,0.9424707548185868,True,False
咸阳秦都西咸数据中心1号楼D201电力电池机房|1#开关电源蓄电池组|第2组|第2组单体24电池电压|1-D201电池室放电电池数据表.xlsx|DC1|DC1,陕西省,咸阳,中国移动西咸数据中心,咸阳秦都西咸数据中心1号楼站点,咸阳秦都西咸数据中心1号楼D201电力电池机房,铅酸电池,1#开关电源蓄电池组,单体XX电压,第2组单体24电池电压,2025-07-08T00:27:49,2.06,V,1-D201电池室放电电池数据表.xlsx,DC1,2.06,第2组,DC1,7,2015.0,False,2.004,2.242,-0.33319124875012895,0,False,False,False,0.24925909540163146,0.8790108809788593,7,-1.0937004138000739,-0.468208898199989,0.4413721811555499,-0.46755486798904655,1.0763127160481123,0.060072815533980584,7,False,0.5591282739416554,False,False
咸阳秦都西咸数据中心1号楼D201电力电池机房|4#开关电源蓄电池组|第2组|第2组单体21电池电压|1-D201电池室放电电池数据表.xlsx|DC4|DC4,陕西省,咸阳,中国移动西咸数据中心,咸阳秦都西咸数据中心1号楼站点,咸阳秦都西咸数据中心1号楼D201电力电池机房,铅酸电池,4#开关电源蓄电池组,单体XX电压,第2组单体21电池电压,2025-07-08T00:48:14,2.03,V,1-D201电池室放电电池数据表.xlsx,DC4,2.03,第2组,DC4,11,1304.0,False,1.859,2.242,0.40059922475596793,0,False,False,False,0.24891372354901706,1.5979407156611063,7,-0.2746039137381979,-1.3683594215347838,0.21936106779141684,0.4645977264977569,1.0763127160481123,0.060072815533980584,7,False,0.9967275010309565,True,False
咸阳秦都西咸数据中心1号楼D301电力电池机房|1#开关电源蓄电池组|第1组|第1组单体14电池电压|1-D301电池室放电电池数据表.xlsx|DC1|DC1,陕西省,咸阳,中国移动西咸数据中心,咸阳秦都西咸数据中心1号楼站点,咸阳秦都西咸数据中心1号楼D301电力电池机房,铅酸电池,1#开关电源蓄电池组,单体XX电压,第1组单体14电池电压,2025-07-08T01:36:23,2.244,V,1-D301电池室放电电池数据表.xlsx,DC1,2.244,第1组,DC1,8,1384.0,True,2.168,2.328,0.09225663956496077,0,False,False,False,0.24874579091167837,2.152581257016007,7,-2.6780261468959976,0.21937496533438314,0.6279505185751703,-0.4345222557389433,1.0763127160481123,0.060072815533980584,7,False,0.697790995004742,False,False
咸阳秦都西咸数据中心1号楼D201电力电池机房|1#开关电源蓄电池组|第2组|第2组单体8电池电压|1-D201电池室放电电池数据表.xlsx|DC1|DC1,陕西省,咸阳,中国移动西咸数据中心,咸阳秦都西咸数据中心1号楼站点,咸阳秦都西咸数据中心1号楼D201电力电池机房,铅酸电池,1#开关电源蓄电池组,单体XX电压,第2组单体8电池电压,2025-07-08T00:28:12,2.216,V,1-D201电池室放电电池数据表.xlsx,DC1,2.216,第2组,DC1,7,1296.0,False,1.928,2.216,0.38145932383847286,0,False,False,False,0.24874025967266056,1.4762862041273406,7,-1.1718098394193954,-1.1908699032332073,0.2993676979891526,0.47980352588392794,1.0763127160481123,0.060072815533980584,7,False,0.9988818856169214,True,False
咸阳秦都西咸数据中心1号楼J301电力电池机房|14#开关电源蓄电池组|第2组|第2组单体9电池电压|1-J301电池室放电电池数据表.xlsx|DC14|DC14,陕西省,咸阳,中国移动西咸数据中心,咸阳秦都西咸数据中心1号楼站点,咸阳秦都西咸数据中心1号楼J301电力电池机房,铅酸电池,14#开关电源蓄电池组,单体XX电压,第2组单体9电池电压,2025-07-08T03:20:16,2.431,V,1-J301电池室放电电池数据表.xlsx,DC14,2.431,第2组,DC14,8,1500.0,False,2.115,2.431,-0.41041559567245545,0,False,False,False,0.24852953716329484,0.7362642966571522,-7,-0.46992325183865913,0.059452097941855686,0.6408876354952644,-0.10465479176807979,1.0763127160481123,0.060072815533980584,7,False,0.7984530045645224,False,False
咸阳秦都西咸数据中心1号楼D201电力电池机房|1#开关电源蓄电池组|第2组|第2组单体23电池电压|1-D201电池室放电电池数据表.xlsx|DC1|DC1,陕西省,咸阳,中国移动西咸数据中心,咸阳秦都西咸数据中心1号楼站点,咸阳秦都西咸数据中心1号楼D201电力电池机房,铅酸电池,1#开关电源蓄电池组,单体XX电压,第2组单体23电池电压,2025-07-08T00:28:07,2.004,V,1-D201电池室放电电池数据表.xlsx,DC1,2.004,第2组,DC1,7,1336.0,False,1.914,2.243,0.5602804761292568,0,False,False,False,0.24849208133119235,1.4269800926033651,7,-0.864199436129824,-1.2237131004704784,0.15540256264520053,-0.15379249898165775,1.0763127160481123,0.060072815533980584,7,False,0.981033518943537,True,False
咸阳秦都西咸数据中心1号楼J301电力电池机房|07#开关电源蓄电池组|第2组|第2组单体17电池电压|1-J301电池室放电电池数据表.xlsx|DC7|DC7,陕西省,咸阳,中国移动西咸数据中心,咸阳秦都西咸数据中心1号楼站点,咸阳秦都西咸数据中心1号楼J301电力电池机房,铅酸电池,07#开关电源蓄电池组,单体XX电压,第2组单体17电池电压,2025-07-09T00:15:41,2.178,V,1-J301电池室放电电池数据表.xlsx,DC7,2.178,第2组,DC7,8,9859.0,False,2.039,2.224,-0.5207708695721481,0,False,False,False,0.24781805833883058,1.23041499071655,7,-1.6416704817520313,0.028147539024000218,0.645213163340593,-0.31725596573998915,1.0763127160481123,0.060072815533980584,7,False,0.9401236083556018,True,False
咸阳秦都西咸数据中心1号楼D203电力电池机房|1#开关电源蓄电池组|第1组|第1组单体18电池电压|1-D203电池室放电电池数据表.xlsx|DC1|DC1,陕西省,咸阳,中国移动西咸数据中心,咸阳秦都西咸数据中心1号楼站点,咸阳秦都西咸数据中心1号楼D203电力电池机房,铅酸电池,1#开关电源蓄电池组,单体XX电压,第1组单体18电池电压,2025-07-11T00:02:51,2.073,V,1-D203电池室放电电池数据表.xlsx,DC1,2.073,第1组,DC1,6,1495.0,False,2.073,2.246,0.3606195747481435,0,False,False,False,0.24778989985043937,1.9081058621142553,7,-2.421209251301902,-0.2612011856879331,0.46438924466968384,-0.34760474575031264,1.0763127160481123,0.060072815533980584,7,False,0.6439775604857947,False,False
咸阳秦都西咸数据中心1号楼D203电力电池机房|5#开关电源蓄电池组|第1组|第1组单体15电池电压|1-D203电池室放电电池数据表.xlsx|DC5|DC5,陕西省,咸阳,中国移动西咸数据中心,咸阳秦都西咸数据中心1号楼站点,咸阳秦都西咸数据中心1号楼D203电力电池机房,铅酸电池,5#开关电源蓄电池组,单体XX电压,第1组单体15电池电压,2025-07-11T01:38:52,2.284,V,1-D203电池室放电电池数据表.xlsx,DC5,2.284,第1组,DC5,6,10173.0,False,2.078,2.284,-0.6049900079410025,0,False,False,False,0.2470720331015084,1.7783059997633341,-7,-2.144765296153701,0.4236177601008655,0.7896999921360415,-0.2665307359224736,1.0763127160481123,0.060072815533980584,7,False,0.3799355669608569,False,False
咸阳秦都西咸数据中心1号楼J301电力电池机房|10#开关电源蓄电池组|第1组|第1组单体16电池电压|1-J301电池室放电电池数据表.xlsx|DC10|DC10,陕西省,咸阳,中国移动西咸数据中心,咸阳秦都西咸数据中心1号楼站点,咸阳秦都西咸数据中心1号楼J301电力电池机房,铅酸电池,10#开关电源蓄电池组,单体XX电压,第1组单体16电池电压,2025-07-09T02:47:14,2.031,V,1-J301电池室放电电池数据表.xlsx,DC10,2.031,第1组,DC10,8,819.0,False,1.943,2.256,0.7171032871809513,0,False,False,False,0.24700754099768935,1.4141941594579182,7,-1.2370877843440615,-0.9323323389325965,0.2164396813166493,-0.2186621824047003,1.0763127160481123,0.060072815533980584,7,False,0.9234071779904285,True,False
咸阳秦都西咸数据中心1号楼J301电力电池机房|06#开关电源蓄电池组|第2组|第2组单体22电池电压|1-J301电池室放电电池数据表.xlsx|DC6|DC6,陕西省,咸阳,中国移动西咸数据中心,咸阳秦都西咸数据中心1号楼站点,咸阳秦都西咸数据中心1号楼J301电力电池机房,铅酸电池,06#开关电源蓄电池组,单体XX电压,第2组单体22电池电压,2025-07-09T01:11:57,2.08,V,1-J301电池室放电电池数据表.xlsx,DC6,2.08,第2组,DC6,9,9928.0,False,1.909,2.219,-0.48119400547721325,0,False,False,False,0.24699245742275427,0.7259187437445103,7,-0.4687793577415603,-0.1107879817173623,0.6135192998463718,-0.036048523741377916,1.0763127160481123,0.060072815533980584,7,False,0.8185209038154677,False,False
咸阳秦都西咸数据中心1号楼D203电力电池机房|3#开关电源蓄电池组|第1组|第1组单体18电池电压|1-D203电池室放电电池数据表.xlsx|DC3|DC3,陕西省,咸阳,中国移动西咸数据中心,咸阳秦都西咸数据中心1号楼站点,咸阳秦都西咸数据中心1号楼D203电力电池机房,铅酸电池,3#开关电源蓄电池组,单体XX电压,第1组单体18电池电压,2025-07-11T01:14:41,2.28,V,1-D203电池室放电电池数据表.xlsx,DC3,2.28,第1组,DC3,6,4090.0,True,2.109,2.308,-0.25368014020991475,0,False,False,False,0.24650268582292498,1.488611323445276,7,-1.8108801986430838,0.46938559876888963,0.7171030876180037,-0.4496191533713303,1.0763127160481123,0.060072815533980584,7,False,0.019889355166124868,False,False
咸阳秦都西咸数据中心1号楼D303电力电池机房|1#开关电源蓄电池组|第2组|第2组单体6电池电压|1-D303电池室放电电池数据表.xlsx|DC1|DC1,陕西省,咸阳,中国移动西咸数据中心,咸阳秦都西咸数据中心1号楼站点,咸阳秦都西咸数据中心1号楼D303电力电池机房,铅酸电池,1#开关电源蓄电池组,单体XX电压,第2组单体6电池电压,2025-07-10T00:28:48,2.283,V,1-D303电池室放电电池数据表.xlsx,DC1,2.283,第2组,DC1,9,1726.0,False,2.053,2.362,-0.5364401181482701,0,False,False,False,0.24631365062817986,0.8403062519473641,-7,-0.33364639817785985,-0.12455076285529734,0.563842599417028,-0.3410793369271863,1.0763127160481123,0.060072815533980584,7,False,0.4381320756008847,False,False
咸阳秦都西咸数据中心1号楼D203电力电池机房|6#开关电源蓄电池组|第1组|第1组单体17电池电压|1-D203电池室放电电池数据表.xlsx|DC6|DC6,陕西省,咸阳,中国移动西咸数据中心,咸阳秦都西咸数据中心1号楼站点,咸阳秦都西咸数据中心1号楼D203电力电池机房,铅酸电池,6#开关电源蓄电池组,单体XX电压,第1组单体17电池电压,2025-07-11T01:51:46,2.018,V,1-D203电池室放电电池数据表.xlsx,DC6,2.018,第1组,DC6,7,6674.0,False,1.98,2.217,0.8370285904713979,0,False,False,False,0.24625783413897911,2.0605164480629994,7,-2.4008231513553815,0.053519560687865564,0.5198587797602304,-0.15775537798769587,1.0763127160481123,0.060072815533980584,7,False,-0.5675940472377325,False,False
咸阳秦都西咸数据中心1号楼J301电力电池机房|13#开关电源蓄电池组|第2组|第2组单体9电池电压|1-J301电池室放电电池数据表.xlsx|DC13|DC13,陕西省,咸阳,中国移动西咸数据中心,咸阳秦都西咸数据中心1号楼站点,咸阳秦都西咸数据中心1号楼J301电力电池机房,铅酸电池,13#开关电源蓄电池组,单体XX电压,第2组单体9电池电压,2025-07-08T03:21:10,2.171,V,1-J301电池室放电电池数据表.xlsx,DC13,2.171,第2组,DC13,9,1256.0,False,1.925,2.264,0.34236831268693085,0,False,False,False,0.246210186137536,1.3418691388719144,7,-0.6411087995350556,-1.1767571181302154,0.27876257604067833,0.3880487775690532,1.0763127160481123,0.060072815533980584,7,False,0.996303220117739,True,False
咸阳秦都西咸数据中心1号楼D201电力电池机房|1#开关电源蓄电池组|第1组|第1组单体4电池电压|1-D201电池室放电电池数据表.xlsx|DC1|DC1,陕西省,咸阳,中国移动西咸数据中心,咸阳秦都西咸数据中心1号楼站点,咸阳秦都西咸数据中心1号楼D201电力电池机房,铅酸电池,1#开关电源蓄电池组,单体XX电压,第1组单体4电池电压,2025-07-08T00:28:12,2.24,V,1-D201电池室放电电池数据表.xlsx,DC1,2.24,第1组,DC1,6,1296.0,False,1.877,2.24,0.328539341530016,0,False,False,False,0.24613155020377522,1.5141407564245484,7,-0.40970532690189027,-1.2786998670909688,0.27645199164127354,0.5796011953676853,1.0763127160481123,0.060072815533980584,7,False,0.8843716264804588,False,False
咸阳秦都西咸数据中心1号楼D203电力电池机房|1#开关电源蓄电池组|第2组|第2组单体22电池电压|1-D203电池室放电电池数据表.xlsx|DC1|DC1,陕西省,咸阳,中国移动西咸数据中心,咸阳秦都西咸数据中心1号楼站点,咸阳秦都西咸数据中心1号楼D203电力电池机房,铅酸电池,1#开关电源蓄电池组,单体XX电压,第2组单体22电池电压,2025-07-11T00:03:17,2.034,V,1-D203电池室放电电池数据表.xlsx,DC1,2.034,第2组,DC1,10,1469.0,False,2.034,2.335,-0.7615164179756369,0,False,False,False,0.24599217173169619,1.8665942337949402,0,-0.4316455257750766,0.14399827761353304,-1.7507509929581406,-0.029197698195178215,1.0763127160481123,0.060072815533980584,7,False,0.9692983307358379,True,False
咸阳秦都西咸数据中心1号楼D203电力电池机房|1#开关电源蓄电池组|第2组|第2组单体4电池电压|1-D203电池室放电电池数据表.xlsx|DC1|DC1,陕西省,咸阳,中国移动西咸数据中心,咸阳秦都西咸数据中心1号楼站点,咸阳秦都西咸数据中心1号楼D203电力电池机房,铅酸电池,1#开关电源蓄电池组,单体XX电压,第2组单体4电池电压,2025-07-11T00:02:55,2.042,V,1-D203电池室放电电池数据表.xlsx,DC1,2.042,第2组,DC1,9,1425.0,False,2.042,2.242,-0.6590725009561138,0,False,False,False,0.24590288232925878,1.665716036204105,-1,-1.4260492051997706,-0.07264489449627257,-1.4317555667696285,0.04604838106569753,1.0763127160481123,0.060072815533980584,7,False,0.9339094148217958,True,False
咸阳秦都西咸数据中心1号楼D203电力电池机房|7#开关电源蓄电池组|第1组|第1组单体21电池电压|1-D203电池室放电电池数据表.xlsx|DC7|DC7,陕西省,咸阳,中国移动西咸数据中心,咸阳秦都西咸数据中心1号楼站点,咸阳秦都西咸数据中心1号楼D203电力电池机房,铅酸电池,7#开关电源蓄电池组,单体XX电压,第1组单体21电池电压,2025-07-11T01:54:08,2.092,V,1-D203电池室放电电池数据表.xlsx,DC7,2.092,第1组,DC7,8,8018.0,False,2.04,2.238,-0.9962098729928524,0,False,False,False,0.24586206698948077,1.4551886127647138,-2,-1.3091024498220616,0.585767327978559,-0.8441620281775477,0.09659384244674862,1.0763127160481123,0.060072815533980584,7,False,0.9001121802199715,False,False
咸阳秦都西咸数据中心1号楼D303电力电池机房|7#开关电源蓄电池组|第1组|第1组单体20电池电压|1-D303电池室放电电池数据表.xlsx|DC7|DC7,陕西省,咸阳,中国移动西咸数据中心,咸阳秦都西咸数据中心1号楼站点,咸阳秦都西咸数据中心1号楼D303电力电池机房,铅酸电池,7#开关电源蓄电池组,单体XX电压,第1组单体20电池电压,2025-07-10T02:55:33,2.162,V,1-D303电池室放电电池数据表.xlsx,DC7,2.162,第1组,DC7,8,10554.0,False,2.09,2.298,-1.2040317061590669,0,False,False,False,0.2455534444277649,1.6520025550788864,-2,-1.1332748648312874,0.9485117464783803,-0.6923901674312958,0.26596176323532017,1.0763127160481123,0.060072815533980584,7,False,0.8552241609719404,False,False
咸阳秦都西咸数据中心1号楼D201电力电池机房|4#开关电源蓄电池组|第2组|第2组单体18电池电压|1-D201电池室放电电池数据表.xlsx|DC4|DC4,陕西省,咸阳,中国移动西咸数据中心,咸阳秦都西咸数据中心1号楼站点,咸阳秦都西咸数据中心1号楼D201电力电池机房,铅酸电池,4#开关电源蓄电池组,单体XX电压,第2组单体18电池电压,2025-07-08T00:37:41,2.289,V,1-D201电池室放电电池数据表.xlsx,DC4,2.289,第2组,DC4,8,1982.0,False,2.022,2.289,-0.46306547367170636,0,False,False,False,0.2454731982504373,1.9485344322814209,0,-1.0141718844579972,0.27865058465319725,-1.8122716985854486,-0.5004362533520362,1.0763127160481123,0.060072815533980584,7,False,0.7381910059013116,False,False
咸阳秦都西咸数据中心1号楼J301电力电池机房|03#开关电源蓄电池组|第2组|第2组单体14电池电压|1-J301电池室放电电池数据表.xlsx|DC3|DC3,陕西省,咸阳,中国移动西咸数据中心,咸阳秦都西咸数据中心1号楼站点,咸阳秦都西咸数据中心1号楼J301电力电池机房,铅酸电池,03#开关电源蓄电池组,单体XX电压,第2组单体14电池电压,2025-07-09T00:31:12,2.164,V,1-J301电池室放电电池数据表.xlsx,DC3,2.164,第2组,DC3,8,1940.0,False,1.928,2.239,0.14628301220688217,0,False,False,False,0.2454720146681471,0.8402124169027636,7,-0.9302924376418236,-0.4500508614531119,0.509102722727682,0.34029663598332327,1.0763127160481123,0.060072815533980584,7,False,0.9963609004650904,True,False
咸阳秦都西咸数据中心1号楼D303电力电池机房|2#开关电源蓄电池组|第2组|第2组单体9电池电压|1-D303电池室放电电池数据表.xlsx|DC2|DC2,陕西省,咸阳,中国移动西咸数据中心,咸阳秦都西咸数据中心1号楼站点,咸阳秦都西咸数据中心1号楼D303电力电池机房,铅酸电池,2#开关电源蓄电池组,单体XX电压,第2组单体9电池电压,2025-07-10T00:32:33,2.094,V,1-D303电池室放电电池数据表.xlsx,DC2,2.094,第2组,DC2,10,3314.0,False,2.041,2.29,-0.9138545349555958,0,False,False,False,0.24546791395174408,1.084404581249583,-3,-0.8822255018639591,0.5328258203894934,-0.5459634085543046,-0.01062827734546469,1.0763127160481123,0.060072815533980584,7,False,0.8185741965337908,False,False
咸阳秦都西咸数据中心1号楼J301电力电池机房|04#开关电源蓄电池组|第2组|第2组单体16电池电压|1-J301电池室放电电池数据表.xlsx|DC4|DC4,陕西省,咸阳,中国移动西咸数据中心,咸阳秦都西咸数据中心1号楼站点,咸阳秦都西咸数据中心1号楼J301电力电池机房,铅酸电池,04#开关电源蓄电池组,单体XX电压,第2组单体16电池电压,2025-07-09T00:47:37,2.134,V,1-J301电池室放电电池数据表.xlsx,DC4,2.134,第2组,DC4,10,5671.0,False,1.563,2.282,0.07892037829749804,0,False,False,False,0.245420863986812,2.112496337225052,-7,-2.6261073361597917,0.2536139346438562,0.6362861087315254,-0.4443087185859498,1.0763127160481123,0.060072815533980584,7,False,0.7478950941215746,False,False
咸阳秦都西咸数据中心1号楼D303电力电池机房|4#开关电源蓄电池组|第2组|第2组单体16电池电压|1-D303电池室放电电池数据表.xlsx|DC4|DC4,陕西省,咸阳,中国移动西咸数据中心,咸阳秦都西咸数据中心1号楼站点,咸阳秦都西咸数据中心1号楼D303电力电池机房,铅酸电池,4#开关电源蓄电池组,单体XX电压,第2组单体16电池电压,2025-07-10T01:20:47,2.033,V,1-D303电池室放电电池数据表.xlsx,DC4,2.033,第2组,DC4,8,6182.0,False,1.946,2.156,-0.1398471637970682,0,False,False,False,0.24526146405116617,1.1831220807716443,7,-1.6646787072453477,-0.2996061425311826,0.593727588618259,0.2409103902286556,1.0763127160481123,0.060072815533980584,7,False,0.1935727000853575,False,False
咸阳秦都西咸数据中心1号楼D303电力电池机房|1#开关电源蓄电池组|第1组|第1组单体9电池电压|1-D303电池室放电电池数据表.xlsx|DC1|DC1,陕西省,咸阳,中国移动西咸数据中心,咸阳秦都西咸数据中心1号楼站点,咸阳秦都西咸数据中心1号楼D303电力电池机房,铅酸电池,1#开关电源蓄电池组,单体XX电压,第1组单体9电池电压,2025-07-10T00:00:02,2.211,V,1-D303电池室放电电池数据表.xlsx,DC1,2.211,第1组,DC1,10,1708.0,False,1.953,2.218,0.24517480546972686,0,False,False,False,0.24495874916207303,1.1236248519650087,7,-1.308860710514897,-0.6618954524196218,0.31703713494354857,-0.46450635298938014,1.0763127160481123,0.060072815533980584,7,False,0.8175882916649814,False,False
咸阳秦都西咸数据中心1号楼J301电力电池机房|13#开关电源蓄电池组|第2组|第2组单体21电池电压|1-J301电池室放电电池数据表.xlsx|DC13|DC13,陕西省,咸阳,中国移动西咸数据中心,咸阳秦都西咸数据中心1号楼站点,咸阳秦都西咸数据中心1号楼J301电力电池机房,铅酸电池,13#开关电源蓄电池组,单体XX电压,第2组单体21电池电压,2025-07-08T03:20:44,1.962,V,1-J301电池室放电电池数据表.xlsx,DC13,1.962,第2组,DC13,6,1238.0,False,1.962,2.193,0.7092521236435747,0,False,False,False,0.24489460830226517,1.8768819234695737,7,-2.0448822479263304,-0.9489518631451642,0.28840912953299086,0.10857772611849967,1.0763127160481123,0.060072815533980584,7,False,0.9903117822673052,True,False
咸阳秦都西咸数据中心1号楼J301电力电池机房|06#开关电源蓄电池组|第2组|第2组单体17电池电压|1-J301电池室放电电池数据表.xlsx|DC6|DC6,陕西省,咸阳,中国移动西咸数据中心,咸阳秦都西咸数据中心1号楼站点,咸阳秦都西咸数据中心1号楼J301电力电池机房,铅酸电池,06#开关电源蓄电池组,单体XX电压,第2组单体17电池电压,2025-07-09T00:14:34,2.334,V,1-J301电池室放电电池数据表.xlsx,DC6,2.334,第2组,DC6,10,9928.0,False,1.927,2.334,-0.886332179770499,0,False,False,False,0.24419159306523872,1.731697896874081,-7,0.6314915626331497,0.29752254431409275,0.7729711707128306,0.10082427120700019,1.0763127160481123,0.060072815533980584,7,False,0.14243643519505414,False,False
咸阳秦都西咸数据中心1号楼D201电力电池机房|4#开关电源蓄电池组|第1组|第1组单体2电池电压|1-D201电池室放电电池数据表.xlsx|DC4|DC4,陕西省,咸阳,中国移动西咸数据中心,咸阳秦都西咸数据中心1号楼站点,咸阳秦都西咸数据中心1号楼D201电力电池机房,铅酸电池,4#开关电源蓄电池组,单体XX电压,第1组单体2电池电压,2025-07-08T00:48:10,2.217,V,1-D201电池室放电电池数据表.xlsx,DC4,2.217,第1组,DC4,9,1304.0,False,1.945,2.23,-0.062233988441659616,0,False,False,False,0.2439791605052941,0.9989003352380741,7,-0.8130611632147946,-0.9628319422687607,0.3445648671034039,0.06281112735466926,1.0763127160481123,0.060072815533980584,7,False,0.979308889956018,True,False
咸阳秦都西咸数据中心1号楼D303电力电池机房|3#开关电源蓄电池组|第1组|第1组单体8电池电压|1-D303电池室放电电池数据表.xlsx|DC3|DC3,陕西省,咸阳,中国移动西咸数据中心,咸阳秦都西咸数据中心1号楼站点,咸阳秦都西咸数据中心1号楼D303电力电池机房,铅酸电池,3#开关电源蓄电池组,单体XX电压,第1组单体8电池电压,2025-07-10T00:57:17,2.147,V,1-D303电池室放电电池数据表.xlsx,DC3,2.147,第1组,DC3,11,4740.0,False,1.877,2.173,0.17143310855465543,0,False,False,False,0.24367948768249212,0.8087320111661453,7,-1.0849556934593565,-0.3979742068905176,0.48715413788452944,0.10787824450807304,1.0763127160481123,0.060072815533980584,7,False,0.30063517534973966,False,False
咸阳秦都西咸数据中心1号楼D203电力电池机房|3#开关电源蓄电池组|第2组|第2组单体17电池电压|1-D203电池室放电电池数据表.xlsx|DC3|DC3,陕西省,咸阳,中国移动西咸数据中心,咸阳秦都西咸数据中心1号楼站点,咸阳秦都西咸数据中心1号楼D203电力电池机房,铅酸电池,3#开关电源蓄电池组,单体XX电压,第2组单体17电池电压,2025-07-11T01:14:32,2.328,V,1-D203电池室放电电池数据表.xlsx,DC3,2.328,第2组,DC3,13,7151.0,False,2.072,2.346,-1.2802423278880826,0,False,False,False,0.2434772042330237,1.6304116375568036,7,-0.22788287960338138,0.5581440905138202,0.9281137958435512,0.13639460847130472,1.0763127160481123,0.060072815533980584,7,False,0.9815476562241016,True,False
咸阳秦都西咸数据中心1号楼D303电力电池机房|1#开关电源蓄电池组|第1组|第1组单体24电池电压|1-D303电池室放电电池数据表.xlsx|DC1|DC1,陕西省,咸阳,中国移动西咸数据中心,咸阳秦都西咸数据中心1号楼站点,咸阳秦都西咸数据中心1号楼D303电力电池机房,铅酸电池,1#开关电源蓄电池组,单体XX电压,第1组单体24电池电压,2025-07-10T00:27:37,2.07,V,1-D303电池室放电电池数据表.xlsx,DC1,2.07,第1组,DC1,10,1748.0,False,2.013,2.301,-0.5651237150128411,0,False,False,False,0.24322930087076422,1.875083787898354,0,-0.7251721063898505,0.2116424958486112,-1.7957346499477675,-0.3151407863852357,1.0763127160481123,0.060072815533980584,7,False,0.9563916421220008,True,False
咸阳秦都西咸数据中心1号楼D303电力电池机房|3#开关电源蓄电池组|第2组|第2组单体14电池电压|1-D303电池室放电电池数据表.xlsx|DC3|DC3,陕西省,咸阳,中国移动西咸数据中心,咸阳秦都西咸数据中心1号楼站点,咸阳秦都西咸数据中心1号楼D303电力电池机房,铅酸电池,3#开关电源蓄电池组,单体XX电压,第2组单体14电池电压,2025-07-10T00:57:35,2.0,V,1-D303电池室放电电池数据表.xlsx,DC3,2.0,第2组,DC3,10,4793.0,False,1.935,2.305,-1.0149031003156688,0,False,False,False,0.24284016874641012,1.7208248578790732,-7,0.5340232523991317,0.1983853459701446,0.7892954942102751,0.25179886556521835,1.0763127160481123,0.060072815533980584,7,False,0.8454914070721743,False,False
咸阳秦都西咸数据中心1号楼D201电力电池机房|2#开关电源蓄电池组|第1组|第1组单体17电池电压|1-D201电池室放电电池数据表.xlsx|DC2|DC2,陕西省,咸阳,中国移动西咸数据中心,咸阳秦都西咸数据中心1号楼站点,咸阳秦都西咸数据中心1号楼D201电力电池机房,铅酸电池,2#开关电源蓄电池组,单体XX电压,第1组单体17电池电压,2025-07-08T00:28:12,2.082,V,1-D201电池室放电电池数据表.xlsx,DC2,2.082,第1组,DC2,6,1310.0,False,2.082,2.257,-0.7508603412074705,0,False,False,False,0.2427397124137931,2.0315653500954323,0,-1.6618260703837253,0.1546676120115029,-1.6943254641343954,0.09634775649187338,1.0763127160481123,0.060072815533980584,7,False,0.12388868858916328,False,False
咸阳秦都西咸数据中心1号楼D303电力电池机房|4#开关电源蓄电池组|第2组|第2组单体17电池电压|1-D303电池室放电电池数据表.xlsx|DC4|DC4,陕西省,咸阳,中国移动西咸数据中心,咸阳秦都西咸数据中心1号楼站点,咸阳秦都西咸数据中心1号楼D303电力电池机房,铅酸电池,4#开关电源蓄电池组,单体XX电压,第2组单体17电池电压,2025-07-10T01:42:11,2.187,V,1-D303电池室放电电池数据表.xlsx,DC4,2.187,第2组,DC4,8,6182.0,False,2.032,2.292,-1.1209613211268674,0,False,False,False,0.24266675138236155,1.1613031244402354,-4,-0.5941768387176936,0.6066449560851193,-0.1175132802981611,0.20670818705431496,1.0763127160481123,0.060072815533980584,7,False,0.8509142532371771,False,False
咸阳秦都西咸数据中心1号楼J301电力电池机房|03#开关电源蓄电池组|第1组|第1组单体1电池电压|1-J301电池室放电电池数据表.xlsx|DC3|DC3,陕西省,咸阳,中国移动西咸数据中心,咸阳秦都西咸数据中心1号楼站点,咸阳秦都西咸数据中心1号楼J301电力电池机房,铅酸电池,03#开关电源蓄电池组,单体XX电压,第1组单体1电池电压,2025-07-09T00:46:32,2.036,V,1-J301电池室放电电池数据表.xlsx,DC3,2.036,第1组,DC3,6,933.0,True,1.926,2.234,0.5089220283232612,0,False,False,False,0.24252450083033184,1.2788378858602338,-7,-1.0853062585322064,-1.003073815354616,0.23208009285919978,-0.14305136527420736,1.0763127160481123,0.060072815533980584,7,False,-0.45582016258321323,False,False
咸阳秦都西咸数据中心1号楼J301电力电池机房|01#开关电源蓄电池组|第2组|第2组单体20电池电压|1-J301电池室放电电池数据表.xlsx|DC1|DC1,陕西省,咸阳,中国移动西咸数据中心,咸阳秦都西咸数据中心1号楼站点,咸阳秦都西咸数据中心1号楼J301电力电池机房,铅酸电池,01#开关电源蓄电池组,单体XX电压,第2组单体20电池电压,2025-07-09T00:26:45,1.901,V,1-J301电池室放电电池数据表.xlsx,DC1,1.901,第2组,DC1,11,3263.0,False,1.894,2.349,0.6847261404596958,0,False,False,False,0.24203358800122865,1.1648629730959468,-7,-0.11768535347893794,0.002899011274024421,0.47347708918081455,-0.08487277618935912,1.0763127160481123,0.060072815533980584,7,False,0.9993492683826403,True,False
咸阳秦都西咸数据中心1号楼J301电力电池机房|14#开关电源蓄电池组|第1组|第1组单体3电池电压|1-J301电池室放电电池数据表.xlsx|DC14|DC14,陕西省,咸阳,中国移动西咸数据中心,咸阳秦都西咸数据中心1号楼站点,咸阳秦都西咸数据中心1号楼J301电力电池机房,铅酸电池,14#开关电源蓄电池组,单体XX电压,第1组单体3电池电压,2025-07-08T03:20:07,2.22,V,1-J301电池室放电电池数据表.xlsx,DC14,2.22,第1组,DC14,6,349.0,True,2.123,2.341,-0.060247669730640774,0,False,False,False,0.2417431499281701,1.652048402166746,-7,-1.8595782388801942,0.7126634750049198,0.7577567553338461,-0.47080321780643886,1.0763127160481123,0.060072815533980584,7,False,0.2859624064934056,False,False
咸阳秦都西咸数据中心1号楼J301电力电池机房|01#开关电源蓄电池组|第1组|第1组单体19电池电压|1-J301电池室放电电池数据表.xlsx|DC1|DC1,陕西省,咸阳,中国移动西咸数据中心,咸阳秦都西咸数据中心1号楼站点,咸阳秦都西咸数据中心1号楼J301电力电池机房,铅酸电池,01#开关电源蓄电池组,单体XX电压,第1组单体19电池电压,2025-07-09T00:26:49,2.012,V,1-J301电池室放电电池数据表.xlsx,DC1,2.012,第1组,DC1,11,3263.0,False,1.904,2.293,-0.8170000488652298,0,False,False,False,0.24141552312383638,1.649161368389023,7,0.6871674687188114,-0.2405778656348111,0.5778340034240549,-0.10536698815134629,1.0763127160481123,0.060072815533980584,7,False,0.48291711450634195,False,False
咸阳秦都西咸数据中心1号楼D303电力电池机房|3#开关电源蓄电池组|第2组|第2组单体3电池电压|1-D303电池室放电电池数据表.xlsx|DC3|DC3,陕西省,咸阳,中国移动西咸数据中心,咸阳秦都西咸数据中心1号楼站点,咸阳秦都西咸数据中心1号楼D303电力电池机房,铅酸电池,3#开关电源蓄电池组,单体XX电压,第2组单体3电池电压,2025-07-10T01:18:49,2.018,V,1-D303电池室放电电池数据表.xlsx,DC3,2.018,第2组,DC3,9,4784.0,False,1.95,2.189,-0.08418492880466208,0,False,False,False,0.24132851945781889,0.9924807707078329,7,-1.4437424576527114,-0.2901204913767706,0.5744346753981067,0.18902059542620034,1.0763127160481123,0.060072815533980584,7,False,0.405270963322692,False,False
咸阳秦都西咸数据中心1号楼D303电力电池机房|6#开关电源蓄电池组|第2组|第2组单体6电池电压|1-D303电池室放电电池数据表.xlsx|DC6|DC6,陕西省,咸阳,中国移动西咸数据中心,咸阳秦都西咸数据中心1号楼站点,咸阳秦都西咸数据中心1号楼D303电力电池机房,铅酸电池,6#开关电源蓄电池组,单体XX电压,第2组单体6电池电压,2025-07-10T02:33:07,2.142,V,1-D303电池室放电电池数据表.xlsx,DC6,2.142,第2组,DC6,14,9769.0,True,2.039,2.284,0.3415816945240437,0,False,False,False,0.24128216823788037,1.471920472280474,7,-1.8556338043023997,-0.28250746049264697,0.40927551568938464,-0.5688150285329439,1.0763127160481123,0.060072815533980584,7,False,-0.5349816955527359,False,False
咸阳秦都西咸数据中心1号楼D203电力电池机房|1#开关电源蓄电池组|第2组|第2组单体9电池电压|1-D203电池室放电电池数据表.xlsx|DC1|DC1,陕西省,咸阳,中国移动西咸数据中心,咸阳秦都西咸数据中心1号楼站点,咸阳秦都西咸数据中心1号楼D203电力电池机房,铅酸电池,1#开关电源蓄电池组,单体XX电压,第2组单体9电池电压,2025-07-11T00:03:13,2.044,V,1-D203电池室放电电池数据表.xlsx,DC1,2.044,第2组,DC1,10,1473.0,False,2.044,2.281,-0.40047639086623166,0,False,False,False,0.24093694567760804,1.7251332947911582,1,-1.2929326400889125,0.06660015513118148,-1.521744402677999,-0.5175579091363257,1.0763127160481123,0.060072815533980584,7,False,0.9941825395079144,True,False
咸阳秦都西咸数据中心1号楼J301电力电池机房|13#开关电源蓄电池组|第1组|第1组单体1电池电压|1-J301电池室放电电池数据表.xlsx|DC13|DC13,陕西省,咸阳,中国移动西咸数据中心,咸阳秦都西咸数据中心1号楼站点,咸阳秦都西咸数据中心1号楼J301电力电池机房,铅酸电池,13#开关电源蓄电池组,单体XX电压,第1组单体1电池电压,2025-07-08T03:01:07,1.902,V,1-J301电池室放电电池数据表.xlsx,DC13,1.902,第1组,DC13,7,1247.0,False,1.902,2.156,0.1996687083006598,0,False,False,False,0.24068165449990683,1.4259534132701976,7,-1.2603989688333515,-1.2769472301028844,0.2202278729338462,-0.024228611978385717,1.0763127160481123,0.060072815533980584,7,False,0.9818376851222808,True,False
咸阳秦都西咸数据中心1号楼D303电力电池机房|2#开关电源蓄电池组|第1组|第1组单体12电池电压|1-D303电池室放电电池数据表.xlsx|DC2|DC2,陕西省,咸阳,中国移动西咸数据中心,咸阳秦都西咸数据中心1号楼站点,咸阳秦都西咸数据中心1号楼D303电力电池机房,铅酸电池,2#开关电源蓄电池组,单体XX电压,第1组单体12电池电压,2025-07-10T00:32:28,1.967,V,1-D303电池室放电电池数据表.xlsx,DC2,1.967,第1组,DC2,6,1963.0,True,1.916,2.115,0.7201405076377358,0,False,False,False,0.2403876872179001,2.130965712578668,7,-2.5575774656111903,-0.12297138102865149,0.4899068596077196,-0.15940115076323094,1.0763127160481123,0.060072815533980584,7,False,0.7548312305065067,False,False
咸阳秦都西咸数据中心1号楼J301电力电池机房|06#开关电源蓄电池组|第2组|第2组单体21电池电压|1-J301电池室放电电池数据表.xlsx|DC6|DC6,陕西省,咸阳,中国移动西咸数据中心,咸阳秦都西咸数据中心1号楼站点,咸阳秦都西咸数据中心1号楼J301电力电池机房,铅酸电池,06#开关电源蓄电池组,单体XX电压,第2组单体21电池电压,2025-07-09T01:12:36,1.973,V,1-J301电池室放电电池数据表.xlsx,DC6,1.973,第2组,DC6,10,9928.0,False,1.922,2.339,-0.9503637083953815,0,False,False,False,0.24021511268143242,1.9270921163298038,-7,0.8249768637743367,0.3242069403607457,0.7935699932889668,0.16310338613615485,1.0763127160481123,0.060072815533980584,7,False,0.12792609728873938,False,False
咸阳秦都西咸数据中心1号楼D303电力电池机房|5#开关电源蓄电池组|第2组|第2组单体2电池电压|1-D303电池室放电电池数据表.xlsx|DC5|DC5,陕西省,咸阳,中国移动西咸数据中心,咸阳秦都西咸数据中心1号楼站点,咸阳秦都西咸数据中心1号楼D303电力电池机房,铅酸电池,5#开关电源蓄电池组,单体XX电压,第2组单体2电池电压,2025-07-10T01:45:18,2.088,V,1-D303电池室放电电池数据表.xlsx,DC5,2.088,第2组,DC5,9,7572.0,False,1.975,2.277,-1.2289546113725736,0,False,False,False,0.24004366421472656,1.6085236340221627,-2,-0.15910899694617409,0.685305226369912,-0.790759309951713,0.26333293220449194,1.0763127160481123,0.060072815533980584,7,False,0.9541877308054495,True,False
咸阳秦都西咸数据中心1号楼D201电力电池机房|4#开关电源蓄电池组|第2组|第2组单体20电池电压|1-D201电池室放电电池数据表.xlsx|DC4|DC4,陕西省,咸阳,中国移动西咸数据中心,咸阳秦都西咸数据中心1号楼站点,咸阳秦都西咸数据中心1号楼D201电力电池机房,铅酸电池,4#开关电源蓄电池组,单体XX电压,第2组单体20电池电压,2025-07-08T01:09:45,2.163,V,1-D201电池室放电电池数据表.xlsx,DC4,2.163,第2组,DC4,7,1304.0,False,1.997,2.295,-0.6745114542539647,0,False,False,False,0.23995633853654286,1.9351174745413902,0,-0.4472364099839945,-0.2375785301786556,-1.8484904247496234,0.09726756617096494,1.0763127160481123,0.060072815533980584,7,False,0.03509903839903419,False,False
咸阳秦都西咸数据中心2号楼J301电力电池机房|01#开关电源蓄电池组|第2组|第2组单体8电池电压|2-J301电池室放电电池数据表.xlsx|DC1|DC1,陕西省,咸阳,中国移动西咸数据中心,咸阳秦都西咸数据中心2号楼站点,咸阳秦都西咸数据中心2号楼J301电力电池机房,铅酸电池,01#开关电源蓄电池组,单体XX电压,第2组单体8电池电压,2025-07-11T03:14:09,1.969,V,2-J301电池室放电电池数据表.xlsx,DC1,1.969,第2组,DC1,7,1304.0,False,1.969,2.321,0.12347715099815915,0,False,False,False,0.23982247593844813,1.165901253576816,7,-0.4154146135527593,-0.8816168557962579,0.4110706166299423,0.5540200637733281,1.0763127160481123,0.060072815533980584,7,False,0.922286056592524,True,False
咸阳秦都西咸数据中心1号楼J301电力电池机房|01#开关电源蓄电池组|第1组|第1组单体6电池电压|1-J301电池室放电电池数据表.xlsx|DC1|DC1,陕西省,咸阳,中国移动西咸数据中心,咸阳秦都西咸数据中心1号楼站点,咸阳秦都西咸数据中心1号楼J301电力电池机房,铅酸电池,01#开关电源蓄电池组,单体XX电压,第1组单体6电池电压,2025-07-09T00:14:32,1.932,V,1-J301电池室放电电池数据表.xlsx,DC1,1.932,第1组,DC1,10,3263.0,False,1.912,2.292,0.5402153428588852,0,False,False,False,0.23932789945536856,0.8839557445567882,-7,-0.685797131962644,-0.12706334697255323,0.47673814478711907,-0.05591710985291169,1.0763127160481123,0.060072815533980584,7,False,0.9830336999257635,True,False
咸阳秦都西咸数据中心1号楼J301电力电池机房|05#开关电源蓄电池组|第1组|第1组单体6电池电压|1-J301电池室放电电池数据表.xlsx|DC5|DC5,陕西省,咸阳,中国移动西咸数据中心,咸阳秦都西咸数据中心1号楼站点,咸阳秦都西咸数据中心1号楼J301电力电池机房,铅酸电池,05#开关电源蓄电池组,单体XX电压,第1组单体6电池电压,2025-07-09T03:00:00,2.226,V,1-J301电池室放电电池数据表.xlsx,DC5,2.226,第1组,DC5,8,7778.0,False,1.995,2.229,-0.015352499134213105,0,False,False,False,0.2390857411319402,1.2102463097836975,-7,-1.6724973147058333,0.17609356358794384,0.6650188065103404,-0.04358992981965623,1.0763127160481123,0.060072815533980584,7,False,0.9218592884317268,True,False
咸阳秦都西咸数据中心2号楼J301电力电池机房|01#开关电源蓄电池组|第2组|第2组单体11电池电压|2-J301电池室放电电池数据表.xlsx|DC1|DC1,陕西省,咸阳,中国移动西咸数据中心,咸阳秦都西咸数据中心2号楼站点,咸阳秦都西咸数据中心2号楼J301电力电池机房,铅酸电池,01#开关电源蓄电池组,单体XX电压,第2组单体11电池电压,2025-07-11T03:14:29,2.152,V,2-J301电池室放电电池数据表.xlsx,DC1,2.152,第2组,DC1,7,1294.0,False,1.903,2.152,0.6257691318313325,0,False,False,False,0.23849995911092187,1.802601472171967,7,-1.7223307349560324,-1.2502807322189344,0.22127743852904364,0.20427388098323032,1.0763127160481123,0.060072815533980584,7,False,0.9200685590010211,True,False
咸阳秦都西咸数据中心1号楼J301电力电池机房|08#开关电源蓄电池组|第2组|第2组单体12电池电压|1-J301电池室放电电池数据表.xlsx|DC8|DC8,陕西省,咸阳,中国移动西咸数据中心,咸阳秦都西咸数据中心1号楼站点,咸阳秦都西咸数据中心1号楼J301电力电池机房,铅酸电池,08#开关电源蓄电池组,单体XX电压,第2组单体12电池电压,2025-07-09T02:12:37,2.066,V,1-J301电池室放电电池数据表.xlsx,DC8,2.066,第2组,DC8,8,4132.0,True,1.918,2.236,-0.07492523465028891,0,False,False,False,0.23842388046205076,0.6303815344305387,-7,-0.7193731869880491,-0.1377600470529033,0.5897223245163827,0.1523937300657802,1.0763127160481123,0.060072815533980584,7,False,-0.15212858077370298,False,False
咸阳秦都西咸数据中心1号楼D301电力电池机房|2#开关电源蓄电池组|第2组|第2组单体15电池电压|1-D301电池室放电电池数据表.xlsx|DC2|DC2,陕西省,咸阳,中国移动西咸数据中心,咸阳秦都西咸数据中心1号楼站点,咸阳秦都西咸数据中心1号楼D301电力电池机房,铅酸电池,2#开关电源蓄电池组,单体XX电压,第2组单体15电池电压,2025-07-08T01:54:56,2.105,V,1-D301电池室放电电池数据表.xlsx,DC2,2.105,第2组,DC2,9,1579.0,False,2.062,2.41,-0.6854482194383704,0,False,False,False,0.23806851198237294,0.982320111559851,7,-0.14407429547512518,-0.26653713817773744,0.5937928968961728,0.001665415311829177,1.0763127160481123,0.060072815533980584,7,False,0.7332914584513599,False,False
咸阳秦都西咸数据中心1号楼D303电力电池机房|5#开关电源蓄电池组|第2组|第2组单体10电池电压|1-D303电池室放电电池数据表.xlsx|DC5|DC5,陕西省,咸阳,中国移动西咸数据中心,咸阳秦都西咸数据中心1号楼站点,咸阳秦都西咸数据中心1号楼D303电力电池机房,铅酸电池,5#开关电源蓄电池组,单体XX电压,第2组单体10电池电压,2025-07-10T02:06:38,1.936,V,1-D303电池室放电电池数据表.xlsx,DC5,1.936,第2组,DC5,8,7572.0,False,1.936,2.194,-1.0126978417533608,0,False,False,False,0.23804222278629342,1.293675910936939,-2,-0.635941355044518,0.24214442376775522,-0.9375390643575949,0.21908039355237244,1.0763127160481123,0.060072815533980584,7,False,0.9630046695914473,True,False
咸阳秦都西咸数据中心1号楼J301电力电池机房|01#开关电源蓄电池组|第1组|第1组单体14电池电压|1-J301电池室放电电池数据表.xlsx|DC1|DC1,陕西省,咸阳,中国移动西咸数据中心,咸阳秦都西咸数据中心1号楼站点,咸阳秦都西咸数据中心1号楼J301电力电池机房,铅酸电池,01#开关电源蓄电池组,单体XX电压,第1组单体14电池电压,2025-07-09T00:28:58,2.147,V,1-J301电池室放电电池数据表.xlsx,DC1,2.147,第1组,DC1,10,3263.0,False,1.903,2.276,0.7040225860345113,0,False,False,False,0.23769943497109164,1.0338911015133425,-7,-0.8449796030317986,-0.2750407208755568,0.4027187792668798,-0.15041735999942663,1.0763127160481123,0.060072815533980584,7,False,0.9786150633021162,True,False
咸阳秦都西咸数据中心1号楼J301电力电池机房|05#开关电源蓄电池组|第1组|第1组单体12电池电压|1-J301电池室放电电池数据表.xlsx|DC5|DC5,陕西省,咸阳,中国移动西咸数据中心,咸阳秦都西咸数据中心1号楼站点,咸阳秦都西咸数据中心1号楼J301电力电池机房,铅酸电池,05#开关电源蓄电池组,单体XX电压,第1组单体12电池电压,2025-07-09T00:50:26,2.013,V,1-J301电池室放电电池数据表.xlsx,DC5,2.013,第1组,DC5,7,7778.0,False,1.96,2.194,0.2609319518488242,0,False,False,False,0.23612095492831292,1.3875379973576347,-7,-1.8532779547769211,-0.033692906679141266,0.5265562074691215,-0.3410581633749995,1.0763127160481123,0.060072815533980584,7,False,0.9306644884696604,True,False
咸阳秦都西咸数据中心1号楼J301电力电池机房|11#开关电源蓄电池组|第1组|第1组单体5电池电压|1-J301电池室放电电池数据表.xlsx|DC11|DC11,陕西省,咸阳,中国移动西咸数据中心,咸阳秦都西咸数据中心1号楼站点,咸阳秦都西咸数据中心1号楼J301电力电池机房,铅酸电池,11#开关电源蓄电池组,单体XX电压,第1组单体5电池电压,2025-07-08T02:15:55,2.284,V,1-J301电池室放电电池数据表.xlsx,DC11,2.284,第1组,DC11,6,1543.0,False,2.022,2.284,-0.3902063907288976,0,False,False,False,0.23597525202576553,2.012292680097027,0,-1.060410269558485,0.04026345621661398,-1.8948096888764971,-0.5454382457532,1.0763127160481123,0.060072815533980584,7,False,0.8074818521028954,False,False
咸阳秦都西咸数据中心1号楼J301电力电池机房|05#开关电源蓄电池组|第1组|第1组单体18电池电压|1-J301电池室放电电池数据表.xlsx|DC5|DC5,陕西省,咸阳,中国移动西咸数据中心,咸阳秦都西咸数据中心1号楼站点,咸阳秦都西咸数据中心1号楼J301电力电池机房,铅酸电池,05#开关电源蓄电池组,单体XX电压,第1组单体18电池电压,2025-07-09T03:00:00,2.207,V,1-J301电池室放电电池数据表.xlsx,DC5,2.207,第1组,DC5,6,7778.0,False,2.01,2.207,-0.4928787969069536,0,False,False,False,0.23558491050540337,1.0973263267149576,7,-1.5162763198387637,-0.09168350019788372,0.6120557270657343,-0.26968674293443506,1.0763127160481123,0.060072815533980584,7,False,0.20673072893550465,False,False
咸阳秦都西咸数据中心1号楼D203电力电池机房|7#开关电源蓄电池组|第1组|第1组单体4电池电压|1-D203电池室放电电池数据表.xlsx|DC7|DC7,陕西省,咸阳,中国移动西咸数据中心,咸阳秦都西咸数据中心1号楼站点,咸阳秦都西咸数据中心1号楼D203电力电池机房,铅酸电池,7#开关电源蓄电池组,单体XX电压,第1组单体4电池电压,2025-07-11T02:14:32,2.235,V,1-D203电池室放电电池数据表.xlsx,DC7,2.235,第1组,DC7,8,8018.0,False,2.024,2.246,-1.0033608242420828,0,False,False,False,0.23553129375339327,1.4064922271286453,-2,-1.1094685506673325,0.6279535985947072,-0.8451543237056285,0.04603218856785682,1.0763127160481123,0.060072815533980584,7,False,0.9019807851403867,False,False
咸阳秦都西咸数据中心1号楼D201电力电池机房|1#开关电源蓄电池组|第2组|第2组单体19电池电压|1-D201电池室放电电池数据表.xlsx|DC1|DC1,陕西省,咸阳,中国移动西咸数据中心,咸阳秦都西咸数据中心1号楼站点,咸阳秦都西咸数据中心1号楼D201电力电池机房,铅酸电池,1#开关电源蓄电池组,单体XX电压,第2组单体19电池电压,2025-07-08T00:06:36,2.27,V,1-D201电池室放电电池数据表.xlsx,DC1,2.27,第2组,DC1,7,1296.0,False,1.924,2.27,0.08048556128564155,0,False,False,False,0.2354721078640733,1.446195459232813,7,-0.3619113926570456,-1.196464774000241,0.3463675905750413,0.674610553995228,1.0763127160481123,0.060072815533980584,7,False,0.9981327362732885,True,False
咸阳秦都西咸数据中心1号楼J301电力电池机房|08#开关电源蓄电池组|第1组|第1组单体15电池电压|1-J301电池室放电电池数据表.xlsx|DC8|DC8,陕西省,咸阳,中国移动西咸数据中心,咸阳秦都西咸数据中心1号楼站点,咸阳秦都西咸数据中心1号楼J301电力电池机房,铅酸电池,08#开关电源蓄电池组,单体XX电压,第1组单体15电池电压,2025-07-09T02:12:37,2.071,V,1-J301电池室放电电池数据表.xlsx,DC8,2.071,第1组,DC8,7,4132.0,True,1.969,2.239,-0.05836823361715665,0,False,False,False,0.23536035161451227,0.8307151166327862,-7,-1.2188781955192114,-0.030718242621955022,0.6255768128320434,0.11510774465716714,1.0763127160481123,0.060072815533980584,7,False,-0.05103020439286698,False,False
咸阳秦都西咸数据中心1号楼D303电力电池机房|7#开关电源蓄电池组|第2组|第2组单体10电池电压|1-D303电池室放电电池数据表.xlsx|DC7|DC7,陕西省,咸阳,中国移动西咸数据中心,咸阳秦都西咸数据中心1号楼站点,咸阳秦都西咸数据中心1号楼D303电力电池机房,铅酸电池,7#开关电源蓄电池组,单体XX电压,第2组单体10电池电压,2025-07-10T02:55:46,2.153,V,1-D303电池室放电电池数据表.xlsx,DC7,2.153,第2组,DC7,7,10501.0,False,2.052,2.206,-0.7259113021684047,0,False,False,False,0.2353115840061223,1.8877581072889478,-1,-1.929937438180593,0.27338086662370975,-1.2867404872376547,0.19995497674496673,1.0763127160481123,0.060072815533980584,7,False,0.8313159889807719,False,False
咸阳秦都西咸数据中心1号楼D303电力电池机房|3#开关电源蓄电池组|第1组|第1组单体5电池电压|1-D303电池室放电电池数据表.xlsx|DC3|DC3,陕西省,咸阳,中国移动西咸数据中心,咸阳秦都西咸数据中心1号楼站点,咸阳秦都西咸数据中心1号楼D303电力电池机房,铅酸电池,3#开关电源蓄电池组,单体XX电压,第1组单体5电池电压,2025-07-10T01:19:33,2.247,V,1-D303电池室放电电池数据表.xlsx,DC3,2.247,第1组,DC3,9,4771.0,False,2.058,2.312,-0.5858039707446707,0,False,False,False,0.23514520162226948,0.97019409405725,-7,-0.9178590139472655,0.27296414904861055,0.689750215421443,-0.39437267075492255,1.0763127160481123,0.060072815533980584,7,False,0.8519022513025724,False,False
咸阳秦都西咸数据中心1号楼J301电力电池机房|14#开关电源蓄电池组|第1组|第1组单体1电池电压|1-J301电池室放电电池数据表.xlsx|DC14|DC14,陕西省,咸阳,中国移动西咸数据中心,咸阳秦都西咸数据中心1号楼站点,咸阳秦都西咸数据中心1号楼J301电力电池机房,铅酸电池,14#开关电源蓄电池组,单体XX电压,第1组单体1电池电压,2025-07-08T03:28:07,2.075,V,1-J301电池室放电电池数据表.xlsx,DC14,2.075,第1组,DC14,6,1247.0,False,2.075,2.234,-0.5342190509648714,0,False,False,False,0.23507012292610646,2.217672850820156,0,-2.0018609754145054,0.21730385328481863,-1.7415675918961537,-0.18638111563080728,1.0763127160481123,0.060072815533980584,7,False,0.6974976978635341,False,False
咸阳秦都西咸数据中心1号楼J301电力电池机房|09#开关电源蓄电池组|第2组|第2组单体23电池电压|1-J301电池室放电电池数据表.xlsx|DC9|DC9,陕西省,咸阳,中国移动西咸数据中心,咸阳秦都西咸数据中心1号楼站点,咸阳秦都西咸数据中心1号楼J301电力电池机房,铅酸电池,09#开关电源蓄电池组,单体XX电压,第2组单体23电池电压,2025-07-09T02:13:20,2.052,V,1-J301电池室放电电池数据表.xlsx,DC9,2.052,第2组,DC9,8,1918.0,False,1.993,2.252,0.3831278532548816,0,False,False,False,0.23490656467072077,1.2459014949268816,7,-1.5411681281801304,-0.499785225801159,0.3576855550826935,-0.4220676116155119,1.0763127160481123,0.060072815533980584,7,False,0.6473216127526289,False,False
咸阳秦都西咸数据中心1号楼D203电力电池机房|4#开关电源蓄电池组|第1组|第1组单体15电池电压|1-D203电池室放电电池数据表.xlsx|DC4|DC4,陕西省,咸阳,中国移动西咸数据中心,咸阳秦都西咸数据中心1号楼站点,咸阳秦都西咸数据中心1号楼D203电力电池机房,铅酸电池,4#开关电源蓄电池组,单体XX电压,第1组单体15电池电压,2025-07-11T00:00:52,2.269,V,1-D203电池室放电电池数据表.xlsx,DC4,2.269,第1组,DC4,11,7148.0,False,1.961,2.269,-0.8947003879971898,0,False,False,False,0.2348835739198309,1.217184259715374,-7,-0.14507451825857542,0.12301559628691841,0.7680710694870496,0.23180130849661515,1.0763127160481123,0.060072815533980584,7,False,0.8133090517002313,False,False
咸阳秦都西咸数据中心1号楼D203电力电池机房|8#开关电源蓄电池组|第1组|第1组单体21电池电压|1-D203电池室放电电池数据表.xlsx|DC8|DC8,陕西省,咸阳,中国移动西咸数据中心,咸阳秦都西咸数据中心1号楼站点,咸阳秦都西咸数据中心1号楼D203电力电池机房,铅酸电池,8#开关电源蓄电池组,单体XX电压,第1组单体21电池电压,2025-07-11T02:37:50,2.004,V,1-D203电池室放电电池数据表.xlsx,DC8,2.004,第1组,DC8,10,9501.0,False,1.978,2.267,-1.3356741967416217,0,False,False,False,0.23453935248844232,1.6810339421754803,-2,-0.18767072016341746,0.6817395570810713,-0.7523731688048727,0.4146576282434348,1.0763127160481123,0.060072815533980584,7,False,0.9801792296502724,True,False
咸阳秦都西咸数据中心1号楼D303电力电池机房|4#开关电源蓄电池组|第1组|第1组单体9电池电压|1-D303电池室放电电池数据表.xlsx|DC4|DC4,陕西省,咸阳,中国移动西咸数据中心,咸阳秦都西咸数据中心1号楼站点,咸阳秦都西咸数据中心1号楼D303电力电池机房,铅酸电池,4#开关电源蓄电池组,单体XX电压,第1组单体9电池电压,2025-07-10T01:42:06,2.024,V,1-D303电池室放电电池数据表.xlsx,DC4,2.024,第1组,DC4,9,6182.0,False,1.975,2.256,-1.2583154050054215,0,False,False,False,0.2343280171081227,1.5534576607305621,-2,-0.29833469536863555,0.5367571072338544,-0.8077353928982864,0.36805126212245864,1.0763127160481123,0.060072815533980584,7,False,0.6242605745078755,False,False
咸阳秦都西咸数据中心1号楼D201电力电池机房|1#开关电源蓄电池组|第1组|第1组单体1电池电压|1-D201电池室放电电池数据表.xlsx|DC1|DC1,陕西省,咸阳,中国移动西咸数据中心,咸阳秦都西咸数据中心1号楼站点,咸阳秦都西咸数据中心1号楼D201电力电池机房,铅酸电池,1#开关电源蓄电池组,单体XX电压,第1组单体1电池电压,2025-07-08T00:27:49,2.043,V,1-D201电池室放电电池数据表.xlsx,DC1,2.043,第1组,DC1,6,1336.0,False,1.975,2.235,0.23209106819132458,0,False,False,False,0.23416863550614422,1.1681719466115341,7,-1.3168696582567532,-0.8156531588824042,0.2946550269408248,-0.3480801775563981,1.0763127160481123,0.060072815533980584,7,False,0.9537058879097767,True,False
咸阳秦都西咸数据中心1号楼J301电力电池机房|12#开关电源蓄电池组|第1组|第1组单体24电池电压|1-J301电池室放电电池数据表.xlsx|DC12|DC12,陕西省,咸阳,中国移动西咸数据中心,咸阳秦都西咸数据中心1号楼站点,咸阳秦都西咸数据中心1号楼J301电力电池机房,铅酸电池,12#开关电源蓄电池组,单体XX电压,第1组单体24电池电压,2025-07-08T03:02:18,2.223,V,1-J301电池室放电电池数据表.xlsx,DC12,2.223,第1组,DC12,6,1308.0,False,2.016,2.223,0.1479866182550177,0,False,False,False,0.2340653751088509,1.4507185431876202,7,-1.8363942910528932,-0.7171611671315542,0.44373799353925003,0.2438722201901554,1.0763127160481123,0.060072815533980584,7,False,0.9799760655530647,True,False
咸阳秦都西咸数据中心1号楼D203电力电池机房|7#开关电源蓄电池组|第1组|第1组单体13电池电压|1-D203电池室放电电池数据表.xlsx|DC7|DC7,陕西省,咸阳,中国移动西咸数据中心,咸阳秦都西咸数据中心1号楼站点,咸阳秦都西咸数据中心1号楼D203电力电池机房,铅酸电池,7#开关电源蓄电池组,单体XX电压,第1组单体13电池电压,2025-07-11T01:55:10,2.031,V,1-D203电池室放电电池数据表.xlsx,DC7,2.031,第1组,DC7,8,8018.0,False,2.031,2.263,-0.942402246842631,0,False,False,False,0.23401768266470052,1.1765480312259349,-3,-1.0414285085700095,0.6322181889103826,-0.508339016943725,-0.0014978707529047786,1.0763127160481123,0.060072815533980584,7,False,0.9893635542979891,True,False
咸阳秦都西咸数据中心1号楼D303电力电池机房|4#开关电源蓄电池组|第2组|第2组单体2电池电压|1-D303电池室放电电池数据表.xlsx|DC4|DC4,陕西省,咸阳,中国移动西咸数据中心,咸阳秦都西咸数据中心1号楼站点,咸阳秦都西咸数据中心1号楼D303电力电池机房,铅酸电池,4#开关电源蓄电池组,单体XX电压,第2组单体2电池电压,2025-07-10T01:42:15,2.169,V,1-D303电池室放电电池数据表.xlsx,DC4,2.169,第2组,DC4,9,6137.0,False,1.964,2.228,-1.0261387435189306,0,False,False,False,0.23308599794587354,1.593595038167783,-1,-0.6210190901680744,0.4583625676807114,-1.2641266363428338,0.0003618555244794819,1.0763127160481123,0.060072815533980584,7,False,0.8168438300780014,False,False
咸阳秦都西咸数据中心1号楼J301电力电池机房|13#开关电源蓄电池组|第2组|第2组单体17电池电压|1-J301电池室放电电池数据表.xlsx|DC13|DC13,陕西省,咸阳,中国移动西咸数据中心,咸阳秦都西咸数据中心1号楼站点,咸阳秦都西咸数据中心1号楼J301电力电池机房,铅酸电池,13#开关电源蓄电池组,单体XX电压,第2组单体17电池电压,2025-07-08T03:20:53,2.033,V,1-J301电池室放电电池数据表.xlsx,DC13,2.033,第2组,DC13,9,1256.0,False,1.954,2.207,0.3543868600665087,0,False,False,False,0.23293585349256937,1.398347087827914,7,-1.4744812167030603,-1.036373768438617,0.2782800103133183,0.006495965780183854,1.0763127160481123,0.060072815533980584,7,False,0.9921408837609663,True,False
咸阳秦都西咸数据中心1号楼J301电力电池机房|01#开关电源蓄电池组|第1组|第1组单体20电池电压|1-J301电池室放电电池数据表.xlsx|DC1|DC1,陕西省,咸阳,中国移动西咸数据中心,咸阳秦都西咸数据中心1号楼站点,咸阳秦都西咸数据中心1号楼J301电力电池机房,铅酸电池,01#开关电源蓄电池组,单体XX电压,第1组单体20电池电压,2025-07-09T00:29:15,2.161,V,1-J301电池室放电电池数据表.xlsx,DC1,2.161,第1组,DC1,11,3263.0,False,1.886,2.236,0.4789938831996014,0,False,False,False,0.23279413377572528,0.8796757637061023,-7,-0.8276954398776603,-0.40426992878336476,0.40734532273061597,-0.07851013802666912,1.0763127160481123,0.060072815533980584,7,False,0.9813924401537966,True,False
咸阳秦都西咸数据中心1号楼D203电力电池机房|7#开关电源蓄电池组|第2组|第2组单体1电池电压|1-D203电池室放电电池数据表.xlsx|DC7|DC7,陕西省,咸阳,中国移动西咸数据中心,咸阳秦都西咸数据中心1号楼站点,咸阳秦都西咸数据中心1号楼D203电力电池机房,铅酸电池,7#开关电源蓄电池组,单体XX电压,第2组单体1电池电压,2025-07-11T00:00:54,2.3,V,1-D203电池室放电电池数据表.xlsx,DC7,2.3,第2组,DC7,9,8097.0,False,2.053,2.3,-0.9633578605296316,0,False,False,False,0.23224098157908662,1.2542796145725192,-3,-0.8840574890167959,0.8015560844702895,-0.47759622312733274,-0.09517812919674651,1.0763127160481123,0.060072815533980584,7,False,0.9269562730406585,True,False
咸阳秦都西咸数据中心1号楼D203电力电池机房|4#开关电源蓄电池组|第2组|第2组单体23电池电压|1-D203电池室放电电池数据表.xlsx|DC4|DC4,陕西省,咸阳,中国移动西咸数据中心,咸阳秦都西咸数据中心1号楼站点,咸阳秦都西咸数据中心1号楼D203电力电池机房,铅酸电池,4#开关电源蓄电池组,单体XX电压,第2组单体23电池电压,2025-07-11T00:00:52,2.267,V,1-D203电池室放电电池数据表.xlsx,DC4,2.267,第2组,DC4,11,7148.0,False,2.021,2.27,-1.0683973841379248,0,False,False,False,0.23222307760905586,1.0820942068222894,-6,-0.6162221016236549,0.31607163788580017,0.4923882338716395,0.15262311078347882,1.0763127160481123,0.060072815533980584,7,False,0.9111674886246461,False,False
咸阳秦都西咸数据中心1号楼J301电力电池机房|14#开关电源蓄电池组|第1组|第1组单体6电池电压|1-J301电池室放电电池数据表.xlsx|DC14|DC14,陕西省,咸阳,中国移动西咸数据中心,咸阳秦都西咸数据中心1号楼站点,咸阳秦都西咸数据中心1号楼J301电力电池机房,铅酸电池,14#开关电源蓄电池组,单体XX电压,第1组单体6电池电压,2025-07-08T03:28:50,2.08,V,1-J301电池室放电电池数据表.xlsx,DC14,2.08,第1组,DC14,6,1247.0,False,2.08,2.243,-0.5396781625242655,0,False,False,False,0.2321718158713482,2.2011165182895174,0,-1.9692119497342027,0.2662918774466505,-1.7322703633332162,-0.21272855190552925,1.0763127160481123,0.060072815533980584,7,False,0.6850396463582593,False,False
咸阳秦都西咸数据中心1号楼J301电力电池机房|05#开关电源蓄电池组|第1组|第1组单体24电池电压|1-J301电池室放电电池数据表.xlsx|DC5|DC5,陕西省,咸阳,中国移动西咸数据中心,咸阳秦都西咸数据中心1号楼站点,咸阳秦都西咸数据中心1号楼J301电力电池机房,铅酸电池,05#开关电源蓄电池组,单体XX电压,第1组单体24电池电压,2025-07-09T01:06:46,1.966,V,1-J301电池室放电电池数据表.xlsx,DC5,1.966,第1组,DC5,7,7778.0,False,1.966,2.253,0.03913303005095342,0,False,False,False,0.23193699987105326,0.8980190032280843,-7,-1.2222340606250786,0.18208192554028105,0.6549521902888817,0.0064997945260059364,1.0763127160481123,0.060072815533980584,7,False,0.9654359004749437,True,False
咸阳秦都西咸数据中心1号楼J301电力电池机房|08#开关电源蓄电池组|第1组|第1组单体17电池电压|1-J301电池室放电电池数据表.xlsx|DC8|DC8,陕西省,咸阳,中国移动西咸数据中心,咸阳秦都西咸数据中心1号楼站点,咸阳秦都西咸数据中心1号楼J301电力电池机房,铅酸电池,08#开关电源蓄电池组,单体XX电压,第1组单体17电池电压,2025-07-09T01:51:02,2.129,V,1-J301电池室放电电池数据表.xlsx,DC8,2.129,第1组,DC8,10,9862.0,False,1.959,2.225,-0.5289938599793947,0,False,False,False,0.23192324997468236,0.711957200924671,7,-0.7572559455575087,-0.21610784056763493,0.5919700278469736,-0.0756501946332025,1.0763127160481123,0.060072815533980584,7,False,0.7879741501710446,False,False
咸阳秦都西咸数据中心1号楼D203电力电池机房|7#开关电源蓄电池组|第2组|第2组单体5电池电压|1-D203电池室放电电池数据表.xlsx|DC7|DC7,陕西省,咸阳,中国移动西咸数据中心,咸阳秦都西咸数据中心1号楼站点,咸阳秦都西咸数据中心1号楼D203电力电池机房,铅酸电池,7#开关电源蓄电池组,单体XX电压,第2组单体5电池电压,2025-07-11T02:15:07,2.168,V,1-D203电池室放电电池数据表.xlsx,DC7,2.168,第2组,DC7,8,8053.0,False,2.005,2.17,-0.7572138213607739,0,False,False,False,0.23138554584565002,1.826878025571822,-1,-1.801367714081077,0.18952820226961323,-1.3320890271561217,0.06181148576068132,1.0763127160481123,0.060072815533980584,7,False,0.8975609566094125,False,False
咸阳秦都西咸数据中心1号楼D303电力电池机房|4#开关电源蓄电池组|第1组|第1组单体8电池电压|1-D303电池室放电电池数据表.xlsx|DC4|DC4,陕西省,咸阳,中国移动西咸数据中心,咸阳秦都西咸数据中心1号楼站点,咸阳秦都西咸数据中心1号楼D303电力电池机房,铅酸电池,4#开关电源蓄电池组,单体XX电压,第1组单体8电池电压,2025-07-10T01:42:06,2.035,V,1-D303电池室放电电池数据表.xlsx,DC4,2.035,第1组,DC4,8,6182.0,False,2.012,2.285,-0.6868990542047337,0,False,False,False,0.23104811674849235,0.9877139289573191,-7,-0.6711636768861953,0.30128851733641204,0.7219475534725488,-0.28429156505883596,1.0763127160481123,0.060072815533980584,7,False,0.9927717247715974,True,False
咸阳秦都西咸数据中心1号楼J301电力电池机房|05#开关电源蓄电池组|第2组|第2组单体1电池电压|1-J301电池室放电电池数据表.xlsx|DC5|DC5,陕西省,咸阳,中国移动西咸数据中心,咸阳秦都西咸数据中心1号楼站点,咸阳秦都西咸数据中心1号楼J301电力电池机房,铅酸电池,05#开关电源蓄电池组,单体XX电压,第2组单体1电池电压,2025-07-09T00:50:18,2.176,V,1-J301电池室放电电池数据表.xlsx,DC5,2.176,第2组,DC5,8,7782.0,False,1.972,2.221,0.019863378145710875,0,False,False,False,0.23068794264872952,1.1300198444041878,-7,-1.5799232982613485,0.13239751072215736,0.6562403925999222,0.022857751290492306,1.0763127160481123,0.060072815533980584,7,False,-0.704574207489032,False,False
咸阳秦都西咸数据中心1号楼D203电力电池机房|4#开关电源蓄电池组|第1组|第1组单体13电池电压|1-D203电池室放电电池数据表.xlsx|DC4|DC4,陕西省,咸阳,中国移动西咸数据中心,咸阳秦都西咸数据中心1号楼站点,咸阳秦都西咸数据中心1号楼D203电力电池机房,铅酸电池,4#开关电源蓄电池组,单体XX电压,第1组单体13电池电压,2025-07-11T01:36:31,2.001,V,1-D203电池室放电电池数据表.xlsx,DC4,2.001,第1组,DC4,11,7148.0,False,1.928,2.226,-0.7888811388928507,0,False,False,False,0.23047071713743922,1.0198459369814588,-7,-0.2651865544852182,-0.11929885708605949,0.6768320115311788,0.153942258513915,1.0763127160481123,0.060072815533980584,7,False,0.8292874966138412,False,False
咸阳秦都西咸数据中心1号楼D201电力电池机房|2#开关电源蓄电池组|第2组|第2组单体12电池电压|1-D201电池室放电电池数据表.xlsx|DC2|DC2,陕西省,咸阳,中国移动西咸数据中心,咸阳秦都西咸数据中心1号楼站点,咸阳秦都西咸数据中心1号楼D201电力电池机房,铅酸电池,2#开关电源蓄电池组,单体XX电压,第2组单体12电池电压,2025-07-08T00:49:27,2.108,V,1-D201电池室放电电池数据表.xlsx,DC2,2.108,第2组,DC2,8,1562.0,False,2.037,2.266,-0.4039343107994143,0,False,False,False,0.22948464081526332,0.8383654289101596,7,-1.148066716158446,-0.44881095895747425,0.4998863122292776,-0.20667985119006815,1.0763127160481123,0.060072815533980584,7,False,0.9485054755042246,True,False
咸阳秦都西咸数据中心1号楼J301电力电池机房|10#开关电源蓄电池组|第2组|第2组单体8电池电压|1-J301电池室放电电池数据表.xlsx|DC10|DC10,陕西省,咸阳,中国移动西咸数据中心,咸阳秦都西咸数据中心1号楼站点,咸阳秦都西咸数据中心1号楼J301电力电池机房,铅酸电池,10#开关电源蓄电池组,单体XX电压,第2组单体8电池电压,2025-07-09T02:47:05,1.955,V,1-J301电池室放电电池数据表.xlsx,DC10,1.955,第2组,DC10,10,802.0,False,1.955,2.266,0.21282449218430471,0,False,False,False,0.22880265539148173,0.9016933996904617,7,-0.8695769702626592,-0.7430468934567451,0.34696543066463115,-0.08874060953510807,1.0763127160481123,0.060072815533980584,7,False,0.879149781555592,False,False
咸阳秦都西咸数据中心1号楼J301电力电池机房|14#开关电源蓄电池组|第2组|第2组单体16电池电压|1-J301电池室放电电池数据表.xlsx|DC14|DC14,陕西省,咸阳,中国移动西咸数据中心,咸阳秦都西咸数据中心1号楼站点,咸阳秦都西咸数据中心1号楼J301电力电池机房,铅酸电池,14#开关电源蓄电池组,单体XX电压,第2组单体16电池电压,2025-07-08T03:21:08,1.913,V,1-J301电池室放电电池数据表.xlsx,DC14,1.913,第2组,DC14,12,1500.0,False,1.851,2.147,0.13458703096267188,0,False,False,False,0.22841269163781042,0.9376770537729813,-7,-0.9174251251120179,-0.8081099547129154,0.32597306259427494,-0.17790275333140754,1.0763127160481123,0.060072815533980584,7,False,-0.17448348534011984,False,False
咸阳秦都西咸数据中心1号楼J301电力电池机房|04#开关电源蓄电池组|第1组|第1组单体3电池电压|1-J301电池室放电电池数据表.xlsx|DC4|DC4,陕西省,咸阳,中国移动西咸数据中心,咸阳秦都西咸数据中心1号楼站点,咸阳秦都西咸数据中心1号楼J301电力电池机房,铅酸电池,04#开关电源蓄电池组,单体XX电压,第1组单体3电池电压,2025-07-09T00:48:57,2.04,V,1-J301电池室放电电池数据表.xlsx,DC4,2.04,第1组,DC4,8,10307.0,False,1.836,2.245,-0.052244432877637165,0,False,False,False,0.22834091072018942,2.4954624766095077,-7,-3.035460057309513,0.3139116195692583,0.6872337201567269,-0.412278910284377,1.0763127160481123,0.060072815533980584,7,False,0.310239001826373,False,False
咸阳秦都西咸数据中心1号楼D301电力电池机房|4#开关电源蓄电池组|第1组|第1组单体1电池电压|1-D301电池室放电电池数据表.xlsx|DC4|DC4,陕西省,咸阳,中国移动西咸数据中心,咸阳秦都西咸数据中心1号楼站点,咸阳秦都西咸数据中心1号楼D301电力电池机房,铅酸电池,4#开关电源蓄电池组,单体XX电压,第1组单体1电池电压,2025-07-08T01:54:38,2.126,V,1-D301电池室放电电池数据表.xlsx,DC4,2.126,第1组,DC4,6,1302.0,False,2.071,2.249,-0.0819098190784473,0,False,False,False,0.22833208907250552,1.4216458092660882,7,-1.9780696068269414,-0.28996823090982354,0.5224767889641792,-0.22345810708817881,1.0763127160481123,0.060072815533980584,7,False,0.7593424133951416,False,False
咸阳秦都西咸数据中心1号楼D303电力电池机房|1#开关电源蓄电池组|第1组|第1组单体23电池电压|1-D303电池室放电电池数据表.xlsx|DC1|DC1,陕西省,咸阳,中国移动西咸数据中心,咸阳秦都西咸数据中心1号楼站点,咸阳秦都西咸数据中心1号楼D303电力电池机房,铅酸电池,1#开关电源蓄电池组,单体XX电压,第1组单体23电池电压,2025-07-10T00:29:10,2.248,V,1-D303电池室放电电池数据表.xlsx,DC1,2.248,第1组,DC1,10,1748.0,False,1.991,2.248,-0.5362914134710326,0,False,False,False,0.22769014884281202,1.5835609735158962,1,-0.9632824842084342,-0.06399677568327208,-1.5067512797159646,-0.25196969774136635,1.0763127160481123,0.060072815533980584,7,False,0.9728960256649438,True,False
咸阳秦都西咸数据中心1号楼D203电力电池机房|3#开关电源蓄电池组|第2组|第2组单体6电池电压|1-D203电池室放电电池数据表.xlsx|DC3|DC3,陕西省,咸阳,中国移动西咸数据中心,咸阳秦都西咸数据中心1号楼站点,咸阳秦都西咸数据中心1号楼D203电力电池机房,铅酸电池,3#开关电源蓄电池组,单体XX电压,第2组单体6电池电压,2025-07-11T01:13:30,2.197,V,1-D203电池室放电电池数据表.xlsx,DC3,2.197,第2组,DC3,11,7151.0,False,1.99,2.237,-0.9674237601688216,0,False,False,False,0.22756920393024402,0.8944555056548359,6,-0.6615135705820506,0.10028390881178337,0.40977299029622327,0.09106928478035142,1.0763127160481123,0.060072815533980584,7,False,0.9481842876138071,True,False
咸阳秦都西咸数据中心1号楼D303电力电池机房|1#开关电源蓄电池组|第1组|第1组单体4电池电压|1-D303电池室放电电池数据表.xlsx|DC1|DC1,陕西省,咸阳,中国移动西咸数据中心,咸阳秦都西咸数据中心1号楼站点,咸阳秦都西咸数据中心1号楼D303电力电池机房,铅酸电池,1#开关电源蓄电池组,单体XX电压,第1组单体4电池电压,2025-07-10T00:06:45,2.012,V,1-D303电池室放电电池数据表.xlsx,DC1,2.012,第1组,DC1,9,1757.0,False,2.012,2.265,-0.8111889200480493,0,False,False,False,0.2272508695965068,1.523903848788676,1,-0.819901123679698,0.06750597304308217,-1.387513585719757,0.05715638548343624,1.0763127160481123,0.060072815533980584,7,False,0.9499554954001821,True,False
咸阳秦都西咸数据中心1号楼J301电力电池机房|07#开关电源蓄电池组|第2组|第2组单体11电池电压|1-J301电池室放电电池数据表.xlsx|DC7|DC7,陕西省,咸阳,中国移动西咸数据中心,咸阳秦都西咸数据中心1号楼站点,咸阳秦都西咸数据中心1号楼J301电力电池机房,铅酸电池,07#开关电源蓄电池组,单体XX电压,第2组单体11电池电压,2025-07-09T01:50:11,2.107,V,1-J301电池室放电电池数据表.xlsx,DC7,2.107,第2组,DC7,8,9859.0,False,2.042,2.222,-0.6335352677004968,0,False,False,False,0.22659582770372036,1.2337468846000053,7,-1.5952538263835732,0.058300052137185476,0.6803338262731137,-0.23658713020603198,1.0763127160481123,0.060072815533980584,7,False,0.9870521691743069,True,False
咸阳秦都西咸数据中心1号楼D203电力电池机房|3#开关电源蓄电池组|第1组|第1组单体6电池电压|1-D203电池室放电电池数据表.xlsx|DC3|DC3,陕西省,咸阳,中国移动西咸数据中心,咸阳秦都西咸数据中心1号楼站点,咸阳秦都西咸数据中心1号楼D203电力电池机房,铅酸电池,3#开关电源蓄电池组,单体XX电压,第1组单体6电池电压,2025-07-11T01:13:17,2.17,V,1-D203电池室放电电池数据表.xlsx,DC3,2.17,第1组,DC3,6,4090.0,True,2.098,2.31,-0.20318610749069507,0,False,False,False,0.22659313250391533,1.4336410866248381,7,-1.739384132540668,0.47027431677312637,0.7070514000600902,-0.45960949933654915,1.0763127160481123,0.060072815533980584,7,False,0.021989443547807623,False,False
咸阳秦都西咸数据中心1号楼D303电力电池机房|3#开关电源蓄电池组|第1组|第1组单体9电池电压|1-D303电池室放电电池数据表.xlsx|DC3|DC3,陕西省,咸阳,中国移动西咸数据中心,咸阳秦都西咸数据中心1号楼站点,咸阳秦都西咸数据中心1号楼D303电力电池机房,铅酸电池,3#开关电源蓄电池组,单体XX电压,第1组单体9电池电压,2025-07-10T01:18:58,2.215,V,1-D303电池室放电电池数据表.xlsx,DC3,2.215,第1组,DC3,6,1710.0,True,2.092,2.316,0.011873453593139904,0,False,False,False,0.2265512538185834,1.227320431060153,7,-1.6951055277825153,0.03805256748097843,0.5685045381214816,-0.382445392442747,1.0763127160481123,0.060072815533980584,7,False,-0.2515771586143856,False,False
咸阳秦都西咸数据中心1号楼J301电力电池机房|06#开关电源蓄电池组|第2组|第2组单体5电池电压|1-J301电池室放电电池数据表.xlsx|DC6|DC6,陕西省,咸阳,中国移动西咸数据中心,咸阳秦都西咸数据中心1号楼站点,咸阳秦都西咸数据中心1号楼J301电力电池机房,铅酸电池,06#开关电源蓄电池组,单体XX电压,第2组单体5电池电压,2025-07-09T01:12:22,2.151,V,1-J301电池室放电电池数据表.xlsx,DC6,2.151,第2组,DC6,6,6450.0,True,1.914,2.14,0.7301431042148636,0,False,False,False,0.22650402941729753,2.0604579025673906,-7,-2.468796436384744,-0.0903864750540012,0.4905863776206833,-0.18817235542713923,1.0763127160481123,0.060072815533980584,7,False,0.2981581878696241,False,False
咸阳秦都西咸数据中心1号楼J301电力电池机房|09#开关电源蓄电池组|第2组|第2组单体6电池电压|1-J301电池室放电电池数据表.xlsx|DC9|DC9,陕西省,咸阳,中国移动西咸数据中心,咸阳秦都西咸数据中心1号楼站点,咸阳秦都西咸数据中心1号楼J301电力电池机房,铅酸电池,09#开关电源蓄电池组,单体XX电压,第2组单体6电池电压,2025-07-09T02:13:29,2.035,V,1-J301电池室放电电池数据表.xlsx,DC9,2.035,第2组,DC9,6,1247.0,False,2.035,2.361,-0.4523154781822246,0,False,False,False,0.22646483694648026,1.8340778752650733,0,-0.46362543804937134,0.06833488055330508,-1.7999132800209083,0.045479813474585906,1.0763127160481123,0.060072815533980584,7,False,0.0855405346248402,False,False
咸阳秦都西咸数据中心1号楼D203电力电池机房|3#开关电源蓄电池组|第2组|第2组单体12电池电压|1-D203电池室放电电池数据表.xlsx|DC3|DC3,陕西省,咸阳,中国移动西咸数据中心,咸阳秦都西咸数据中心1号楼站点,咸阳秦都西咸数据中心1号楼D203电力电池机房,铅酸电池,3#开关电源蓄电池组,单体XX电压,第2组单体12电池电压,2025-07-11T01:13:26,2.136,V,1-D203电池室放电电池数据表.xlsx,DC3,2.136,第2组,DC3,10,7151.0,False,1.972,2.245,-0.9782933724249572,0,False,False,False,0.22611885129646717,0.9648693749781765,6,-0.4065704081049495,0.07975158941720409,0.4147355900849926,0.19277520270751416,1.0763127160481123,0.060072815533980584,7,False,0.9369497797000935,True,False
咸阳秦都西咸数据中心1号楼D203电力电池机房|4#开关电源蓄电池组|第1组|第1组单体22电池电压|1-D203电池室放电电池数据表.xlsx|DC4|DC4,陕西省,咸阳,中国移动西咸数据中心,咸阳秦都西咸数据中心1号楼站点,咸阳秦都西咸数据中心1号楼D203电力电池机房,铅酸电池,4#开关电源蓄电池组,单体XX电压,第1组单体22电池电压,2025-07-11T01:36:22,2.067,V,1-D203电池室放电电池数据表.xlsx,DC4,2.067,第1组,DC4,10,7148.0,False,2.042,2.294,-1.1896508692351535,0,False,False,False,0.2261145443271943,1.3358126712051352,-3,-0.6422076199620891,0.7132348821554816,-0.4350602302114309,0.1780972078457009,1.0763127160481123,0.060072815533980584,7,False,0.7100937054784775,False,False
咸阳秦都西咸数据中心1号楼J301电力电池机房|01#开关电源蓄电池组|第2组|第2组单体15电池电压|1-J301电池室放电电池数据表.xlsx|DC1|DC1,陕西省,咸阳,中国移动西咸数据中心,咸阳秦都西咸数据中心1号楼站点,咸阳秦都西咸数据中心1号楼J301电力电池机房,铅酸电池,01#开关电源蓄电池组,单体XX电压,第2组单体15电池电压,2025-07-09T00:26:45,1.87,V,1-J301电池室放电电池数据表.xlsx,DC1,1.87,第2组,DC1,11,3263.0,False,1.867,2.227,0.3112331249971398,0,False,False,False,0.22603505662183218,0.7496225934998934,-7,-0.5888126397677848,-0.33463671238070236,0.43703497647722145,-0.11153190080748734,1.0763127160481123,0.060072815533980584,7,False,0.9994559035315396,True,False
咸阳秦都西咸数据中心1号楼D203电力电池机房|8#开关电源蓄电池组|第1组|第1组单体2电池电压|1-D203电池室放电电池数据表.xlsx|DC8|DC8,陕西省,咸阳,中国移动西咸数据中心,咸阳秦都西咸数据中心1号楼站点,咸阳秦都西咸数据中心1号楼D203电力电池机房,铅酸电池,8#开关电源蓄电池组,单体XX电压,第1组单体2电池电压,2025-07-11T00:00:53,2.259,V,1-D203电池室放电电池数据表.xlsx,DC8,2.259,第1组,DC8,10,9501.0,False,2.003,2.26,-1.1277071033507589,0,False,False,False,0.22595724531385694,1.6831050910917502,-1,-0.6805581813180178,0.7409766833549322,-1.1629844952494164,0.041785908545239364,1.0763127160481123,0.060072815533980584,7,False,0.9404129526674868,True,False
咸阳秦都西咸数据中心1号楼D203电力电池机房|5#开关电源蓄电池组|第2组|第2组单体3电池电压|1-D203电池室放电电池数据表.xlsx|DC5|DC5,陕西省,咸阳,中国移动西咸数据中心,咸阳秦都西咸数据中心1号楼站点,咸阳秦都西咸数据中心1号楼D203电力电池机房,铅酸电池,5#开关电源蓄电池组,单体XX电压,第2组单体3电池电压,2025-07-11T00:00:53,2.155,V,1-D203电池室放电电池数据表.xlsx,DC5,2.155,第2组,DC5,15,8558.0,False,1.229,2.38,-0.6975322736889844,0,False,False,False,0.22595656692642113,1.0277009010966687,7,-1.2034370133593488,-0.0025398437527917594,0.7242477659434043,0.1562791787507997,1.0763127160481123,0.060072815533980584,7,False,0.8814173922565635,False,False
咸阳秦都西咸数据中心1号楼D303电力电池机房|3#开关电源蓄电池组|第2组|第2组单体13电池电压|1-D303电池室放电电池数据表.xlsx|DC3|DC3,陕西省,咸阳,中国移动西咸数据中心,咸阳秦都西咸数据中心1号楼站点,咸阳秦都西咸数据中心1号楼D303电力电池机房,铅酸电池,3#开关电源蓄电池组,单体XX电压,第2组单体13电池电压,2025-07-10T01:18:35,1.97,V,1-D303电池室放电电池数据表.xlsx,DC3,1.97,第2组,DC3,10,4736.0,False,1.95,2.219,0.2159998342992216,0,False,False,False,0.22591970512818,0.9976228475709821,7,-1.4300261491458568,-0.16652364980226272,0.5272319280671695,-0.06954674243006807,1.0763127160481123,0.060072815533980584,7,False,0.3692529587920094,False,False
咸阳秦都西咸数据中心1号楼J301电力电池机房|02#开关电源蓄电池组|第1组|第1组单体23电池电压|1-J301电池室放电电池数据表.xlsx|DC2|DC2,陕西省,咸阳,中国移动西咸数据中心,咸阳秦都西咸数据中心1号楼站点,咸阳秦都西咸数据中心1号楼J301电力电池机房,铅酸电池,02#开关电源蓄电池组,单体XX电压,第1组单体23电池电压,2025-07-09T00:28:15,1.978,V,1-J301电池室放电电池数据表.xlsx,DC2,1.978,第1组,DC2,7,1964.0,True,1.889,2.253,0.8760083718737957,0,False,False,False,0.22584951513187018,2.0428198653605016,-3,-1.9038941615120706,1.0635114558353398,-0.608998938055981,-0.03518450035297753,1.0763127160481123,0.060072815533980584,7,False,0.897352221468372,False,False
咸阳秦都西咸数据中心1号楼D203电力电池机房|3#开关电源蓄电池组|第1组|第1组单体16电池电压|1-D203电池室放电电池数据表.xlsx|DC3|DC3,陕西省,咸阳,中国移动西咸数据中心,咸阳秦都西咸数据中心1号楼站点,咸阳秦都西咸数据中心1号楼D203电力电池机房,铅酸电池,3#开关电源蓄电池组,单体XX电压,第1组单体16电池电压,2025-07-11T01:14:41,2.337,V,1-D203电池室放电电池数据表.xlsx,DC3,2.337,第1组,DC3,6,4090.0,True,2.132,2.361,-0.24020597107294872,0,False,False,False,0.22556527973835316,1.5548920007484068,7,-1.6205379314779051,0.780254092752352,0.7861633261800065,-0.5181624879276295,1.0763127160481123,0.060072815533980584,7,False,0.005843983510576878,False,False
咸阳秦都西咸数据中心1号楼J301电力电池机房|03#开关电源蓄电池组|第1组|第1组单体4电池电压|1-J301电池室放电电池数据表.xlsx|DC3|DC3,陕西省,咸阳,中国移动西咸数据中心,咸阳秦都西咸数据中心1号楼站点,咸阳秦都西咸数据中心1号楼J301电力电池机房,铅酸电池,03#开关电源蓄电池组,单体XX电压,第1组单体4电池电压,2025-07-09T00:31:17,2.116,V,1-J301电池室放电电池数据表.xlsx,DC3,2.116,第1组,DC3,9,1940.0,False,1.839,2.207,0.0060724106080857765,0,False,False,False,0.2253864500012689,1.124547423194631,7,-0.21910691135706206,-0.6707639113436343,0.4877157958087355,0.6000023449614978,1.0763127160481123,0.060072815533980584,7,False,0.931821457874896,True,False
咸阳秦都西咸数据中心1号楼J301电力电池机房|02#开关电源蓄电池组|第2组|第2组单体3电池电压|1-J301电池室放电电池数据表.xlsx|DC2|DC2,陕西省,咸阳,中国移动西咸数据中心,咸阳秦都西咸数据中心1号楼站点,咸阳秦都西咸数据中心1号楼J301电力电池机房,铅酸电池,02#开关电源蓄电池组,单体XX电压,第2组单体3电池电压,2025-07-09T00:14:33,2.213,V,1-J301电池室放电电池数据表.xlsx,DC2,2.213,第2组,DC2,11,8581.0,False,1.895,2.242,-0.24161356072896273,0,False,False,False,0.2253494830853607,2.6315202011953143,-7,-3.1799649250948265,0.2716602662516113,0.698099982251857,-0.4517054236843048,1.0763127160481123,0.060072815533980584,7,False,-0.8741069361429065,False,False
咸阳秦都西咸数据中心1号楼J301电力电池机房|01#开关电源蓄电池组|第1组|第1组单体4电池电压|1-J301电池室放电电池数据表.xlsx|DC1|DC1,陕西省,咸阳,中国移动西咸数据中心,咸阳秦都西咸数据中心1号楼站点,咸阳秦都西咸数据中心1号楼J301电力电池机房,铅酸电池,01#开关电源蓄电池组,单体XX电压,第1组单体4电池电压,2025-07-09T00:27:07,2.12,V,1-J301电池室放电电池数据表.xlsx,DC1,2.12,第1组,DC1,10,3272.0,False,1.886,2.316,0.5401989287277849,0,False,False,False,0.2252387259280361,1.0192282053270414,-7,-0.2461917548164081,-0.05962815310491229,0.515249878956462,0.14147895077928765,1.0763127160481123,0.060072815533980584,7,False,0.9752927590995774,True,False
咸阳秦都西咸数据中心1号楼D203电力电池机房|3#开关电源蓄电池组|第2组|第2组单体8电池电压|1-D203电池室放电电池数据表.xlsx|DC3|DC3,陕西省,咸阳,中国移动西咸数据中心,咸阳秦都西咸数据中心1号楼站点,咸阳秦都西咸数据中心1号楼D203电力电池机房,铅酸电池,3#开关电源蓄电池组,单体XX电压,第2组单体8电池电压,2025-07-11T00:00:52,2.257,V,1-D203电池室放电电池数据表.xlsx,DC3,2.257,第2组,DC3,11,7151.0,False,1.974,2.257,-1.0203879466450927,0,False,False,False,0.22521371502463022,1.0463720611469258,6,-0.28464121662668673,0.15924532571082892,0.4242761665075262,0.10051043692105557,1.0763127160481123,0.060072815533980584,7,False,0.953954961512221,True,False
咸阳秦都西咸数据中心1号楼D303电力电池机房|2#开关电源蓄电池组|第2组|第2组单体2电池电压|1-D303电池室放电电池数据表.xlsx|DC2|DC2,陕西省,咸阳,中国移动西咸数据中心,咸阳秦都西咸数据中心1号楼站点,咸阳秦都西咸数据中心1号楼D303电力电池机房,铅酸电池,2#开关电源蓄电池组,单体XX电压,第2组单体2电池电压,2025-07-10T00:32:20,2.038,V,1-D303电池室放电电池数据表.xlsx,DC2,2.038,第2组,DC2,10,3301.0,False,1.971,2.255,-0.9953115792906986,0,False,False,False,0.22506096046263918,1.5901561537448763,-1,-0.42421432393690306,0.3136319210019787,-1.2949997447599257,0.12008258290349164,1.0763127160481123,0.060072815533980584,7,False,0.9712882238176613,True,False
咸阳秦都西咸数据中心1号楼D203电力电池机房|3#开关电源蓄电池组|第2组|第2组单体22电池电压|1-D203电池室放电电池数据表.xlsx|DC3|DC3,陕西省,咸阳,中国移动西咸数据中心,咸阳秦都西咸数据中心1号楼站点,咸阳秦都西咸数据中心1号楼D203电力电池机房,铅酸电池,3#开关电源蓄电池组,单体XX电压,第2组单体22电池电压,2025-07-11T01:13:08,1.946,V,1-D203电池室放电电池数据表.xlsx,DC3,1.946,第2组,DC3,11,7151.0,False,1.942,2.16,-0.6522386657895531,0,False,False,False,0.2250115874729041,0.8974858685549949,7,-1.0498144926087023,-0.43003985765515446,0.5685061154976313,-0.0009526501484523053,1.0763127160481123,0.060072815533980584,7,False,0.9800954542109214,True,False
咸阳秦都西咸数据中心1号楼D303电力电池机房|3#开关电源蓄电池组|第1组|第1组单体18电池电压|1-D303电池室放电电池数据表.xlsx|DC3|DC3,陕西省,咸阳,中国移动西咸数据中心,咸阳秦都西咸数据中心1号楼站点,咸阳秦都西咸数据中心1号楼D303电力电池机房,铅酸电池,3#开关电源蓄电池组,单体XX电压,第1组单体18电池电压,2025-07-10T00:57:22,2.051,V,1-D303电池室放电电池数据表.xlsx,DC3,2.051,第1组,DC3,10,4784.0,False,1.93,2.209,-0.19567385989516484,0,False,False,False,0.22473354002201035,0.7819467599279527,7,-0.9971707302376593,-0.15479203366831862,0.6370049300856868,0.3273656977236563,1.0763127160481123,0.060072815533980584,7,False,0.3321548686016524,False,False
咸阳秦都西咸数据中心1号楼D303电力电池机房|4#开关电源蓄电池组|第1组|第1组单体17电池电压|1-D303电池室放电电池数据表.xlsx|DC4|DC4,陕西省,咸阳,中国移动西咸数据中心,咸阳秦都西咸数据中心1号楼站点,咸阳秦都西咸数据中心1号楼D303电力电池机房,铅酸电池,4#开关电源蓄电池组,单体XX电压,第1组单体17电池电压,2025-07-10T01:21:13,1.955,V,1-D303电池室放电电池数据表.xlsx,DC4,1.955,第1组,DC4,8,6137.0,False,1.955,2.146,0.18444142137484804,0,False,False,False,0.22411758282588662,1.5565835184255266,7,-2.046088803956934,-0.5666222409504407,0.45415009025595965,0.04032950354778714,1.0763127160481123,0.060072815533980584,7,False,0.17825936737845885,False,False
咸阳秦都西咸数据中心1号楼J301电力电池机房|12#开关电源蓄电池组|第1组|第1组单体16电池电压|1-J301电池室放电电池数据表.xlsx|DC12|DC12,陕西省,咸阳,中国移动西咸数据中心,咸阳秦都西咸数据中心1号楼站点,咸阳秦都西咸数据中心1号楼J301电力电池机房,铅酸电池,12#开关电源蓄电池组,单体XX电压,第1组单体16电池电压,2025-07-08T03:00:42,1.912,V,1-J301电池室放电电池数据表.xlsx,DC12,1.912,第1组,DC12,6,1238.0,False,1.912,2.238,0.38603753538184765,0,False,False,False,0.2238121394265207,1.3866194531925748,7,-0.8221143544112929,-1.168551401701906,0.2943687783925262,0.4746027437925817,1.0763127160481123,0.060072815533980584,7,False,0.9690113589548065,True,False
咸阳秦都西咸数据中心1号楼D203电力电池机房|4#开关电源蓄电池组|第2组|第2组单体16电池电压|1-D203电池室放电电池数据表.xlsx|DC4|DC4,陕西省,咸阳,中国移动西咸数据中心,咸阳秦都西咸数据中心1号楼站点,咸阳秦都西咸数据中心1号楼D203电力电池机房,铅酸电池,4#开关电源蓄电池组,单体XX电压,第2组单体16电池电压,2025-07-11T01:16:44,2.066,V,1-D203电池室放电电池数据表.xlsx,DC4,2.066,第2组,DC4,8,7148.0,False,2.066,2.262,-0.4713307211725294,0,False,False,False,0.2235629551717137,1.0966030665096524,7,-1.5253504452473579,-0.025656097184604265,0.6415732290232541,-0.18572826762846478,1.0763127160481123,0.060072815533980584,7,False,0.2749410105986136,False,False
咸阳秦都西咸数据中心1号楼D303电力电池机房|1#开关电源蓄电池组|第2组|第2组单体14电池电压|1-D303电池室放电电池数据表.xlsx|DC1|DC1,陕西省,咸阳,中国移动西咸数据中心,咸阳秦都西咸数据中心1号楼站点,咸阳秦都西咸数据中心1号楼D303电力电池机房,铅酸电池,1#开关电源蓄电池组,单体XX电压,第2组单体14电池电压,2025-07-10T00:29:14,2.305,V,1-D303电池室放电电池数据表.xlsx,DC1,2.305,第2组,DC1,6,1376.0,True,2.037,2.305,0.6130089565270913,0,False,False,False,0.22348547715823125,1.4345617659627905,7,-1.7710295907712186,-0.2704648032828154,0.4441048028112788,-0.1376500420757614,1.0763127160481123,0.060072815533980584,7,False,0.3310178707319334,False,False
咸阳秦都西咸数据中心1号楼D303电力电池机房|3#开关电源蓄电池组|第2组|第2组单体4电池电压|1-D303电池室放电电池数据表.xlsx|DC3|DC3,陕西省,咸阳,中国移动西咸数据中心,咸阳秦都西咸数据中心1号楼站点,咸阳秦都西咸数据中心1号楼D303电力电池机房,铅酸电池,3#开关电源蓄电池组,单体XX电压,第2组单体4电池电压,2025-07-10T01:18:40,2.092,V,1-D303电池室放电电池数据表.xlsx,DC3,2.092,第2组,DC3,10,4784.0,False,2.032,2.418,-1.127164472424654,0,False,False,False,0.22309241422877002,2.0998296282461393,-7,0.6109014762578553,0.8537546394856088,0.9765720734435805,0.19370018623867494,1.0763127160481123,0.060072815533980584,7,False,0.8578748563754475,False,False
咸阳秦都西咸数据中心1号楼J301电力电池机房|03#开关电源蓄电池组|第2组|第2组单体22电池电压|1-J301电池室放电电池数据表.xlsx|DC3|DC3,陕西省,咸阳,中国移动西咸数据中心,咸阳秦都西咸数据中心1号楼站点,咸阳秦都西咸数据中心1号楼J301电力电池机房,铅酸电池,03#开关电源蓄电池组,单体XX电压,第2组单体22电池电压,2025-07-09T00:14:34,2.178,V,1-J301电池室放电电池数据表.xlsx,DC3,2.178,第2组,DC3,9,1940.0,False,1.854,2.227,0.10409434993108829,0,False,False,False,0.223082633990484,1.0563519550238811,7,-0.2884735173086411,-0.6031000191293181,0.487926496648994,0.5519670881422978,1.0763127160481123,0.060072815533980584,7,False,0.9965526652799459,True,False
咸阳秦都西咸数据中心1号楼J301电力电池机房|04#开关电源蓄电池组|第2组|第2组单体13电池电压|1-J301电池室放电电池数据表.xlsx|DC4|DC4,陕西省,咸阳,中国移动西咸数据中心,咸阳秦都西咸数据中心1号楼站点,咸阳秦都西咸数据中心1号楼J301电力电池机房,铅酸电池,04#开关电源蓄电池组,单体XX电压,第2组单体13电池电压,2025-07-09T03:06:14,2.437,V,1-J301电池室放电电池数据表.xlsx,DC4,2.437,第2组,DC4,17,8679.0,False,2.074,2.44,-0.7207414487479505,0,False,False,False,0.22304917079845776,1.323379082853393,7,-0.7378711259749416,0.744112955506693,0.8390805911993994,-0.3679621341556638,1.0763127160481123,0.060072815533980584,7,False,-0.32921533894959193,False,False
咸阳秦都西咸数据中心2号楼J301电力电池机房|01#开关电源蓄电池组|第2组|第2组单体9电池电压|2-J301电池室放电电池数据表.xlsx|DC1|DC1,陕西省,咸阳,中国移动西咸数据中心,咸阳秦都西咸数据中心2号楼站点,咸阳秦都西咸数据中心2号楼J301电力电池机房,铅酸电池,01#开关电源蓄电池组,单体XX电压,第2组单体9电池电压,2025-07-11T03:14:09,1.916,V,2-J301电池室放电电池数据表.xlsx,DC1,1.916,第2组,DC1,7,1294.0,False,1.916,2.161,0.6258130740031485,0,False,False,False,0.22264046368863152,1.7918243120966555,7,-1.778684673279268,-1.1810931512716012,0.240781435508436,0.19502615758157446,1.0763127160481123,0.060072815533980584,7,False,0.9216373499456217,True,False
咸阳秦都西咸数据中心1号楼J301电力电池机房|02#开关电源蓄电池组|第2组|第2组单体16电池电压|1-J301电池室放电电池数据表.xlsx|DC2|DC2,陕西省,咸阳,中国移动西咸数据中心,咸阳秦都西咸数据中心1号楼站点,咸阳秦都西咸数据中心1号楼J301电力电池机房,铅酸电池,02#开关电源蓄电池组,单体XX电压,第2组单体16电池电压,2025-07-09T00:27:13,2.168,V,1-J301电池室放电电池数据表.xlsx,DC2,2.168,第2组,DC2,10,7903.0,False,1.848,2.224,1.0061990317162242,0,False,False,False,0.22249455704212368,1.8248212937812367,-7,-1.7841653010933547,0.49493280059341016,0.5807708100787827,-0.30195730622211614,1.0763127160481123,0.060072815533980584,7,False,-0.8723038449759266,False,False
咸阳秦都西咸数据中心1号楼D203电力电池机房|3#开关电源蓄电池组|第1组|第1组单体2电池电压|1-D203电池室放电电池数据表.xlsx|DC3|DC3,陕西省,咸阳,中国移动西咸数据中心,咸阳秦都西咸数据中心1号楼站点,咸阳秦都西咸数据中心1号楼D203电力电池机房,铅酸电池,3#开关电源蓄电池组,单体XX电压,第1组单体2电池电压,2025-07-11T01:13:44,2.265,V,1-D203电池室放电电池数据表.xlsx,DC3,2.265,第1组,DC3,13,7151.0,False,2.084,2.4,-1.159240083076224,0,False,False,False,0.22247392158681265,1.7587190502746035,-7,-0.0017306751758406902,0.7922321296886818,0.9703905873803929,0.12968040216165036,1.0763127160481123,0.060072815533980584,7,False,0.06485428486093776,False,False
咸阳秦都西咸数据中心1号楼D203电力电池机房|8#开关电源蓄电池组|第1组|第1组单体5电池电压|1-D203电池室放电电池数据表.xlsx|DC8|DC8,陕西省,咸阳,中国移动西咸数据中心,咸阳秦都西咸数据中心1号楼站点,咸阳秦都西咸数据中心1号楼D203电力电池机房,铅酸电池,8#开关电源蓄电池组,单体XX电压,第1组单体5电池电压,2025-07-11T02:38:13,2.21,V,1-D203电池室放电电池数据表.xlsx,DC8,2.21,第1组,DC8,10,9501.0,False,1.999,2.266,-1.3329318102516658,0,False,False,False,0.22237686303128257,1.8214539707480915,-1,-0.44329571263831985,0.7524154261696528,-1.080797949561144,0.40350806985082077,1.0763127160481123,0.060072815533980584,7,False,0.8926213745938464,False,False
咸阳秦都西咸数据中心1号楼J301电力电池机房|13#开关电源蓄电池组|第1组|第1组单体3电池电压|1-J301电池室放电电池数据表.xlsx|DC13|DC13,陕西省,咸阳,中国移动西咸数据中心,咸阳秦都西咸数据中心1号楼站点,咸阳秦都西咸数据中心1号楼J301电力电池机房,铅酸电池,13#开关电源蓄电池组,单体XX电压,第1组单体3电池电压,2025-07-08T03:21:02,2.059,V,1-J301电池室放电电池数据表.xlsx,DC13,2.059,第1组,DC13,8,1247.0,False,1.927,2.202,0.3291747434190409,0,False,False,False,0.22226335411359666,1.420019597799127,7,-1.1955220773223245,-1.2405517822807568,0.2357392043779883,0.12569565802630764,1.0763127160481123,0.060072815533980584,7,False,0.995230757377175,True,False
咸阳秦都西咸数据中心1号楼D201电力电池机房|2#开关电源蓄电池组|第1组|第1组单体10电池电压|1-D201电池室放电电池数据表.xlsx|DC2|DC2,陕西省,咸阳,中国移动西咸数据中心,咸阳秦都西咸数据中心1号楼站点,咸阳秦都西咸数据中心1号楼D201电力电池机房,铅酸电池,2#开关电源蓄电池组,单体XX电压,第1组单体10电池电压,2025-07-08T00:49:40,2.14,V,1-D201电池室放电电池数据表.xlsx,DC2,2.14,第1组,DC2,6,1314.0,False,2.048,2.231,-0.18677184092005017,0,False,False,False,0.22190425721096332,1.2981763969970164,7,-1.800882676812343,-0.5117559625512742,0.512100470851858,0.04240214064377834,1.0763127160481123,0.060072815533980584,7,False,0.9938567680075617,True,False
咸阳秦都西咸数据中心1号楼J301电力电池机房|05#开关电源蓄电池组|第1组|第1组单体8电池电压|1-J301电池室放电电池数据表.xlsx|DC5|DC5,陕西省,咸阳,中国移动西咸数据中心,咸阳秦都西咸数据中心1号楼站点,咸阳秦都西咸数据中心1号楼J301电力电池机房,铅酸电池,05#开关电源蓄电池组,单体XX电压,第1组单体8电池电压,2025-07-09T03:00:00,2.244,V,1-J301电池室放电电池数据表.xlsx,DC5,2.244,第1组,DC5,7,7778.0,False,1.969,2.244,0.06806956593336905,0,False,False,False,0.2215559728166833,1.0522783467526333,-7,-1.4090629041097134,0.2481913074746709,0.6732108943850578,-0.004126638950151584,1.0763127160481123,0.060072815533980584,7,False,0.9589902719894583,True,False
咸阳秦都西咸数据中心1号楼D203电力电池机房|4#开关电源蓄电池组|第2组|第2组单体13电池电压|1-D203电池室放电电池数据表.xlsx|DC4|DC4,陕西省,咸阳,中国移动西咸数据中心,咸阳秦都西咸数据中心1号楼站点,咸阳秦都西咸数据中心1号楼D203电力电池机房,铅酸电池,4#开关电源蓄电池组,单体XX电压,第2组单体13电池电压,2025-07-11T01:36:26,2.088,V,1-D203电池室放电电池数据表.xlsx,DC4,2.088,第2组,DC4,11,7148.0,False,2.019,2.283,-1.0714334571179989,0,False,False,False,0.22153740549613127,1.1158415138748459,-6,-0.4730714575869953,0.35032109834973524,0.4949468463814771,0.13135774664281177,1.0763127160481123,0.060072815533980584,7,False,0.9219849311520849,True,False
咸阳秦都西咸数据中心1号楼J301电力电池机房|13#开关电源蓄电池组|第1组|第1组单体23电池电压|1-J301电池室放电电池数据表.xlsx|DC13|DC13,陕西省,咸阳,中国移动西咸数据中心,咸阳秦都西咸数据中心1号楼站点,咸阳秦都西咸数据中心1号楼J301电力电池机房,铅酸电池,13#开关电源蓄电池组,单体XX电压,第1组单体23电池电压,2025-07-08T03:20:44,1.97,V,1-J301电池室放电电池数据表.xlsx,DC13,1.97,第1组,DC13,8,1247.0,False,1.954,2.291,0.056634316749550495,0,False,False,False,0.22133832426082486,1.257993841515149,7,-0.46524703802704026,-1.0224566458836029,0.3888508811018657,0.597793790216659,1.0763127160481123,0.060072815533980584,7,False,0.9942426085012734,True,False
咸阳秦都西咸数据中心1号楼D303电力电池机房|3#开关电源蓄电池组|第2组|第2组单体17电池电压|1-D303电池室放电电池数据表.xlsx|DC3|DC3,陕西省,咸阳,中国移动西咸数据中心,咸阳秦都西咸数据中心1号楼站点,咸阳秦都西咸数据中心1号楼D303电力电池机房,铅酸电池,3#开关电源蓄电池组,单体XX电压,第2组单体17电池电压,2025-07-10T00:54:39,2.211,V,1-D303电池室放电电池数据表.xlsx,DC3,2.211,第2组,DC3,10,4784.0,False,1.998,2.249,-0.8808501246119513,0,False,False,False,0.22130134889362932,1.5288591971541607,-1,-0.865314427439956,0.41488800410573545,-1.2799104642776005,0.054645066295163885,1.0763127160481123,0.060072815533980584,7,False,0.9094028653277504,False,False
咸阳秦都西咸数据中心1号楼J301电力电池机房|02#开关电源蓄电池组|第1组|第1组单体4电池电压|1-J301电池室放电电池数据表.xlsx|DC2|DC2,陕西省,咸阳,中国移动西咸数据中心,咸阳秦都西咸数据中心1号楼站点,咸阳秦都西咸数据中心1号楼J301电力电池机房,铅酸电池,02#开关电源蓄电池组,单体XX电压,第1组单体4电池电压,2025-07-09T00:27:31,1.833,V,1-J301电池室放电电池数据表.xlsx,DC2,1.833,第1组,DC2,10,7341.0,False,1.833,2.264,-0.333228865271311,0,False,False,False,0.2212956458640532,2.5873437841948475,-7,-3.0958619120380684,0.3468670217136153,0.7154587426157634,-0.5352505142283678,1.0763127160481123,0.060072815533980584,7,False,-0.679457598795987,False,False
咸阳秦都西咸数据中心1号楼D303电力电池机房|2#开关电源蓄电池组|第2组|第2组单体22电池电压|1-D303电池室放电电池数据表.xlsx|DC2|DC2,陕西省,咸阳,中国移动西咸数据中心,咸阳秦都西咸数据中心1号楼站点,咸阳秦都西咸数据中心1号楼D303电力电池机房,铅酸电池,2#开关电源蓄电池组,单体XX电压,第2组单体22电池电压,2025-07-10T00:53:52,2.183,V,1-D303电池室放电电池数据表.xlsx,DC2,2.183,第2组,DC2,10,3292.0,False,1.965,2.268,-1.1799505737527538,0,False,False,False,0.22127716626415922,1.7676819366109906,-1,-0.11310063342876553,0.34577978645437046,-1.2236516253186818,0.4084873986492902,1.0763127160481123,0.060072815533980584,7,False,0.9688068891054912,True,False
咸阳秦都西咸数据中心1号楼D203电力电池机房|3#开关电源蓄电池组|第2组|第2组单体24电池电压|1-D203电池室放电电池数据表.xlsx|DC3|DC3,陕西省,咸阳,中国移动西咸数据中心,咸阳秦都西咸数据中心1号楼站点,咸阳秦都西咸数据中心1号楼D203电力电池机房,铅酸电池,3#开关电源蓄电池组,单体XX电压,第2组单体24电池电压,2025-07-11T01:13:26,2.084,V,1-D203电池室放电电池数据表.xlsx,DC3,2.084,第2组,DC3,10,7151.0,False,1.941,2.164,-0.4903655380980077,0,False,False,False,0.22123331669854218,0.8728213198677076,7,-1.1213763133922816,-0.4209478758984088,0.5005493934271734,-0.31700833818889096,1.0763127160481123,0.060072815533980584,7,False,0.9668856583443831,True,False
咸阳秦都西咸数据中心1号楼D203电力电池机房|4#开关电源蓄电池组|第1组|第1组单体17电池电压|1-D203电池室放电电池数据表.xlsx|DC4|DC4,陕西省,咸阳,中国移动西咸数据中心,咸阳秦都西咸数据中心1号楼站点,咸阳秦都西咸数据中心1号楼D203电力电池机房,铅酸电池,4#开关电源蓄电池组,单体XX电压,第1组单体17电池电压,2025-07-11T00:00:52,2.151,V,1-D203电池室放电电池数据表.xlsx,DC4,2.151,第1组,DC4,10,7148.0,False,1.957,2.172,-0.7232641579625158,0,False,False,False,0.22096893762884018,0.9373171969942254,7,-1.051471007254966,-0.3468781858761093,0.6139105816512274,0.07707709047259687,1.0763127160481123,0.060072815533980584,7,False,0.5071976733545355,False,False
咸阳秦都西咸数据中心1号楼D303电力电池机房|2#开关电源蓄电池组|第2组|第2组单体6电池电压|1-D303电池室放电电池数据表.xlsx|DC2|DC2,陕西省,咸阳,中国移动西咸数据中心,咸阳秦都西咸数据中心1号楼站点,咸阳秦都西咸数据中心1号楼D303电力电池机房,铅酸电池,2#开关电源蓄电池组,单体XX电压,第2组单体6电池电压,2025-07-10T00:32:20,1.946,V,1-D303电池室放电电池数据表.xlsx,DC2,1.946,第2组,DC2,12,3314.0,False,1.808,2.207,0.09156517760934907,0,False,False,False,0.22074720113253518,1.107451938648628,7,-0.059236037268536545,-0.4372176598392642,0.5282847813285089,0.543116974624272,1.0763127160481123,0.060072815533980584,7,False,0.726414319282503,False,False
咸阳秦都西咸数据中心1号楼J301电力电池机房|08#开关电源蓄电池组|第1组|第1组单体6电池电压|1-J301电池室放电电池数据表.xlsx|DC8|DC8,陕西省,咸阳,中国移动西咸数据中心,咸阳秦都西咸数据中心1号楼站点,咸阳秦都西咸数据中心1号楼J301电力电池机房,铅酸电池,08#开关电源蓄电池组,单体XX电压,第1组单体6电池电压,2025-07-09T03:00:03,2.23,V,1-J301电池室放电电池数据表.xlsx,DC8,2.23,第1组,DC8,7,4132.0,True,1.978,2.23,-0.05880613502279319,0,False,False,False,0.22071725939110787,0.9230073888581045,-7,-1.376584531968931,-0.06150792190287996,0.612776579492059,0.06166442035645964,1.0763127160481123,0.060072815533980584,7,False,-0.05160788335907251,False,False
咸阳秦都西咸数据中心1号楼J301电力电池机房|14#开关电源蓄电池组|第1组|第1组单体21电池电压|1-J301电池室放电电池数据表.xlsx|DC14|DC14,陕西省,咸阳,中国移动西咸数据中心,咸阳秦都西咸数据中心1号楼站点,咸阳秦都西咸数据中心1号楼J301电力电池机房,铅酸电池,14#开关电源蓄电池组,单体XX电压,第1组单体21电池电压,2025-07-08T03:24:20,2.325,V,1-J301电池室放电电池数据表.xlsx,DC14,2.325,第1组,DC14,6,358.0,True,2.117,2.356,-0.049880455116829786,0,False,False,False,0.2205294391667871,1.5569306141287298,-7,-1.6836047627255906,0.7574579229324618,0.7669668199156795,-0.45258146897355767,1.0763127160481123,0.060072815533980584,7,False,0.29833356774895936,False,False
咸阳秦都西咸数据中心1号楼J301电力电池机房|05#开关电源蓄电池组|第1组|第1组单体3电池电压|1-J301电池室放电电池数据表.xlsx|DC5|DC5,陕西省,咸阳,中国移动西咸数据中心,咸阳秦都西咸数据中心1号楼站点,咸阳秦都西咸数据中心1号楼J301电力电池机房,铅酸电池,05#开关电源蓄电池组,单体XX电压,第1组单体3电池电压,2025-07-09T01:11:57,2.133,V,1-J301电池室放电电池数据表.xlsx,DC5,2.133,第1组,DC5,9,7778.0,False,1.958,2.234,0.13112796601717536,0,False,False,False,0.22023427168752713,1.0947957966236477,-7,-1.4349271391844154,0.2778294336578292,0.6442431168700424,-0.18763065116279531,1.0763127160481123,0.060072815533980584,7,False,0.8991337909274314,False,False
咸阳秦都西咸数据中心1号楼J301电力电池机房|12#开关电源蓄电池组|第2组|第2组单体20电池电压|1-J301电池室放电电池数据表.xlsx|DC12|DC12,陕西省,咸阳,中国移动西咸数据中心,咸阳秦都西咸数据中心1号楼站点,咸阳秦都西咸数据中心1号楼J301电力电池机房,铅酸电池,12#开关电源蓄电池组,单体XX电压,第2组单体20电池电压,2025-07-08T02:40:30,2.081,V,1-J301电池室放电电池数据表.xlsx,DC12,2.081,第2组,DC12,7,4631.0,False,1.86,2.13,-0.12160900020251408,0,False,False,False,0.22019388067045595,0.9066303936453025,-7,-1.019812902357987,-0.671179329693053,0.4796817599504507,0.30759400145309856,1.0763127160481123,0.060072815533980584,7,False,-0.9245525579611062,False,False
咸阳秦都西咸数据中心1号楼J301电力电池机房|10#开关电源蓄电池组|第1组|第1组单体15电池电压|1-J301电池室放电电池数据表.xlsx|DC10|DC10,陕西省,咸阳,中国移动西咸数据中心,咸阳秦都西咸数据中心1号楼站点,咸阳秦都西咸数据中心1号楼J301电力电池机房,铅酸电池,10#开关电源蓄电池组,单体XX电压,第1组单体15电池电压,2025-07-09T02:47:05,1.954,V,1-J301电池室放电电池数据表.xlsx,DC10,1.954,第1组,DC10,8,846.0,False,1.954,2.253,0.7258519055037016,0,False,False,False,0.21983502240834124,1.4628295838258645,7,-1.387439412247506,-0.8531385572233439,0.22102156469384315,-0.34675914593521795,1.0763127160481123,0.060072815533980584,7,False,0.8775384922800995,False,False
咸阳秦都西咸数据中心1号楼D303电力电池机房|4#开关电源蓄电池组|第2组|第2组单体5电池电压|1-D303电池室放电电池数据表.xlsx|DC4|DC4,陕西省,咸阳,中国移动西咸数据中心,咸阳秦都西咸数据中心1号楼站点,咸阳秦都西咸数据中心1号楼D303电力电池机房,铅酸电池,4#开关电源蓄电池组,单体XX电压,第2组单体5电池电压,2025-07-10T01:44:14,2.271,V,1-D303电池室放电电池数据表.xlsx,DC4,2.271,第2组,DC4,9,6252.0,False,2.014,2.279,-1.2588359451147677,0,False,False,False,0.21945476595374425,1.7634435371524513,-1,-0.5038400255536339,0.7622273271939202,-1.1105456783094134,0.25260620511454357,1.0763127160481123,0.060072815533980584,7,False,0.8072904768010707,False,False
咸阳秦都西咸数据中心1号楼J301电力电池机房|05#开关电源蓄电池组|第1组|第1组单体22电池电压|1-J301电池室放电电池数据表.xlsx|DC5|DC5,陕西省,咸阳,中国移动西咸数据中心,咸阳秦都西咸数据中心1号楼站点,咸阳秦都西咸数据中心1号楼J301电力电池机房,铅酸电池,05#开关电源蓄电池组,单体XX电压,第1组单体22电池电压,2025-07-09T01:11:57,2.127,V,1-J301电池室放电电池数据表.xlsx,DC5,2.127,第1组,DC5,8,7786.0,False,1.944,2.212,-0.048462817297758976,0,False,False,False,0.21920678263767845,0.8779524189732572,-7,-1.2806983706837456,0.053042433745773804,0.6356444546868846,0.029323114874965722,1.0763127160481123,0.060072815533980584,7,False,0.9651381693343256,True,False
咸阳秦都西咸数据中心1号楼D203电力电池机房|8#开关电源蓄电池组|第1组|第1组单体20电池电压|1-D203电池室放电电池数据表.xlsx|DC8|DC8,陕西省,咸阳,中国移动西咸数据中心,咸阳秦都西咸数据中心1号楼站点,咸阳秦都西咸数据中心1号楼D203电力电池机房,铅酸电池,8#开关电源蓄电池组,单体XX电压,第1组单体20电池电压,2025-07-11T02:39:14,2.275,V,1-D203电池室放电电池数据表.xlsx,DC8,2.275,第1组,DC8,10,9501.0,False,1.999,2.275,-0.9151976762750553,0,False,False,False,0.21857140089967267,1.5499771559160915,-1,-0.6563600994363754,0.5551475734726017,-1.233203279436121,0.10817166788400884,1.0763127160481123,0.060072815533980584,7,False,0.9184147627975761,False,False
咸阳秦都西咸数据中心1号楼D303电力电池机房|1#开关电源蓄电池组|第2组|第2组单体8电池电压|1-D303电池室放电电池数据表.xlsx|DC1|DC1,陕西省,咸阳,中国移动西咸数据中心,咸阳秦都西咸数据中心1号楼站点,咸阳秦都西咸数据中心1号楼D303电力电池机房,铅酸电池,1#开关电源蓄电池组,单体XX电压,第2组单体8电池电压,2025-07-10T00:27:42,2.17,V,1-D303电池室放电电池数据表.xlsx,DC1,2.17,第2组,DC1,10,1668.0,False,2.016,2.328,-0.9827582840024502,0,False,False,False,0.21844678973625492,1.689725861637206,-1,-0.13150054799815236,0.0776086022743693,-1.3329412836530485,0.3562846888534851,1.0763127160481123,0.060072815533980584,7,False,0.9744146591442893,True,False
咸阳秦都西咸数据中心1号楼D203电力电池机房|1#开关电源蓄电池组|第1组|第1组单体17电池电压|1-D203电池室放电电池数据表.xlsx|DC1|DC1,陕西省,咸阳,中国移动西咸数据中心,咸阳秦都西咸数据中心1号楼站点,咸阳秦都西咸数据中心1号楼D203电力电池机房,铅酸电池,1#开关电源蓄电池组,单体XX电压,第1组单体17电池电压,2025-07-11T00:02:51,2.04,V,1-D203电池室放电电池数据表.xlsx,DC1,2.04,第1组,DC1,9,1469.0,False,2.04,2.326,-0.6588997168521723,0,False,False,False,0.2184209171227369,1.836882652800713,0,-0.684051272520214,0.24297519671285164,-1.7502286691394064,-0.15768718226124906,1.0763127160481123,0.060072815533980584,7,False,0.9676085015941643,True,False
咸阳秦都西咸数据中心1号楼D303电力电池机房|7#开关电源蓄电池组|第1组|第1组单体4电池电压|1-D303电池室放电电池数据表.xlsx|DC7|DC7,陕西省,咸阳,中国移动西咸数据中心,咸阳秦都西咸数据中心1号楼站点,咸阳秦都西咸数据中心1号楼D303电力电池机房,铅酸电池,7#开关电源蓄电池组,单体XX电压,第1组单体4电池电压,2025-07-10T02:55:50,2.252,V,1-D303电池室放电电池数据表.xlsx,DC7,2.252,第1组,DC7,7,10501.0,False,2.047,2.252,-0.7037251896368357,0,False,False,False,0.2183421973662243,1.6315694810377326,-1,-1.453459483764202,0.2433203626562732,-1.2891028528367023,0.3384033439159001,1.0763127160481123,0.060072815533980584,7,False,0.7297298610717721,False,False
咸阳秦都西咸数据中心1号楼D203电力电池机房|8#开关电源蓄电池组|第1组|第1组单体3电池电压|1-D203电池室放电电池数据表.xlsx|DC8|DC8,陕西省,咸阳,中国移动西咸数据中心,咸阳秦都西咸数据中心1号楼站点,咸阳秦都西咸数据中心1号楼D203电力电池机房,铅酸电池,8#开关电源蓄电池组,单体XX电压,第1组单体3电池电压,2025-07-11T02:37:50,2.007,V,1-D203电池室放电电池数据表.xlsx,DC8,2.007,第1组,DC8,10,9501.0,False,1.983,2.252,-1.2873032233079673,0,False,False,False,0.21833935723701453,1.7734470196204604,-1,-0.42482206721780524,0.6139677340997161,-1.1191689716739706,0.447098966706554,1.0763127160481123,0.060072815533980584,7,False,0.8883799434137062,False,False
咸阳秦都西咸数据中心1号楼J301电力电池机房|11#开关电源蓄电池组|第1组|第1组单体23电池电压|1-J301电池室放电电池数据表.xlsx|DC11|DC11,陕西省,咸阳,中国移动西咸数据中心,咸阳秦都西咸数据中心1号楼站点,咸阳秦都西咸数据中心1号楼J301电力电池机房,铅酸电池,11#开关电源蓄电池组,单体XX电压,第1组单体23电池电压,2025-07-08T02:19:50,2.195,V,1-J301电池室放电电池数据表.xlsx,DC11,2.195,第1组,DC11,7,1308.0,False,1.992,2.236,0.3492811164085295,0,False,False,False,0.21830459630615634,1.3291088195553018,7,-1.6439630943005532,-0.7156501132337146,0.37085009924137136,-0.011440404990922345,1.0763127160481123,0.060072815533980584,7,False,0.9895422261692209,True,False
咸阳秦都西咸数据中心1号楼D303电力电池机房|5#开关电源蓄电池组|第1组|第1组单体4电池电压|1-D303电池室放电电池数据表.xlsx|DC5|DC5,陕西省,咸阳,中国移动西咸数据中心,咸阳秦都西咸数据中心1号楼站点,咸阳秦都西咸数据中心1号楼D303电力电池机房,铅酸电池,5#开关电源蓄电池组,单体XX电压,第1组单体4电池电压,2025-07-10T02:06:38,1.964,V,1-D303电池室放电电池数据表.xlsx,DC5,1.964,第1组,DC5,8,7572.0,False,1.96,2.217,-1.1957292028921165,0,False,False,False,0.2182966227393011,1.44118039928246,-2,-0.5193159518574026,0.32535613131332475,-0.861614840428361,0.41468345259999084,1.0763127160481123,0.060072815533980584,7,False,0.9904829738628491,True,False
咸阳秦都西咸数据中心1号楼D301电力电池机房|1#开关电源蓄电池组|第2组|第2组单体17电池电压|1-D301电池室放电电池数据表.xlsx|DC1|DC1,陕西省,咸阳,中国移动西咸数据中心,咸阳秦都西咸数据中心1号楼站点,咸阳秦都西咸数据中心1号楼D301电力电池机房,铅酸电池,1#开关电源蓄电池组,单体XX电压,第2组单体17电池电压,2025-07-08T01:13:36,2.163,V,1-D301电池室放电电池数据表.xlsx,DC1,2.163,第2组,DC1,9,1351.0,False,2.06,2.352,-0.6704504300652827,0,False,False,False,0.21822771722067147,1.8289836257654266,0,-0.6033241194277406,0.1616247381271471,-1.7545287762991295,-0.038483565230284913,1.0763127160481123,0.060072815533980584,7,False,0.8103708704694486,False,False
咸阳秦都西咸数据中心1号楼D203电力电池机房|4#开关电源蓄电池组|第1组|第1组单体3电池电压|1-D203电池室放电电池数据表.xlsx|DC4|DC4,陕西省,咸阳,中国移动西咸数据中心,咸阳秦都西咸数据中心1号楼站点,咸阳秦都西咸数据中心1号楼D203电力电池机房,铅酸电池,4#开关电源蓄电池组,单体XX电压,第1组单体3电池电压,2025-07-11T01:36:26,1.979,V,1-D203电池室放电电池数据表.xlsx,DC4,1.979,第1组,DC4,10,7148.0,False,1.937,2.273,-0.9038250465215774,0,False,False,False,0.2182141382083319,1.3625716574329283,-7,0.12162937185254641,0.12529036963072485,0.7623587296538348,0.23136891819649938,1.0763127160481123,0.060072815533980584,7,False,0.8153550979076194,False,False
咸阳秦都西咸数据中心1号楼D301电力电池机房|4#开关电源蓄电池组|第2组|第2组单体11电池电压|1-D301电池室放电电池数据表.xlsx|DC4|DC4,陕西省,咸阳,中国移动西咸数据中心,咸阳秦都西咸数据中心1号楼站点,咸阳秦都西咸数据中心1号楼D301电力电池机房,铅酸电池,4#开关电源蓄电池组,单体XX电压,第2组单体11电池电压,2025-07-08T01:55:22,2.092,V,1-D301电池室放电电池数据表.xlsx,DC4,2.092,第2组,DC4,6,1324.0,False,2.041,2.311,-0.28804080795778514,0,False,False,False,0.21820569083563116,1.8700569434055103,0,-1.1542317187470739,0.12467795045721788,-1.807367798566942,-0.08397439658084695,1.0763127160481123,0.060072815533980584,7,False,0.9216089676476837,True,False
咸阳秦都西咸数据中心1号楼D301电力电池机房|4#开关电源蓄电池组|第2组|第2组单体5电池电压|1-D301电池室放电电池数据表.xlsx|DC4|DC4,陕西省,咸阳,中国移动西咸数据中心,咸阳秦都西咸数据中心1号楼站点,咸阳秦都西咸数据中心1号楼D301电力电池机房,铅酸电池,4#开关电源蓄电池组,单体XX电压,第2组单体5电池电压,2025-07-08T01:54:38,2.145,V,1-D301电池室放电电池数据表.xlsx,DC4,2.145,第2组,DC4,7,1310.0,False,2.037,2.352,-0.45952802100488627,0,False,False,False,0.21788063317556206,1.8467247026201719,0,-0.547984414053446,0.057886156085760865,-1.8200387464487582,-0.08138160339489882,1.0763127160481123,0.060072815533980584,7,False,0.934421282267835,True,False
咸阳秦都西咸数据中心1号楼D303电力电池机房|2#开关电源蓄电池组|第2组|第2组单体14电池电压|1-D303电池室放电电池数据表.xlsx|DC2|DC2,陕西省,咸阳,中国移动西咸数据中心,咸阳秦都西咸数据中心1号楼站点,咸阳秦都西咸数据中心1号楼D303电力电池机房,铅酸电池,2#开关电源蓄电池组,单体XX电压,第2组单体14电池电压,2025-07-10T00:32:20,1.909,V,1-D303电池室放电电池数据表.xlsx,DC2,1.909,第2组,DC2,11,3305.0,False,1.797,2.167,0.05262360049238696,0,False,False,False,0.21761986144820344,1.1020150431259512,7,-0.2623039509359202,-0.6547275883278905,0.4860104773916062,0.5921913617586891,1.0763127160481123,0.060072815533980584,7,False,0.7308559318027568,False,False
咸阳秦都西咸数据中心1号楼D203电力电池机房|8#开关电源蓄电池组|第2组|第2组单体24电池电压|1-D203电池室放电电池数据表.xlsx|DC8|DC8,陕西省,咸阳,中国移动西咸数据中心,咸阳秦都西咸数据中心1号楼站点,咸阳秦都西咸数据中心1号楼D203电力电池机房,铅酸电池,8#开关电源蓄电池组,单体XX电压,第2组单体24电池电压,2025-07-11T02:16:49,2.013,V,1-D203电池室放电电池数据表.xlsx,DC8,2.013,第2组,DC8,8,9501.0,False,2.013,2.25,-0.8945449564946932,0,False,False,False,0.21757618050438304,1.6027716962368999,-1,-1.0650994963566727,0.61668285438647,-1.2328367446956403,-0.05046171723472706,1.0763127160481123,0.060072815533980584,7,False,0.952221284920829,True,False
咸阳秦都西咸数据中心1号楼D303电力电池机房|3#开关电源蓄电池组|第1组|第1组单体15电池电压|1-D303电池室放电电池数据表.xlsx|DC3|DC3,陕西省,咸阳,中国移动西咸数据中心,咸阳秦都西咸数据中心1号楼站点,咸阳秦都西咸数据中心1号楼D303电力电池机房,铅酸电池,3#开关电源蓄电池组,单体XX电压,第1组单体15电池电压,2025-07-10T01:18:58,2.23,V,1-D303电池室放电电池数据表.xlsx,DC3,2.23,第1组,DC3,9,4784.0,False,2.086,2.33,-0.7548982597274796,0,False,False,False,0.21753229331740548,1.1790630020351258,-7,-0.9178406878330045,0.4786115357334918,0.7705981996788837,-0.3897194178392597,1.0763127160481123,0.060072815533980584,7,False,0.8598138355299775,False,False
咸阳秦都西咸数据中心1号楼D201电力电池机房|4#开关电源蓄电池组|第1组|第1组单体23电池电压|1-D201电池室放电电池数据表.xlsx|DC4|DC4,陕西省,咸阳,中国移动西咸数据中心,咸阳秦都西咸数据中心1号楼站点,咸阳秦都西咸数据中心1号楼D201电力电池机房,铅酸电池,4#开关电源蓄电池组,单体XX电压,第1组单体23电池电压,2025-07-08T00:48:37,1.955,V,1-D201电池室放电电池数据表.xlsx,DC4,1.955,第1组,DC4,9,1300.0,False,1.955,2.239,-0.1664622447748367,0,False,False,False,0.2174619806610663,1.0052249594640015,7,-0.756844198848155,-0.9371332578738615,0.3919134686544239,0.23551238976688185,1.0763127160481123,0.060072815533980584,7,False,0.9892366214517068,True,False
咸阳秦都西咸数据中心1号楼J301电力电池机房|02#开关电源蓄电池组|第2组|第2组单体8电池电压|1-J301电池室放电电池数据表.xlsx|DC2|DC2,陕西省,咸阳,中国移动西咸数据中心,咸阳秦都西咸数据中心1号楼站点,咸阳秦都西咸数据中心1号楼J301电力电池机房,铅酸电池,02#开关电源蓄电池组,单体XX电压,第2组单体8电池电压,2025-07-09T00:27:31,1.867,V,1-J301电池室放电电池数据表.xlsx,DC2,1.867,第2组,DC2,10,7549.0,False,1.867,2.215,0.8803821717623548,0,False,False,False,0.21746094591278498,1.7199174527065493,-7,-1.7991137964801966,0.39572371464122147,0.573365193652932,-0.28102376468223267,1.0763127160481123,0.060072815533980584,7,False,-0.851122443072798,False,False
咸阳秦都西咸数据中心1号楼D203电力电池机房|1#开关电源蓄电池组|第2组|第2组单体6电池电压|1-D203电池室放电电池数据表.xlsx|DC1|DC1,陕西省,咸阳,中国移动西咸数据中心,咸阳秦都西咸数据中心1号楼站点,咸阳秦都西咸数据中心1号楼D203电力电池机房,铅酸电池,1#开关电源蓄电池组,单体XX电压,第2组单体6电池电压,2025-07-11T00:03:08,2.026,V,1-D203电池室放电电池数据表.xlsx,DC1,2.026,第2组,DC1,10,1469.0,False,2.026,2.243,-0.4406900126092749,0,False,False,False,0.21709081266965394,1.7172984538731206,1,-1.4158385508562503,-0.12576980333545443,-1.524312377985436,-0.2537072003618004,1.0763127160481123,0.060072815533980584,7,False,0.985020899346658,True,False
咸阳秦都西咸数据中心1号楼D303电力电池机房|7#开关电源蓄电池组|第1组|第1组单体15电池电压|1-D303电池室放电电池数据表.xlsx|DC7|DC7,陕西省,咸阳,中国移动西咸数据中心,咸阳秦都西咸数据中心1号楼站点,咸阳秦都西咸数据中心1号楼D303电力电池机房,铅酸电池,7#开关电源蓄电池组,单体XX电压,第1组单体15电池电压,2025-07-10T02:34:12,2.165,V,1-D303电池室放电电池数据表.xlsx,DC7,2.165,第1组,DC7,9,10501.0,False,2.057,2.296,-1.1772482473884536,0,False,False,False,0.2169360139582425,1.5753391246713497,-2,-0.8768825052948713,0.9256520064909026,-0.727695695417196,0.15373898703596786,1.0763127160481123,0.060072815533980584,7,False,0.847007238642394,False,False
咸阳秦都西咸数据中心1号楼D303电力电池机房|3#开关电源蓄电池组|第1组|第1组单体6电池电压|1-D303电池室放电电池数据表.xlsx|DC3|DC3,陕西省,咸阳,中国移动西咸数据中心,咸阳秦都西咸数据中心1号楼站点,咸阳秦都西咸数据中心1号楼D303电力电池机房,铅酸电池,3#开关电源蓄电池组,单体XX电压,第1组单体6电池电压,2025-07-10T01:18:58,2.124,V,1-D303电池室放电电池数据表.xlsx,DC3,2.124,第1组,DC3,10,4740.0,False,1.919,2.179,0.10534630581274956,0,False,False,False,0.21689016376521197,0.9428526886090366,7,-1.3877142004793326,-0.3227942853814467,0.49912054804750894,-0.05525299175357902,1.0763127160481123,0.060072815533980584,7,False,0.3083343145303515,False,False
咸阳秦都西咸数据中心1号楼D303电力电池机房|3#开关电源蓄电池组|第2组|第2组单体11电池电压|1-D303电池室放电电池数据表.xlsx|DC3|DC3,陕西省,咸阳,中国移动西咸数据中心,咸阳秦都西咸数据中心1号楼站点,咸阳秦都西咸数据中心1号楼D303电力电池机房,铅酸电池,3#开关电源蓄电池组,单体XX电压,第2组单体11电池电压,2025-07-10T01:19:02,2.229,V,1-D303电池室放电电池数据表.xlsx,DC3,2.229,第2组,DC3,11,4740.0,False,1.988,2.231,-0.9743765828491937,0,False,False,False,0.2168713714776831,1.2800649619280027,-2,-0.8132580195995368,0.3169335878512315,-0.9458550359359905,0.038375693628934116,1.0763127160481123,0.060072815533980584,7,False,0.9612697272928123,True,False
咸阳秦都西咸数据中心1号楼J301电力电池机房|06#开关电源蓄电池组|第2组|第2组单体16电池电压|1-J301电池室放电电池数据表.xlsx|DC6|DC6,陕西省,咸阳,中国移动西咸数据中心,咸阳秦都西咸数据中心1号楼站点,咸阳秦都西咸数据中心1号楼J301电力电池机房,铅酸电池,06#开关电源蓄电池组,单体XX电压,第2组单体16电池电压,2025-07-09T00:14:34,2.193,V,1-J301电池室放电电池数据表.xlsx,DC6,2.193,第2组,DC6,9,9928.0,False,1.89,2.26,-1.0657659616616497,0,False,False,False,0.21678890020935215,1.7335731441206939,7,0.5486804177688007,0.1895521193694559,0.771938897079158,0.12074511610589386,1.0763127160481123,0.060072815533980584,7,False,0.9844456562943357,True,False
咸阳秦都西咸数据中心1号楼J301电力电池机房|01#开关电源蓄电池组|第1组|第1组单体22电池电压|1-J301电池室放电电池数据表.xlsx|DC1|DC1,陕西省,咸阳,中国移动西咸数据中心,咸阳秦都西咸数据中心1号楼站点,咸阳秦都西咸数据中心1号楼J301电力电池机房,铅酸电池,01#开关电源蓄电池组,单体XX电压,第1组单体22电池电压,2025-07-09T00:05:52,1.907,V,1-J301电池室放电电池数据表.xlsx,DC1,1.907,第1组,DC1,11,3263.0,False,1.894,2.259,0.5594660452228601,0,False,False,False,0.2162736917883723,0.9247167126797412,-7,-0.7735576257184478,-0.3682280949755193,0.3988730400157188,-0.11825512147893061,1.0763127160481123,0.060072815533980584,7,False,0.9809646726436309,True,False
咸阳秦都西咸数据中心1号楼D303电力电池机房|1#开关电源蓄电池组|第2组|第2组单体4电池电压|1-D303电池室放电电池数据表.xlsx|DC1|DC1,陕西省,咸阳,中国移动西咸数据中心,咸阳秦都西咸数据中心1号楼站点,咸阳秦都西咸数据中心1号楼D303电力电池机房,铅酸电池,1#开关电源蓄电池组,单体XX电压,第2组单体4电池电压,2025-07-10T00:27:46,2.15,V,1-D303电池室放电电池数据表.xlsx,DC1,2.15,第2组,DC1,6,1332.0,True,2.023,2.295,0.6028863980288155,0,False,False,False,0.21615711998797246,1.3867390238795885,7,-1.7009660784221134,-0.34918227080937825,0.4179446453314668,-0.15888268553059276,1.0763127160481123,0.060072815533980584,7,False,0.2696045157315551,False,False
咸阳秦都西咸数据中心1号楼J301电力电池机房|09#开关电源蓄电池组|第2组|第2组单体19电池电压|1-J301电池室放电电池数据表.xlsx|DC9|DC9,陕西省,咸阳,中国移动西咸数据中心,咸阳秦都西咸数据中心1号楼站点,咸阳秦都西咸数据中心1号楼J301电力电池机房,铅酸电池,09#开关电源蓄电池组,单体XX电压,第2组单体19电池电压,2025-07-09T02:13:11,2.046,V,1-J301电池室放电电池数据表.xlsx,DC9,2.046,第2组,DC9,6,1247.0,False,1.973,2.188,0.678003409557913,0,False,False,False,0.21615594222451257,1.9390443787640315,7,-2.1798466520076722,-0.8968501427659351,0.30559327844093603,0.07540337069997594,1.0763127160481123,0.060072815533980584,7,False,0.9921907366884374,True,False
咸阳秦都西咸数据中心1号楼J301电力电池机房|09#开关电源蓄电池组|第2组|第2组单体16电池电压|1-J301电池室放电电池数据表.xlsx|DC9|DC9,陕西省,咸阳,中国移动西咸数据中心,咸阳秦都西咸数据中心1号楼站点,咸阳秦都西咸数据中心1号楼J301电力电池机房,铅酸电池,09#开关电源蓄电池组,单体XX电压,第2组单体16电池电压,2025-07-09T02:13:20,2.025,V,1-J301电池室放电电池数据表.xlsx,DC9,2.025,第2组,DC9,9,1308.0,False,1.955,2.252,0.5524104945099255,0,False,False,False,0.21615324376669784,1.3104977662433084,7,-1.2599603975713412,-0.9253406374494947,0.2697246664209268,-0.039959646328439305,1.0763127160481123,0.060072815533980584,7,False,0.9956130844050934,True,False
咸阳秦都西咸数据中心1号楼D303电力电池机房|1#开关电源蓄电池组|第1组|第1组单体14电池电压|1-D303电池室放电电池数据表.xlsx|DC1|DC1,陕西省,咸阳,中国移动西咸数据中心,咸阳秦都西咸数据中心1号楼站点,咸阳秦都西咸数据中心1号楼D303电力电池机房,铅酸电池,1#开关电源蓄电池组,单体XX电压,第1组单体14电池电压,2025-07-10T00:27:50,2.182,V,1-D303电池室放电电池数据表.xlsx,DC1,2.182,第1组,DC1,10,1911.0,False,2.074,2.374,-0.517262530527085,0,False,False,False,0.21593259309455654,0.8091993425516164,-7,-0.47922695687441247,0.015176464473277973,0.603437327974207,-0.34838757328688663,1.0763127160481123,0.060072815533980584,7,False,0.3779066163755422,False,False
咸阳秦都西咸数据中心1号楼J301电力电池机房|11#开关电源蓄电池组|第2组|第2组单体1电池电压|1-J301电池室放电电池数据表.xlsx|DC11|DC11,陕西省,咸阳,中国移动西咸数据中心,咸阳秦都西咸数据中心1号楼站点,咸阳秦都西咸数据中心1号楼J301电力电池机房,铅酸电池,11#开关电源蓄电池组,单体XX电压,第2组单体1电池电压,2025-07-08T02:20:51,2.025,V,1-J301电池室放电电池数据表.xlsx,DC11,2.025,第2组,DC11,6,1360.0,False,2.025,2.292,-0.4112903466799811,0,False,False,False,0.21560457860862509,1.9828827513687226,0,-0.9998687224452579,0.05642101436315233,-1.882530813940317,-0.5042893841251965,1.0763127160481123,0.060072815533980584,7,False,0.6782008082666839,False,False
咸阳秦都西咸数据中心1号楼D303电力电池机房|5#开关电源蓄电池组|第2组|第2组单体9电池电压|1-D303电池室放电电池数据表.xlsx|DC5|DC5,陕西省,咸阳,中国移动西咸数据中心,咸阳秦都西咸数据中心1号楼站点,咸阳秦都西咸数据中心1号楼D303电力电池机房,铅酸电池,5#开关电源蓄电池组,单体XX电压,第2组单体9电池电压,2025-07-10T02:06:38,1.997,V,1-D303电池室放电电池数据表.xlsx,DC5,1.997,第2组,DC5,8,7572.0,False,1.997,2.219,-1.0884929841986712,0,False,False,False,0.2155915842785059,1.3775059514802663,-2,-0.9655870760499439,0.41532266662567285,-0.8535663121979229,0.3184978417327763,1.0763127160481123,0.060072815533980584,7,False,0.9547495260063209,True,False
咸阳秦都西咸数据中心1号楼D203电力电池机房|7#开关电源蓄电池组|第1组|第1组单体7电池电压|1-D203电池室放电电池数据表.xlsx|DC7|DC7,陕西省,咸阳,中国移动西咸数据中心,咸阳秦都西咸数据中心1号楼站点,咸阳秦都西咸数据中心1号楼D203电力电池机房,铅酸电池,7#开关电源蓄电池组,单体XX电压,第1组单体7电池电压,2025-07-11T02:00:01,2.046,V,1-D203电池室放电电池数据表.xlsx,DC7,2.046,第1组,DC7,9,8080.0,False,2.027,2.27,-1.1275619631477871,0,False,False,False,0.21553884362963244,1.2723040987520946,-3,-0.8414066776507098,0.6505536649643592,-0.44682248360287624,0.23037393879494514,1.0763127160481123,0.060072815533980584,7,False,0.9858925598671208,True,False
咸阳秦都西咸数据中心2号楼J301电力电池机房|01#开关电源蓄电池组|第2组|第2组单体15电池电压|2-J301电池室放电电池数据表.xlsx|DC1|DC1,陕西省,咸阳,中国移动西咸数据中心,咸阳秦都西咸数据中心2号楼站点,咸阳秦都西咸数据中心2号楼J301电力电池机房,铅酸电池,01#开关电源蓄电池组,单体XX电压,第2组单体15电池电压,2025-07-11T02:52:55,2.065,V,2-J301电池室放电电池数据表.xlsx,DC1,2.065,第2组,DC1,7,1294.0,False,1.928,2.176,0.641585181393431,0,False,False,False,0.21552105595934215,1.7543281576061833,7,-1.7851594256294878,-1.1003078489119562,0.25923805992861637,0.18069143803774887,1.0763127160481123,0.060072815533980584,7,False,0.9215278484788614,True,False
咸阳秦都西咸数据中心1号楼J301电力电池机房|12#开关电源蓄电池组|第2组|第2组单体23电池电压|1-J301电池室放电电池数据表.xlsx|DC12|DC12,陕西省,咸阳,中国移动西咸数据中心,咸阳秦都西咸数据中心1号楼站点,咸阳秦都西咸数据中心1号楼J301电力电池机房,铅酸电池,12#开关电源蓄电池组,单体XX电压,第2组单体23电池电压,2025-07-08T02:47:46,2.049,V,1-J301电池室放电电池数据表.xlsx,DC12,2.049,第2组,DC12,7,1238.0,False,1.99,2.241,0.37453687535537866,0,False,False,False,0.2154214057185353,1.2902227352741105,-7,-1.7012485451294563,-0.2721020354521418,0.4462909557041387,-0.3042186508549915,1.0763127160481123,0.060072815533980584,7,False,-0.5719282630616284,False,False
咸阳秦都西咸数据中心1号楼D203电力电池机房|7#开关电源蓄电池组|第1组|第1组单体18电池电压|1-D203电池室放电电池数据表.xlsx|DC7|DC7,陕西省,咸阳,中国移动西咸数据中心,咸阳秦都西咸数据中心1号楼站点,咸阳秦都西咸数据中心1号楼D203电力电池机房,铅酸电池,7#开关电源蓄电池组,单体XX电压,第1组单体18电池电压,2025-07-11T02:14:32,2.219,V,1-D203电池室放电电池数据表.xlsx,DC7,2.219,第1组,DC7,9,8146.0,False,2.063,2.273,-1.0963182829307738,0,False,False,False,0.21530140451657057,1.51656837422829,-2,-1.1612055198054858,0.7711982093066285,-0.7807038031507691,0.11090343555084137,1.0763127160481123,0.060072815533980584,7,False,0.9252292995882841,True,False
咸阳秦都西咸数据中心1号楼D303电力电池机房|1#开关电源蓄电池组|第2组|第2组单体1电池电压|1-D303电池室放电电池数据表.xlsx|DC1|DC1,陕西省,咸阳,中国移动西咸数据中心,咸阳秦都西咸数据中心1号楼站点,咸阳秦都西咸数据中心1号楼D303电力电池机房,铅酸电池,1#开关电源蓄电池组,单体XX电压,第2组单体1电池电压,2025-07-10T00:29:19,2.252,V,1-D303电池室放电电池数据表.xlsx,DC1,2.252,第2组,DC1,11,1757.0,False,1.991,2.252,0.25844219989706313,0,False,False,False,0.2152889237864199,1.0807912484035835,7,-1.4459389090134374,-0.5203659557111477,0.4296510065344508,-0.026752654038762536,1.0763127160481123,0.060072815533980584,7,False,0.7352232675994309,False,False
咸阳秦都西咸数据中心1号楼D201电力电池机房|1#开关电源蓄电池组|第1组|第1组单体17电池电压|1-D201电池室放电电池数据表.xlsx|DC1|DC1,陕西省,咸阳,中国移动西咸数据中心,咸阳秦都西咸数据中心1号楼站点,咸阳秦都西咸数据中心1号楼D201电力电池机房,铅酸电池,1#开关电源蓄电池组,单体XX电压,第1组单体17电池电压,2025-07-08T00:25:11,2.093,V,1-D201电池室放电电池数据表.xlsx,DC1,2.093,第1组,DC1,8,1393.0,False,1.99,2.261,-0.2767080888101515,0,False,False,False,0.21524400121740256,0.7794732631324535,7,-0.8504408634387854,-0.636187408503415,0.46861147700424016,0.08093980401305781,1.0763127160481123,0.060072815533980584,7,False,0.9903482252085775,True,False
咸阳秦都西咸数据中心1号楼D201电力电池机房|1#开关电源蓄电池组|第2组|第2组单体21电池电压|1-D201电池室放电电池数据表.xlsx|DC1|DC1,陕西省,咸阳,中国移动西咸数据中心,咸阳秦都西咸数据中心1号楼站点,咸阳秦都西咸数据中心1号楼D201电力电池机房,铅酸电池,1#开关电源蓄电池组,单体XX电压,第2组单体21电池电压,2025-07-08T00:27:49,2.002,V,1-D201电池室放电电池数据表.xlsx,DC1,2.002,第2组,DC1,7,1296.0,False,1.917,2.247,0.07596416297274117,0,False,False,False,0.21495099089689698,1.498267022888231,7,-0.49503184543734563,-1.2679610546311388,0.33827604363772956,0.7218822402729971,1.0763127160481123,0.060072815533980584,7,False,0.9986559287667693,True,False
咸阳秦都西咸数据中心1号楼D201电力电池机房|2#开关电源蓄电池组|第1组|第1组单体3电池电压|1-D201电池室放电电池数据表.xlsx|DC2|DC2,陕西省,咸阳,中国移动西咸数据中心,咸阳秦都西咸数据中心1号楼站点,咸阳秦都西咸数据中心1号楼D201电力电池机房,铅酸电池,2#开关电源蓄电池组,单体XX电压,第1组单体3电池电压,2025-07-08T00:28:07,2.03,V,1-D201电池室放电电池数据表.xlsx,DC2,2.03,第1组,DC2,8,1301.0,False,1.921,2.17,0.09468511575816124,0,False,False,False,0.21470118409255867,1.349150928164638,7,-1.2476364938724098,-1.2014047777175603,0.2835758052822787,0.15271947952720447,1.0763127160481123,0.060072815533980584,7,False,0.9980011211423394,True,False
咸阳秦都西咸数据中心1号楼D203电力电池机房|3#开关电源蓄电池组|第2组|第2组单体19电池电压|1-D203电池室放电电池数据表.xlsx|DC3|DC3,陕西省,咸阳,中国移动西咸数据中心,咸阳秦都西咸数据中心1号楼站点,咸阳秦都西咸数据中心1号楼D203电力电池机房,铅酸电池,3#开关电源蓄电池组,单体XX电压,第2组单体19电池电压,2025-07-11T01:13:08,2.081,V,1-D203电池室放电电池数据表.xlsx,DC3,2.081,第2组,DC3,13,7151.0,False,2.076,2.336,-1.1803696440811582,0,False,False,False,0.21443885096663406,1.5119829649250165,7,-0.4525178684429578,0.5769260814465815,0.9200747800352489,0.0967601139554988,1.0763127160481123,0.060072815533980584,7,False,0.982134477048694,True,False
咸阳秦都西咸数据中心1号楼D303电力电池机房|2#开关电源蓄电池组|第2组|第2组单体7电池电压|1-D303电池室放电电池数据表.xlsx|DC2|DC2,陕西省,咸阳,中国移动西咸数据中心,咸阳秦都西咸数据中心1号楼站点,咸阳秦都西咸数据中心1号楼D303电力电池机房,铅酸电池,2#开关电源蓄电池组,单体XX电压,第2组单体7电池电压,2025-07-10T00:32:20,2.173,V,1-D303电池室放电电池数据表.xlsx,DC2,2.173,第2组,DC2,10,3403.0,False,2.048,2.293,-0.9299319877866792,0,False,False,False,0.21432133377432294,1.61878600194702,1,-0.9881268737168025,0.7177526998517603,-1.195332459491867,-0.009575644049182847,1.0763127160481123,0.060072815533980584,7,False,0.9084118091804593,False,False
咸阳秦都西咸数据中心1号楼J301电力电池机房|06#开关电源蓄电池组|第1组|第1组单体23电池电压|1-J301电池室放电电池数据表.xlsx|DC6|DC6,陕西省,咸阳,中国移动西咸数据中心,咸阳秦都西咸数据中心1号楼站点,咸阳秦都西咸数据中心1号楼J301电力电池机房,铅酸电池,06#开关电源蓄电池组,单体XX电压,第1组单体23电池电压,2025-07-09T00:14:34,2.124,V,1-J301电池室放电电池数据表.xlsx,DC6,2.124,第1组,DC6,11,9928.0,False,1.922,2.152,-0.7327159737348417,0,False,False,False,0.21431908444722506,0.9302359529627013,7,-1.0554482754540457,-0.3394808091572755,0.5986389058749623,-0.038625758859218234,1.0763127160481123,0.060072815533980584,7,False,0.5123716756061218,False,False
咸阳秦都西咸数据中心1号楼D203电力电池机房|3#开关电源蓄电池组|第1组|第1组单体20电池电压|1-D203电池室放电电池数据表.xlsx|DC3|DC3,陕西省,咸阳,中国移动西咸数据中心,咸阳秦都西咸数据中心1号楼站点,咸阳秦都西咸数据中心1号楼D203电力电池机房,铅酸电池,3#开关电源蓄电池组,单体XX电压,第1组单体20电池电压,2025-07-11T00:00:52,2.343,V,1-D203电池室放电电池数据表.xlsx,DC3,2.343,第1组,DC3,10,7151.0,False,1.993,2.344,-1.125323132678953,0,False,False,False,0.21430735978888507,1.7630494786542978,-7,0.3908199640965122,0.42619349405305595,0.8693144669232993,0.23597728786703379,1.0763127160481123,0.060072815533980584,7,False,0.05584781115577982,False,False
咸阳秦都西咸数据中心1号楼D303电力电池机房|6#开关电源蓄电池组|第1组|第1组单体17电池电压|1-D303电池室放电电池数据表.xlsx|DC6|DC6,陕西省,咸阳,中国移动西咸数据中心,咸阳秦都西咸数据中心1号楼站点,咸阳秦都西咸数据中心1号楼D303电力电池机房,铅酸电池,6#开关电源蓄电池组,单体XX电压,第1组单体17电池电压,2025-07-10T02:30:37,1.972,V,1-D303电池室放电电池数据表.xlsx,DC6,1.972,第1组,DC6,10,9011.0,False,1.906,2.198,-0.20861761663485898,0,False,False,False,0.21407008890106707,0.8541729098557994,7,-0.9234501353678652,0.028142667985903536,0.7038060111305442,0.4250940934999702,1.0763127160481123,0.060072815533980584,7,False,-0.08369805442672557,False,False
咸阳秦都西咸数据中心1号楼D203电力电池机房|7#开关电源蓄电池组|第2组|第2组单体7电池电压|1-D203电池室放电电池数据表.xlsx|DC7|DC7,陕西省,咸阳,中国移动西咸数据中心,咸阳秦都西咸数据中心1号楼站点,咸阳秦都西咸数据中心1号楼D203电力电池机房,铅酸电池,7#开关电源蓄电池组,单体XX电压,第2组单体7电池电压,2025-07-11T02:15:12,2.177,V,1-D203电池室放电电池数据表.xlsx,DC7,2.177,第2组,DC7,9,8058.0,False,2.034,2.233,-0.678430937371558,0,False,False,False,0.2137820345994897,1.110786581148638,-7,-1.356992232194278,0.13221872532551296,0.7318353460494536,-0.04178160011512898,1.0763127160481123,0.060072815533980584,7,False,0.6473245635713971,False,False
咸阳秦都西咸数据中心1号楼J301电力电池机房|13#开关电源蓄电池组|第2组|第2组单体11电池电压|1-J301电池室放电电池数据表.xlsx|DC13|DC13,陕西省,咸阳,中国移动西咸数据中心,咸阳秦都西咸数据中心1号楼站点,咸阳秦都西咸数据中心1号楼J301电力电池机房,铅酸电池,13#开关电源蓄电池组,单体XX电压,第2组单体11电池电压,2025-07-08T03:20:53,2.046,V,1-J301电池室放电电池数据表.xlsx,DC13,2.046,第2组,DC13,8,1247.0,False,1.98,2.249,0.4786566601507017,0,False,False,False,0.21363070076202978,1.3971558907506152,7,-1.5014405421555481,-0.8775665473776703,0.34381385815773846,0.23302037904765768,1.0763127160481123,0.060072815533980584,7,False,0.9964598673495101,True,False
咸阳秦都西咸数据中心1号楼D301电力电池机房|1#开关电源蓄电池组|第2组|第2组单体15电池电压|1-D301电池室放电电池数据表.xlsx|DC1|DC1,陕西省,咸阳,中国移动西咸数据中心,咸阳秦都西咸数据中心1号楼站点,咸阳秦都西咸数据中心1号楼D301电力电池机房,铅酸电池,1#开关电源蓄电池组,单体XX电压,第2组单体15电池电压,2025-07-08T01:13:32,2.324,V,1-D301电池室放电电池数据表.xlsx,DC1,2.324,第2组,DC1,9,1502.0,False,2.111,2.434,-0.8634063997445152,0,False,False,False,0.21351339556543236,1.2166421681825268,7,0.010952292403647368,-0.1761170466896303,0.6723348615564423,0.211759014960168,1.0763127160481123,0.060072815533980584,7,False,0.8976340492359787,False,False
咸阳秦都西咸数据中心1号楼D203电力电池机房|4#开关电源蓄电池组|第2组|第2组单体1电池电压|1-D203电池室放电电池数据表.xlsx|DC4|DC4,陕西省,咸阳,中国移动西咸数据中心,咸阳秦都西咸数据中心1号楼站点,咸阳秦都西咸数据中心1号楼D203电力电池机房,铅酸电池,4#开关电源蓄电池组,单体XX电压,第2组单体1电池电压,2025-07-11T01:36:40,2.198,V,1-D203电池室放电电池数据表.xlsx,DC4,2.198,第2组,DC4,11,7148.0,False,2.065,2.285,-0.926317082400465,0,False,False,False,0.2132198559380613,1.211315076790067,-7,-0.9973093476174729,0.3396840982302398,0.8295998594231603,0.06232777210269255,1.0763127160481123,0.060072815533980584,7,False,0.9392286681618321,True,False
咸阳秦都西咸数据中心1号楼J301电力电池机房|12#开关电源蓄电池组|第1组|第1组单体18电池电压|1-J301电池室放电电池数据表.xlsx|DC12|DC12,陕西省,咸阳,中国移动西咸数据中心,咸阳秦都西咸数据中心1号楼站点,咸阳秦都西咸数据中心1号楼J301电力电池机房,铅酸电池,12#开关电源蓄电池组,单体XX电压,第1组单体18电池电压,2025-07-08T03:01:00,2.074,V,1-J301电池室放电电池数据表.xlsx,DC12,2.074,第1组,DC12,6,1238.0,False,1.925,2.206,0.3454643076935568,0,False,False,False,0.2130964781516693,1.3811586180969164,7,-1.201502607440745,-1.1415662531218742,0.2883230072721645,0.2913153947556587,1.0763127160481123,0.060072815533980584,7,False,0.9610567847031712,True,False
咸阳秦都西咸数据中心1号楼D303电力电池机房|2#开关电源蓄电池组|第2组|第2组单体12电池电压|1-D303电池室放电电池数据表.xlsx|DC2|DC2,陕西省,咸阳,中国移动西咸数据中心,咸阳秦都西咸数据中心1号楼站点,咸阳秦都西咸数据中心1号楼D303电力电池机房,铅酸电池,2#开关电源蓄电池组,单体XX电压,第2组单体12电池电压,2025-07-10T00:32:20,1.93,V,1-D303电池室放电电池数据表.xlsx,DC2,1.93,第2组,DC2,12,3305.0,False,1.815,2.213,0.14709232567043934,0,False,False,False,0.21264277876523735,1.1112552670894216,7,-0.10758333917809304,-0.4813651666458686,0.5120280575500422,0.5562487040858062,1.0763127160481123,0.060072815533980584,7,False,0.7268624684940934,False,False
咸阳秦都西咸数据中心1号楼J301电力电池机房|02#开关电源蓄电池组|第1组|第1组单体17电池电压|1-J301电池室放电电池数据表.xlsx|DC2|DC2,陕西省,咸阳,中国移动西咸数据中心,咸阳秦都西咸数据中心1号楼站点,咸阳秦都西咸数据中心1号楼J301电力电池机房,铅酸电池,02#开关电源蓄电池组,单体XX电压,第1组单体17电池电压,2025-07-09T02:11:31,2.278,V,1-J301电池室放电电池数据表.xlsx,DC2,2.278,第1组,DC2,11,7018.0,False,1.852,2.278,-0.6156370892417473,0,False,False,False,0.21248959277702595,1.0817012285523153,7,-1.1823517082349995,0.33668061442077146,0.7832716207377992,0.0030263603729075716,1.0763127160481123,0.060072815533980584,7,False,0.8648500546486751,False,False
咸阳秦都西咸数据中心1号楼D303电力电池机房|2#开关电源蓄电池组|第1组|第1组单体19电池电压|1-D303电池室放电电池数据表.xlsx|DC2|DC2,陕西省,咸阳,中国移动西咸数据中心,咸阳秦都西咸数据中心1号楼站点,咸阳秦都西咸数据中心1号楼D303电力电池机房,铅酸电池,2#开关电源蓄电池组,单体XX电压,第1组单体19电池电压,2025-07-10T00:53:35,2.008,V,1-D303电池室放电电池数据表.xlsx,DC2,2.008,第1组,DC2,10,3283.0,False,1.987,2.27,-1.1838420238904963,0,False,False,False,0.21195505613949647,1.703813411121171,-1,-0.2970296067382802,0.3882364065442081,-1.2278183138466199,0.2738984564028748,1.0763127160481123,0.060072815533980584,7,False,0.9970427187174851,True,False
咸阳秦都西咸数据中心1号楼D303电力电池机房|6#开关电源蓄电池组|第2组|第2组单体16电池电压|1-D303电池室放电电池数据表.xlsx|DC6|DC6,陕西省,咸阳,中国移动西咸数据中心,咸阳秦都西咸数据中心1号楼站点,咸阳秦都西咸数据中心1号楼D303电力电池机房,铅酸电池,6#开关电源蓄电池组,单体XX电压,第2组单体16电池电压,2025-07-10T02:09:17,2.025,V,1-D303电池室放电电池数据表.xlsx,DC6,2.025,第2组,DC6,6,1460.0,True,1.968,2.173,0.41312690107885935,0,False,False,False,0.21176235005793614,1.6961629360659296,-7,-2.06862509667201,-0.5962339822127464,0.3324964952301971,-0.4774381247093147,1.0763127160481123,0.060072815533980584,7,False,0.8395723522572612,False,False
咸阳秦都西咸数据中心1号楼D303电力电池机房|2#开关电源蓄电池组|第1组|第1组单体23电池电压|1-D303电池室放电电池数据表.xlsx|DC2|DC2,陕西省,咸阳,中国移动西咸数据中心,咸阳秦都西咸数据中心1号楼站点,咸阳秦都西咸数据中心1号楼D303电力电池机房,铅酸电池,2#开关电源蓄电池组,单体XX电压,第1组单体23电池电压,2025-07-10T00:32:20,2.057,V,1-D303电池室放电电池数据表.xlsx,DC2,2.057,第1组,DC2,9,3305.0,False,1.986,2.267,-1.1389147041671417,0,False,False,False,0.21105683580725218,1.67651402605107,-1,-0.36982829778458853,0.3750773619067038,-1.2119532562983604,0.4189587492931778,1.0763127160481123,0.060072815533980584,7,False,0.9972029327915772,True,False
咸阳秦都西咸数据中心1号楼D203电力电池机房|1#开关电源蓄电池组|第2组|第2组单体8电池电压|1-D203电池室放电电池数据表.xlsx|DC1|DC1,陕西省,咸阳,中国移动西咸数据中心,咸阳秦都西咸数据中心1号楼站点,咸阳秦都西咸数据中心1号楼D203电力电池机房,铅酸电池,1#开关电源蓄电池组,单体XX电压,第2组单体8电池电压,2025-07-11T00:03:08,2.032,V,1-D203电池室放电电池数据表.xlsx,DC1,2.032,第2组,DC1,9,1469.0,False,2.032,2.305,-0.4630766354443547,0,False,False,False,0.2110221775043847,1.9393197151064558,0,-0.9171216254644574,0.08980757844619239,-1.8571516619818973,-0.4332948562387404,1.0763127160481123,0.060072815533980584,7,False,0.9631543919646386,True,False
咸阳秦都西咸数据中心1号楼D303电力电池机房|2#开关电源蓄电池组|第1组|第1组单体16电池电压|1-D303电池室放电电池数据表.xlsx|DC2|DC2,陕西省,咸阳,中国移动西咸数据中心,咸阳秦都西咸数据中心1号楼站点,咸阳秦都西咸数据中心1号楼D303电力电池机房,铅酸电池,2#开关电源蓄电池组,单体XX电压,第1组单体16电池电压,2025-07-10T00:32:50,1.915,V,1-D303电池室放电电池数据表.xlsx,DC2,1.915,第1组,DC2,11,3305.0,False,1.915,2.211,-0.07329467705836429,0,False,False,False,0.21080003840314043,0.7362804082758562,7,-0.9084301302208158,-0.3490912411495546,0.5571211546332684,0.28617638333967477,1.0763127160481123,0.060072815533980584,7,False,0.6446967619381565,False,False
咸阳秦都西咸数据中心1号楼J301电力电池机房|11#开关电源蓄电池组|第1组|第1组单体8电池电压|1-J301电池室放电电池数据表.xlsx|DC11|DC11,陕西省,咸阳,中国移动西咸数据中心,咸阳秦都西咸数据中心1号楼站点,咸阳秦都西咸数据中心1号楼J301电力电池机房,铅酸电池,11#开关电源蓄电池组,单体XX电压,第1组单体8电池电压,2025-07-08T02:19:07,2.176,V,1-J301电池室放电电池数据表.xlsx,DC11,2.176,第1组,DC11,7,1351.0,False,1.968,2.215,0.5376426427136327,0,False,False,False,0.21014410256587737,1.5414626394121553,7,-1.720884876933074,-0.8321462904406494,0.2624190612919139,-0.33902908740176074,1.0763127160481123,0.060072815533980584,7,False,0.9702754588053472,True,False
咸阳秦都西咸数据中心1号楼D303电力电池机房|3#开关电源蓄电池组|第2组|第2组单体6电池电压|1-D303电池室放电电池数据表.xlsx|DC3|DC3,陕西省,咸阳,中国移动西咸数据中心,咸阳秦都西咸数据中心1号楼站点,咸阳秦都西咸数据中心1号楼D303电力电池机房,铅酸电池,3#开关电源蓄电池组,单体XX电压,第2组单体6电池电压,2025-07-10T01:20:12,2.261,V,1-D303电池室放电电池数据表.xlsx,DC3,2.261,第2组,DC3,9,4810.0,False,2.083,2.387,-0.8946419190029997,0,False,False,False,0.21013808116041965,1.4916878514016791,-7,-0.36819050648210877,0.8116114472602637,0.9370246916861806,0.042493027787821325,1.0763127160481123,0.060072815533980584,7,False,0.8646563744434062,False,False
咸阳秦都西咸数据中心1号楼D201电力电池机房|4#开关电源蓄电池组|第1组|第1组单体1电池电压|1-D201电池室放电电池数据表.xlsx|DC4|DC4,陕西省,咸阳,中国移动西咸数据中心,咸阳秦都西咸数据中心1号楼站点,咸阳秦都西咸数据中心1号楼D201电力电池机房,铅酸电池,4#开关电源蓄电池组,单体XX电压,第1组单体1电池电压,2025-07-08T00:48:46,1.947,V,1-D201电池室放电电池数据表.xlsx,DC4,1.947,第1组,DC4,8,1304.0,False,1.947,2.221,0.02258466223837885,0,False,False,False,0.21009536523912672,1.1122374387319796,7,-0.9979365673154919,-1.014105793230912,0.3474799827659966,0.20712619040543592,1.0763127160481123,0.060072815533980584,7,False,0.9952191861446322,True,False
咸阳秦都西咸数据中心1号楼D201电力电池机房|2#开关电源蓄电池组|第2组|第2组单体23电池电压|1-D201电池室放电电池数据表.xlsx|DC2|DC2,陕西省,咸阳,中国移动西咸数据中心,咸阳秦都西咸数据中心1号楼站点,咸阳秦都西咸数据中心1号楼D201电力电池机房,铅酸电池,2#开关电源蓄电池组,单体XX电压,第2组单体23电池电压,2025-07-08T00:49:22,2.069,V,1-D201电池室放电电池数据表.xlsx,DC2,2.069,第2组,DC2,6,1543.0,False,2.007,2.225,0.23010564257473481,0,False,False,False,0.20999655237836604,1.4212631375837737,7,-1.7586642446053091,-0.5867798904573862,0.33720205156080696,-0.5606291059331742,1.0763127160481123,0.060072815533980584,7,False,0.7634532615509856,False,False
咸阳秦都西咸数据中心1号楼J301电力电池机房|09#开关电源蓄电池组|第2组|第2组单体4电池电压|1-J301电池室放电电池数据表.xlsx|DC9|DC9,陕西省,咸阳,中国移动西咸数据中心,咸阳秦都西咸数据中心1号楼站点,咸阳秦都西咸数据中心1号楼J301电力电池机房,铅酸电池,09#开关电源蓄电池组,单体XX电压,第2组单体4电池电压,2025-07-09T02:13:29,2.019,V,1-J301电池室放电电池数据表.xlsx,DC9,2.019,第2组,DC9,8,1247.0,False,2.019,2.322,-0.46003446735595455,0,False,False,False,0.20996669885485714,1.9253530153962681,0,-0.5805182276568632,-0.21379147287263756,-1.8969661976819894,-0.09152080026819333,1.0763127160481123,0.060072815533980584,7,False,0.2870717316963212,False,False
咸阳秦都西咸数据中心1号楼D203电力电池机房|1#开关电源蓄电池组|第1组|第1组单体22电池电压|1-D203电池室放电电池数据表.xlsx|DC1|DC1,陕西省,咸阳,中国移动西咸数据中心,咸阳秦都西咸数据中心1号楼站点,咸阳秦都西咸数据中心1号楼D203电力电池机房,铅酸电池,1#开关电源蓄电池组,单体XX电压,第1组单体22电池电压,2025-07-11T00:03:08,2.024,V,1-D203电池室放电电池数据表.xlsx,DC1,2.024,第1组,DC1,9,1473.0,False,2.024,2.254,-0.613400250061986,0,False,False,False,0.20982246750814046,1.5951594257314505,1,-1.1714195401302094,-0.04594420219909881,-1.4653223189032314,-0.12631728467415124,1.0763127160481123,0.060072815533980584,7,False,0.941154659839864,True,False
咸阳秦都西咸数据中心1号楼J301电力电池机房|08#开关电源蓄电池组|第1组|第1组单体7电池电压|1-J301电池室放电电池数据表.xlsx|DC8|DC8,陕西省,咸阳,中国移动西咸数据中心,咸阳秦都西咸数据中心1号楼站点,咸阳秦都西咸数据中心1号楼J301电力电池机房,铅酸电池,08#开关电源蓄电池组,单体XX电压,第1组单体7电池电压,2025-07-09T02:12:37,2.061,V,1-J301电池室放电电池数据表.xlsx,DC8,2.061,第1组,DC8,7,4132.0,True,1.929,2.223,-0.001151103104960527,0,False,False,False,0.2097251509017038,0.7232876401062891,-7,-1.016240525760157,-0.14566304848041875,0.589158754387802,0.17142643116725056,1.0763127160481123,0.060072815533980584,7,False,-0.05076552127109606,False,False
咸阳秦都西咸数据中心1号楼D301电力电池机房|2#开关电源蓄电池组|第1组|第1组单体13电池电压|1-D301电池室放电电池数据表.xlsx|DC2|DC2,陕西省,咸阳,中国移动西咸数据中心,咸阳秦都西咸数据中心1号楼站点,咸阳秦都西咸数据中心1号楼D301电力电池机房,铅酸电池,2#开关电源蓄电池组,单体XX电压,第1组单体13电池电压,2025-07-08T01:55:27,2.148,V,1-D301电池室放电电池数据表.xlsx,DC2,2.148,第1组,DC2,6,1340.0,True,2.034,2.203,0.25721200119295967,0,False,False,False,0.20957144572719796,1.805301722761698,7,-2.3255807144047145,-0.4596364797007303,0.4348662335620629,-0.25365815231766065,1.0763127160481123,0.060072815533980584,7,False,0.6663072748708339,False,False
咸阳秦都西咸数据中心1号楼J301电力电池机房|02#开关电源蓄电池组|第2组|第2组单体13电池电压|1-J301电池室放电电池数据表.xlsx|DC2|DC2,陕西省,咸阳,中国移动西咸数据中心,咸阳秦都西咸数据中心1号楼站点,咸阳秦都西咸数据中心1号楼J301电力电池机房,铅酸电池,02#开关电源蓄电池组,单体XX电压,第2组单体13电池电压,2025-07-09T00:14:33,2.28,V,1-J301电池室放电电池数据表.xlsx,DC2,2.28,第2组,DC2,8,1964.0,True,1.867,2.283,1.1342051267529902,0,False,False,False,0.20916518576922194,2.1899811490296086,-3,-1.621643882413403,1.3217104261732011,-0.577021687309416,-0.025497689586374286,1.0763127160481123,0.060072815533980584,7,False,0.8531511391112755,False,False
咸阳秦都西咸数据中心1号楼J301电力电池机房|12#开关电源蓄电池组|第2组|第2组单体14电池电压|1-J301电池室放电电池数据表.xlsx|DC12|DC12,陕西省,咸阳,中国移动西咸数据中心,咸阳秦都西咸数据中心1号楼站点,咸阳秦都西咸数据中心1号楼J301电力电池机房,铅酸电池,12#开关电源蓄电池组,单体XX电压,第2组单体14电池电压,2025-07-08T03:01:08,2.246,V,1-J301电池室放电电池数据表.xlsx,DC12,2.246,第2组,DC12,6,1238.0,False,1.974,2.246,-0.19988772111414294,0,False,False,False,0.20888803776026038,0.7559280130095655,7,-0.921225660015951,-0.5913424438890033,0.4684014632668819,0.05233033389729633,1.0763127160481123,0.060072815533980584,7,False,0.8223314549443084,False,False
咸阳秦都西咸数据中心1号楼D201电力电池机房|2#开关电源蓄电池组|第1组|第1组单体23电池电压|1-D201电池室放电电池数据表.xlsx|DC2|DC2,陕西省,咸阳,中国移动西咸数据中心,咸阳秦都西咸数据中心1号楼站点,咸阳秦都西咸数据中心1号楼D201电力电池机房,铅酸电池,2#开关电源蓄电池组,单体XX电压,第1组单体23电池电压,2025-07-08T00:28:16,2.043,V,1-D201电池室放电电池数据表.xlsx,DC2,2.043,第1组,DC2,7,1328.0,False,2.043,2.258,-0.5346518033399625,0,False,False,False,0.20880992058843298,1.9699410789052405,0,-1.4092658972199361,-0.016624184503874984,-1.809498354971209,-0.09782542746177049,1.0763127160481123,0.060072815533980584,7,False,0.21912141644663055,False,False
咸阳秦都西咸数据中心1号楼D303电力电池机房|1#开关电源蓄电池组|第1组|第1组单体17电池电压|1-D303电池室放电电池数据表.xlsx|DC1|DC1,陕西省,咸阳,中国移动西咸数据中心,咸阳秦都西咸数据中心1号楼站点,咸阳秦都西咸数据中心1号楼D303电力电池机房,铅酸电池,1#开关电源蓄电池组,单体XX电压,第1组单体17电池电压,2025-07-10T00:27:50,2.193,V,1-D303电池室放电电池数据表.xlsx,DC1,2.193,第1组,DC1,10,1743.0,False,1.979,2.245,-0.6151702935831407,0,False,False,False,0.20858371875154613,1.5641423751552461,1,-0.8038906147830346,-0.10241385690934737,-1.4969626614450227,-0.16158523384557053,1.0763127160481123,0.060072815533980584,7,False,0.9679568394127037,True,False
咸阳秦都西咸数据中心1号楼J301电力电池机房|02#开关电源蓄电池组|第2组|第2组单体14电池电压|1-J301电池室放电电池数据表.xlsx|DC2|DC2,陕西省,咸阳,中国移动西咸数据中心,咸阳秦都西咸数据中心1号楼站点,咸阳秦都西咸数据中心1号楼J301电力电池机房,铅酸电池,02#开关电源蓄电池组,单体XX电压,第2组单体14电池电压,2025-07-09T00:27:26,1.89,V,1-J301电池室放电电池数据表.xlsx,DC2,1.89,第2组,DC2,11,7819.0,False,1.89,2.217,0.9594830227134694,0,False,False,False,0.20855572098671418,1.8039157380475108,-7,-1.830065454628348,0.4363881449255649,0.5706551374022996,-0.30905493696446396,1.0763127160481123,0.060072815533980584,7,False,-0.8649777277548276,False,False
咸阳秦都西咸数据中心1号楼J301电力电池机房|11#开关电源蓄电池组|第1组|第1组单体16电池电压|1-J301电池室放电电池数据表.xlsx|DC11|DC11,陕西省,咸阳,中国移动西咸数据中心,咸阳秦都西咸数据中心1号楼站点,咸阳秦都西咸数据中心1号楼J301电力电池机房,铅酸电池,11#开关电源蓄电池组,单体XX电压,第1组单体16电池电压,2025-07-08T02:37:43,1.973,V,1-J301电池室放电电池数据表.xlsx,DC11,1.973,第1组,DC11,8,1308.0,False,1.948,2.243,0.5219895374807326,0,False,False,False,0.20834440359242232,1.2455122425268217,7,-1.303850813156851,-0.8016470512078203,0.3223827676551695,0.03843941076237384,1.0763127160481123,0.060072815533980584,7,False,0.9870913799721841,True,False
咸阳秦都西咸数据中心1号楼J301电力电池机房|10#开关电源蓄电池组|第2组|第2组单体24电池电压|1-J301电池室放电电池数据表.xlsx|DC10|DC10,陕西省,咸阳,中国移动西咸数据中心,咸阳秦都西咸数据中心1号楼站点,咸阳秦都西咸数据中心1号楼J301电力电池机房,铅酸电池,10#开关电源蓄电池组,单体XX电压,第2组单体24电池电压,2025-07-09T02:34:27,2.049,V,1-J301电池室放电电池数据表.xlsx,DC10,2.049,第2组,DC10,7,1247.0,False,1.999,2.212,0.43155749026250717,0,False,False,False,0.20832301948391685,1.650151984802151,7,-2.020384470825906,-0.5220000201135034,0.3463694720965011,-0.49707072078833836,1.0763127160481123,0.060072815533980584,7,False,0.9285610979871284,True,False
咸阳秦都西咸数据中心1号楼J301电力电池机房|09#开关电源蓄电池组|第2组|第2组单体18电池电压|1-J301电池室放电电池数据表.xlsx|DC9|DC9,陕西省,咸阳,中国移动西咸数据中心,咸阳秦都西咸数据中心1号楼站点,咸阳秦都西咸数据中心1号楼J301电力电池机房,铅酸电池,09#开关电源蓄电池组,单体XX电压,第2组单体18电池电压,2025-07-09T02:33:23,2.041,V,1-J301电池室放电电池数据表.xlsx,DC9,2.041,第2组,DC9,7,1273.0,False,1.997,2.167,0.07924547497042961,0,False,False,False,0.20785385383662358,1.635796271928875,7,-2.0561249490472235,-0.8187933485498673,0.3564306971793608,-0.21396953103132565,1.0763127160481123,0.060072815533980584,7,False,0.971619801356366,True,False
咸阳秦都西咸数据中心1号楼J301电力电池机房|02#开关电源蓄电池组|第2组|第2组单体2电池电压|1-J301电池室放电电池数据表.xlsx|DC2|DC2,陕西省,咸阳,中国移动西咸数据中心,咸阳秦都西咸数据中心1号楼站点,咸阳秦都西咸数据中心1号楼J301电力电池机房,铅酸电池,02#开关电源蓄电池组,单体XX电压,第2组单体2电池电压,2025-07-09T00:28:37,2.216,V,1-J301电池室放电电池数据表.xlsx,DC2,2.216,第2组,DC2,7,1964.0,True,1.856,2.248,1.1614597152543427,0,False,False,False,0.20759208431503212,2.100169577380742,-3,-1.630246816868687,1.1042829069707467,-0.6377977734663034,-0.003076682293701047,1.0763127160481123,0.060072815533980584,7,False,0.8531511391112726,False,False
咸阳秦都西咸数据中心1号楼D203电力电池机房|8#开关电源蓄电池组|第2组|第2组单体18电池电压|1-D203电池室放电电池数据表.xlsx|DC8|DC8,陕西省,咸阳,中国移动西咸数据中心,咸阳秦都西咸数据中心1号楼站点,咸阳秦都西咸数据中心1号楼D203电力电池机房,铅酸电池,8#开关电源蓄电池组,单体XX电压,第2组单体18电池电压,2025-07-11T00:00:53,2.257,V,1-D203电池室放电电池数据表.xlsx,DC8,2.257,第2组,DC8,9,9501.0,False,2.032,2.257,-1.1715524440828333,0,False,False,False,0.20730852164153385,1.4882498889061648,-2,-0.940737955588969,0.6868582495313542,-0.7715128892843299,0.29090011872859756,1.0763127160481123,0.060072815533980584,7,False,0.9489448284140076,True,False
咸阳秦都西咸数据中心1号楼J301电力电池机房|04#开关电源蓄电池组|第1组|第1组单体17电池电压|1-J301电池室放电电池数据表.xlsx|DC4|DC4,陕西省,咸阳,中国移动西咸数据中心,咸阳秦都西咸数据中心1号楼站点,咸阳秦都西咸数据中心1号楼J301电力电池机房,铅酸电池,04#开关电源蓄电池组,单体XX电压,第1组单体17电池电压,2025-07-09T00:47:47,2.199,V,1-J301电池室放电电池数据表.xlsx,DC4,2.199,第1组,DC4,6,8324.0,False,1.889,2.295,-0.07500716732871651,0,False,False,False,0.2072974539585858,2.547442914277354,-7,-2.9907276831213725,0.6259860258673833,0.7708595503855912,-0.4477610471533645,1.0763127160481123,0.060072815533980584,7,False,0.3102390018263721,False,False
咸阳秦都西咸数据中心1号楼D301电力电池机房|4#开关电源蓄电池组|第2组|第2组单体24电池电压|1-D301电池室放电电池数据表.xlsx|DC4|DC4,陕西省,咸阳,中国移动西咸数据中心,咸阳秦都西咸数据中心1号楼站点,咸阳秦都西咸数据中心1号楼D301电力电池机房,铅酸电池,4#开关电源蓄电池组,单体XX电压,第2组单体24电池电压,2025-07-08T01:56:54,2.048,V,1-D301电池室放电电池数据表.xlsx,DC4,2.048,第2组,DC4,7,1324.0,False,2.048,2.238,-0.5279967829459836,0,False,False,False,0.20659821802151118,2.08534780998311,0,-1.669408078831222,0.06982331461953864,-1.802506641676235,-0.24438673548711398,1.0763127160481123,0.060072815533980584,7,False,0.9738573532017635,True,False
咸阳秦都西咸数据中心1号楼J301电力电池机房|06#开关电源蓄电池组|第2组|第2组单体24电池电压|1-J301电池室放电电池数据表.xlsx|DC6|DC6,陕西省,咸阳,中国移动西咸数据中心,咸阳秦都西咸数据中心1号楼站点,咸阳秦都西咸数据中心1号楼J301电力电池机房,铅酸电池,06#开关电源蓄电池组,单体XX电压,第2组单体24电池电压,2025-07-09T01:21:37,2.063,V,1-J301电池室放电电池数据表.xlsx,DC6,2.063,第2组,DC6,7,9928.0,False,2.002,2.214,-0.5939439732627876,0,False,False,False,0.20624472506412003,1.0100300722448126,7,-1.321114950111027,0.009654672394048491,0.6639126659153364,-0.17370819815723842,1.0763127160481123,0.060072815533980584,7,False,0.9876566464284453,True,False
咸阳秦都西咸数据中心1号楼D203电力电池机房|7#开关电源蓄电池组|第2组|第2组单体10电池电压|1-D203电池室放电电池数据表.xlsx|DC7|DC7,陕西省,咸阳,中国移动西咸数据中心,咸阳秦都西咸数据中心1号楼站点,咸阳秦都西咸数据中心1号楼D203电力电池机房,铅酸电池,7#开关电源蓄电池组,单体XX电压,第2组单体10电池电压,2025-07-11T02:14:32,2.311,V,1-D203电池室放电电池数据表.xlsx,DC7,2.311,第2组,DC7,8,8018.0,False,2.05,2.311,-1.035997326357781,0,False,False,False,0.20623878234462742,1.65567989379943,-1,-0.794331245071603,0.8072454121897822,-1.1283678361927771,0.19606579034987373,1.0763127160481123,0.060072815533980584,7,False,0.8781186771505451,False,False
咸阳秦都西咸数据中心1号楼D301电力电池机房|4#开关电源蓄电池组|第1组|第1组单体5电池电压|1-D301电池室放电电池数据表.xlsx|DC4|DC4,陕西省,咸阳,中国移动西咸数据中心,咸阳秦都西咸数据中心1号楼站点,咸阳秦都西咸数据中心1号楼D301电力电池机房,铅酸电池,4#开关电源蓄电池组,单体XX电压,第1组单体5电池电压,2025-07-08T01:54:34,2.3,V,1-D301电池室放电电池数据表.xlsx,DC4,2.3,第1组,DC4,7,1367.0,False,2.047,2.3,-0.5262094899861562,0,False,False,False,0.20572424203515488,1.5174786796061521,1,-1.0580114353249142,0.027897219402895884,-1.4406583147942542,-0.010984077809528925,1.0763127160481123,0.060072815533980584,7,False,0.8647562410837147,False,False
咸阳秦都西咸数据中心1号楼D203电力电池机房|8#开关电源蓄电池组|第2组|第2组单体2电池电压|1-D203电池室放电电池数据表.xlsx|DC8|DC8,陕西省,咸阳,中国移动西咸数据中心,咸阳秦都西咸数据中心1号楼站点,咸阳秦都西咸数据中心1号楼D203电力电池机房,铅酸电池,8#开关电源蓄电池组,单体XX电压,第2组单体2电池电压,2025-07-11T02:37:46,2.072,V,1-D203电池室放电电池数据表.xlsx,DC8,2.072,第2组,DC8,10,9501.0,False,2.016,2.285,-1.2608301896463885,0,False,False,False,0.20572037936422177,1.5984564321216619,-2,-0.4830238346657686,0.8259553371450807,-0.7349792593058488,0.281793904129395,1.0763127160481123,0.060072815533980584,7,False,0.9503158224577691,True,False
咸阳秦都西咸数据中心1号楼D303电力电池机房|5#开关电源蓄电池组|第2组|第2组单体21电池电压|1-D303电池室放电电池数据表.xlsx|DC5|DC5,陕西省,咸阳,中国移动西咸数据中心,咸阳秦都西咸数据中心1号楼站点,咸阳秦都西咸数据中心1号楼D303电力电池机房,铅酸电池,5#开关电源蓄电池组,单体XX电压,第2组单体21电池电压,2025-07-10T02:06:56,2.082,V,1-D303电池室放电电池数据表.xlsx,DC5,2.082,第2组,DC5,9,7572.0,False,1.984,2.232,-1.0100271858920669,0,False,False,False,0.2054232762472833,1.320653878748557,-2,-0.8072852829022976,0.48076898178065863,-0.8620664859463769,0.24397705590923555,1.0763127160481123,0.060072815533980584,7,False,0.951872941868865,True,False
咸阳秦都西咸数据中心1号楼D303电力电池机房|6#开关电源蓄电池组|第1组|第1组单体7电池电压|1-D303电池室放电电池数据表.xlsx|DC6|DC6,陕西省,咸阳,中国移动西咸数据中心,咸阳秦都西咸数据中心1号楼站点,咸阳秦都西咸数据中心1号楼D303电力电池机房,铅酸电池,6#开关电源蓄电池组,单体XX电压,第1组单体7电池电压,2025-07-10T02:36:16,2.245,V,1-D303电池室放电电池数据表.xlsx,DC6,2.245,第1组,DC6,6,1619.0,True,1.971,2.245,0.3144612435176178,0,False,False,False,0.20538814366338903,1.0802207969398858,-7,-1.3240683930454127,-0.6540476294837078,0.36461420503306774,-0.12988630776956045,1.0763127160481123,0.060072815533980584,7,False,-0.46795949291477734,False,False
咸阳秦都西咸数据中心1号楼D303电力电池机房|5#开关电源蓄电池组|第1组|第1组单体8电池电压|1-D303电池室放电电池数据表.xlsx|DC5|DC5,陕西省,咸阳,中国移动西咸数据中心,咸阳秦都西咸数据中心1号楼站点,咸阳秦都西咸数据中心1号楼D303电力电池机房,铅酸电池,5#开关电源蓄电池组,单体XX电压,第1组单体8电池电压,2025-07-10T02:06:56,2.084,V,1-D303电池室放电电池数据表.xlsx,DC5,2.084,第1组,DC5,8,7572.0,False,1.963,2.224,-1.188244433552873,0,False,False,False,0.2053814985555079,1.4434060652960086,-2,-0.5115004674504703,0.4049301281051073,-0.8438621277199003,0.39380149418351273,1.0763127160481123,0.060072815533980584,7,False,0.9922181582935738,True,False
咸阳秦都西咸数据中心1号楼D301电力电池机房|2#开关电源蓄电池组|第2组|第2组单体11电池电压|1-D301电池室放电电池数据表.xlsx|DC2|DC2,陕西省,咸阳,中国移动西咸数据中心,咸阳秦都西咸数据中心1号楼站点,咸阳秦都西咸数据中心1号楼D301电力电池机房,铅酸电池,2#开关电源蓄电池组,单体XX电压,第2组单体11电池电压,2025-07-08T01:59:38,2.205,V,1-D301电池室放电电池数据表.xlsx,DC2,2.205,第2组,DC2,7,1552.0,False,2.012,2.255,-0.23465417299802305,0,False,False,False,0.20536325283183696,0.891123982684964,7,-1.164419532220543,-0.6258038386379922,0.4790939136483663,0.1076200004038835,1.0763127160481123,0.060072815533980584,7,False,0.5314598710945457,False,False
咸阳秦都西咸数据中心1号楼D201电力电池机房|1#开关电源蓄电池组|第2组|第2组单体22电池电压|1-D201电池室放电电池数据表.xlsx|DC1|DC1,陕西省,咸阳,中国移动西咸数据中心,咸阳秦都西咸数据中心1号楼站点,咸阳秦都西咸数据中心1号楼D201电力电池机房,铅酸电池,1#开关电源蓄电池组,单体XX电压,第2组单体22电池电压,2025-07-08T00:28:12,2.191,V,1-D201电池室放电电池数据表.xlsx,DC1,2.191,第2组,DC1,6,1296.0,False,1.991,2.234,-0.14368005504922343,0,False,False,False,0.20515914266563576,1.078580627014221,7,-1.2085926820970818,-0.8131121708835751,0.4525178138190657,0.33518527216205785,1.0763127160481123,0.060072815533980584,7,False,0.9809454084990694,True,False
咸阳秦都西咸数据中心1号楼D303电力电池机房|2#开关电源蓄电池组|第1组|第1组单体21电池电压|1-D303电池室放电电池数据表.xlsx|DC2|DC2,陕西省,咸阳,中国移动西咸数据中心,咸阳秦都西咸数据中心1号楼站点,咸阳秦都西咸数据中心1号楼D303电力电池机房,铅酸电池,2#开关电源蓄电池组,单体XX电压,第1组单体21电池电压,2025-07-10T00:32:28,1.936,V,1-D303电池室放电电池数据表.xlsx,DC2,1.936,第1组,DC2,9,3296.0,False,1.936,2.226,-1.1885201981514906,0,False,False,False,0.20482243481645404,1.7729099599378928,-1,-0.16549706722678215,0.09512309776986208,-1.282762526890821,0.46198892217037313,1.0763127160481123,0.060072815533980584,7,False,0.9974535053670055,True,False
咸阳秦都西咸数据中心1号楼D303电力电池机房|5#开关电源蓄电池组|第1组|第1组单体24电池电压|1-D303电池室放电电池数据表.xlsx|DC5|DC5,陕西省,咸阳,中国移动西咸数据中心,咸阳秦都西咸数据中心1号楼站点,咸阳秦都西咸数据中心1号楼D303电力电池机房,铅酸电池,5#开关电源蓄电池组,单体XX电压,第1组单体24电池电压,2025-07-10T02:06:38,1.995,V,1-D303电池室放电电池数据表.xlsx,DC5,1.995,第1组,DC5,9,7572.0,False,1.985,2.214,-1.0490635694123687,0,False,False,False,0.20459197501712112,1.3396399945101956,-2,-0.9284793735174,0.3894452329815854,-0.8760861422163095,0.26285155087499934,1.0763127160481123,0.060072815533980584,7,False,0.9922808588020249,True,False
咸阳秦都西咸数据中心1号楼J301电力电池机房|13#开关电源蓄电池组|第1组|第1组单体16电池电压|1-J301电池室放电电池数据表.xlsx|DC13|DC13,陕西省,咸阳,中国移动西咸数据中心,咸阳秦都西咸数据中心1号楼站点,咸阳秦都西咸数据中心1号楼J301电力电池机房,铅酸电池,13#开关电源蓄电池组,单体XX电压,第1组单体16电池电压,2025-07-08T03:20:53,2.121,V,1-J301电池室放电电池数据表.xlsx,DC13,2.121,第1组,DC13,7,1299.0,False,2.054,2.264,0.05908390521924339,0,False,False,False,0.2045223569270806,1.266569890594608,7,-1.7913007467010713,-0.34575271240854455,0.49702702911715557,-0.13625052346120142,1.0763127160481123,0.060072815533980584,7,False,0.9337616185999916,True,False
咸阳秦都西咸数据中心1号楼D301电力电池机房|2#开关电源蓄电池组|第2组|第2组单体17电池电压|1-D301电池室放电电池数据表.xlsx|DC2|DC2,陕西省,咸阳,中国移动西咸数据中心,咸阳秦都西咸数据中心1号楼站点,咸阳秦都西咸数据中心1号楼D301电力电池机房,铅酸电池,2#开关电源蓄电池组,单体XX电压,第2组单体17电池电压,2025-07-08T01:54:56,2.107,V,1-D301电池室放电电池数据表.xlsx,DC2,2.107,第2组,DC2,6,1301.0,False,2.096,2.307,-0.6752896034125903,0,False,False,False,0.2044979506472393,1.9117872977318884,0,-1.3997677197297889,0.21108790429136862,-1.6990326468013417,0.07659836318153831,1.0763127160481123,0.060072815533980584,7,False,0.703973405035645,False,False
咸阳秦都西咸数据中心1号楼D303电力电池机房|1#开关电源蓄电池组|第1组|第1组单体13电池电压|1-D303电池室放电电池数据表.xlsx|DC1|DC1,陕西省,咸阳,中国移动西咸数据中心,咸阳秦都西咸数据中心1号楼站点,咸阳秦都西咸数据中心1号楼D303电力电池机房,铅酸电池,1#开关电源蓄电池组,单体XX电压,第1组单体13电池电压,2025-07-10T00:27:33,1.944,V,1-D303电池室放电电池数据表.xlsx,DC1,1.944,第1组,DC1,11,1708.0,False,1.917,2.201,0.3371743312954428,0,False,False,False,0.20446535010982644,1.1682295907784273,7,-1.191003055692668,-0.9114290545313184,0.3035730629905054,-0.018861444247127754,1.0763127160481123,0.060072815533980584,7,False,0.745589349088233,False,False
咸阳秦都西咸数据中心1号楼D301电力电池机房|1#开关电源蓄电池组|第1组|第1组单体1电池电压|1-D301电池室放电电池数据表.xlsx|DC1|DC1,陕西省,咸阳,中国移动西咸数据中心,咸阳秦都西咸数据中心1号楼站点,咸阳秦都西咸数据中心1号楼D301电力电池机房,铅酸电池,1#开关电源蓄电池组,单体XX电压,第1组单体1电池电压,2025-07-08T01:13:32,2.223,V,1-D301电池室放电电池数据表.xlsx,DC1,2.223,第1组,DC1,6,1290.0,False,2.064,2.223,0.004757951923594017,0,False,False,False,0.20422494417886283,1.643223811885255,7,-2.1819833042437162,-0.4237925170736936,0.4595310568857921,-0.3449076924157918,1.0763127160481123,0.060072815533980584,7,False,0.6778416657377484,False,False
咸阳秦都西咸数据中心1号楼J301电力电池机房|14#开关电源蓄电池组|第1组|第1组单体9电池电压|1-J301电池室放电电池数据表.xlsx|DC14|DC14,陕西省,咸阳,中国移动西咸数据中心,咸阳秦都西咸数据中心1号楼站点,咸阳秦都西咸数据中心1号楼J301电力电池机房,铅酸电池,14#开关电源蓄电池组,单体XX电压,第1组单体9电池电压,2025-07-08T03:45:07,2.217,V,1-J301电池室放电电池数据表.xlsx,DC14,2.217,第1组,DC14,6,322.0,True,2.108,2.341,-0.07183667587922846,0,False,False,False,0.20405841974959366,1.549252076954519,-7,-1.7113825094628452,0.7283853307562501,0.7676810608555795,-0.42047431435160965,1.0763127160481123,0.060072815533980584,7,False,0.2511226366166471,False,False
咸阳秦都西咸数据中心1号楼D303电力电池机房|1#开关电源蓄电池组|第2组|第2组单体12电池电压|1-D303电池室放电电池数据表.xlsx|DC1|DC1,陕西省,咸阳,中国移动西咸数据中心,咸阳秦都西咸数据中心1号楼站点,咸阳秦都西咸数据中心1号楼D303电力电池机房,铅酸电池,1#开关电源蓄电池组,单体XX电压,第2组单体12电池电压,2025-07-10T00:27:37,2.116,V,1-D303电池室放电电池数据表.xlsx,DC1,2.116,第2组,DC1,6,1540.0,True,2.038,2.336,-8.551298771225513e-05,0,False,False,False,0.20399010774558446,0.6451699402555072,7,-0.949846755886574,-0.21288998220283148,0.5308283219209748,-0.06018068093190142,1.0763127160481123,0.060072815533980584,7,False,0.2546598810960035,False,False
咸阳秦都西咸数据中心1号楼J301电力电池机房|09#开关电源蓄电池组|第1组|第1组单体8电池电压|1-J301电池室放电电池数据表.xlsx|DC9|DC9,陕西省,咸阳,中国移动西咸数据中心,咸阳秦都西咸数据中心1号楼站点,咸阳秦都西咸数据中心1号楼J301电力电池机房,铅酸电池,09#开关电源蓄电池组,单体XX电压,第1组单体8电池电压,2025-07-09T02:33:32,2.14,V,1-J301电池室放电电池数据表.xlsx,DC9,2.14,第1组,DC9,8,1256.0,False,1.982,2.226,0.35652313350502346,0,False,False,False,0.20395008397227168,1.384587044280918,7,-1.5919777318185409,-0.8963344748713888,0.3094670447215342,-0.06240910331659172,1.0763127160481123,0.060072815533980584,7,False,0.922086248033969,True,False
咸阳秦都西咸数据中心1号楼D203电力电池机房|3#开关电源蓄电池组|第1组|第1组单体3电池电压|1-D203电池室放电电池数据表.xlsx|DC3|DC3,陕西省,咸阳,中国移动西咸数据中心,咸阳秦都西咸数据中心1号楼站点,咸阳秦都西咸数据中心1号楼D203电力电池机房,铅酸电池,3#开关电源蓄电池组,单体XX电压,第1组单体3电池电压,2025-07-11T00:00:52,2.181,V,1-D203电池室放电电池数据表.xlsx,DC3,2.181,第1组,DC3,10,7151.0,False,1.939,2.201,-0.8186546394476191,0,False,False,False,0.20361639042373753,0.9418062482822206,7,-0.5408481796367244,-0.25211137394592475,0.641972443674985,0.09672676400177119,1.0763127160481123,0.060072815533980584,7,False,0.8543535161603194,False,False
咸阳秦都西咸数据中心1号楼D303电力电池机房|7#开关电源蓄电池组|第1组|第1组单体11电池电压|1-D303电池室放电电池数据表.xlsx|DC7|DC7,陕西省,咸阳,中国移动西咸数据中心,咸阳秦都西咸数据中心1号楼站点,咸阳秦都西咸数据中心1号楼D303电力电池机房,铅酸电池,7#开关电源蓄电池组,单体XX电压,第1组单体11电池电压,2025-07-10T02:34:12,2.176,V,1-D303电池室放电电池数据表.xlsx,DC7,2.176,第1组,DC7,8,10589.0,False,2.072,2.343,-0.9473747144946825,0,False,False,False,0.20340191910933006,1.464441203946877,-7,-0.6261313955695282,0.7882076940493545,0.9312866049438622,-0.04027467780873478,1.0763127160481123,0.060072815533980584,7,False,0.7558317537998072,False,False
咸阳秦都西咸数据中心1号楼D301电力电池机房|2#开关电源蓄电池组|第2组|第2组单体5电池电压|1-D301电池室放电电池数据表.xlsx|DC2|DC2,陕西省,咸阳,中国移动西咸数据中心,咸阳秦都西咸数据中心1号楼站点,咸阳秦都西咸数据中心1号楼D301电力电池机房,铅酸电池,2#开关电源蓄电池组,单体XX电压,第2组单体5电池电压,2025-07-08T01:55:09,2.327,V,1-D301电池室放电电池数据表.xlsx,DC2,2.327,第2组,DC2,8,1341.0,False,2.039,2.327,0.39671317193298455,0,False,False,False,0.20328025344523107,1.2015260809849062,7,-1.5760480772743877,-0.3733163517179069,0.42819883157237193,-0.20051367811035364,1.0763127160481123,0.060072815533980584,7,False,0.766873285374587,False,False
咸阳秦都西咸数据中心1号楼D203电力电池机房|1#开关电源蓄电池组|第1组|第1组单体1电池电压|1-D203电池室放电电池数据表.xlsx|DC1|DC1,陕西省,咸阳,中国移动西咸数据中心,咸阳秦都西咸数据中心1号楼站点,咸阳秦都西咸数据中心1号楼D203电力电池机房,铅酸电池,1#开关电源蓄电池组,单体XX电压,第1组单体1电池电压,2025-07-11T00:02:51,2.064,V,1-D203电池室放电电池数据表.xlsx,DC1,2.064,第1组,DC1,9,1469.0,False,2.064,2.305,-0.6457290919659207,0,False,False,False,0.20270345486804792,1.8723386333951562,0,-1.1374864035087207,0.29191822660824085,-1.7278850543327424,-0.17243390140624687,1.0763127160481123,0.060072815533980584,7,False,0.9687415187717878,True,False
咸阳秦都西咸数据中心1号楼J301电力电池机房|03#开关电源蓄电池组|第2组|第2组单体19电池电压|1-J301电池室放电电池数据表.xlsx|DC3|DC3,陕西省,咸阳,中国移动西咸数据中心,咸阳秦都西咸数据中心1号楼站点,咸阳秦都西咸数据中心1号楼J301电力电池机房,铅酸电池,03#开关电源蓄电池组,单体XX电压,第2组单体19电池电压,2025-07-09T00:14:34,2.382,V,1-J301电池室放电电池数据表.xlsx,DC3,2.382,第2组,DC3,7,2029.0,False,2.031,2.383,-0.7769272665988739,0,False,False,False,0.2026943740857846,1.3486669981497001,-7,0.09720129935082544,0.3743681724339436,0.7986302787687467,0.12281236960737157,1.0763127160481123,0.060072815533980584,7,False,0.4156795887496024,False,False
咸阳秦都西咸数据中心1号楼D203电力电池机房|6#开关电源蓄电池组|第1组|第1组单体6电池电压|1-D203电池室放电电池数据表.xlsx|DC6|DC6,陕西省,咸阳,中国移动西咸数据中心,咸阳秦都西咸数据中心1号楼站点,咸阳秦都西咸数据中心1号楼D203电力电池机房,铅酸电池,6#开关电源蓄电池组,单体XX电压,第1组单体6电池电压,2025-07-11T01:40:55,2.336,V,1-D203电池室放电电池数据表.xlsx,DC6,2.336,第1组,DC6,7,676.0,True,1.953,2.235,0.5290434506446078,0,False,False,False,0.20259239619317249,1.3721807389245573,-7,-1.3566488556897625,-0.9226430832131658,0.2300177584366323,-0.32608785969054593,1.0763127160481123,0.060072815533980584,7,False,-0.5220652287185833,False,False
咸阳秦都西咸数据中心1号楼D201电力电池机房|1#开关电源蓄电池组|第2组|第2组单体4电池电压|1-D201电池室放电电池数据表.xlsx|DC1|DC1,陕西省,咸阳,中国移动西咸数据中心,咸阳秦都西咸数据中心1号楼站点,咸阳秦都西咸数据中心1号楼D201电力电池机房,铅酸电池,1#开关电源蓄电池组,单体XX电压,第2组单体4电池电压,2025-07-08T00:28:07,2.003,V,1-D201电池室放电电池数据表.xlsx,DC1,2.003,第2组,DC1,7,1296.0,False,1.91,2.198,0.11162079727150492,0,False,False,False,0.2025412226717525,1.4693425174975867,7,-0.8952108405326574,-1.326428503387452,0.3001535792474485,0.5473202484349623,1.0763127160481123,0.060072815533980584,7,False,0.9983173742304934,True,False
咸阳秦都西咸数据中心1号楼D203电力电池机房|1#开关电源蓄电池组|第2组|第2组单体10电池电压|1-D203电池室放电电池数据表.xlsx|DC1|DC1,陕西省,咸阳,中国移动西咸数据中心,咸阳秦都西咸数据中心1号楼站点,咸阳秦都西咸数据中心1号楼D203电力电池机房,铅酸电池,1#开关电源蓄电池组,单体XX电压,第2组单体10电池电压,2025-07-11T00:03:00,2.045,V,1-D203电池室放电电池数据表.xlsx,DC1,2.045,第2组,DC1,9,1469.0,False,2.045,2.313,-0.6575904328156225,0,False,False,False,0.20213864581014673,1.8314200792926743,0,-0.8512934681639492,0.1688357866548124,-1.754840580034815,-0.0854642299051271,1.0763127160481123,0.060072815533980584,7,False,0.9633512676586662,True,False
咸阳秦都西咸数据中心1号楼D303电力电池机房|3#开关电源蓄电池组|第1组|第1组单体20电池电压|1-D303电池室放电电池数据表.xlsx|DC3|DC3,陕西省,咸阳,中国移动西咸数据中心,咸阳秦都西咸数据中心1号楼站点,咸阳秦都西咸数据中心1号楼D303电力电池机房,铅酸电池,3#开关电源蓄电池组,单体XX电压,第1组单体20电池电压,2025-07-10T01:18:35,1.909,V,1-D303电池室放电电池数据表.xlsx,DC3,1.909,第1组,DC3,11,4740.0,False,1.894,2.222,0.12904679512101924,0,False,False,False,0.20213015290633152,0.6997825777566873,7,-0.8105623056133695,-0.17699391059895236,0.5615911622360795,0.19753829889115573,1.0763127160481123,0.060072815533980584,7,False,0.3005316849658687,False,False
咸阳秦都西咸数据中心1号楼D301电力电池机房|4#开关电源蓄电池组|第2组|第2组单体13电池电压|1-D301电池室放电电池数据表.xlsx|DC4|DC4,陕西省,咸阳,中国移动西咸数据中心,咸阳秦都西咸数据中心1号楼站点,咸阳秦都西咸数据中心1号楼D301电力电池机房,铅酸电池,4#开关电源蓄电池组,单体XX电压,第2组单体13电池电压,2025-07-08T01:56:37,2.03,V,1-D301电池室放电电池数据表.xlsx,DC4,2.03,第2组,DC4,6,1302.0,False,2.03,2.282,-0.3369498068637815,0,False,False,False,0.20200702499942352,1.911681167555261,0,-1.258386009254139,0.05356054668094845,-1.8224762191598338,-0.11202798659054698,1.0763127160481123,0.060072815533980584,7,False,0.9336732908098425,True,False
咸阳秦都西咸数据中心1号楼D201电力电池机房|1#开关电源蓄电池组|第2组|第2组单体5电池电压|1-D201电池室放电电池数据表.xlsx|DC1|DC1,陕西省,咸阳,中国移动西咸数据中心,咸阳秦都西咸数据中心1号楼站点,咸阳秦都西咸数据中心1号楼D201电力电池机房,铅酸电池,1#开关电源蓄电池组,单体XX电压,第2组单体5电池电压,2025-07-08T00:07:02,1.952,V,1-D201电池室放电电池数据表.xlsx,DC1,1.952,第2组,DC1,6,1296.0,False,1.952,2.251,-0.08190909844635955,0,False,False,False,0.2019280937266272,1.109510810458803,7,-0.7030810205540587,-0.9766534948664032,0.4005674035572583,0.4361263832464165,1.0763127160481123,0.060072815533980584,7,False,0.982758426321149,True,False
咸阳秦都西咸数据中心1号楼D203电力电池机房|2#开关电源蓄电池组|第2组|第2组单体24电池电压|1-D203电池室放电电池数据表.xlsx|DC2|DC2,陕西省,咸阳,中国移动西咸数据中心,咸阳秦都西咸数据中心1号楼站点,咸阳秦都西咸数据中心1号楼D203电力电池机房,铅酸电池,2#开关电源蓄电池组,单体XX电压,第2组单体24电池电压,2025-07-11T00:00:52,2.23,V,1-D203电池室放电电池数据表.xlsx,DC2,2.23,第2组,DC2,6,2777.0,True,1.955,2.215,0.24579268748446254,0,False,False,False,0.20168760129324648,1.0713641599811956,-7,-1.4933020310483816,-0.31223291299398326,0.46183369222161197,-0.20763030880657662,1.0763127160481123,0.060072815533980584,7,False,-0.7773531591738939,False,False
咸阳秦都西咸数据中心1号楼D203电力电池机房|7#开关电源蓄电池组|第2组|第2组单体21电池电压|1-D203电池室放电电池数据表.xlsx|DC7|DC7,陕西省,咸阳,中国移动西咸数据中心,咸阳秦都西咸数据中心1号楼站点,咸阳秦都西咸数据中心1号楼D203电力电池机房,铅酸电池,7#开关电源蓄电池组,单体XX电压,第2组单体21电池电压,2025-07-11T00:00:54,2.295,V,1-D203电池室放电电池数据表.xlsx,DC7,2.295,第2组,DC7,8,8018.0,False,2.048,2.295,-1.0278800068011167,0,False,False,False,0.20163573149605427,1.290505837125887,-3,-0.8802422161745737,0.8152229848100274,-0.4522209598383715,-0.014094304999725318,1.0763127160481123,0.060072815533980584,7,False,0.9358186587907112,True,False
咸阳秦都西咸数据中心1号楼J301电力电池机房|07#开关电源蓄电池组|第1组|第1组单体4电池电压|1-J301电池室放电电池数据表.xlsx|DC7|DC7,陕西省,咸阳,中国移动西咸数据中心,咸阳秦都西咸数据中心1号楼站点,咸阳秦都西咸数据中心1号楼J301电力电池机房,铅酸电池,07#开关电源蓄电池组,单体XX电压,第1组单体4电池电压,2025-07-09T00:15:41,2.196,V,1-J301电池室放电电池数据表.xlsx,DC7,2.196,第1组,DC7,9,9859.0,False,1.935,2.244,-0.7963221348203275,0,False,False,False,0.20150974029036428,1.0437224993371428,7,-0.19579132986041226,0.00025457075261642315,0.6668944814612542,-0.10909733505073424,1.0763127160481123,0.060072815533980584,7,False,0.6142376743339852,False,False
咸阳秦都西咸数据中心1号楼D203电力电池机房|8#开关电源蓄电池组|第1组|第1组单体16电池电压|1-D203电池室放电电池数据表.xlsx|DC8|DC8,陕西省,咸阳,中国移动西咸数据中心,咸阳秦都西咸数据中心1号楼站点,咸阳秦都西咸数据中心1号楼D203电力电池机房,铅酸电池,8#开关电源蓄电池组,单体XX电压,第1组单体16电池电压,2025-07-11T00:00:53,2.176,V,1-D203电池室放电电池数据表.xlsx,DC8,2.176,第1组,DC8,8,9501.0,False,2.04,2.261,-0.7382947394281245,0,False,False,False,0.20141577603283392,1.5812890252647944,-1,-1.3139935315122662,0.4281811204978908,-1.2587780717068098,0.200946506443101,1.0763127160481123,0.060072815533980584,7,False,0.890525508605024,False,False
咸阳秦都西咸数据中心1号楼D203电力电池机房|7#开关电源蓄电池组|第2组|第2组单体11电池电压|1-D203电池室放电电池数据表.xlsx|DC7|DC7,陕西省,咸阳,中国移动西咸数据中心,咸阳秦都西咸数据中心1号楼站点,咸阳秦都西咸数据中心1号楼D203电力电池机房,铅酸电池,7#开关电源蓄电池组,单体XX电压,第2组单体11电池电压,2025-07-11T00:00:54,2.293,V,1-D203电池室放电电池数据表.xlsx,DC7,2.293,第2组,DC7,9,8049.0,False,2.036,2.295,-0.7136614671762551,0,False,False,False,0.2013761948837193,1.1163780815575393,-7,-0.8509747042500682,0.4768092936449484,0.821990121029083,-0.023447811684481304,1.0763127160481123,0.060072815533980584,7,False,0.7140450160683187,False,False
咸阳秦都西咸数据中心1号楼D201电力电池机房|2#开关电源蓄电池组|第1组|第1组单体9电池电压|1-D201电池室放电电池数据表.xlsx|DC2|DC2,陕西省,咸阳,中国移动西咸数据中心,咸阳秦都西咸数据中心1号楼站点,咸阳秦都西咸数据中心1号楼D201电力电池机房,铅酸电池,2#开关电源蓄电池组,单体XX电压,第1组单体9电池电压,2025-07-08T00:28:38,1.985,V,1-D201电池室放电电池数据表.xlsx,DC2,1.985,第1组,DC2,7,1328.0,False,1.985,2.191,0.06692747336260846,0,False,False,False,0.2011931494779408,1.3526575442116413,7,-1.694107425270654,-0.7538499954281408,0.3358212247246804,-0.40138364913197744,1.0763127160481123,0.060072815533980584,7,False,0.9655520987327282,True,False
咸阳秦都西咸数据中心1号楼D203电力电池机房|4#开关电源蓄电池组|第1组|第1组单体16电池电压|1-D203电池室放电电池数据表.xlsx|DC4|DC4,陕西省,咸阳,中国移动西咸数据中心,咸阳秦都西咸数据中心1号楼站点,咸阳秦都西咸数据中心1号楼D203电力电池机房,铅酸电池,4#开关电源蓄电池组,单体XX电压,第1组单体16电池电压,2025-07-11T00:00:52,2.355,V,1-D203电池室放电电池数据表.xlsx,DC4,2.355,第1组,DC4,10,7148.0,False,2.087,2.356,-1.173280905053238,0,False,False,False,0.2008846833237216,1.606028453251032,7,-0.42311049701862863,0.7570275450006769,0.9378871620994591,-0.09484683917075482,1.0763127160481123,0.060072815533980584,7,False,0.49833912438772854,False,False
咸阳秦都西咸数据中心2号楼J301电力电池机房|01#开关电源蓄电池组|第1组|第1组单体24电池电压|2-J301电池室放电电池数据表.xlsx|DC1|DC1,陕西省,咸阳,中国移动西咸数据中心,咸阳秦都西咸数据中心2号楼站点,咸阳秦都西咸数据中心2号楼J301电力电池机房,铅酸电池,01#开关电源蓄电池组,单体XX电压,第1组单体24电池电压,2025-07-11T03:14:25,2.09,V,2-J301电池室放电电池数据表.xlsx,DC1,2.09,第1组,DC1,9,1333.0,False,1.962,2.174,0.2014455968722612,0,False,False,False,0.20068478557573133,1.4803306563964704,7,-1.7094593238446314,-0.9638367631882458,0.27284225765669723,-0.31894394465983567,1.0763127160481123,0.060072815533980584,7,False,0.9365012690095826,True,False
咸阳秦都西咸数据中心1号楼J301电力电池机房|12#开关电源蓄电池组|第1组|第1组单体23电池电压|1-J301电池室放电电池数据表.xlsx|DC12|DC12,陕西省,咸阳,中国移动西咸数据中心,咸阳秦都西咸数据中心1号楼站点,咸阳秦都西咸数据中心1号楼J301电力电池机房,铅酸电池,12#开关电源蓄电池组,单体XX电压,第1组单体23电池电压,2025-07-08T03:01:00,2.103,V,1-J301电池室放电电池数据表.xlsx,DC12,2.103,第1组,DC12,6,1247.0,False,1.961,2.247,0.3423764272527032,0,False,False,False,0.2006335068269615,1.3182298647049837,7,-1.2054285503442983,-0.9883699057531243,0.35445516983095876,0.4311141489232734,1.0763127160481123,0.060072815533980584,7,False,0.9811447557666128,True,False
咸阳秦都西咸数据中心1号楼D203电力电池机房|7#开关电源蓄电池组|第1组|第1组单体5电池电压|1-D203电池室放电电池数据表.xlsx|DC7|DC7,陕西省,咸阳,中国移动西咸数据中心,咸阳秦都西咸数据中心1号楼站点,咸阳秦都西咸数据中心1号楼D203电力电池机房,铅酸电池,7#开关电源蓄电池组,单体XX电压,第1组单体5电池电压,2025-07-11T02:14:32,2.215,V,1-D203电池室放电电池数据表.xlsx,DC7,2.215,第1组,DC7,9,8076.0,False,2.041,2.288,-1.1537980050338648,0,False,False,False,0.19980746368529048,1.3348786808310436,-3,-0.8069409504752786,0.7543656338845218,-0.41871013338681773,0.20852469823719663,1.0763127160481123,0.060072815533980584,7,False,0.9860788736908576,True,False
咸阳秦都西咸数据中心1号楼D201电力电池机房|1#开关电源蓄电池组|第2组|第2组单体2电池电压|1-D201电池室放电电池数据表.xlsx|DC1|DC1,陕西省,咸阳,中国移动西咸数据中心,咸阳秦都西咸数据中心1号楼站点,咸阳秦都西咸数据中心1号楼D201电力电池机房,铅酸电池,1#开关电源蓄电池组,单体XX电压,第2组单体2电池电压,2025-07-08T00:29:22,2.238,V,1-D201电池室放电电池数据表.xlsx,DC1,2.238,第2组,DC1,8,1366.0,False,1.908,2.238,0.3075657280346316,0,False,False,False,0.19979392379443833,1.4406799423791383,7,-0.7140922256790252,-1.2016261687373255,0.3165348037155259,0.623668565369401,1.0763127160481123,0.060072815533980584,7,False,0.998878972011175,True,False
咸阳秦都西咸数据中心1号楼J301电力电池机房|14#开关电源蓄电池组|第2组|第2组单体8电池电压|1-J301电池室放电电池数据表.xlsx|DC14|DC14,陕西省,咸阳,中国移动西咸数据中心,咸阳秦都西咸数据中心1号楼站点,咸阳秦都西咸数据中心1号楼J301电力电池机房,铅酸电池,14#开关电源蓄电池组,单体XX电压,第2组单体8电池电压,2025-07-08T03:44:58,2.17,V,1-J301电池室放电电池数据表.xlsx,DC14,2.17,第2组,DC14,7,1282.0,False,2.054,2.224,-0.5096294639651324,0,False,False,False,0.19961588704505706,1.8741101374969096,1,-1.8465891221762134,-0.012439013565585771,-1.4510155023301845,-0.12835845644720625,1.0763127160481123,0.060072815533980584,7,False,0.8034647402638257,False,False
咸阳秦都西咸数据中心1号楼D203电力电池机房|4#开关电源蓄电池组|第2组|第2组单体15电池电压|1-D203电池室放电电池数据表.xlsx|DC4|DC4,陕西省,咸阳,中国移动西咸数据中心,咸阳秦都西咸数据中心1号楼站点,咸阳秦都西咸数据中心1号楼D203电力电池机房,铅酸电池,4#开关电源蓄电池组,单体XX电压,第2组单体15电池电压,2025-07-11T01:36:31,2.123,V,1-D203电池室放电电池数据表.xlsx,DC4,2.123,第2组,DC4,9,7148.0,False,2.007,2.274,-1.0130760615035568,0,False,False,False,0.19928869749843714,1.029084087373625,-6,-0.48692591411798986,0.30452878247086335,0.4610243777542823,0.04640384301540981,1.0763127160481123,0.060072815533980584,7,False,0.922794014838236,True,False
咸阳秦都西咸数据中心1号楼D203电力电池机房|8#开关电源蓄电池组|第1组|第1组单体23电池电压|1-D203电池室放电电池数据表.xlsx|DC8|DC8,陕西省,咸阳,中国移动西咸数据中心,咸阳秦都西咸数据中心1号楼站点,咸阳秦都西咸数据中心1号楼D203电力电池机房,铅酸电池,8#开关电源蓄电池组,单体XX电压,第1组单体23电池电压,2025-07-11T02:38:13,2.2,V,1-D203电池室放电电池数据表.xlsx,DC8,2.2,第1组,DC8,10,9501.0,False,1.99,2.269,-1.2879685022160159,0,False,False,False,0.19889064592545208,1.606782152287972,-2,-0.33754548807491164,0.7187948746284738,-0.7601627172876102,0.3151553549259717,1.0763127160481123,0.060072815533980584,7,False,0.9783566751490272,True,False
咸阳秦都西咸数据中心1号楼D203电力电池机房|1#开关电源蓄电池组|第1组|第1组单体11电池电压|1-D203电池室放电电池数据表.xlsx|DC1|DC1,陕西省,咸阳,中国移动西咸数据中心,咸阳秦都西咸数据中心1号楼站点,咸阳秦都西咸数据中心1号楼D203电力电池机房,铅酸电池,1#开关电源蓄电池组,单体XX电压,第1组单体11电池电压,2025-07-11T00:02:51,2.062,V,1-D203电池室放电电池数据表.xlsx,DC1,2.062,第1组,DC1,9,1473.0,False,2.062,2.312,-0.5507997712140398,0,False,False,False,0.19885488540957008,1.5312753665310475,-1,-1.0975439552980715,0.1979202293345809,-1.4115542691726495,-0.15314652239375856,1.0763127160481123,0.060072815533980584,7,False,0.9510103736737818,True,False
咸阳秦都西咸数据中心1号楼J301电力电池机房|09#开关电源蓄电池组|第2组|第2组单体17电池电压|1-J301电池室放电电池数据表.xlsx|DC9|DC9,陕西省,咸阳,中国移动西咸数据中心,咸阳秦都西咸数据中心1号楼站点,咸阳秦都西咸数据中心1号楼J301电力电池机房,铅酸电池,09#开关电源蓄电池组,单体XX电压,第2组单体17电池电压,2025-07-09T02:33:58,2.212,V,1-J301电池室放电电池数据表.xlsx,DC9,2.212,第2组,DC9,8,1264.0,False,1.988,2.212,0.42853401943154484,0,False,False,False,0.19879502964172424,1.5794653789463171,7,-1.8588542525498306,-0.8632722261921875,0.31791991133693137,-0.05497114222749923,1.0763127160481123,0.060072815533980584,7,False,0.9991215350021263,True,False
咸阳秦都西咸数据中心1号楼D203电力电池机房|3#开关电源蓄电池组|第2组|第2组单体18电池电压|1-D203电池室放电电池数据表.xlsx|DC3|DC3,陕西省,咸阳,中国移动西咸数据中心,咸阳秦都西咸数据中心1号楼站点,咸阳秦都西咸数据中心1号楼D203电力电池机房,铅酸电池,3#开关电源蓄电池组,单体XX电压,第2组单体18电池电压,2025-07-11T01:14:41,2.178,V,1-D203电池室放电电池数据表.xlsx,DC3,2.178,第2组,DC3,11,7151.0,False,1.968,2.191,-0.7829717695335303,0,False,False,False,0.19824838513886783,0.9182351839763889,7,-0.9380511425343432,-0.21286305843706538,0.637125554367876,-0.041159402309869156,1.0763127160481123,0.060072815533980584,7,False,0.982083297956323,True,False
咸阳秦都西咸数据中心1号楼J301电力电池机房|09#开关电源蓄电池组|第2组|第2组单体5电池电压|1-J301电池室放电电池数据表.xlsx|DC9|DC9,陕西省,咸阳,中国移动西咸数据中心,咸阳秦都西咸数据中心1号楼站点,咸阳秦都西咸数据中心1号楼J301电力电池机房,铅酸电池,09#开关电源蓄电池组,单体XX电压,第2组单体5电池电压,2025-07-09T02:13:11,2.069,V,1-J301电池室放电电池数据表.xlsx,DC9,2.069,第2组,DC9,6,1230.0,False,1.986,2.196,0.5963170091988284,0,False,False,False,0.19814458968729404,1.8757270768639478,7,-2.167077156941047,-0.8453012701334187,0.3310798128933029,0.0789270536822421,1.0763127160481123,0.060072815533980584,7,False,0.9923269331890161,True,False
咸阳秦都西咸数据中心1号楼D203电力电池机房|7#开关电源蓄电池组|第1组|第1组单体19电池电压|1-D203电池室放电电池数据表.xlsx|DC7|DC7,陕西省,咸阳,中国移动西咸数据中心,咸阳秦都西咸数据中心1号楼站点,咸阳秦都西咸数据中心1号楼D203电力电池机房,铅酸电池,7#开关电源蓄电池组,单体XX电压,第1组单体19电池电压,2025-07-11T02:14:28,2.058,V,1-D203电池室放电电池数据表.xlsx,DC7,2.058,第1组,DC7,8,8018.0,False,2.047,2.332,-0.8539021347183549,0,False,False,False,0.19809872291690322,1.3195748878215465,-7,-0.5202460424291491,0.658489367114826,0.8730824369553516,-0.08017822985915597,1.0763127160481123,0.060072815533980584,7,False,0.7056959881012889,False,False
咸阳秦都西咸数据中心1号楼D303电力电池机房|5#开关电源蓄电池组|第2组|第2组单体15电池电压|1-D303电池室放电电池数据表.xlsx|DC5|DC5,陕西省,咸阳,中国移动西咸数据中心,咸阳秦都西咸数据中心1号楼站点,咸阳秦都西咸数据中心1号楼D303电力电池机房,铅酸电池,5#开关电源蓄电池组,单体XX电压,第2组单体15电池电压,2025-07-10T01:45:14,2.353,V,1-D303电池室放电电池数据表.xlsx,DC5,2.353,第2组,DC5,8,7916.0,False,2.038,2.353,-1.10167310756068,0,False,False,False,0.19799186113450207,1.6291784947963792,-7,-0.016635399758375913,0.6816665514987326,0.9041294446396213,-0.04363544358601909,1.0763127160481123,0.060072815533980584,7,False,0.4940780513141474,False,False
咸阳秦都西咸数据中心1号楼D201电力电池机房|1#开关电源蓄电池组|第2组|第2组单体13电池电压|1-D201电池室放电电池数据表.xlsx|DC1|DC1,陕西省,咸阳,中国移动西咸数据中心,咸阳秦都西咸数据中心1号楼站点,咸阳秦都西咸数据中心1号楼D201电力电池机房,铅酸电池,1#开关电源蓄电池组,单体XX电压,第2组单体13电池电压,2025-07-08T00:27:45,1.918,V,1-D201电池室放电电池数据表.xlsx,DC1,1.918,第2组,DC1,7,1296.0,False,1.9,2.218,0.1796028436286352,0,False,False,False,0.1979339410858161,1.5024469525807003,7,-0.671706078984602,-1.342617727293287,0.28784401991798764,0.5937099786920655,1.0763127160481123,0.060072815533980584,7,False,0.997848908598376,True,False
咸阳秦都西咸数据中心1号楼J301电力电池机房|03#开关电源蓄电池组|第2组|第2组单体24电池电压|1-J301电池室放电电池数据表.xlsx|DC3|DC3,陕西省,咸阳,中国移动西咸数据中心,咸阳秦都西咸数据中心1号楼站点,咸阳秦都西咸数据中心1号楼J301电力电池机房,铅酸电池,03#开关电源蓄电池组,单体XX电压,第2组单体24电池电压,2025-07-09T00:31:21,1.924,V,1-J301电池室放电电池数据表.xlsx,DC3,1.924,第2组,DC3,7,1940.0,False,1.924,2.234,0.35581271346435944,0,False,False,False,0.19744983767832008,0.9031416133964111,7,-1.0797087894209927,-0.36379282513057787,0.40319469119207846,-0.3189505130533353,1.0763127160481123,0.060072815533980584,7,False,0.9880887750273823,True,False
咸阳秦都西咸数据中心1号楼D203电力电池机房|1#开关电源蓄电池组|第1组|第1组单体15电池电压|1-D203电池室放电电池数据表.xlsx|DC1|DC1,陕西省,咸阳,中国移动西咸数据中心,咸阳秦都西咸数据中心1号楼站点,咸阳秦都西咸数据中心1号楼D203电力电池机房,铅酸电池,1#开关电源蓄电池组,单体XX电压,第1组单体15电池电压,2025-07-11T00:02:55,2.051,V,1-D203电池室放电电池数据表.xlsx,DC1,2.051,第1组,DC1,9,1469.0,False,2.051,2.291,-0.6708568867285022,0,False,False,False,0.19743734104343177,1.8782790818521924,0,-1.109480435495215,0.25263624074669966,-1.7394521616115295,-0.1914594040129085,1.0763127160481123,0.060072815533980584,7,False,0.9736200433005673,True,False
咸阳秦都西咸数据中心1号楼J301电力电池机房|02#开关电源蓄电池组|第2组|第2组单体11电池电压|1-J301电池室放电电池数据表.xlsx|DC2|DC2,陕西省,咸阳,中国移动西咸数据中心,咸阳秦都西咸数据中心1号楼站点,咸阳秦都西咸数据中心1号楼J301电力电池机房,铅酸电池,02#开关电源蓄电池组,单体XX电压,第2组单体11电池电压,2025-07-09T00:14:33,2.257,V,1-J301电池室放电电池数据表.xlsx,DC2,2.257,第2组,DC2,11,7231.0,False,1.861,2.287,-0.30360138314662977,0,False,False,False,0.19728777444416565,2.709996164192257,-7,-3.181557795596536,0.5427582336263784,0.7753045214598235,-0.49588521610110836,1.0763127160481123,0.060072815533980584,7,False,-0.8963625965008737,False,False
咸阳秦都西咸数据中心1号楼J301电力电池机房|06#开关电源蓄电池组|第2组|第2组单体18电池电压|1-J301电池室放电电池数据表.xlsx|DC6|DC6,陕西省,咸阳,中国移动西咸数据中心,咸阳秦都西咸数据中心1号楼站点,咸阳秦都西咸数据中心1号楼J301电力电池机房,铅酸电池,06#开关电源蓄电池组,单体XX电压,第2组单体18电池电压,2025-07-09T01:21:27,2.028,V,1-J301电池室放电电池数据表.xlsx,DC6,2.028,第2组,DC6,9,9928.0,False,1.939,2.251,-1.0262004333147703,0,False,False,False,0.19727951438438274,1.3419778510012135,7,-0.04159246838877173,0.2071506810868158,0.7721778146303363,0.021549240514567747,1.0763127160481123,0.060072815533980584,7,False,0.9711297549318425,True,False
咸阳秦都西咸数据中心1号楼D203电力电池机房|3#开关电源蓄电池组|第1组|第1组单体14电池电压|1-D203电池室放电电池数据表.xlsx|DC3|DC3,陕西省,咸阳,中国移动西咸数据中心,咸阳秦都西咸数据中心1号楼站点,咸阳秦都西咸数据中心1号楼D203电力电池机房,铅酸电池,3#开关电源蓄电池组,单体XX电压,第1组单体14电池电压,2025-07-11T01:14:41,2.327,V,1-D203电池室放电电池数据表.xlsx,DC3,2.327,第1组,DC3,6,4090.0,True,2.133,2.348,-0.25522362038098984,0,False,False,False,0.19720209270487632,1.5539007283115338,7,-1.7244142803568634,0.7033235360432947,0.7826914811673285,-0.4363961388241767,1.0763127160481123,0.060072815533980584,7,False,0.005863792702776863,False,False
咸阳秦都西咸数据中心1号楼D303电力电池机房|1#开关电源蓄电池组|第2组|第2组单体10电池电压|1-D303电池室放电电池数据表.xlsx|DC1|DC1,陕西省,咸阳,中国移动西咸数据中心,咸阳秦都西咸数据中心1号楼站点,咸阳秦都西咸数据中心1号楼D303电力电池机房,铅酸电池,1#开关电源蓄电池组,单体XX电压,第2组单体10电池电压,2025-07-10T00:00:47,2.373,V,1-D303电池室放电电池数据表.xlsx,DC1,2.373,第2组,DC1,6,1332.0,True,2.031,2.293,0.5664273249524341,0,False,False,False,0.19717981001009258,1.4159160195767593,7,-1.7689840410418758,-0.323260585684799,0.4305676149066066,-0.1674523012906959,1.0763127160481123,0.060072815533980584,7,False,0.26882673255034745,False,False
咸阳秦都西咸数据中心1号楼D203电力电池机房|8#开关电源蓄电池组|第2组|第2组单体1电池电压|1-D203电池室放电电池数据表.xlsx|DC8|DC8,陕西省,咸阳,中国移动西咸数据中心,咸阳秦都西咸数据中心1号楼站点,咸阳秦都西咸数据中心1号楼D203电力电池机房,铅酸电池,8#开关电源蓄电池组,单体XX电压,第2组单体1电池电压,2025-07-11T02:38:13,2.197,V,1-D203电池室放电电池数据表.xlsx,DC8,2.197,第2组,DC8,10,9501.0,False,1.979,2.251,-1.253574921643754,0,False,False,False,0.19712338636116045,1.7473941689058332,-1,-0.43773033130888267,0.6388468072422737,-1.1309615073584742,0.35632850347211187,1.0763127160481123,0.060072815533980584,7,False,0.8583006429170027,False,False
咸阳秦都西咸数据中心1号楼J301电力电池机房|09#开关电源蓄电池组|第2组|第2组单体3电池电压|1-J301电池室放电电池数据表.xlsx|DC9|DC9,陕西省,咸阳,中国移动西咸数据中心,咸阳秦都西咸数据中心1号楼站点,咸阳秦都西咸数据中心1号楼J301电力电池机房,铅酸电池,09#开关电源蓄电池组,单体XX电压,第2组单体3电池电压,2025-07-09T02:13:29,1.997,V,1-J301电池室放电电池数据表.xlsx,DC9,1.997,第2组,DC9,6,1230.0,False,1.982,2.187,0.5706912257810768,0,False,False,False,0.196903938006386,1.8864666357982736,7,-2.185303222114581,-0.8643268889955709,0.32745974707550474,0.06544613527714818,1.0763127160481123,0.060072815533980584,7,False,0.98976543391295,True,False
咸阳秦都西咸数据中心1号楼J301电力电池机房|05#开关电源蓄电池组|第1组|第1组单体14电池电压|1-J301电池室放电电池数据表.xlsx|DC5|DC5,陕西省,咸阳,中国移动西咸数据中心,咸阳秦都西咸数据中心1号楼站点,咸阳秦都西咸数据中心1号楼J301电力电池机房,铅酸电池,05#开关电源蓄电池组,单体XX电压,第1组单体14电池电压,2025-07-09T00:50:22,2.122,V,1-J301电池室放电电池数据表.xlsx,DC5,2.122,第1组,DC5,8,7778.0,False,1.947,2.191,0.2657469880244307,0,False,False,False,0.1967432070028595,1.3166424531732572,-7,-1.7698647693784622,-0.02274555522502736,0.5305979014710417,-0.3166491269400889,1.0763127160481123,0.060072815533980584,7,False,0.9450298223569048,True,False
咸阳秦都西咸数据中心1号楼D201电力电池机房|2#开关电源蓄电池组|第2组|第2组单体19电池电压|1-D201电池室放电电池数据表.xlsx|DC2|DC2,陕西省,咸阳,中国移动西咸数据中心,咸阳秦都西咸数据中心1号楼站点,咸阳秦都西咸数据中心1号楼D201电力电池机房,铅酸电池,2#开关电源蓄电池组,单体XX电压,第2组单体19电池电压,2025-07-08T00:49:44,2.209,V,1-D201电池室放电电池数据表.xlsx,DC2,2.209,第2组,DC2,6,1521.0,False,2.018,2.209,0.1986921977351227,0,False,False,False,0.19659414151412993,1.5595468989976,7,-2.008394316697009,-0.565589959192386,0.38091865205368025,-0.39612378586623787,1.0763127160481123,0.060072815533980584,7,False,0.7480049566859616,False,False
咸阳秦都西咸数据中心1号楼J301电力电池机房|01#开关电源蓄电池组|第1组|第1组单体9电池电压|1-J301电池室放电电池数据表.xlsx|DC1|DC1,陕西省,咸阳,中国移动西咸数据中心,咸阳秦都西咸数据中心1号楼站点,咸阳秦都西咸数据中心1号楼J301电力电池机房,铅酸电池,01#开关电源蓄电池组,单体XX电压,第1组单体9电池电压,2025-07-09T00:05:39,2.039,V,1-J301电池室放电电池数据表.xlsx,DC1,2.039,第1组,DC1,12,3267.0,False,1.918,2.292,-0.7172332384508873,0,False,False,False,0.19657962242479649,1.398444384812979,7,0.4221000732917919,-0.1680158164808084,0.6200349026963364,0.06521059064843343,1.0763127160481123,0.060072815533980584,7,False,0.5690437336106224,False,False
咸阳秦都西咸数据中心1号楼D203电力电池机房|8#开关电源蓄电池组|第2组|第2组单体14电池电压|1-D203电池室放电电池数据表.xlsx|DC8|DC8,陕西省,咸阳,中国移动西咸数据中心,咸阳秦都西咸数据中心1号楼站点,咸阳秦都西咸数据中心1号楼D203电力电池机房,铅酸电池,8#开关电源蓄电池组,单体XX电压,第2组单体14电池电压,2025-07-11T00:00:53,2.194,V,1-D203电池室放电电池数据表.xlsx,DC8,2.194,第2组,DC8,7,9501.0,False,2.05,2.222,-0.7663915100949303,0,False,False,False,0.1964116238892963,1.811750584657243,-1,-1.7580449622865442,0.48911643799325155,-1.2548000933862082,0.0196849409607861,1.0763127160481123,0.060072815533980584,7,False,0.947616381309455,True,False
咸阳秦都西咸数据中心1号楼J301电力电池机房|09#开关电源蓄电池组|第2组|第2组单体12电池电压|1-J301电池室放电电池数据表.xlsx|DC9|DC9,陕西省,咸阳,中国移动西咸数据中心,咸阳秦都西咸数据中心1号楼站点,咸阳秦都西咸数据中心1号楼J301电力电池机房,铅酸电池,09#开关电源蓄电池组,单体XX电压,第2组单体12电池电压,2025-07-09T02:12:19,2.203,V,1-J301电池室放电电池数据表.xlsx,DC9,2.203,第2组,DC9,8,1282.0,False,2.03,2.209,0.2657198022726707,0,False,False,False,0.19638689264331005,1.7225718380358126,7,-2.1596880115464545,-0.6886323054992135,0.35624091929538193,-0.3065706526147901,1.0763127160481123,0.060072815533980584,7,False,0.9781331840901806,True,False
咸阳秦都西咸数据中心1号楼D303电力电池机房|2#开关电源蓄电池组|第2组|第2组单体17电池电压|1-D303电池室放电电池数据表.xlsx|DC2|DC2,陕西省,咸阳,中国移动西咸数据中心,咸阳秦都西咸数据中心1号楼站点,咸阳秦都西咸数据中心1号楼D303电力电池机房,铅酸电池,2#开关电源蓄电池组,单体XX电压,第2组单体17电池电压,2025-07-10T00:53:35,2.051,V,1-D303电池室放电电池数据表.xlsx,DC2,2.051,第2组,DC2,10,3301.0,False,1.996,2.354,-0.799141147813689,0,False,False,False,0.19627718668801164,1.377161358625175,-7,0.19773149707294757,0.2899045131635556,0.7678768737179954,0.07855090379115623,1.0763127160481123,0.060072815533980584,7,False,0.6953881672350557,False,False
咸阳秦都西咸数据中心1号楼J301电力电池机房|01#开关电源蓄电池组|第2组|第2组单体6电池电压|1-J301电池室放电电池数据表.xlsx|DC1|DC1,陕西省,咸阳,中国移动西咸数据中心,咸阳秦都西咸数据中心1号楼站点,咸阳秦都西咸数据中心1号楼J301电力电池机房,铅酸电池,01#开关电源蓄电池组,单体XX电压,第2组单体6电池电压,2025-07-09T00:27:12,2.139,V,1-J301电池室放电电池数据表.xlsx,DC1,2.139,第2组,DC1,11,3267.0,False,1.881,2.326,0.5102783478560324,0,False,False,False,0.19611215843351787,1.0911666051971334,-7,-0.06218222806996643,-0.0862343001474609,0.5062443597763312,0.13945365896000342,1.0763127160481123,0.060072815533980584,7,False,0.9992895119767524,True,False
咸阳秦都西咸数据中心1号楼J301电力电池机房|13#开关电源蓄电池组|第2组|第2组单体18电池电压|1-J301电池室放电电池数据表.xlsx|DC13|DC13,陕西省,咸阳,中国移动西咸数据中心,咸阳秦都西咸数据中心1号楼站点,咸阳秦都西咸数据中心1号楼J301电力电池机房,铅酸电池,13#开关电源蓄电池组,单体XX电压,第2组单体18电池电压,2025-07-08T03:00:32,2.069,V,1-J301电池室放电电池数据表.xlsx,DC13,2.069,第2组,DC13,7,1517.0,False,1.939,2.163,0.2734086673976646,0,False,False,False,0.19580795765357023,1.4691044379225007,7,-1.6633296998403486,-0.9544641716700485,0.2600525208056536,-0.34743923153710793,1.0763127160481123,0.060072815533980584,7,False,0.7378173257617466,False,False
咸阳秦都西咸数据中心1号楼J301电力电池机房|14#开关电源蓄电池组|第1组|第1组单体5电池电压|1-J301电池室放电电池数据表.xlsx|DC14|DC14,陕西省,咸阳,中国移动西咸数据中心,咸阳秦都西咸数据中心1号楼站点,咸阳秦都西咸数据中心1号楼J301电力电池机房,铅酸电池,14#开关电源蓄电池组,单体XX电压,第1组单体5电池电压,2025-07-08T03:24:20,2.269,V,1-J301电池室放电电池数据表.xlsx,DC14,2.269,第1组,DC14,8,1404.0,False,2.07,2.269,-0.6287401474528964,0,False,False,False,0.19572864232122933,1.6856811029655228,-1,-1.5386060265378605,0.23141887484218773,-1.3720456648734058,-0.10730455779008688,1.0763127160481123,0.060072815533980584,7,False,0.8526402070129526,False,False
咸阳秦都西咸数据中心1号楼D303电力电池机房|6#开关电源蓄电池组|第1组|第1组单体15电池电压|1-D303电池室放电电池数据表.xlsx|DC6|DC6,陕西省,咸阳,中国移动西咸数据中心,咸阳秦都西咸数据中心1号楼站点,咸阳秦都西咸数据中心1号楼D303电力电池机房,铅酸电池,6#开关电源蓄电池组,单体XX电压,第1组单体15电池电压,2025-07-10T02:09:13,2.167,V,1-D303电池室放电电池数据表.xlsx,DC6,2.167,第1组,DC6,11,9002.0,False,1.856,2.172,-0.11088800804215151,0,False,False,False,0.19557131903004785,0.812609544662805,7,-0.7635822002717796,-0.11708072290996102,0.6525680219051294,0.46804065329281386,1.0763127160481123,0.060072815533980584,7,False,-0.07931186221468497,False,False
咸阳秦都西咸数据中心1号楼D203电力电池机房|1#开关电源蓄电池组|第2组|第2组单体20电池电压|1-D203电池室放电电池数据表.xlsx|DC1|DC1,陕西省,咸阳,中国移动西咸数据中心,咸阳秦都西咸数据中心1号楼站点,咸阳秦都西咸数据中心1号楼D203电力电池机房,铅酸电池,1#开关电源蓄电池组,单体XX电压,第2组单体20电池电压,2025-07-11T00:03:00,2.048,V,1-D203电池室放电电池数据表.xlsx,DC1,2.048,第2组,DC1,10,1465.0,False,2.048,2.31,-0.5905500161085174,0,False,False,False,0.1955065701508299,1.5270175076209938,1,-0.9211412933634373,0.0959379405202461,-1.444348159529096,-0.1807834776731759,1.0763127160481123,0.060072815533980584,7,False,0.9786006123096272,True,False
咸阳秦都西咸数据中心1号楼J301电力电池机房|02#开关电源蓄电池组|第2组|第2组单体23电池电压|1-J301电池室放电电池数据表.xlsx|DC2|DC2,陕西省,咸阳,中国移动西咸数据中心,咸阳秦都西咸数据中心1号楼站点,咸阳秦都西咸数据中心1号楼J301电力电池机房,铅酸电池,02#开关电源蓄电池组,单体XX电压,第2组单体23电池电压,2025-07-09T01:00:01,2.26,V,1-J301电池室放电电池数据表.xlsx,DC2,2.26,第2组,DC2,6,1964.0,True,1.9,2.26,1.0876236190023358,0,False,False,False,0.1953071124651337,2.203414946472232,-3,-1.8179218164065587,1.2383456057411693,-0.580571204439374,0.025099875253897952,1.0763127160481123,0.060072815533980584,7,False,0.8531511391112698,False,False
咸阳秦都西咸数据中心1号楼J301电力电池机房|14#开关电源蓄电池组|第2组|第2组单体6电池电压|1-J301电池室放电电池数据表.xlsx|DC14|DC14,陕西省,咸阳,中国移动西咸数据中心,咸阳秦都西咸数据中心1号楼站点,咸阳秦都西咸数据中心1号楼J301电力电池机房,铅酸电池,14#开关电源蓄电池组,单体XX电压,第2组单体6电池电压,2025-07-08T03:25:56,2.108,V,1-J301电池室放电电池数据表.xlsx,DC14,2.108,第2组,DC14,7,1448.0,False,2.099,2.296,-0.8473162065256721,0,False,False,False,0.19500962674583572,1.6353080073526847,-1,-1.3858782503560931,0.24844670441615238,-1.2972703965652475,0.17328684783233148,1.0763127160481123,0.060072815533980584,7,False,0.8171386271251234,False,False
咸阳秦都西咸数据中心1号楼J301电力电池机房|13#开关电源蓄电池组|第1组|第1组单体19电池电压|1-J301电池室放电电池数据表.xlsx|DC13|DC13,陕西省,咸阳,中国移动西咸数据中心,咸阳秦都西咸数据中心1号楼站点,咸阳秦都西咸数据中心1号楼J301电力电池机房,铅酸电池,13#开关电源蓄电池组,单体XX电压,第1组单体19电池电压,2025-07-08T03:21:10,2.151,V,1-J301电池室放电电池数据表.xlsx,DC13,2.151,第1组,DC13,7,1238.0,False,1.91,2.242,0.1771214939849165,0,False,False,False,0.19499921047421448,1.5160971713252775,7,-0.5412789098367946,-1.3291128332206112,0.29468039688587666,0.6331560925500884,1.0763127160481123,0.060072815533980584,7,False,0.9944305265004798,True,False
咸阳秦都西咸数据中心1号楼D203电力电池机房|8#开关电源蓄电池组|第1组|第1组单体4电池电压|1-D203电池室放电电池数据表.xlsx|DC8|DC8,陕西省,咸阳,中国移动西咸数据中心,咸阳秦都西咸数据中心1号楼站点,咸阳秦都西咸数据中心1号楼D203电力电池机房,铅酸电池,8#开关电源蓄电池组,单体XX电压,第1组单体4电池电压,2025-07-11T02:39:14,2.257,V,1-D203电池室放电电池数据表.xlsx,DC8,2.257,第1组,DC8,10,9501.0,False,2.011,2.264,-1.2764324515184857,0,False,False,False,0.1947778358659332,1.5538893961192495,-2,-0.5838531311610526,0.6977730812049336,-0.7567345809240258,0.33952113090267566,1.0763127160481123,0.060072815533980584,7,False,0.9794623671681771,True,False
咸阳秦都西咸数据中心1号楼D201电力电池机房|1#开关电源蓄电池组|第1组|第1组单体13电池电压|1-D201电池室放电电池数据表.xlsx|DC1|DC1,陕西省,咸阳,中国移动西咸数据中心,咸阳秦都西咸数据中心1号楼站点,咸阳秦都西咸数据中心1号楼D201电力电池机房,铅酸电池,1#开关电源蓄电池组,单体XX电压,第1组单体13电池电压,2025-07-08T00:22:41,2.025,V,1-D201电池室放电电池数据表.xlsx,DC1,2.025,第1组,DC1,8,1362.0,False,1.974,2.238,-0.2273559639284129,0,False,False,False,0.1945412345805918,0.9243941552403988,7,-0.931842007984196,-0.7938316751652473,0.4411148744936725,0.21080906049697337,1.0763127160481123,0.060072815533980584,7,False,0.9965497071500499,True,False
咸阳秦都西咸数据中心1号楼D301电力电池机房|4#开关电源蓄电池组|第1组|第1组单体3电池电压|1-D301电池室放电电池数据表.xlsx|DC4|DC4,陕西省,咸阳,中国移动西咸数据中心,咸阳秦都西咸数据中心1号楼站点,咸阳秦都西咸数据中心1号楼D301电力电池机房,铅酸电池,4#开关电源蓄电池组,单体XX电压,第1组单体3电池电压,2025-07-08T02:16:02,2.096,V,1-D301电池室放电电池数据表.xlsx,DC4,2.096,第1组,DC4,7,1358.0,False,2.019,2.233,0.2863229552758379,0,False,False,False,0.19418757512175525,1.4912952801930144,7,-1.8665210082982302,-0.5329830889567172,0.3540725553843509,-0.5224412860074248,1.0763127160481123,0.060072815533980584,7,False,0.6356764680386828,False,False
咸阳秦都西咸数据中心1号楼J301电力电池机房|09#开关电源蓄电池组|第1组|第1组单体15电池电压|1-J301电池室放电电池数据表.xlsx|DC9|DC9,陕西省,咸阳,中国移动西咸数据中心,咸阳秦都西咸数据中心1号楼站点,咸阳秦都西咸数据中心1号楼J301电力电池机房,铅酸电池,09#开关电源蓄电池组,单体XX电压,第1组单体15电池电压,2025-07-09T02:13:03,2.099,V,1-J301电池室放电电池数据表.xlsx,DC9,2.099,第1组,DC9,10,4473.0,False,2.014,2.278,-0.9334800446937506,0,False,False,False,0.19400073144703503,1.063640446906739,7,-0.5468028066592334,0.09397354424622964,0.721295052581136,-0.10850753813748912,1.0763127160481123,0.060072815533980584,7,False,0.2457238588618845,False,False
咸阳秦都西咸数据中心1号楼D203电力电池机房|4#开关电源蓄电池组|第1组|第1组单体21电池电压|1-D203电池室放电电池数据表.xlsx|DC4|DC4,陕西省,咸阳,中国移动西咸数据中心,咸阳秦都西咸数据中心1号楼站点,咸阳秦都西咸数据中心1号楼D203电力电池机房,铅酸电池,4#开关电源蓄电池组,单体XX电压,第1组单体21电池电压,2025-07-11T01:36:26,2.064,V,1-D203电池室放电电池数据表.xlsx,DC4,2.064,第1组,DC4,11,7148.0,False,2.012,2.22,-0.7629867645364288,0,False,False,False,0.19383272375396873,1.0083722872191216,7,-1.1487416923634153,-0.07350306657887017,0.6972210490597535,0.06830219920375061,1.0763127160481123,0.060072815533980584,7,False,0.4913466747071354,False,False
咸阳秦都西咸数据中心1号楼J301电力电池机房|03#开关电源蓄电池组|第2组|第2组单体11电池电压|1-J301电池室放电电池数据表.xlsx|DC3|DC3,陕西省,咸阳,中国移动西咸数据中心,咸阳秦都西咸数据中心1号楼站点,咸阳秦都西咸数据中心1号楼J301电力电池机房,铅酸电池,03#开关电源蓄电池组,单体XX电压,第2组单体11电池电压,2025-07-09T00:31:21,1.928,V,1-J301电池室放电电池数据表.xlsx,DC3,1.928,第2组,DC3,6,1469.0,True,1.928,2.221,0.43321943441829863,0,False,False,False,0.19375072596998769,1.0918455608057456,-7,-1.2795547626788704,-0.540046396135067,0.35108257829742495,-0.30661505526819466,1.0763127160481123,0.060072815533980584,7,False,-0.8516673209218841,False,False
咸阳秦都西咸数据中心1号楼D203电力电池机房|4#开关电源蓄电池组|第2组|第2组单体18电池电压|1-D203电池室放电电池数据表.xlsx|DC4|DC4,陕西省,咸阳,中国移动西咸数据中心,咸阳秦都西咸数据中心1号楼站点,咸阳秦都西咸数据中心1号楼D203电力电池机房,铅酸电池,4#开关电源蓄电池组,单体XX电压,第2组单体18电池电压,2025-07-11T00:00:52,2.205,V,1-D203电池室放电电池数据表.xlsx,DC4,2.205,第2组,DC4,9,7148.0,False,2.038,2.258,-0.5508197652439036,0,False,False,False,0.19360432158841864,0.9655020252607327,7,-1.2534028521086364,0.07487883918406993,0.677704820180222,-0.15462190691017727,1.0763127160481123,0.060072815533980584,7,False,0.021970793764645346,False,False
咸阳秦都西咸数据中心1号楼D203电力电池机房|4#开关电源蓄电池组|第2组|第2组单体20电池电压|1-D203电池室放电电池数据表.xlsx|DC4|DC4,陕西省,咸阳,中国移动西咸数据中心,咸阳秦都西咸数据中心1号楼站点,咸阳秦都西咸数据中心1号楼D203电力电池机房,铅酸电池,4#开关电源蓄电池组,单体XX电压,第2组单体20电池电压,2025-07-11T02:00:00,2.274,V,1-D203电池室放电电池数据表.xlsx,DC4,2.274,第2组,DC4,11,7148.0,False,2.028,2.274,-0.7164243145722138,0,False,False,False,0.1936006848709235,0.9808342964324279,7,-0.8739430879095844,0.21221632882648053,0.7042116480550848,-0.2986926333414239,1.0763127160481123,0.060072815533980584,7,False,-0.0018869085704575057,False,False
咸阳秦都西咸数据中心1号楼D301电力电池机房|4#开关电源蓄电池组|第2组|第2组单体21电池电压|1-D301电池室放电电池数据表.xlsx|DC4|DC4,陕西省,咸阳,中国移动西咸数据中心,咸阳秦都西咸数据中心1号楼站点,咸阳秦都西咸数据中心1号楼D301电力电池机房,铅酸电池,4#开关电源蓄电池组,单体XX电压,第2组单体21电池电压,2025-07-08T02:16:02,2.124,V,1-D301电池室放电电池数据表.xlsx,DC4,2.124,第2组,DC4,7,1341.0,False,2.072,2.272,-0.5259677656588148,0,False,False,False,0.19343838385903656,2.039936795648727,0,-1.6101596916928314,0.2057425365579237,-1.7669103146226472,-0.24827386095018994,1.0763127160481123,0.060072815533980584,7,False,0.9607292765000898,True,False
咸阳秦都西咸数据中心1号楼D301电力电池机房|1#开关电源蓄电池组|第1组|第1组单体3电池电压|1-D301电池室放电电池数据表.xlsx|DC1|DC1,陕西省,咸阳,中国移动西咸数据中心,咸阳秦都西咸数据中心1号楼站点,咸阳秦都西咸数据中心1号楼D301电力电池机房,铅酸电池,1#开关电源蓄电池组,单体XX电压,第1组单体3电池电压,2025-07-08T01:35:37,2.246,V,1-D301电池室放电电池数据表.xlsx,DC1,2.246,第1组,DC1,7,1338.0,False,2.091,2.269,-0.6303130953590329,0,False,False,False,0.1932421337427577,2.065961088481821,0,-1.7339870588126214,0.18253129493713785,-1.7262699234780117,-0.06350157663769086,1.0763127160481123,0.060072815533980584,7,False,0.893209500764221,False,False
咸阳秦都西咸数据中心1号楼J301电力电池机房|02#开关电源蓄电池组|第1组|第1组单体2电池电压|1-J301电池室放电电池数据表.xlsx|DC2|DC2,陕西省,咸阳,中国移动西咸数据中心,咸阳秦都西咸数据中心1号楼站点,咸阳秦都西咸数据中心1号楼J301电力电池机房,铅酸电池,02#开关电源蓄电池组,单体XX电压,第1组单体2电池电压,2025-07-09T00:28:41,2.209,V,1-J301电池室放电电池数据表.xlsx,DC2,2.209,第1组,DC2,7,1964.0,True,1.861,2.258,1.0572606936610962,0,False,False,False,0.19322652076805813,2.0333641579320503,-3,-1.6620791523893623,1.073991134637259,-0.6388907968295661,-0.04799904611130164,1.0763127160481123,0.060072815533980584,7,False,0.8958195743094791,False,False
咸阳秦都西咸数据中心1号楼J301电力电池机房|08#开关电源蓄电池组|第2组|第2组单体6电池电压|1-J301电池室放电电池数据表.xlsx|DC8|DC8,陕西省,咸阳,中国移动西咸数据中心,咸阳秦都西咸数据中心1号楼站点,咸阳秦都西咸数据中心1号楼J301电力电池机房,铅酸电池,08#开关电源蓄电池组,单体XX电压,第2组单体6电池电压,2025-07-09T02:12:17,2.06,V,1-J301电池室放电电池数据表.xlsx,DC8,2.06,第2组,DC8,10,9862.0,False,1.948,2.241,-0.9766460359853515,0,False,False,False,0.19317926788832596,1.161021414059718,7,-0.28295671985346926,0.07915090435209429,0.7307833074219949,-0.01359662553801537,1.0763127160481123,0.060072815533980584,7,False,0.8797958449146005,False,False
咸阳秦都西咸数据中心1号楼J301电力电池机房|08#开关电源蓄电池组|第1组|第1组单体10电池电压|1-J301电池室放电电池数据表.xlsx|DC8|DC8,陕西省,咸阳,中国移动西咸数据中心,咸阳秦都西咸数据中心1号楼站点,咸阳秦都西咸数据中心1号楼J301电力电池机房,铅酸电池,08#开关电源蓄电池组,单体XX电压,第1组单体10电池电压,2025-07-09T00:15:41,2.2,V,1-J301电池室放电电池数据表.xlsx,DC8,2.2,第1组,DC8,12,9862.0,False,1.875,2.241,-1.1053525983320343,0,False,False,False,0.19307087075887555,1.7769010439537583,7,0.6414006210581571,-0.06584377940614568,0.7017152395665107,0.11357928207966275,1.0763127160481123,0.060072815533980584,7,False,0.7598048240754288,False,False
咸阳秦都西咸数据中心1号楼D301电力电池机房|4#开关电源蓄电池组|第1组|第1组单体16电池电压|1-D301电池室放电电池数据表.xlsx|DC4|DC4,陕西省,咸阳,中国移动西咸数据中心,咸阳秦都西咸数据中心1号楼站点,咸阳秦都西咸数据中心1号楼D301电力电池机房,铅酸电池,4#开关电源蓄电池组,单体XX电压,第1组单体16电池电压,2025-07-08T01:54:38,2.108,V,1-D301电池室放电电池数据表.xlsx,DC4,2.108,第1组,DC4,8,1376.0,False,2.053,2.33,0.47856009779570957,0,False,False,False,0.19272559190393573,1.2915781847818613,7,-1.6665325926177281,-0.22626155280788726,0.4605261773183303,-0.2046614574357634,1.0763127160481123,0.060072815533980584,7,False,0.7613588757436686,False,False
咸阳秦都西咸数据中心1号楼D303电力电池机房|5#开关电源蓄电池组|第1组|第1组单体10电池电压|1-D303电池室放电电池数据表.xlsx|DC5|DC5,陕西省,咸阳,中国移动西咸数据中心,咸阳秦都西咸数据中心1号楼站点,咸阳秦都西咸数据中心1号楼D303电力电池机房,铅酸电池,5#开关电源蓄电池组,单体XX电压,第1组单体10电池电压,2025-07-10T02:06:56,2.085,V,1-D303电池室放电电池数据表.xlsx,DC5,2.085,第1组,DC5,8,7572.0,False,1.967,2.219,-1.176503978988298,0,False,False,False,0.19222356593579334,1.4218741015849967,-2,-0.597136796832452,0.3789179342123917,-0.8505291334582898,0.3924653202136824,1.0763127160481123,0.060072815533980584,7,False,0.9926232505056832,True,False
咸阳秦都西咸数据中心1号楼D203电力电池机房|5#开关电源蓄电池组|第2组|第2组单体2电池电压|1-D203电池室放电电池数据表.xlsx|DC5|DC5,陕西省,咸阳,中国移动西咸数据中心,咸阳秦都西咸数据中心1号楼站点,咸阳秦都西咸数据中心1号楼D203电力电池机房,铅酸电池,5#开关电源蓄电池组,单体XX电压,第2组单体2电池电压,2025-07-11T01:40:11,2.206,V,1-D203电池室放电电池数据表.xlsx,DC5,2.206,第2组,DC5,7,1719.0,True,1.917,2.257,0.9253196491278104,0,False,False,False,0.1921882776142233,2.002689611711231,-3,-1.795066825685999,1.0396047351507125,-0.6308591058206965,-0.0696385057311237,1.0763127160481123,0.060072815533980584,7,False,0.7782398770996967,False,False
咸阳秦都西咸数据中心1号楼D303电力电池机房|4#开关电源蓄电池组|第1组|第1组单体21电池电压|1-D303电池室放电电池数据表.xlsx|DC4|DC4,陕西省,咸阳,中国移动西咸数据中心,咸阳秦都西咸数据中心1号楼站点,咸阳秦都西咸数据中心1号楼D303电力电池机房,铅酸电池,4#开关电源蓄电池组,单体XX电压,第1组单体21电池电压,2025-07-10T01:21:05,1.99,V,1-D303电池室放电电池数据表.xlsx,DC4,1.99,第1组,DC4,8,6137.0,False,1.99,2.206,-0.9591239680842776,0,False,False,False,0.19159526272615704,1.5969966255632957,-1,-1.127992751233913,0.27136715622307095,-1.2516984912717974,0.36863826242266484,1.0763127160481123,0.060072815533980584,7,False,0.5407471446393417,False,False
咸阳秦都西咸数据中心1号楼D201电力电池机房|1#开关电源蓄电池组|第2组|第2组单体11电池电压|1-D201电池室放电电池数据表.xlsx|DC1|DC1,陕西省,咸阳,中国移动西咸数据中心,咸阳秦都西咸数据中心1号楼站点,咸阳秦都西咸数据中心1号楼D201电力电池机房,铅酸电池,1#开关电源蓄电池组,单体XX电压,第2组单体11电池电压,2025-07-08T00:27:45,1.941,V,1-D201电池室放电电池数据表.xlsx,DC1,1.941,第2组,DC1,7,1296.0,False,1.923,2.202,0.08023196992581938,0,False,False,False,0.19156349947663437,1.397924208809779,7,-0.9699652394979144,-1.2491372273751034,0.32162734275238447,0.5072818615934593,1.0763127160481123,0.060072815533980584,7,False,0.9975894318508288,True,False
咸阳秦都西咸数据中心1号楼D303电力电池机房|2#开关电源蓄电池组|第2组|第2组单体21电池电压|1-D303电池室放电电池数据表.xlsx|DC2|DC2,陕西省,咸阳,中国移动西咸数据中心,咸阳秦都西咸数据中心1号楼站点,咸阳秦都西咸数据中心1号楼D303电力电池机房,铅酸电池,2#开关电源蓄电池组,单体XX电压,第2组单体21电池电压,2025-07-10T00:31:44,2.237,V,1-D303电池室放电电池数据表.xlsx,DC2,2.237,第2组,DC2,11,3296.0,False,1.939,2.237,-0.9881238077454795,0,False,False,False,0.19149428332637752,1.6166704675795434,-1,-0.29993535680355426,0.22684938704260402,-1.307911236426833,0.21835138911990012,1.0763127160481123,0.060072815533980584,7,False,0.9634293167535928,True,False
咸阳秦都西咸数据中心1号楼J301电力电池机房|12#开关电源蓄电池组|第2组|第2组单体7电池电压|1-J301电池室放电电池数据表.xlsx|DC12|DC12,陕西省,咸阳,中国移动西咸数据中心,咸阳秦都西咸数据中心1号楼站点,咸阳秦都西咸数据中心1号楼J301电力电池机房,铅酸电池,12#开关电源蓄电池组,单体XX电压,第2组单体7电池电压,2025-07-08T02:40:39,1.991,V,1-J301电池室放电电池数据表.xlsx,DC12,1.991,第2组,DC12,7,1256.0,False,1.99,2.245,0.3772948631956395,0,False,False,False,0.19145040188749174,1.3938319425764405,7,-1.5602114525054056,-0.845480699942439,0.38135266968115134,0.3163503088118369,1.0763127160481123,0.060072815533980584,7,False,0.9904352188383253,True,False
咸阳秦都西咸数据中心1号楼J301电力电池机房|13#开关电源蓄电池组|第2组|第2组单体5电池电压|1-J301电池室放电电池数据表.xlsx|DC13|DC13,陕西省,咸阳,中国移动西咸数据中心,咸阳秦都西咸数据中心1号楼站点,咸阳秦都西咸数据中心1号楼J301电力电池机房,铅酸电池,13#开关电源蓄电池组,单体XX电压,第2组单体5电池电压,2025-07-08T03:00:58,1.971,V,1-J301电池室放电电池数据表.xlsx,DC13,1.971,第2组,DC13,9,1369.0,False,1.971,2.231,0.36756178098332287,0,False,False,False,0.19128410088713327,1.2806543729816748,7,-1.454101060830034,-0.851986653381533,0.3075319551910146,-0.11839848037007142,1.0763127160481123,0.060072815533980584,7,False,0.918510120552366,False,False
咸阳秦都西咸数据中心1号楼D303电力电池机房|7#开关电源蓄电池组|第2组|第2组单体20电池电压|1-D303电池室放电电池数据表.xlsx|DC7|DC7,陕西省,咸阳,中国移动西咸数据中心,咸阳秦都西咸数据中心1号楼站点,咸阳秦都西咸数据中心1号楼D303电力电池机房,铅酸电池,7#开关电源蓄电池组,单体XX电压,第2组单体20电池电压,2025-07-10T02:55:33,2.152,V,1-D303电池室放电电池数据表.xlsx,DC7,2.152,第2组,DC7,8,10501.0,False,2.083,2.272,-0.9475184848833977,0,False,False,False,0.19123010750040093,1.7852207073168178,-1,-1.5163194187121682,0.7617365437157888,-1.1442486997436803,0.12387988174742179,1.0763127160481123,0.060072815533980584,7,False,0.9146067948753479,False,False
咸阳秦都西咸数据中心1号楼D303电力电池机房|3#开关电源蓄电池组|第1组|第1组单体14电池电压|1-D303电池室放电电池数据表.xlsx|DC3|DC3,陕西省,咸阳,中国移动西咸数据中心,咸阳秦都西咸数据中心1号楼站点,咸阳秦都西咸数据中心1号楼D303电力电池机房,铅酸电池,3#开关电源蓄电池组,单体XX电压,第1组单体14电池电压,2025-07-10T00:58:06,1.88,V,1-D303电池室放电电池数据表.xlsx,DC3,1.88,第1组,DC3,10,4740.0,False,1.88,2.177,-0.0502323741038706,0,False,False,False,0.19100357249516525,0.6531308813675791,7,-0.9228353349448288,-0.2783451461866445,0.5416263090701222,0.08390077901991139,1.0763127160481123,0.060072815533980584,7,False,0.3139553065306701,False,False
咸阳秦都西咸数据中心1号楼D203电力电池机房|1#开关电源蓄电池组|第1组|第1组单体24电池电压|1-D203电池室放电电池数据表.xlsx|DC1|DC1,陕西省,咸阳,中国移动西咸数据中心,咸阳秦都西咸数据中心1号楼站点,咸阳秦都西咸数据中心1号楼D203电力电池机房,铅酸电池,1#开关电源蓄电池组,单体XX电压,第1组单体24电池电压,2025-07-11T00:03:08,2.043,V,1-D203电池室放电电池数据表.xlsx,DC1,2.043,第1组,DC1,9,1425.0,False,2.043,2.252,-0.5948329404456119,0,False,False,False,0.19089724102812128,1.643225798779973,-1,-1.409748591325445,0.008074934551213303,-1.4323675305981773,-0.04249679263435133,1.0763127160481123,0.060072815533980584,7,False,0.9811272668625312,True,False
咸阳秦都西咸数据中心1号楼D203电力电池机房|4#开关电源蓄电池组|第1组|第1组单体23电池电压|1-D203电池室放电电池数据表.xlsx|DC4|DC4,陕西省,咸阳,中国移动西咸数据中心,咸阳秦都西咸数据中心1号楼站点,咸阳秦都西咸数据中心1号楼D203电力电池机房,铅酸电池,4#开关电源蓄电池组,单体XX电压,第1组单体23电池电压,2025-07-11T01:16:27,2.056,V,1-D203电池室放电电池数据表.xlsx,DC4,2.056,第1组,DC4,10,7148.0,False,2.004,2.252,-0.8292963945630805,0,False,False,False,0.19082046475863707,0.9781697871556587,7,-0.7430466315069945,0.09983396701405453,0.7101797677441664,-0.13627820937116414,1.0763127160481123,0.060072815533980584,7,False,0.5113149677157438,False,False
咸阳秦都西咸数据中心1号楼D201电力电池机房|1#开关电源蓄电池组|第2组|第2组单体17电池电压|1-D201电池室放电电池数据表.xlsx|DC1|DC1,陕西省,咸阳,中国移动西咸数据中心,咸阳秦都西咸数据中心1号楼站点,咸阳秦都西咸数据中心1号楼D201电力电池机房,铅酸电池,1#开关电源蓄电池组,单体XX电压,第2组单体17电池电压,2025-07-08T00:27:45,1.925,V,1-D201电池室放电电池数据表.xlsx,DC1,1.925,第2组,DC1,7,1296.0,False,1.925,2.238,0.10846903548452652,0,False,False,False,0.19073044549563933,1.4307853092276648,7,-0.6897700450939376,-1.233924977860773,0.33835883081933915,0.6560819858522909,1.0763127160481123,0.060072815533980584,7,False,0.9995739659142219,True,False
咸阳秦都西咸数据中心1号楼J301电力电池机房|04#开关电源蓄电池组|第1组|第1组单体19电池电压|1-J301电池室放电电池数据表.xlsx|DC4|DC4,陕西省,咸阳,中国移动西咸数据中心,咸阳秦都西咸数据中心1号楼站点,咸阳秦都西咸数据中心1号楼J301电力电池机房,铅酸电池,04#开关电源蓄电池组,单体XX电压,第1组单体19电池电压,2025-07-09T00:47:52,1.988,V,1-J301电池室放电电池数据表.xlsx,DC4,1.988,第1组,DC4,6,8308.0,False,1.988,2.257,-0.08132675809239426,0,False,False,False,0.1904760530987189,2.5171151582433473,-7,-3.041727833038938,0.3752119635809954,0.7060668942323954,-0.42710886935957026,1.0763127160481123,0.060072815533980584,7,False,0.3102390018263752,False,False
咸阳秦都西咸数据中心1号楼D203电力电池机房|1#开关电源蓄电池组|第2组|第2组单体23电池电压|1-D203电池室放电电池数据表.xlsx|DC1|DC1,陕西省,咸阳,中国移动西咸数据中心,咸阳秦都西咸数据中心1号楼站点,咸阳秦都西咸数据中心1号楼D203电力电池机房,铅酸电池,1#开关电源蓄电池组,单体XX电压,第2组单体23电池电压,2025-07-11T00:03:30,2.039,V,1-D203电池室放电电池数据表.xlsx,DC1,2.039,第2组,DC1,9,1473.0,False,2.039,2.264,-0.41140956090311664,0,False,False,False,0.1903455471288597,1.7420958597032539,1,-1.3919221410054552,0.03853311008097596,-1.516967585074199,-0.46542150331288545,1.0763127160481123,0.060072815533980584,7,False,0.9958927407635925,True,False
咸阳秦都西咸数据中心1号楼D201电力电池机房|1#开关电源蓄电池组|第1组|第1组单体15电池电压|1-D201电池室放电电池数据表.xlsx|DC1|DC1,陕西省,咸阳,中国移动西咸数据中心,咸阳秦都西咸数据中心1号楼站点,咸阳秦都西咸数据中心1号楼D201电力电池机房,铅酸电池,1#开关电源蓄电池组,单体XX电压,第1组单体15电池电压,2025-07-08T00:28:12,2.193,V,1-D201电池室放电电池数据表.xlsx,DC1,2.193,第1组,DC1,9,1366.0,False,1.971,2.245,-0.21865306742502494,0,False,False,False,0.18987005318677355,0.8813329508328653,7,-0.8444254109875066,-0.777399969035418,0.4351503919856171,0.16769407909538178,1.0763127160481123,0.060072815533980584,7,False,0.9972059623131458,True,False
咸阳秦都西咸数据中心1号楼J301电力电池机房|13#开关电源蓄电池组|第1组|第1组单体21电池电压|1-J301电池室放电电池数据表.xlsx|DC13|DC13,陕西省,咸阳,中国移动西咸数据中心,咸阳秦都西咸数据中心1号楼站点,咸阳秦都西咸数据中心1号楼J301电力电池机房,铅酸电池,13#开关电源蓄电池组,单体XX电压,第1组单体21电池电压,2025-07-08T03:00:58,1.969,V,1-J301电池室放电电池数据表.xlsx,DC13,1.969,第1组,DC13,8,1508.0,False,1.969,2.261,0.5741185472971859,0,False,False,False,0.18983921260631229,1.300720875420861,7,-1.340697186759583,-0.7376524528006071,0.2678272983151693,-0.3737879337815724,1.0763127160481123,0.060072815533980584,7,False,0.8702998973618329,False,False
咸阳秦都西咸数据中心1号楼J301电力电池机房|13#开关电源蓄电池组|第2组|第2组单体10电池电压|1-J301电池室放电电池数据表.xlsx|DC13|DC13,陕西省,咸阳,中国移动西咸数据中心,咸阳秦都西咸数据中心1号楼站点,咸阳秦都西咸数据中心1号楼J301电力电池机房,铅酸电池,13#开关电源蓄电池组,单体XX电压,第2组单体10电池电压,2025-07-08T03:21:10,2.146,V,1-J301电池室放电电池数据表.xlsx,DC13,2.146,第2组,DC13,8,1256.0,False,1.999,2.319,-0.45480663042653663,0,False,False,False,0.1896894402288477,1.9091756402384337,0,-0.4506226819310368,-0.14128045816583534,-1.8747928255104527,-0.05345456416740842,1.0763127160481123,0.060072815533980584,7,False,0.10927232805134071,False,False
咸阳秦都西咸数据中心1号楼J301电力电池机房|08#开关电源蓄电池组|第1组|第1组单体8电池电压|1-J301电池室放电电池数据表.xlsx|DC8|DC8,陕西省,咸阳,中国移动西咸数据中心,咸阳秦都西咸数据中心1号楼站点,咸阳秦都西咸数据中心1号楼J301电力电池机房,铅酸电池,08#开关电源蓄电池组,单体XX电压,第1组单体8电池电压,2025-07-09T02:12:41,2.194,V,1-J301电池室放电电池数据表.xlsx,DC8,2.194,第1组,DC8,10,9862.0,False,1.89,2.247,-1.1187163984917727,0,False,False,False,0.18946425404754064,1.7496168251257935,7,0.5738377098726555,-0.023583374130066614,0.7280830005940329,0.18061109959114827,1.0763127160481123,0.060072815533980584,7,False,0.7755772796163415,False,False
咸阳秦都西咸数据中心1号楼J301电力电池机房|01#开关电源蓄电池组|第2组|第2组单体11电池电压|1-J301电池室放电电池数据表.xlsx|DC1|DC1,陕西省,咸阳,中国移动西咸数据中心,咸阳秦都西咸数据中心1号楼站点,咸阳秦都西咸数据中心1号楼J301电力电池机房,铅酸电池,01#开关电源蓄电池组,单体XX电压,第2组单体11电池电压,2025-07-09T00:05:52,1.946,V,1-J301电池室放电电池数据表.xlsx,DC1,1.946,第2组,DC1,11,3263.0,False,1.946,2.243,0.23774190370735732,0,False,False,False,0.1892735891094592,0.8516472376056183,-7,-1.1760263130840183,-0.12904867972173845,0.5022848549625412,-0.22699475994745777,1.0763127160481123,0.060072815533980584,7,False,0.9996650152485291,True,False
咸阳秦都西咸数据中心1号楼J301电力电池机房|05#开关电源蓄电池组|第1组|第1组单体10电池电压|1-J301电池室放电电池数据表.xlsx|DC5|DC5,陕西省,咸阳,中国移动西咸数据中心,咸阳秦都西咸数据中心1号楼站点,咸阳秦都西咸数据中心1号楼J301电力电池机房,铅酸电池,05#开关电源蓄电池组,单体XX电压,第1组单体10电池电压,2025-07-09T01:12:47,2.151,V,1-J301电池室放电电池数据表.xlsx,DC5,2.151,第1组,DC5,8,7778.0,False,1.946,2.198,0.1787932513253867,0,False,False,False,0.18923252094612636,1.1562722071608567,-7,-1.6283403696665737,-0.026727654604658063,0.5639313680863297,-0.150150644619597,1.0763127160481123,0.060072815533980584,7,False,0.946580761196436,True,False
咸阳秦都西咸数据中心1号楼D303电力电池机房|5#开关电源蓄电池组|第1组|第1组单体6电池电压|1-D303电池室放电电池数据表.xlsx|DC5|DC5,陕西省,咸阳,中国移动西咸数据中心,咸阳秦都西咸数据中心1号楼站点,咸阳秦都西咸数据中心1号楼D303电力电池机房,铅酸电池,5#开关电源蓄电池组,单体XX电压,第1组单体6电池电压,2025-07-10T02:07:00,2.214,V,1-D303电池室放电电池数据表.xlsx,DC5,2.214,第1组,DC5,8,7572.0,False,1.988,2.227,-1.1469941793226301,0,False,False,False,0.18920514703846664,1.4025093428099007,-2,-0.7671792390124207,0.44894506371667164,-0.8367182842552168,0.3509154310483499,1.0763127160481123,0.060072815533980584,7,False,0.9923812057504543,True,False
咸阳秦都西咸数据中心1号楼D201电力电池机房|4#开关电源蓄电池组|第2组|第2组单体3电池电压|1-D201电池室放电电池数据表.xlsx|DC4|DC4,陕西省,咸阳,中国移动西咸数据中心,咸阳秦都西咸数据中心1号楼站点,咸阳秦都西咸数据中心1号楼D201电力电池机房,铅酸电池,4#开关电源蓄电池组,单体XX电压,第2组单体3电池电压,2025-07-08T00:48:28,1.994,V,1-D201电池室放电电池数据表.xlsx,DC4,1.994,第2组,DC4,7,1304.0,False,1.994,2.222,-0.11549210268100132,0,False,False,False,0.18880551625689973,1.1122967056534965,7,-1.3821037516434886,-0.7614586062572308,0.45167899043438686,0.23325591999575754,1.0763127160481123,0.060072815533980584,7,False,0.9438761271907313,True,False
咸阳秦都西咸数据中心1号楼D303电力电池机房|1#开关电源蓄电池组|第2组|第2组单体5电池电压|1-D303电池室放电电池数据表.xlsx|DC1|DC1,陕西省,咸阳,中国移动西咸数据中心,咸阳秦都西咸数据中心1号楼站点,咸阳秦都西咸数据中心1号楼D303电力电池机房,铅酸电池,1#开关电源蓄电池组,单体XX电压,第2组单体5电池电压,2025-07-10T00:27:46,2.057,V,1-D303电池室放电电池数据表.xlsx,DC1,2.057,第2组,DC1,10,1717.0,False,1.961,2.261,-0.5923663904517522,0,False,False,False,0.18865873053190907,1.8777673596951345,0,-0.5350253871745891,-0.07763731186753674,-1.8308541965326106,-0.0193890893645509,1.0763127160481123,0.060072815533980584,7,False,0.9765913267599344,True,False
咸阳秦都西咸数据中心1号楼J301电力电池机房|01#开关电源蓄电池组|第1组|第1组单体11电池电压|1-J301电池室放电电池数据表.xlsx|DC1|DC1,陕西省,咸阳,中国移动西咸数据中心,咸阳秦都西咸数据中心1号楼站点,咸阳秦都西咸数据中心1号楼J301电力电池机房,铅酸电池,01#开关电源蓄电池组,单体XX电压,第1组单体11电池电压,2025-07-09T01:00:02,2.293,V,1-J301电池室放电电池数据表.xlsx,DC1,2.293,第1组,DC1,12,3267.0,False,1.931,2.293,-0.7385567168386522,0,False,False,False,0.18858057639649978,1.3248289451246489,7,0.31518756432037676,-0.12336658154257109,0.6342795936983336,0.0397845795588109,1.0763127160481123,0.060072815533980584,7,False,0.5669339157272525,False,False
咸阳秦都西咸数据中心1号楼D303电力电池机房|7#开关电源蓄电池组|第1组|第1组单体3电池电压|1-D303电池室放电电池数据表.xlsx|DC7|DC7,陕西省,咸阳,中国移动西咸数据中心,咸阳秦都西咸数据中心1号楼站点,咸阳秦都西咸数据中心1号楼D303电力电池机房,铅酸电池,7#开关电源蓄电池组,单体XX电压,第1组单体3电池电压,2025-07-10T02:55:46,2.17,V,1-D303电池室放电电池数据表.xlsx,DC7,2.17,第1组,DC7,8,10501.0,False,2.078,2.316,-0.9157585346274444,0,False,False,False,0.1882696848720209,1.3614110643156403,-7,-0.9269880977281001,0.6367437342572819,0.9011229019257396,0.009764447198254728,1.0763127160481123,0.060072815533980584,7,False,0.7430365700564894,False,False
咸阳秦都西咸数据中心1号楼J301电力电池机房|01#开关电源蓄电池组|第1组|第1组单体8电池电压|1-J301电池室放电电池数据表.xlsx|DC1|DC1,陕西省,咸阳,中国移动西咸数据中心,咸阳秦都西咸数据中心1号楼站点,咸阳秦都西咸数据中心1号楼J301电力电池机房,铅酸电池,01#开关电源蓄电池组,单体XX电压,第1组单体8电池电压,2025-07-09T00:27:03,2.006,V,1-J301电池室放电电池数据表.xlsx,DC1,2.006,第1组,DC1,12,3267.0,False,1.861,2.305,0.5814664398037177,0,False,False,False,0.18819679817742016,1.0978633104253341,-7,-0.1124383390579442,-0.17858656385600272,0.467654871695052,0.11064273035594013,1.0763127160481123,0.060072815533980584,7,False,0.9819011134006778,True,False
咸阳秦都西咸数据中心1号楼J301电力电池机房|14#开关电源蓄电池组|第1组|第1组单体23电池电压|1-J301电池室放电电池数据表.xlsx|DC14|DC14,陕西省,咸阳,中国移动西咸数据中心,咸阳秦都西咸数据中心1号楼站点,咸阳秦都西咸数据中心1号楼J301电力电池机房,铅酸电池,14#开关电源蓄电池组,单体XX电压,第1组单体23电池电压,2025-07-08T03:24:29,2.173,V,1-J301电池室放电电池数据表.xlsx,DC14,2.173,第1组,DC14,8,1482.0,False,2.071,2.302,-0.5827874920562199,0,False,False,False,0.18802997824085305,1.602644909991553,-1,-1.2725190110223794,0.2409409279574978,-1.403425155161843,-0.23410305173465093,1.0763127160481123,0.060072815533980584,7,False,0.8089423951234521,False,False
咸阳秦都西咸数据中心1号楼D203电力电池机房|1#开关电源蓄电池组|第2组|第2组单体21电池电压|1-D203电池室放电电池数据表.xlsx|DC1|DC1,陕西省,咸阳,中国移动西咸数据中心,咸阳秦都西咸数据中心1号楼站点,咸阳秦都西咸数据中心1号楼D203电力电池机房,铅酸电池,1#开关电源蓄电池组,单体XX电压,第2组单体21电池电压,2025-07-11T00:03:08,2.046,V,1-D203电池室放电电池数据表.xlsx,DC1,2.046,第2组,DC1,9,1473.0,False,2.046,2.256,-0.35672420411737804,0,False,False,False,0.18775733906972433,1.8063512216248312,1,-1.594288084156589,0.06030904102106624,-1.505410568654621,-0.42216441996592735,1.0763127160481123,0.060072815533980584,7,False,0.9950408989115865,True,False
咸阳秦都西咸数据中心1号楼D203电力电池机房|7#开关电源蓄电池组|第2组|第2组单体12电池电压|1-D203电池室放电电池数据表.xlsx|DC7|DC7,陕西省,咸阳,中国移动西咸数据中心,咸阳秦都西咸数据中心1号楼站点,咸阳秦都西咸数据中心1号楼D203电力电池机房,铅酸电池,7#开关电源蓄电池组,单体XX电压,第2组单体12电池电压,2025-07-11T01:53:51,2.158,V,1-D203电池室放电电池数据表.xlsx,DC7,2.158,第2组,DC7,8,8027.0,False,2.076,2.337,-1.174265767215149,0,False,False,False,0.18759912981888355,1.5822450306749256,-2,-1.0622967834072823,0.8809095143154391,-0.7295808316574492,0.1900037696454808,1.0763127160481123,0.060072815533980584,7,False,0.9673388924645427,True,False
咸阳秦都西咸数据中心1号楼D303电力电池机房|7#开关电源蓄电池组|第1组|第1组单体23电池电压|1-D303电池室放电电池数据表.xlsx|DC7|DC7,陕西省,咸阳,中国移动西咸数据中心,咸阳秦都西咸数据中心1号楼站点,咸阳秦都西咸数据中心1号楼D303电力电池机房,铅酸电池,7#开关电源蓄电池组,单体XX电压,第1组单体23电池电压,2025-07-10T02:34:12,2.14,V,1-D303电池室放电电池数据表.xlsx,DC7,2.14,第1组,DC7,11,10515.0,False,2.035,2.333,-1.1382001619644604,0,False,False,False,0.18755730657916803,1.4783171406847042,-2,-1.0115686979469662,0.7002350429426252,-0.7855411289206875,0.19590849219242687,1.0763127160481123,0.060072815533980584,7,False,0.8501424238299249,False,False
咸阳秦都西咸数据中心1号楼J301电力电池机房|12#开关电源蓄电池组|第2组|第2组单体8电池电压|1-J301电池室放电电池数据表.xlsx|DC12|DC12,陕西省,咸阳,中国移动西咸数据中心,咸阳秦都西咸数据中心1号楼站点,咸阳秦都西咸数据中心1号楼J301电力电池机房,铅酸电池,12#开关电源蓄电池组,单体XX电压,第2组单体8电池电压,2025-07-08T02:40:30,2.2,V,1-J301电池室放电电池数据表.xlsx,DC12,2.2,第2组,DC12,6,1238.0,False,1.952,2.21,0.07948985049516433,0,False,False,False,0.18750460822363538,1.3587528522995418,7,-1.2033664082406275,-1.1171369393551291,0.3631604439225837,0.49383517594822446,1.0763127160481123,0.060072815533980584,7,False,0.9935128083876772,True,False
咸阳秦都西咸数据中心1号楼D303电力电池机房|4#开关电源蓄电池组|第2组|第2组单体21电池电压|1-D303电池室放电电池数据表.xlsx|DC4|DC4,陕西省,咸阳,中国移动西咸数据中心,咸阳秦都西咸数据中心1号楼站点,咸阳秦都西咸数据中心1号楼D303电力电池机房,铅酸电池,4#开关电源蓄电池组,单体XX电压,第2组单体21电池电压,2025-07-10T01:42:06,2.025,V,1-D303电池室放电电池数据表.xlsx,DC4,2.025,第2组,DC4,8,6182.0,False,1.986,2.241,-1.075260342617198,0,False,False,False,0.18725490586609678,1.615177368411039,-1,-0.7063976724736042,0.555069064931918,-1.2160095674490503,0.07503143906076659,1.0763127160481123,0.060072815533980584,7,False,0.7703516933204839,False,False
咸阳秦都西咸数据中心1号楼D303电力电池机房|3#开关电源蓄电池组|第2组|第2组单体20电池电压|1-D303电池室放电电池数据表.xlsx|DC3|DC3,陕西省,咸阳,中国移动西咸数据中心,咸阳秦都西咸数据中心1号楼站点,咸阳秦都西咸数据中心1号楼D303电力电池机房,铅酸电池,3#开关电源蓄电池组,单体XX电压,第2组单体20电池电压,2025-07-10T01:18:40,1.976,V,1-D303电池室放电电池数据表.xlsx,DC3,1.976,第2组,DC3,11,4788.0,False,1.909,2.21,-0.22247988009456393,0,False,False,False,0.18718756665570194,0.82593834891634,7,-0.7857239466503964,-0.12511393012781255,0.6665686657768481,0.4734514551204203,1.0763127160481123,0.060072815533980584,7,False,0.3771395366632345,False,False
咸阳秦都西咸数据中心1号楼D303电力电池机房|2#开关电源蓄电池组|第1组|第1组单体22电池电压|1-D303电池室放电电池数据表.xlsx|DC2|DC2,陕西省,咸阳,中国移动西咸数据中心,咸阳秦都西咸数据中心1号楼站点,咸阳秦都西咸数据中心1号楼D303电力电池机房,铅酸电池,2#开关电源蓄电池组,单体XX电压,第1组单体22电池电压,2025-07-10T00:54:59,2.22,V,1-D303电池室放电电池数据表.xlsx,DC2,2.22,第1组,DC2,10,3296.0,False,1.95,2.253,-1.094572296544503,0,False,False,False,0.18713790837931107,1.6958419492757297,-1,-0.18298971491832372,0.29238395417300644,-1.2648546937441787,0.3040820230659531,1.0763127160481123,0.060072815533980584,7,False,0.9964259001484869,True,False
咸阳秦都西咸数据中心1号楼D303电力电池机房|3#开关电源蓄电池组|第1组|第1组单体23电池电压|1-D303电池室放电电池数据表.xlsx|DC3|DC3,陕西省,咸阳,中国移动西咸数据中心,咸阳秦都西咸数据中心1号楼站点,咸阳秦都西咸数据中心1号楼D303电力电池机房,铅酸电池,3#开关电源蓄电池组,单体XX电压,第1组单体23电池电压,2025-07-10T01:18:53,2.06,V,1-D303电池室放电电池数据表.xlsx,DC3,2.06,第1组,DC3,10,4784.0,False,1.975,2.263,-0.8825228053346352,0,False,False,False,0.1870219998575319,1.0934788648185907,-7,-0.31708962688456527,0.06696070891409564,0.7354763791023348,0.10764465063308398,1.0763127160481123,0.060072815533980584,7,False,0.8601932841421741,False,False
咸阳秦都西咸数据中心1号楼D303电力电池机房|1#开关电源蓄电池组|第2组|第2组单体3电池电压|1-D303电池室放电电池数据表.xlsx|DC1|DC1,陕西省,咸阳,中国移动西咸数据中心,咸阳秦都西咸数据中心1号楼站点,咸阳秦都西咸数据中心1号楼D303电力电池机房,铅酸电池,1#开关电源蓄电池组,单体XX电压,第2组单体3电池电压,2025-07-10T00:29:19,2.206,V,1-D303电池室放电电池数据表.xlsx,DC1,2.206,第2组,DC1,10,1757.0,False,1.961,2.227,0.05342673847750018,0,False,False,False,0.1870170056798549,0.888833214255843,7,-1.1828121494675892,-0.6047818914592017,0.41179610476206663,-0.11261583910480447,1.0763127160481123,0.060072815533980584,7,False,0.759697559179483,False,False
咸阳秦都西咸数据中心1号楼D201电力电池机房|2#开关电源蓄电池组|第2组|第2组单体20电池电压|1-D201电池室放电电池数据表.xlsx|DC2|DC2,陕西省,咸阳,中国移动西咸数据中心,咸阳秦都西咸数据中心1号楼站点,咸阳秦都西咸数据中心1号楼D201电力电池机房,铅酸电池,2#开关电源蓄电池组,单体XX电压,第2组单体20电池电压,2025-07-08T00:28:07,2.067,V,1-D201电池室放电电池数据表.xlsx,DC2,2.067,第2组,DC2,6,1301.0,False,1.996,2.312,-0.5323666791746253,0,False,False,False,0.18696884835152405,1.9087433092490966,0,-0.4220751004372969,-0.17160825086827602,-1.8561823612195196,0.0558024171724355,1.0763127160481123,0.060072815533980584,7,False,0.13378484379117037,False,False
咸阳秦都西咸数据中心1号楼D301电力电池机房|1#开关电源蓄电池组|第1组|第1组单体24电池电压|1-D301电池室放电电池数据表.xlsx|DC1|DC1,陕西省,咸阳,中国移动西咸数据中心,咸阳秦都西咸数据中心1号楼站点,咸阳秦都西咸数据中心1号楼D301电力电池机房,铅酸电池,1#开关电源蓄电池组,单体XX电压,第1组单体24电池电压,2025-07-08T01:34:57,2.106,V,1-D301电池室放电电池数据表.xlsx,DC1,2.106,第1组,DC1,6,1303.0,False,2.078,2.281,-0.4787977531189671,0,False,False,False,0.1866857004686447,2.0156245426435104,0,-1.632989169098638,0.19387451492670235,-1.7520302210062955,-0.10103595886828749,1.0763127160481123,0.060072815533980584,7,False,0.8528898033530089,False,False
咸阳秦都西咸数据中心1号楼D203电力电池机房|3#开关电源蓄电池组|第2组|第2组单体10电池电压|1-D203电池室放电电池数据表.xlsx|DC3|DC3,陕西省,咸阳,中国移动西咸数据中心,咸阳秦都西咸数据中心1号楼站点,咸阳秦都西咸数据中心1号楼D203电力电池机房,铅酸电池,3#开关电源蓄电池组,单体XX电压,第2组单体10电池电压,2025-07-11T00:00:52,2.254,V,1-D203电池室放电电池数据表.xlsx,DC3,2.254,第2组,DC3,11,7151.0,False,1.984,2.254,-1.0158882724632152,0,False,False,False,0.18650480344851028,0.9980405362703052,6,-0.41160753308600556,0.1647528405778418,0.4252884804592738,0.07884593436694198,1.0763127160481123,0.060072815533980584,7,False,0.9552839199344254,True,False
咸阳秦都西咸数据中心1号楼D303电力电池机房|4#开关电源蓄电池组|第1组|第1组单体6电池电压|1-D303电池室放电电池数据表.xlsx|DC4|DC4,陕西省,咸阳,中国移动西咸数据中心,咸阳秦都西咸数据中心1号楼站点,咸阳秦都西咸数据中心1号楼D303电力电池机房,铅酸电池,4#开关电源蓄电池组,单体XX电压,第1组单体6电池电压,2025-07-10T01:20:19,2.169,V,1-D303电池室放电电池数据表.xlsx,DC4,2.169,第1组,DC4,8,6182.0,False,2.032,2.209,-0.8379623239689127,0,False,False,False,0.1862520335940083,1.7377137604217352,-1,-1.618126054067091,0.31634527771398635,-1.2532680897301698,0.294849966526595,1.0763127160481123,0.060072815533980584,7,False,0.5335442455650129,False,False
咸阳秦都西咸数据中心1号楼D301电力电池机房|2#开关电源蓄电池组|第1组|第1组单体2电池电压|1-D301电池室放电电池数据表.xlsx|DC2|DC2,陕西省,咸阳,中国移动西咸数据中心,咸阳秦都西咸数据中心1号楼站点,咸阳秦都西咸数据中心1号楼D301电力电池机房,铅酸电池,2#开关电源蓄电池组,单体XX电压,第1组单体2电池电压,2025-07-08T01:55:04,2.145,V,1-D301电池室放电电池数据表.xlsx,DC2,2.145,第1组,DC2,7,1301.0,False,2.035,2.285,-0.7335731349471055,0,False,False,False,0.18603847911842775,1.895289566353104,0,-0.8956342985251123,-0.011776781103595535,-1.804364795597627,-0.14801593236998223,1.0763127160481123,0.060072815533980584,7,False,0.6298039056649398,False,False
咸阳秦都西咸数据中心1号楼D203电力电池机房|4#开关电源蓄电池组|第2组|第2组单体4电池电压|1-D203电池室放电电池数据表.xlsx|DC4|DC4,陕西省,咸阳,中国移动西咸数据中心,咸阳秦都西咸数据中心1号楼站点,咸阳秦都西咸数据中心1号楼D203电力电池机房,铅酸电池,4#开关电源蓄电池组,单体XX电压,第2组单体4电池电压,2025-07-11T01:16:53,2.026,V,1-D203电池室放电电池数据表.xlsx,DC4,2.026,第2组,DC4,11,7148.0,False,2.026,2.265,-0.9414656646429169,0,False,False,False,0.1859932746420967,1.116108748738285,7,-0.7672158143584179,0.2048617891736824,0.7830862147491091,0.03630282121442535,1.0763127160481123,0.060072815533980584,7,False,-0.0015308669261943828,False,False
咸阳秦都西咸数据中心1号楼J301电力电池机房|06#开关电源蓄电池组|第2组|第2组单体10电池电压|1-J301电池室放电电池数据表.xlsx|DC6|DC6,陕西省,咸阳,中国移动西咸数据中心,咸阳秦都西咸数据中心1号楼站点,咸阳秦都西咸数据中心1号楼J301电力电池机房,铅酸电池,06#开关电源蓄电池组,单体XX电压,第2组单体10电池电压,2025-07-09T00:14:34,2.19,V,1-J301电池室放电电池数据表.xlsx,DC6,2.19,第2组,DC6,10,9928.0,False,1.915,2.217,-0.9493882147388779,0,False,False,False,0.1859487292679352,1.1815667996833579,7,-0.14994472291226568,0.02311795832040378,0.7106851888766736,0.004779440407785718,1.0763127160481123,0.060072815533980584,7,False,0.9698724519217977,True,False
咸阳秦都西咸数据中心1号楼D203电力电池机房|7#开关电源蓄电池组|第2组|第2组单体17电池电压|1-D203电池室放电电池数据表.xlsx|DC7|DC7,陕西省,咸阳,中国移动西咸数据中心,咸阳秦都西咸数据中心1号楼站点,咸阳秦都西咸数据中心1号楼D203电力电池机房,铅酸电池,7#开关电源蓄电池组,单体XX电压,第2组单体17电池电压,2025-07-11T00:00:54,2.306,V,1-D203电池室放电电池数据表.xlsx,DC7,2.306,第2组,DC7,8,8018.0,False,2.034,2.307,-0.6345905321677074,0,False,False,False,0.18550000809851622,1.1349290135690946,-7,-0.832135129873135,0.5632538487599463,0.7995630754076184,-0.24426386266660632,1.0763127160481123,0.060072815533980584,7,False,0.7179294968457284,False,False
咸阳秦都西咸数据中心1号楼D203电力电池机房|4#开关电源蓄电池组|第2组|第2组单体21电池电压|1-D203电池室放电电池数据表.xlsx|DC4|DC4,陕西省,咸阳,中国移动西咸数据中心,咸阳秦都西咸数据中心1号楼站点,咸阳秦都西咸数据中心1号楼D203电力电池机房,铅酸电池,4#开关电源蓄电池组,单体XX电压,第2组单体21电池电压,2025-07-11T01:36:26,2.086,V,1-D203电池室放电电池数据表.xlsx,DC4,2.086,第2组,DC4,11,7148.0,False,2.02,2.25,-0.8659879801949233,0,False,False,False,0.18539176775099037,1.028520071914077,7,-0.8842013278310455,0.06059259052840896,0.7427114621555416,0.07850427996817638,1.0763127160481123,0.060072815533980584,7,False,-0.017275096114840162,False,False
咸阳秦都西咸数据中心1号楼D203电力电池机房|1#开关电源蓄电池组|第1组|第1组单体23电池电压|1-D203电池室放电电池数据表.xlsx|DC1|DC1,陕西省,咸阳,中国移动西咸数据中心,咸阳秦都西咸数据中心1号楼站点,咸阳秦都西咸数据中心1号楼D203电力电池机房,铅酸电池,1#开关电源蓄电池组,单体XX电压,第1组单体23电池电压,2025-07-11T00:03:08,2.05,V,1-D203电池室放电电池数据表.xlsx,DC1,2.05,第1组,DC1,9,1473.0,False,2.05,2.291,-0.6236021054641472,0,False,False,False,0.18513101719441402,1.5444261108774224,1,-1.1008749092591756,0.11283114335470082,-1.4201531162455558,-0.11872728327760548,1.0763127160481123,0.060072815533980584,7,False,0.9312538099676013,True,False
咸阳秦都西咸数据中心1号楼D303电力电池机房|2#开关电源蓄电池组|第1组|第1组单体18电池电压|1-D303电池室放电电池数据表.xlsx|DC2|DC2,陕西省,咸阳,中国移动西咸数据中心,咸阳秦都西咸数据中心1号楼站点,咸阳秦都西咸数据中心1号楼D303电力电池机房,铅酸电池,2#开关电源蓄电池组,单体XX电压,第1组单体18电池电压,2025-07-10T00:00:03,2.221,V,1-D303电池室放电电池数据表.xlsx,DC2,2.221,第1组,DC2,11,3314.0,False,1.934,2.221,-1.0036606304164661,0,False,False,False,0.18508373174731185,1.618687448567384,-1,-0.38704280332574303,0.14349002974017308,-1.2973801477903069,0.40035887367298517,1.0763127160481123,0.060072815533980584,7,False,0.9955652441873853,True,False
咸阳秦都西咸数据中心1号楼D303电力电池机房|3#开关电源蓄电池组|第1组|第1组单体22电池电压|1-D303电池室放电电池数据表.xlsx|DC3|DC3,陕西省,咸阳,中国移动西咸数据中心,咸阳秦都西咸数据中心1号楼站点,咸阳秦都西咸数据中心1号楼D303电力电池机房,铅酸电池,3#开关电源蓄电池组,单体XX电压,第1组单体22电池电压,2025-07-10T01:18:58,2.162,V,1-D303电池室放电电池数据表.xlsx,DC3,2.162,第1组,DC3,11,4784.0,False,1.921,2.22,-0.23975401867814414,0,False,False,False,0.1848853611889162,0.8306840900444602,7,-0.803925110704854,-0.06366707685234889,0.6840976612171572,0.4578881545147071,1.0763127160481123,0.060072815533980584,7,False,0.31478884689681397,False,False
咸阳秦都西咸数据中心1号楼J301电力电池机房|03#开关电源蓄电池组|第2组|第2组单体9电池电压|1-J301电池室放电电池数据表.xlsx|DC3|DC3,陕西省,咸阳,中国移动西咸数据中心,咸阳秦都西咸数据中心1号楼站点,咸阳秦都西咸数据中心1号楼J301电力电池机房,铅酸电池,03#开关电源蓄电池组,单体XX电压,第2组单体9电池电压,2025-07-09T00:31:21,1.93,V,1-J301电池室放电电池数据表.xlsx,DC3,1.93,第2组,DC3,6,1509.0,True,1.93,2.211,0.4124418163319729,0,False,False,False,0.18421077606640252,1.136635358334813,-7,-1.3719000050225212,-0.5510801043083666,0.35385561710674435,-0.30333853687337337,1.0763127160481123,0.060072815533980584,7,False,-0.8331930184295712,False,False
咸阳秦都西咸数据中心1号楼D301电力电池机房|2#开关电源蓄电池组|第2组|第2组单体21电池电压|1-D301电池室放电电池数据表.xlsx|DC2|DC2,陕西省,咸阳,中国移动西咸数据中心,咸阳秦都西咸数据中心1号楼站点,咸阳秦都西咸数据中心1号楼D301电力电池机房,铅酸电池,2#开关电源蓄电池组,单体XX电压,第2组单体21电池电压,2025-07-08T01:34:03,2.1,V,1-D301电池室放电电池数据表.xlsx,DC2,2.1,第2组,DC2,7,1301.0,False,2.049,2.251,-0.6549256232685372,0,False,False,False,0.1839212495334274,1.9860255343203284,0,-1.4379794430119006,0.06978236375415528,-1.7799279381092363,-0.16832383074440194,1.0763127160481123,0.060072815533980584,7,False,0.7889385824085248,False,False
咸阳秦都西咸数据中心1号楼D303电力电池机房|1#开关电源蓄电池组|第2组|第2组单体11电池电压|1-D303电池室放电电池数据表.xlsx|DC1|DC1,陕西省,咸阳,中国移动西咸数据中心,咸阳秦都西咸数据中心1号楼站点,咸阳秦都西咸数据中心1号楼D303电力电池机房,铅酸电池,1#开关电源蓄电池组,单体XX电压,第2组单体11电池电压,2025-07-10T00:28:48,2.182,V,1-D303电池室放电电池数据表.xlsx,DC1,2.182,第2组,DC1,9,1726.0,False,1.962,2.194,0.17707708533348782,0,False,False,False,0.1837009920426167,1.2524489035298998,7,-1.5576297740734018,-0.7510393979697919,0.3353846812690968,-0.29517660859313966,1.0763127160481123,0.060072815533980584,7,False,0.8792812004962299,False,False
咸阳秦都西咸数据中心1号楼D301电力电池机房|2#开关电源蓄电池组|第1组|第1组单体23电池电压|1-D301电池室放电电池数据表.xlsx|DC2|DC2,陕西省,咸阳,中国移动西咸数据中心,咸阳秦都西咸数据中心1号楼站点,咸阳秦都西咸数据中心1号楼D301电力电池机房,铅酸电池,2#开关电源蓄电池组,单体XX电压,第1组单体23电池电压,2025-07-08T01:54:51,2.098,V,1-D301电池室放电电池数据表.xlsx,DC2,2.098,第1组,DC2,7,1310.0,False,2.03,2.312,-0.4053402567232828,0,False,False,False,0.18343521971776133,1.8624493075238082,0,-0.8954332060523289,0.045939675877310515,-1.8346611078605144,-0.1670699659169148,1.0763127160481123,0.060072815533980584,7,False,0.6923393454461526,False,False
咸阳秦都西咸数据中心1号楼D201电力电池机房|4#开关电源蓄电池组|第1组|第1组单体24电池电压|1-D201电池室放电电池数据表.xlsx|DC4|DC4,陕西省,咸阳,中国移动西咸数据中心,咸阳秦都西咸数据中心1号楼站点,咸阳秦都西咸数据中心1号楼D201电力电池机房,铅酸电池,4#开关电源蓄电池组,单体XX电压,第1组单体24电池电压,2025-07-08T01:09:45,2.137,V,1-D201电池室放电电池数据表.xlsx,DC4,2.137,第1组,DC4,9,1300.0,False,1.953,2.287,0.14153418790960137,0,False,False,False,0.18330642344669418,1.1541677327024078,7,-0.5888529214846873,-0.9400865507970347,0.38912267653813454,0.5044565016861056,1.0763127160481123,0.060072815533980584,7,False,0.9796441437485223,True,False
咸阳秦都西咸数据中心1号楼J301电力电池机房|07#开关电源蓄电池组|第1组|第1组单体19电池电压|1-J301电池室放电电池数据表.xlsx|DC7|DC7,陕西省,咸阳,中国移动西咸数据中心,咸阳秦都西咸数据中心1号楼站点,咸阳秦都西咸数据中心1号楼J301电力电池机房,铅酸电池,07#开关电源蓄电池组,单体XX电压,第1组单体19电池电压,2025-07-09T00:15:41,2.283,V,1-J301电池室放电电池数据表.xlsx,DC7,2.283,第1组,DC7,6,5476.0,True,1.937,2.236,0.2275495079463566,0,False,False,False,0.18312091548063325,0.9490971471769767,-7,-1.2662255384270535,0.12423050976355896,0.5854322880629952,-0.17651032433492775,1.0763127160481123,0.060072815533980584,7,False,0.7201617440169866,False,False
咸阳秦都西咸数据中心1号楼J301电力电池机房|01#开关电源蓄电池组|第2组|第2组单体9电池电压|1-J301电池室放电电池数据表.xlsx|DC1|DC1,陕西省,咸阳,中国移动西咸数据中心,咸阳秦都西咸数据中心1号楼站点,咸阳秦都西咸数据中心1号楼J301电力电池机房,铅酸电池,01#开关电源蓄电池组,单体XX电压,第2组单体9电池电压,2025-07-09T00:05:44,1.995,V,1-J301电池室放电电池数据表.xlsx,DC1,1.995,第2组,DC1,11,3263.0,False,1.942,2.29,0.34243407462414815,0,False,False,False,0.1830862677554696,0.7763552192915518,-7,-0.8342441499946726,-0.015340182467137864,0.5361304330337294,-0.07012919118683669,1.0763127160481123,0.060072815533980584,7,False,0.9990115939135438,True,False
咸阳秦都西咸数据中心1号楼D303电力电池机房|2#开关电源蓄电池组|第1组|第1组单体4电池电压|1-D303电池室放电电池数据表.xlsx|DC2|DC2,陕西省,咸阳,中国移动西咸数据中心,咸阳秦都西咸数据中心1号楼站点,咸阳秦都西咸数据中心1号楼D303电力电池机房,铅酸电池,2#开关电源蓄电池组,单体XX电压,第1组单体4电池电压,2025-07-10T00:53:35,1.976,V,1-D303电池室放电电池数据表.xlsx,DC2,1.976,第1组,DC2,11,3296.0,False,1.917,2.219,0.030092353480993705,0,False,False,False,0.18308147897298416,0.7079668458061315,7,-0.9341799502292389,-0.33576667795278803,0.5299504059913861,0.17511048107183577,1.0763127160481123,0.060072815533980584,7,False,0.6422456759857695,False,False
咸阳秦都西咸数据中心1号楼J301电力电池机房|01#开关电源蓄电池组|第1组|第1组单体3电池电压|1-J301电池室放电电池数据表.xlsx|DC1|DC1,陕西省,咸阳,中国移动西咸数据中心,咸阳秦都西咸数据中心1号楼站点,咸阳秦都西咸数据中心1号楼J301电力电池机房,铅酸电池,01#开关电源蓄电池组,单体XX电压,第1组单体3电池电压,2025-07-09T00:05:48,1.907,V,1-J301电池室放电电池数据表.xlsx,DC1,1.907,第1组,DC1,11,3263.0,False,1.895,2.25,0.16328425540060326,0,False,False,False,0.18263021713278466,0.6662061603576397,-7,-0.5712332944853273,-0.16261429570899466,0.5279118423839586,0.03385735438365173,1.0763127160481123,0.060072815533980584,7,False,0.9740243421272694,True,False
咸阳秦都西咸数据中心1号楼D303电力电池机房|3#开关电源蓄电池组|第2组|第2组单体24电池电压|1-D303电池室放电电池数据表.xlsx|DC3|DC3,陕西省,咸阳,中国移动西咸数据中心,咸阳秦都西咸数据中心1号楼站点,咸阳秦都西咸数据中心1号楼D303电力电池机房,铅酸电池,3#开关电源蓄电池组,单体XX电压,第2组单体24电池电压,2025-07-10T01:18:53,2.085,V,1-D303电池室放电电池数据表.xlsx,DC3,2.085,第2组,DC3,10,4784.0,False,1.983,2.225,-1.0993097557640885,0,False,False,False,0.18239732502672307,1.3510199337316746,-2,-0.736881199041691,0.3244703432990347,-0.8854677023450548,0.3098034715806136,1.0763127160481123,0.060072815533980584,7,False,0.9320469818323277,True,False
咸阳秦都西咸数据中心1号楼J301电力电池机房|10#开关电源蓄电池组|第2组|第2组单体4电池电压|1-J301电池室放电电池数据表.xlsx|DC10|DC10,陕西省,咸阳,中国移动西咸数据中心,咸阳秦都西咸数据中心1号楼站点,咸阳秦都西咸数据中心1号楼J301电力电池机房,铅酸电池,10#开关电源蓄电池组,单体XX电压,第2组单体4电池电压,2025-07-09T02:45:03,1.985,V,1-J301电池室放电电池数据表.xlsx,DC10,1.985,第2组,DC10,9,802.0,False,1.983,2.26,0.051003866712456214,0,False,False,False,0.18219310718919743,0.9419408630187774,7,-1.0163923559869812,-0.8155029020999544,0.352459326982265,-0.08682281685237357,1.0763127160481123,0.060072815533980584,7,False,0.7932832767935196,False,False
咸阳秦都西咸数据中心1号楼D301电力电池机房|4#开关电源蓄电池组|第1组|第1组单体14电池电压|1-D301电池室放电电池数据表.xlsx|DC4|DC4,陕西省,咸阳,中国移动西咸数据中心,咸阳秦都西咸数据中心1号楼站点,咸阳秦都西咸数据中心1号楼D301电力电池机房,铅酸电池,4#开关电源蓄电池组,单体XX电压,第1组单体14电池电压,2025-07-08T02:16:38,2.322,V,1-D301电池室放电电池数据表.xlsx,DC4,2.322,第1组,DC4,7,1586.0,False,2.118,2.373,-0.6901393964933467,0,False,False,False,0.182135114451237,0.9364199498003986,7,-1.1061872612973445,-0.024321705330622473,0.6715920276167722,-0.10859761440046058,1.0763127160481123,0.060072815533980584,7,False,0.722479955047898,False,False
咸阳秦都西咸数据中心2号楼J301电力电池机房|01#开关电源蓄电池组|第2组|第2组单体2电池电压|2-J301电池室放电电池数据表.xlsx|DC1|DC1,陕西省,咸阳,中国移动西咸数据中心,咸阳秦都西咸数据中心2号楼站点,咸阳秦都西咸数据中心2号楼J301电力电池机房,铅酸电池,01#开关电源蓄电池组,单体XX电压,第2组单体2电池电压,2025-07-11T02:53:00,2.031,V,2-J301电池室放电电池数据表.xlsx,DC1,2.031,第2组,DC1,8,1304.0,False,1.971,2.288,0.05669142541429706,0,False,False,False,0.1820330940030302,1.0840612894237949,7,-0.6522674248206084,-0.9479040765250615,0.3807886979605424,0.3860884227239104,1.0763127160481123,0.060072815533980584,7,False,0.9201663167890195,True,False
咸阳秦都西咸数据中心1号楼D203电力电池机房|8#开关电源蓄电池组|第2组|第2组单体20电池电压|1-D203电池室放电电池数据表.xlsx|DC8|DC8,陕西省,咸阳,中国移动西咸数据中心,咸阳秦都西咸数据中心1号楼站点,咸阳秦都西咸数据中心1号楼D203电力电池机房,铅酸电池,8#开关电源蓄电池组,单体XX电压,第2组单体20电池电压,2025-07-11T00:00:53,2.269,V,1-D203电池室放电电池数据表.xlsx,DC8,2.269,第2组,DC8,9,9492.0,False,2.015,2.269,-1.2132652759767606,0,False,False,False,0.18145698640511826,1.5179732005565698,-2,-0.6548022207500925,0.7535412783364752,-0.7675877287491948,0.2149363122113703,1.0763127160481123,0.060072815533980584,7,False,0.9467008705988904,True,False
咸阳秦都西咸数据中心1号楼J301电力电池机房|14#开关电源蓄电池组|第2组|第2组单体14电池电压|1-J301电池室放电电池数据表.xlsx|DC14|DC14,陕西省,咸阳,中国移动西咸数据中心,咸阳秦都西咸数据中心1号楼站点,咸阳秦都西咸数据中心1号楼J301电力电池机房,铅酸电池,14#开关电源蓄电池组,单体XX电压,第2组单体14电池电压,2025-07-08T03:45:07,2.219,V,1-J301电池室放电电池数据表.xlsx,DC14,2.219,第2组,DC14,6,1247.0,False,2.066,2.238,-0.5542453140934123,0,False,False,False,0.1814508295615342,2.144814565584704,0,-1.8516498876208267,0.184652137517106,-1.7545499190720504,-0.20027909598376586,1.0763127160481123,0.060072815533980584,7,False,0.6153774251985425,False,False
咸阳秦都西咸数据中心1号楼D203电力电池机房|7#开关电源蓄电池组|第1组|第1组单体9电池电压|1-D203电池室放电电池数据表.xlsx|DC7|DC7,陕西省,咸阳,中国移动西咸数据中心,咸阳秦都西咸数据中心1号楼站点,咸阳秦都西咸数据中心1号楼D203电力电池机房,铅酸电池,7#开关电源蓄电池组,单体XX电压,第1组单体9电池电压,2025-07-11T02:00:01,2.055,V,1-D203电池室放电电池数据表.xlsx,DC7,2.055,第1组,DC7,9,8097.0,False,2.038,2.259,-1.1991387024859297,0,False,False,False,0.18111008207990045,1.7277206695808192,-1,-0.997734722164471,0.7107075012091553,-1.1065393612586325,0.3298981660248106,1.0763127160481123,0.060072815533980584,7,False,0.7919145533785179,False,False
咸阳秦都西咸数据中心2号楼J301电力电池机房|01#开关电源蓄电池组|第1组|第1组单体22电池电压|2-J301电池室放电电池数据表.xlsx|DC1|DC1,陕西省,咸阳,中国移动西咸数据中心,咸阳秦都西咸数据中心2号楼站点,咸阳秦都西咸数据中心2号楼J301电力电池机房,铅酸电池,01#开关电源蓄电池组,单体XX电压,第1组单体22电池电压,2025-07-11T02:53:00,2.055,V,2-J301电池室放电电池数据表.xlsx,DC1,2.055,第1组,DC1,9,1294.0,False,1.998,2.246,-0.2864909564451382,0,False,False,False,0.1808362454948545,0.8617539530120277,7,-1.0406915708466076,-0.6716641428621288,0.4663816362673795,0.08770688330371029,1.0763127160481123,0.060072815533980584,7,False,0.9029011067780345,False,False
咸阳秦都西咸数据中心1号楼J301电力电池机房|03#开关电源蓄电池组|第2组|第2组单体3电池电压|1-J301电池室放电电池数据表.xlsx|DC3|DC3,陕西省,咸阳,中国移动西咸数据中心,咸阳秦都西咸数据中心1号楼站点,咸阳秦都西咸数据中心1号楼J301电力电池机房,铅酸电池,03#开关电源蓄电池组,单体XX电压,第2组单体3电池电压,2025-07-09T00:46:50,2.085,V,1-J301电池室放电电池数据表.xlsx,DC3,2.085,第2组,DC3,8,3223.0,False,1.956,2.264,-0.8969766023395622,0,False,False,False,0.18053488243223587,1.159611603392332,7,-0.08776551044353476,-0.09255542350461522,0.6765927488229735,0.04842795530943747,1.0763127160481123,0.060072815533980584,7,False,0.12265193159029737,False,False
咸阳秦都西咸数据中心1号楼D303电力电池机房|7#开关电源蓄电池组|第1组|第1组单体7电池电压|1-D303电池室放电电池数据表.xlsx|DC7|DC7,陕西省,咸阳,中国移动西咸数据中心,咸阳秦都西咸数据中心1号楼站点,咸阳秦都西咸数据中心1号楼D303电力电池机房,铅酸电池,7#开关电源蓄电池组,单体XX电压,第1组单体7电池电压,2025-07-10T02:55:46,2.19,V,1-D303电池室放电电池数据表.xlsx,DC7,2.19,第1组,DC7,10,10515.0,False,2.067,2.328,-0.9195486147087437,0,False,False,False,0.18040755902388056,1.3813614896678952,-7,-0.7344506507169243,0.7003303618485981,0.9019424674844785,-0.06522762488866438,1.0763127160481123,0.060072815533980584,7,False,0.737613648893727,False,False
咸阳秦都西咸数据中心1号楼D301电力电池机房|1#开关电源蓄电池组|第1组|第1组单体17电池电压|1-D301电池室放电电池数据表.xlsx|DC1|DC1,陕西省,咸阳,中国移动西咸数据中心,咸阳秦都西咸数据中心1号楼站点,咸阳秦都西咸数据中心1号楼D301电力电池机房,铅酸电池,1#开关电源蓄电池组,单体XX电压,第1组单体17电池电压,2025-07-08T01:35:37,2.155,V,1-D301电池室放电电池数据表.xlsx,DC1,2.155,第1组,DC1,7,1384.0,False,2.037,2.239,-0.4248565793956294,0,False,False,False,0.18010745738124007,1.752410314538153,1,-1.6018417988896156,-0.05034745696726997,-1.4840024794918785,-0.15471084851084602,1.0763127160481123,0.060072815533980584,7,False,0.8297440137954214,False,False
咸阳秦都西咸数据中心1号楼D303电力电池机房|2#开关电源蓄电池组|第2组|第2组单体5电池电压|1-D303电池室放电电池数据表.xlsx|DC2|DC2,陕西省,咸阳,中国移动西咸数据中心,咸阳秦都西咸数据中心1号楼站点,咸阳秦都西咸数据中心1号楼D303电力电池机房,铅酸电池,2#开关电源蓄电池组,单体XX电压,第2组单体5电池电压,2025-07-10T00:00:03,2.33,V,1-D303电池室放电电池数据表.xlsx,DC2,2.33,第2组,DC2,10,3296.0,False,2.063,2.33,-0.6929903425289091,0,False,False,False,0.179945858127257,1.0694071751199115,-7,-0.7829539370065803,0.4077217242381931,0.7466347826256371,-0.3407886216327577,1.0763127160481123,0.060072815533980584,7,False,0.6008016317617524,False,False
咸阳秦都西咸数据中心1号楼D301电力电池机房|1#开关电源蓄电池组|第1组|第1组单体5电池电压|1-D301电池室放电电池数据表.xlsx|DC1|DC1,陕西省,咸阳,中国移动西咸数据中心,咸阳秦都西咸数据中心1号楼站点,咸阳秦都西咸数据中心1号楼D301电力电池机房,铅酸电池,1#开关电源蓄电池组,单体XX电压,第1组单体5电池电压,2025-07-08T01:15:04,2.078,V,1-D301电池室放电电池数据表.xlsx,DC1,2.078,第1组,DC1,7,1311.0,False,2.078,2.303,-0.6010328694549911,0,False,False,False,0.17988893574268805,1.900396738115117,0,-1.2938215647047322,0.1119410324775705,-1.7577151231501484,-0.035042036488234465,1.0763127160481123,0.060072815533980584,7,False,0.7883732372911664,False,False
咸阳秦都西咸数据中心1号楼D301电力电池机房|2#开关电源蓄电池组|第1组|第1组单体21电池电压|1-D301电池室放电电池数据表.xlsx|DC2|DC2,陕西省,咸阳,中国移动西咸数据中心,咸阳秦都西咸数据中心1号楼站点,咸阳秦都西咸数据中心1号楼D301电力电池机房,铅酸电池,2#开关电源蓄电池组,单体XX电压,第1组单体21电池电压,2025-07-08T01:55:00,2.176,V,1-D301电池室放电电池数据表.xlsx,DC2,2.176,第1组,DC2,6,1310.0,False,2.067,2.311,-0.5607137317799449,0,False,False,False,0.1798546837266745,1.8572500566441574,0,-1.1536954107557578,0.12253911799163994,-1.7611014670838916,-0.017076400907883746,1.0763127160481123,0.060072815533980584,7,False,0.5773498322224307,False,False
咸阳秦都西咸数据中心1号楼D203电力电池机房|8#开关电源蓄电池组|第2组|第2组单体10电池电压|1-D203电池室放电电池数据表.xlsx|DC8|DC8,陕西省,咸阳,中国移动西咸数据中心,咸阳秦都西咸数据中心1号楼站点,咸阳秦都西咸数据中心1号楼D203电力电池机房,铅酸电池,8#开关电源蓄电池组,单体XX电压,第2组单体10电池电压,2025-07-11T02:16:27,2.156,V,1-D203电池室放电电池数据表.xlsx,DC8,2.156,第2组,DC8,9,9506.0,False,2.045,2.242,-0.863638882041984,0,False,False,False,0.17973251859497963,1.7052686115103237,-1,-1.470099764418225,0.5984046095119122,-1.2125709055538971,0.06155580945487943,1.0763127160481123,0.060072815533980584,7,False,0.8882814454010699,False,False
咸阳秦都西咸数据中心1号楼D201电力电池机房|1#开关电源蓄电池组|第2组|第2组单体15电池电压|1-D201电池室放电电池数据表.xlsx|DC1|DC1,陕西省,咸阳,中国移动西咸数据中心,咸阳秦都西咸数据中心1号楼站点,咸阳秦都西咸数据中心1号楼D201电力电池机房,铅酸电池,1#开关电源蓄电池组,单体XX电压,第2组单体15电池电压,2025-07-08T00:06:40,1.953,V,1-D201电池室放电电池数据表.xlsx,DC1,1.953,第2组,DC1,6,1296.0,False,1.927,2.221,0.19824350412330266,0,False,False,False,0.17923049749984094,1.3558145176671679,7,-0.957264535690283,-1.168727582132332,0.3274981728585544,0.5027194581829494,1.0763127160481123,0.060072815533980584,7,False,0.9983759745992089,True,False
咸阳秦都西咸数据中心1号楼J301电力电池机房|11#开关电源蓄电池组|第2组|第2组单体7电池电压|1-J301电池室放电电池数据表.xlsx|DC11|DC11,陕西省,咸阳,中国移动西咸数据中心,咸阳秦都西咸数据中心1号楼站点,咸阳秦都西咸数据中心1号楼J301电力电池机房,铅酸电池,11#开关电源蓄电池组,单体XX电压,第2组单体7电池电压,2025-07-08T02:41:12,2.118,V,1-J301电池室放电电池数据表.xlsx,DC11,2.118,第2组,DC11,6,2328.0,False,2.034,2.22,0.105371187726983,0,False,False,False,0.17908458305165947,1.5545855085393043,7,-2.0430164112332365,-0.3272673262385294,0.44392538301981666,-0.5025652054948521,1.0763127160481123,0.060072815533980584,7,False,0.23548624529958448,False,False
咸阳秦都西咸数据中心1号楼D203电力电池机房|7#开关电源蓄电池组|第2组|第2组单体8电池电压|1-D203电池室放电电池数据表.xlsx|DC7|DC7,陕西省,咸阳,中国移动西咸数据中心,咸阳秦都西咸数据中心1号楼站点,咸阳秦都西咸数据中心1号楼D203电力电池机房,铅酸电池,7#开关电源蓄电池组,单体XX电压,第2组单体8电池电压,2025-07-11T02:14:32,2.31,V,1-D203电池室放电电池数据表.xlsx,DC7,2.31,第2组,DC7,7,8018.0,False,2.07,2.31,-1.0157963617050343,0,False,False,False,0.17906281075673475,1.6592637035374425,-1,-0.9766783982887677,0.7886183572134671,-1.1207830684814848,0.2601704306312149,1.0763127160481123,0.060072815533980584,7,False,0.8681609640765845,False,False
咸阳秦都西咸数据中心1号楼J301电力电池机房|01#开关电源蓄电池组|第2组|第2组单体4电池电压|1-J301电池室放电电池数据表.xlsx|DC1|DC1,陕西省,咸阳,中国移动西咸数据中心,咸阳秦都西咸数据中心1号楼站点,咸阳秦都西咸数据中心1号楼J301电力电池机房,铅酸电池,01#开关电源蓄电池组,单体XX电压,第2组单体4电池电压,2025-07-09T00:27:07,2.116,V,1-J301电池室放电电池数据表.xlsx,DC1,2.116,第2组,DC1,12,3263.0,False,1.861,2.307,0.5513530554904362,0,False,False,False,0.17902878083747875,1.098017744446436,-7,-0.06884904752652232,-0.14208549922298547,0.4750272196274591,0.07580444218764887,1.0763127160481123,0.060072815533980584,7,False,0.9989303120119267,True,False
咸阳秦都西咸数据中心1号楼D203电力电池机房|7#开关电源蓄电池组|第1组|第1组单体1电池电压|1-D203电池室放电电池数据表.xlsx|DC7|DC7,陕西省,咸阳,中国移动西咸数据中心,咸阳秦都西咸数据中心1号楼站点,咸阳秦都西咸数据中心1号楼D203电力电池机房,铅酸电池,7#开关电源蓄电池组,单体XX电压,第1组单体1电池电压,2025-07-11T01:53:46,2.256,V,1-D203电池室放电电池数据表.xlsx,DC7,2.256,第1组,DC7,8,8018.0,False,2.044,2.256,-0.6769651827664622,0,False,False,False,0.17896587801552458,1.1200202071533767,-7,-1.2725632679865468,0.26893009601649687,0.7398726150913821,-0.2135573027412312,1.0763127160481123,0.060072815533980584,7,False,0.666982096941416,False,False
咸阳秦都西咸数据中心1号楼J301电力电池机房|07#开关电源蓄电池组|第2组|第2组单体24电池电压|1-J301电池室放电电池数据表.xlsx|DC7|DC7,陕西省,咸阳,中国移动西咸数据中心,咸阳秦都西咸数据中心1号楼站点,咸阳秦都西咸数据中心1号楼J301电力电池机房,铅酸电池,07#开关电源蓄电池组,单体XX电压,第2组单体24电池电压,2025-07-09T01:28:44,2.02,V,1-J301电池室放电电池数据表.xlsx,DC7,2.02,第2组,DC7,10,9859.0,False,1.967,2.233,-0.7653544113284929,0,False,False,False,0.178920100655986,0.905369047616006,7,-0.6151756333110456,0.005140115652710914,0.6641896847098435,-0.18178959671492761,1.0763127160481123,0.060072815533980584,7,False,0.9793138503799499,True,False
咸阳秦都西咸数据中心1号楼J301电力电池机房|08#开关电源蓄电池组|第2组|第2组单体24电池电压|1-J301电池室放电电池数据表.xlsx|DC8|DC8,陕西省,咸阳,中国移动西咸数据中心,咸阳秦都西咸数据中心1号楼站点,咸阳秦都西咸数据中心1号楼J301电力电池机房,铅酸电池,08#开关电源蓄电池组,单体XX电压,第2组单体24电池电压,2025-07-09T02:12:25,2.027,V,1-J301电池室放电电池数据表.xlsx,DC8,2.027,第2组,DC8,10,9862.0,False,1.944,2.232,-0.7269176932939898,0,False,False,False,0.17888461902139285,0.9130938401679911,7,-0.4149805592347148,-0.029922836544565762,0.6365460870916895,-0.22567176201618244,1.0763127160481123,0.060072815533980584,7,False,0.7758497064515312,False,False
咸阳秦都西咸数据中心1号楼D203电力电池机房|8#开关电源蓄电池组|第1组|第1组单体8电池电压|1-D203电池室放电电池数据表.xlsx|DC8|DC8,陕西省,咸阳,中国移动西咸数据中心,咸阳秦都西咸数据中心1号楼站点,咸阳秦都西咸数据中心1号楼D203电力电池机房,铅酸电池,8#开关电源蓄电池组,单体XX电压,第1组单体8电池电压,2025-07-11T02:16:27,2.146,V,1-D203电池室放电电池数据表.xlsx,DC8,2.146,第1组,DC8,10,9501.0,False,2.019,2.279,-1.2260881982479628,0,False,False,False,0.1787703946544695,1.5510513085137625,-2,-0.5904861649838258,0.7945664175898164,-0.7462235861678514,0.2765093226455445,1.0763127160481123,0.060072815533980584,7,False,0.9773153964093659,True,False
咸阳秦都西咸数据中心1号楼D303电力电池机房|4#开关电源蓄电池组|第2组|第2组单体15电池电压|1-D303电池室放电电池数据表.xlsx|DC4|DC4,陕西省,咸阳,中国移动西咸数据中心,咸阳秦都西咸数据中心1号楼站点,咸阳秦都西咸数据中心1号楼D303电力电池机房,铅酸电池,4#开关电源蓄电池组,单体XX电压,第2组单体15电池电压,2025-07-10T00:00:02,2.349,V,1-D303电池室放电电池数据表.xlsx,DC4,2.349,第2组,DC4,8,6137.0,False,2.035,2.351,-1.1545073150491816,0,False,False,False,0.1785331857737847,1.671220260755192,-7,0.0373556477143111,0.628936396365837,0.9195474475618209,0.10941124834515581,1.0763127160481123,0.060072815533980584,7,False,0.8936027350980216,False,False
咸阳秦都西咸数据中心1号楼J301电力电池机房|09#开关电源蓄电池组|第2组|第2组单体11电池电压|1-J301电池室放电电池数据表.xlsx|DC9|DC9,陕西省,咸阳,中国移动西咸数据中心,咸阳秦都西咸数据中心1号楼站点,咸阳秦都西咸数据中心1号楼J301电力电池机房,铅酸电池,09#开关电源蓄电池组,单体XX电压,第2组单体11电池电压,2025-07-09T02:33:32,2.138,V,1-J301电池室放电电池数据表.xlsx,DC9,2.138,第2组,DC9,8,1247.0,False,2.005,2.207,0.4265855807650834,0,False,False,False,0.1782615223896629,1.7208792403343496,7,-2.086156387066321,-0.7806180519895068,0.3414311168610664,-0.0941261075153639,1.0763127160481123,0.060072815533980584,7,False,0.9974281647112077,True,False
咸阳秦都西咸数据中心1号楼D201电力电池机房|1#开关电源蓄电池组|第1组|第1组单体24电池电压|1-D201电池室放电电池数据表.xlsx|DC1|DC1,陕西省,咸阳,中国移动西咸数据中心,咸阳秦都西咸数据中心1号楼站点,咸阳秦都西咸数据中心1号楼D201电力电池机房,铅酸电池,1#开关电源蓄电池组,单体XX电压,第1组单体24电池电压,2025-07-08T00:28:12,2.171,V,1-D201电池室放电电池数据表.xlsx,DC1,2.171,第1组,DC1,7,1388.0,False,1.972,2.246,0.11758621290909138,0,False,False,False,0.17811916538363515,0.9836949784182122,7,-1.1127019038853436,-0.7927061134230918,0.34236185350299797,-0.1511049554724049,1.0763127160481123,0.060072815533980584,7,False,0.9754855753445661,True,False
咸阳秦都西咸数据中心1号楼D201电力电池机房|4#开关电源蓄电池组|第2组|第2组单体1电池电压|1-D201电池室放电电池数据表.xlsx|DC4|DC4,陕西省,咸阳,中国移动西咸数据中心,咸阳秦都西咸数据中心1号楼站点,咸阳秦都西咸数据中心1号楼D201电力电池机房,铅酸电池,4#开关电源蓄电池组,单体XX电压,第2组单体1电池电压,2025-07-08T00:48:28,2.004,V,1-D201电池室放电电池数据表.xlsx,DC4,2.004,第2组,DC4,8,1300.0,False,1.99,2.221,0.02484722101493181,0,False,False,False,0.17801371056230164,1.2855368889272647,7,-1.4567501149452702,-0.9001809796318758,0.41790064883445865,0.3670208521868277,1.0763127160481123,0.060072815533980584,7,False,0.9968745156614036,True,False
咸阳秦都西咸数据中心1号楼J301电力电池机房|01#开关电源蓄电池组|第2组|第2组单体13电池电压|1-J301电池室放电电池数据表.xlsx|DC1|DC1,陕西省,咸阳,中国移动西咸数据中心,咸阳秦都西咸数据中心1号楼站点,咸阳秦都西咸数据中心1号楼J301电力电池机房,铅酸电池,01#开关电源蓄电池组,单体XX电压,第2组单体13电池电压,2025-07-09T00:14:32,1.884,V,1-J301电池室放电电池数据表.xlsx,DC1,1.884,第2组,DC1,11,3263.0,False,1.881,2.228,0.3072698978558522,0,False,False,False,0.17759236155278024,0.7360978940565287,-7,-0.716426817067703,-0.31083942677293386,0.44594002899696233,-0.1231737765515768,1.0763127160481123,0.060072815533980584,7,False,0.999722581689206,True,False
咸阳秦都西咸数据中心1号楼D201电力电池机房|2#开关电源蓄电池组|第1组|第1组单体11电池电压|1-D201电池室放电电池数据表.xlsx|DC2|DC2,陕西省,咸阳,中国移动西咸数据中心,咸阳秦都西咸数据中心1号楼站点,咸阳秦都西咸数据中心1号楼D201电力电池机房,铅酸电池,2#开关电源蓄电池组,单体XX电压,第1组单体11电池电压,2025-07-08T00:27:54,2.251,V,1-D201电池室放电电池数据表.xlsx,DC2,2.251,第1组,DC2,7,1310.0,False,2.028,2.251,-0.02929115605718502,0,False,False,False,0.1775552030522406,1.2021683657882536,7,-1.5410868911254363,-0.6744021651127718,0.4805849677073597,0.3037780324617806,1.0763127160481123,0.060072815533980584,7,False,0.9738017552016645,True,False
咸阳秦都西咸数据中心1号楼D303电力电池机房|4#开关电源蓄电池组|第2组|第2组单体18电池电压|1-D303电池室放电电池数据表.xlsx|DC4|DC4,陕西省,咸阳,中国移动西咸数据中心,咸阳秦都西咸数据中心1号楼站点,咸阳秦都西咸数据中心1号楼D303电力电池机房,铅酸电池,4#开关电源蓄电池组,单体XX电压,第2组单体18电池电压,2025-07-10T01:42:11,2.134,V,1-D303电池室放电电池数据表.xlsx,DC4,2.134,第2组,DC4,8,6182.0,False,1.999,2.258,-0.8265000759316983,0,False,False,False,0.1773583207123999,1.0185275641273384,-7,-0.6894419729212078,0.16977423077646883,0.761624005192801,0.07202698292732204,1.0763127160481123,0.060072815533980584,7,False,0.9118973843425084,False,False
咸阳秦都西咸数据中心1号楼D201电力电池机房|2#开关电源蓄电池组|第2组|第2组单体1电池电压|1-D201电池室放电电池数据表.xlsx|DC2|DC2,陕西省,咸阳,中国移动西咸数据中心,咸阳秦都西咸数据中心1号楼站点,咸阳秦都西咸数据中心1号楼D201电力电池机房,铅酸电池,2#开关电源蓄电池组,单体XX电压,第2组单体1电池电压,2025-07-08T00:49:44,2.183,V,1-D201电池室放电电池数据表.xlsx,DC2,2.183,第2组,DC2,7,1314.0,False,2.003,2.203,0.13225485975973,0,False,False,False,0.177335181964077,1.4566089125848578,7,-1.8283274391877629,-0.8283757915117277,0.36733513908238646,-0.04699537201757353,1.0763127160481123,0.060072815533980584,7,False,0.9845557786644358,True,False
咸阳秦都西咸数据中心1号楼D203电力电池机房|1#开关电源蓄电池组|第2组|第2组单体12电池电压|1-D203电池室放电电池数据表.xlsx|DC1|DC1,陕西省,咸阳,中国移动西咸数据中心,咸阳秦都西咸数据中心1号楼站点,咸阳秦都西咸数据中心1号楼D203电力电池机房,铅酸电池,1#开关电源蓄电池组,单体XX电压,第2组单体12电池电压,2025-07-11T00:03:13,2.039,V,1-D203电池室放电电池数据表.xlsx,DC1,2.039,第2组,DC1,9,1425.0,False,2.039,2.303,-0.6912080376305823,0,False,False,False,0.17706977653814215,1.5039365532494442,-1,-0.8072806439817033,0.028005287184297317,-1.4178424569589847,0.03850084145513796,1.0763127160481123,0.060072815533980584,7,False,0.9235615296524434,True,False
咸阳秦都西咸数据中心1号楼J301电力电池机房|02#开关电源蓄电池组|第2组|第2组单体24电池电压|1-J301电池室放电电池数据表.xlsx|DC2|DC2,陕西省,咸阳,中国移动西咸数据中心,咸阳秦都西咸数据中心1号楼站点,咸阳秦都西咸数据中心1号楼J301电力电池机房,铅酸电池,02#开关电源蓄电池组,单体XX电压,第2组单体24电池电压,2025-07-09T00:28:37,2.17,V,1-J301电池室放电电池数据表.xlsx,DC2,2.17,第2组,DC2,7,1964.0,True,1.869,2.25,0.998192919257638,0,False,False,False,0.17681571336958413,2.111097224584978,-3,-1.8618504533349687,1.1116851825310203,-0.6079737080635388,-0.005241836745635331,1.0763127160481123,0.060072815533980584,7,False,0.8531511391112756,False,False
咸阳秦都西咸数据中心1号楼D303电力电池机房|7#开关电源蓄电池组|第2组|第2组单体15电池电压|1-D303电池室放电电池数据表.xlsx|DC7|DC7,陕西省,咸阳,中国移动西咸数据中心,咸阳秦都西咸数据中心1号楼站点,咸阳秦都西咸数据中心1号楼D303电力电池机房,铅酸电池,7#开关电源蓄电池组,单体XX电压,第2组单体15电池电压,2025-07-10T02:34:08,2.272,V,1-D303电池室放电电池数据表.xlsx,DC7,2.272,第2组,DC7,9,10611.0,False,2.029,2.272,-1.243349677155418,0,False,False,False,0.1763503893885784,1.5504200001810324,-2,-0.7324700690311008,0.7763982750791562,-0.7417093999861646,0.29719630862061674,1.0763127160481123,0.060072815533980584,7,False,0.9099302171501458,False,False
咸阳秦都西咸数据中心1号楼D303电力电池机房|1#开关电源蓄电池组|第2组|第2组单体13电池电压|1-D303电池室放电电池数据表.xlsx|DC1|DC1,陕西省,咸阳,中国移动西咸数据中心,咸阳秦都西咸数据中心1号楼站点,咸阳秦都西咸数据中心1号楼D303电力电池机房,铅酸电池,1#开关电源蓄电池组,单体XX电压,第2组单体13电池电压,2025-07-10T02:24:22,2.223,V,1-D303电池室放电电池数据表.xlsx,DC1,2.223,第2组,DC1,10,8660.0,False,1.958,2.223,-0.6016338599197042,0,False,False,False,0.17616626864804852,0.7694954332758658,7,-0.7489813633834561,-0.07391925194905385,0.6384829996421237,-0.09283433465099694,1.0763127160481123,0.060072815533980584,7,False,-0.35229273827352187,False,False
咸阳秦都西咸数据中心1号楼J301电力电池机房|02#开关电源蓄电池组|第1组|第1组单体8电池电压|1-J301电池室放电电池数据表.xlsx|DC2|DC2,陕西省,咸阳,中国移动西咸数据中心,咸阳秦都西咸数据中心1号楼站点,咸阳秦都西咸数据中心1号楼J301电力电池机房,铅酸电池,02#开关电源蓄电池组,单体XX电压,第1组单体8电池电压,2025-07-09T00:28:28,2.114,V,1-J301电池室放电电池数据表.xlsx,DC2,2.114,第1组,DC2,11,7270.0,False,1.855,2.272,-0.2649396852858612,0,False,False,False,0.175861356966991,2.669697051253742,-7,-3.173211405407307,0.44625031579797336,0.7461476996557148,-0.47557916639775255,1.0763127160481123,0.060072815533980584,7,False,-0.8807573837437846,False,False
咸阳秦都西咸数据中心1号楼D203电力电池机房|4#开关电源蓄电池组|第2组|第2组单体12电池电压|1-D203电池室放电电池数据表.xlsx|DC4|DC4,陕西省,咸阳,中国移动西咸数据中心,咸阳秦都西咸数据中心1号楼站点,咸阳秦都西咸数据中心1号楼D203电力电池机房,铅酸电池,4#开关电源蓄电池组,单体XX电压,第2组单体12电池电压,2025-07-11T01:16:00,2.145,V,1-D203电池室放电电池数据表.xlsx,DC4,2.145,第2组,DC4,10,7148.0,False,2.038,2.28,-1.0963346738983635,0,False,False,False,0.17567488689968846,1.2476019159618348,-3,-0.8030478584955728,0.66951449651525,-0.472380713580264,0.07160636624986491,1.0763127160481123,0.060072815533980584,7,False,0.7869963283575283,False,False
咸阳秦都西咸数据中心2号楼J301电力电池机房|01#开关电源蓄电池组|第2组|第2组单体23电池电压|2-J301电池室放电电池数据表.xlsx|DC1|DC1,陕西省,咸阳,中国移动西咸数据中心,咸阳秦都西咸数据中心2号楼站点,咸阳秦都西咸数据中心2号楼J301电力电池机房,铅酸电池,01#开关电源蓄电池组,单体XX电压,第2组单体23电池电压,2025-07-11T03:14:09,1.959,V,2-J301电池室放电电池数据表.xlsx,DC1,1.959,第2组,DC1,7,1294.0,False,1.959,2.217,-0.027120132897500204,0,False,False,False,0.1754420698081261,1.2452279037092142,7,-1.114790226598449,-1.0573824858917222,0.3813536292386711,0.43078836824662003,1.0763127160481123,0.060072815533980584,7,False,0.9202181215468044,True,False
咸阳秦都西咸数据中心1号楼J301电力电池机房|13#开关电源蓄电池组|第2组|第2组单体23电池电压|1-J301电池室放电电池数据表.xlsx|DC13|DC13,陕西省,咸阳,中国移动西咸数据中心,咸阳秦都西咸数据中心1号楼站点,咸阳秦都西咸数据中心1号楼J301电力电池机房,铅酸电池,13#开关电源蓄电池组,单体XX电压,第2组单体23电池电压,2025-07-08T03:20:44,2.002,V,1-J301电池室放电电池数据表.xlsx,DC13,2.002,第2组,DC13,9,1308.0,False,1.991,2.238,0.4084505313344066,0,False,False,False,0.17520145412803845,1.404958135045104,7,-1.5996796241551499,-0.8113657010187281,0.2760999812649836,-0.37512460232485967,1.0763127160481123,0.060072815533980584,7,False,0.9399939241655392,True,False
咸阳秦都西咸数据中心1号楼D303电力电池机房|2#开关电源蓄电池组|第1组|第1组单体24电池电压|1-D303电池室放电电池数据表.xlsx|DC2|DC2,陕西省,咸阳,中国移动西咸数据中心,咸阳秦都西咸数据中心1号楼站点,咸阳秦都西咸数据中心1号楼D303电力电池机房,铅酸电池,2#开关电源蓄电池组,单体XX电压,第1组单体24电池电压,2025-07-10T00:32:28,2.003,V,1-D303电池室放电电池数据表.xlsx,DC2,2.003,第1组,DC2,10,3296.0,False,1.953,2.233,-1.0294819388661565,0,False,False,False,0.17519085615214958,1.601979032854051,-1,-0.4350237662096828,0.22625701628108777,-1.2948585277926232,0.2428169251006909,1.0763127160481123,0.060072815533980584,7,False,0.9966286850247822,True,False
咸阳秦都西咸数据中心1号楼D203电力电池机房|8#开关电源蓄电池组|第2组|第2组单体12电池电压|1-D203电池室放电电池数据表.xlsx|DC8|DC8,陕西省,咸阳,中国移动西咸数据中心,咸阳秦都西咸数据中心1号楼站点,咸阳秦都西咸数据中心1号楼D203电力电池机房,铅酸电池,8#开关电源蓄电池组,单体XX电压,第2组单体12电池电压,2025-07-11T00:00:53,2.174,V,1-D203电池室放电电池数据表.xlsx,DC8,2.174,第2组,DC8,7,9506.0,False,2.045,2.227,-0.696560026677192,0,False,False,False,0.17511376595995726,1.763579146512492,-1,-1.7154082168885068,0.4186765415633784,-1.2776164701206312,0.06539230229129805,1.0763127160481123,0.060072815533980584,7,False,0.9157506977263579,False,False
咸阳秦都西咸数据中心1号楼D303电力电池机房|7#开关电源蓄电池组|第1组|第1组单体5电池电压|1-D303电池室放电电池数据表.xlsx|DC7|DC7,陕西省,咸阳,中国移动西咸数据中心,咸阳秦都西咸数据中心1号楼站点,咸阳秦都西咸数据中心1号楼D303电力电池机房,铅酸电池,7#开关电源蓄电池组,单体XX电压,第1组单体5电池电压,2025-07-10T02:55:46,2.168,V,1-D303电池室放电电池数据表.xlsx,DC7,2.168,第1组,DC7,9,10501.0,False,2.049,2.297,-0.8186833804545957,0,False,False,False,0.17488499282168832,1.2133647668430951,-7,-0.890355312182359,0.5272659551100469,0.8322349514959094,-0.14042254267323226,1.0763127160481123,0.060072815533980584,7,False,0.7306663900321276,False,False
咸阳秦都西咸数据中心1号楼D203电力电池机房|8#开关电源蓄电池组|第2组|第2组单体16电池电压|1-D203电池室放电电池数据表.xlsx|DC8|DC8,陕西省,咸阳,中国移动西咸数据中心,咸阳秦都西咸数据中心1号楼站点,咸阳秦都西咸数据中心1号楼D203电力电池机房,铅酸电池,8#开关电源蓄电池组,单体XX电压,第2组单体16电池电压,2025-07-11T02:37:55,2.099,V,1-D203电池室放电电池数据表.xlsx,DC8,2.099,第2组,DC8,9,9501.0,False,2.039,2.275,-1.1476119053095062,0,False,False,False,0.17479347077590207,1.5086721895845585,-2,-0.8970911854900998,0.8062472406817768,-0.7544239871691079,0.21647316623450671,1.0763127160481123,0.060072815533980584,7,False,0.947302945677177,True,False
咸阳秦都西咸数据中心1号楼D303电力电池机房|4#开关电源蓄电池组|第1组|第1组单体24电池电压|1-D303电池室放电电池数据表.xlsx|DC4|DC4,陕西省,咸阳,中国移动西咸数据中心,咸阳秦都西咸数据中心1号楼站点,咸阳秦都西咸数据中心1号楼D303电力电池机房,铅酸电池,4#开关电源蓄电池组,单体XX电压,第1组单体24电池电压,2025-07-10T01:20:47,2.08,V,1-D303电池室放电电池数据表.xlsx,DC4,2.08,第1组,DC4,8,6137.0,False,2.004,2.33,-0.9070556975677504,0,False,False,False,0.17455832119802145,1.4173381288914746,-7,-0.06391227579916525,0.5329447955712989,0.8600336674439262,0.09283162714997334,1.0763127160481123,0.060072815533980584,7,False,0.9932088031091915,True,False
咸阳秦都西咸数据中心1号楼D203电力电池机房|1#开关电源蓄电池组|第1组|第1组单体4电池电压|1-D203电池室放电电池数据表.xlsx|DC1|DC1,陕西省,咸阳,中国移动西咸数据中心,咸阳秦都西咸数据中心1号楼站点,咸阳秦都西咸数据中心1号楼D203电力电池机房,铅酸电池,1#开关电源蓄电池组,单体XX电压,第1组单体4电池电压,2025-07-11T00:02:51,2.055,V,1-D203电池室放电电池数据表.xlsx,DC1,2.055,第1组,DC1,6,1469.0,True,2.055,2.269,0.4617626843321881,0,False,False,False,0.17445684785589943,1.6834344207280227,7,-2.1221592085460514,-0.24265257174660673,0.43988797938132895,-0.3966758515467934,1.0763127160481123,0.060072815533980584,7,False,0.65377233809019,False,False
咸阳秦都西咸数据中心1号楼D303电力电池机房|7#开关电源蓄电池组|第2组|第2组单体24电池电压|1-D303电池室放电电池数据表.xlsx|DC7|DC7,陕西省,咸阳,中国移动西咸数据中心,咸阳秦都西咸数据中心1号楼站点,咸阳秦都西咸数据中心1号楼D303电力电池机房,铅酸电池,7#开关电源蓄电池组,单体XX电压,第2组单体24电池电压,2025-07-10T02:32:52,2.221,V,1-D303电池室放电电池数据表.xlsx,DC7,2.221,第2组,DC7,9,10515.0,False,2.071,2.304,-0.9884655031749876,0,False,False,False,0.174295105301505,1.805629893176893,-1,-1.5829604304713145,0.6595101827137791,-1.1409852272324206,0.2764687835579487,1.0763127160481123,0.060072815533980584,7,False,0.8053000179762396,False,False
咸阳秦都西咸数据中心1号楼D303电力电池机房|7#开关电源蓄电池组|第2组|第2组单体6电池电压|1-D303电池室放电电池数据表.xlsx|DC7|DC7,陕西省,咸阳,中国移动西咸数据中心,咸阳秦都西咸数据中心1号楼站点,咸阳秦都西咸数据中心1号楼D303电力电池机房,铅酸电池,7#开关电源蓄电池组,单体XX电压,第2组单体6电池电压,2025-07-10T02:56:34,2.229,V,1-D303电池室放电电池数据表.xlsx,DC7,2.229,第2组,DC7,7,10545.0,False,2.062,2.229,-0.7597050510867769,0,False,False,False,0.1742696382355502,1.813530975528999,-1,-1.7956623471752902,0.3590347867290462,-1.2606568652225085,0.20823038681614595,1.0763127160481123,0.060072815533980584,7,False,0.8240620692130229,False,False
咸阳秦都西咸数据中心1号楼D203电力电池机房|3#开关电源蓄电池组|第2组|第2组单体2电池电压|1-D203电池室放电电池数据表.xlsx|DC3|DC3,陕西省,咸阳,中国移动西咸数据中心,咸阳秦都西咸数据中心1号楼站点,咸阳秦都西咸数据中心1号楼D203电力电池机房,铅酸电池,3#开关电源蓄电池组,单体XX电压,第2组单体2电池电压,2025-07-11T02:00:03,2.26,V,1-D203电池室放电电池数据表.xlsx,DC3,2.26,第2组,DC3,10,7151.0,False,1.998,2.26,-0.7568971002751348,0,False,False,False,0.17418221215731866,0.9196047260101108,7,-0.67567887056004,0.03978331513583422,0.714653287288585,0.06654706720984138,1.0763127160481123,0.060072815533980584,7,False,0.941652367227921,True,False
咸阳秦都西咸数据中心1号楼D201电力电池机房|2#开关电源蓄电池组|第2组|第2组单体9电池电压|1-D201电池室放电电池数据表.xlsx|DC2|DC2,陕西省,咸阳,中国移动西咸数据中心,咸阳秦都西咸数据中心1号楼站点,咸阳秦都西咸数据中心1号楼D201电力电池机房,铅酸电池,2#开关电源蓄电池组,单体XX电压,第2组单体9电池电压,2025-07-08T00:28:03,2.217,V,1-D201电池室放电电池数据表.xlsx,DC2,2.217,第2组,DC2,7,1301.0,False,2.023,2.257,0.1605162586646378,0,False,False,False,0.17409746535456702,1.2181393526577768,7,-1.5954934235604976,-0.6479214747720458,0.43339120309623463,0.1117583962538142,1.0763127160481123,0.060072815533980584,7,False,0.9931561288471962,True,False
咸阳秦都西咸数据中心1号楼J301电力电池机房|07#开关电源蓄电池组|第2组|第2组单体4电池电压|1-J301电池室放电电池数据表.xlsx|DC7|DC7,陕西省,咸阳,中国移动西咸数据中心,咸阳秦都西咸数据中心1号楼站点,咸阳秦都西咸数据中心1号楼J301电力电池机房,铅酸电池,07#开关电源蓄电池组,单体XX电压,第2组单体4电池电压,2025-07-09T01:49:59,1.949,V,1-J301电池室放电电池数据表.xlsx,DC7,1.949,第2组,DC7,11,9859.0,False,1.898,2.215,-0.8900115662148649,0,False,False,False,0.17408585997091858,1.2135181221441729,7,0.03741306352646678,-0.15670055730689816,0.6454023829205855,-0.005664542896621008,1.0763127160481123,0.060072815533980584,7,False,0.9741308389881774,True,False
咸阳秦都西咸数据中心1号楼D203电力电池机房|8#开关电源蓄电池组|第2组|第2组单体6电池电压|1-D203电池室放电电池数据表.xlsx|DC8|DC8,陕西省,咸阳,中国移动西咸数据中心,咸阳秦都西咸数据中心1号楼站点,咸阳秦都西咸数据中心1号楼D203电力电池机房,铅酸电池,8#开关电源蓄电池组,单体XX电压,第2组单体6电池电压,2025-07-11T02:37:55,2.106,V,1-D203电池室放电电池数据表.xlsx,DC8,2.106,第2组,DC8,9,9506.0,False,2.055,2.272,-0.8324170236951733,0,False,False,False,0.17387543711308728,1.19224030540164,-7,-1.1249227758673257,0.3703666004375208,0.8090163925411725,-0.06358121078861771,1.0763127160481123,0.060072815533980584,7,False,0.5819443657162588,False,False
咸阳秦都西咸数据中心1号楼D301电力电池机房|2#开关电源蓄电池组|第2组|第2组单体14电池电压|1-D301电池室放电电池数据表.xlsx|DC2|DC2,陕西省,咸阳,中国移动西咸数据中心,咸阳秦都西咸数据中心1号楼站点,咸阳秦都西咸数据中心1号楼D301电力电池机房,铅酸电池,2#开关电源蓄电池组,单体XX电压,第2组单体14电池电压,2025-07-08T01:55:27,2.117,V,1-D301电池室放电电池数据表.xlsx,DC2,2.117,第2组,DC2,8,1354.0,False,1.998,2.277,-0.5313634454443027,0,False,False,False,0.17384624122371073,1.9075243176278398,0,-0.7686397311509974,-0.12630096605998875,-1.8705391584210633,-0.17098391627867343,1.0763127160481123,0.060072815533980584,7,False,0.7111166145542878,False,False
咸阳秦都西咸数据中心1号楼D203电力电池机房|1#开关电源蓄电池组|第2组|第2组单体14电池电压|1-D203电池室放电电池数据表.xlsx|DC1|DC1,陕西省,咸阳,中国移动西咸数据中心,咸阳秦都西咸数据中心1号楼站点,咸阳秦都西咸数据中心1号楼D203电力电池机房,铅酸电池,1#开关电源蓄电池组,单体XX电压,第2组单体14电池电压,2025-07-11T00:03:08,2.037,V,1-D203电池室放电电池数据表.xlsx,DC1,2.037,第2组,DC1,9,1425.0,False,2.037,2.303,-0.6353649360118185,0,False,False,False,0.17383268251791525,1.495197881942002,-1,-0.841183370175999,0.02393578935591381,-1.424299937489858,0.04542042061641596,1.0763127160481123,0.060072815533980584,7,False,0.922069421934247,True,False
咸阳秦都西咸数据中心1号楼J301电力电池机房|04#开关电源蓄电池组|第1组|第1组单体5电池电压|1-J301电池室放电电池数据表.xlsx|DC4|DC4,陕西省,咸阳,中国移动西咸数据中心,咸阳秦都西咸数据中心1号楼站点,咸阳秦都西咸数据中心1号楼J301电力电池机房,铅酸电池,04#开关电源蓄电池组,单体XX电压,第1组单体5电池电压,2025-07-09T00:48:53,1.962,V,1-J301电池室放电电池数据表.xlsx,DC4,1.962,第1组,DC4,7,8330.0,False,1.89,2.291,-0.15960623333274201,0,False,False,False,0.17380549747168048,2.621136630880782,-7,-3.0874668755499552,0.5766860772732281,0.7694704445241125,-0.4567538876525785,1.0763127160481123,0.060072815533980584,7,False,0.3102390018263727,False,False
咸阳秦都西咸数据中心1号楼J301电力电池机房|10#开关电源蓄电池组|第2组|第2组单体15电池电压|1-J301电池室放电电池数据表.xlsx|DC10|DC10,陕西省,咸阳,中国移动西咸数据中心,咸阳秦都西咸数据中心1号楼站点,咸阳秦都西咸数据中心1号楼J301电力电池机房,铅酸电池,10#开关电源蓄电池组,单体XX电压,第2组单体15电池电压,2025-07-09T02:47:14,2.026,V,1-J301电池室放电电池数据表.xlsx,DC10,2.026,第2组,DC10,7,802.0,False,1.992,2.254,0.07741669825879405,0,False,False,False,0.17365829496308105,1.0545186149953103,7,-1.2438866159445383,-0.7449135407685906,0.4322307952549358,0.26604231848285653,1.0763127160481123,0.060072815533980584,7,False,0.8669824113833446,False,False
咸阳秦都西咸数据中心1号楼D301电力电池机房|2#开关电源蓄电池组|第2组|第2组单体16电池电压|1-D301电池室放电电池数据表.xlsx|DC2|DC2,陕西省,咸阳,中国移动西咸数据中心,咸阳秦都西咸数据中心1号楼站点,咸阳秦都西咸数据中心1号楼D301电力电池机房,铅酸电池,2#开关电源蓄电池组,单体XX电压,第2组单体16电池电压,2025-07-08T01:33:28,2.312,V,1-D301电池室放电电池数据表.xlsx,DC2,2.312,第2组,DC2,7,1319.0,False,2.021,2.312,-0.35107361585208763,0,False,False,False,0.1735810912695903,1.874897075993167,0,-0.8369290633091908,-0.07302012755462227,-1.8651227187646322,-0.09438400666722825,1.0763127160481123,0.060072815533980584,7,False,0.8322870072564196,False,False
咸阳秦都西咸数据中心1号楼J301电力电池机房|10#开关电源蓄电池组|第2组|第2组单体7电池电压|1-J301电池室放电电池数据表.xlsx|DC10|DC10,陕西省,咸阳,中国移动西咸数据中心,咸阳秦都西咸数据中心1号楼站点,咸阳秦都西咸数据中心1号楼J301电力电池机房,铅酸电池,10#开关电源蓄电池组,单体XX电压,第2组单体7电池电压,2025-07-09T02:34:27,2.088,V,1-J301电池室放电电池数据表.xlsx,DC10,2.088,第2组,DC10,7,802.0,False,2.026,2.207,0.09459185206618898,0,False,False,False,0.17318806227175226,1.554983215668982,7,-2.002643586921726,-0.738990716232129,0.40898932532920806,-0.005651124064397925,1.0763127160481123,0.060072815533980584,7,False,0.8009327505430023,False,False
咸阳秦都西咸数据中心1号楼J301电力电池机房|07#开关电源蓄电池组|第2组|第2组单体13电池电压|1-J301电池室放电电池数据表.xlsx|DC7|DC7,陕西省,咸阳,中国移动西咸数据中心,咸阳秦都西咸数据中心1号楼站点,咸阳秦都西咸数据中心1号楼J301电力电池机房,铅酸电池,07#开关电源蓄电池组,单体XX电压,第2组单体13电池电压,2025-07-09T01:28:44,2.018,V,1-J301电池室放电电池数据表.xlsx,DC7,2.018,第2组,DC7,9,9859.0,False,1.965,2.3,-0.9638663172100053,0,False,False,False,0.17314455349935023,1.405600978282754,-7,0.14911435095157177,0.22589571327602345,0.7551547910545016,-0.032169669233449896,1.0763127160481123,0.060072815533980584,7,False,0.0010782050002354315,False,False
咸阳秦都西咸数据中心1号楼D201电力电池机房|1#开关电源蓄电池组|第1组|第1组单体5电池电压|1-D201电池室放电电池数据表.xlsx|DC1|DC1,陕西省,咸阳,中国移动西咸数据中心,咸阳秦都西咸数据中心1号楼站点,咸阳秦都西咸数据中心1号楼D201电力电池机房,铅酸电池,1#开关电源蓄电池组,单体XX电压,第1组单体5电池电压,2025-07-08T00:28:12,2.197,V,1-D201电池室放电电池数据表.xlsx,DC1,2.197,第1组,DC1,6,1336.0,False,2.007,2.207,0.14300949420891607,0,False,False,False,0.1728834121521029,1.445159716109551,7,-1.8381027030136916,-0.708973674030256,0.35106881255586087,-0.3477727157384025,1.0763127160481123,0.060072815533980584,7,False,0.9496214859576734,True,False
咸阳秦都西咸数据中心1号楼J301电力电池机房|13#开关电源蓄电池组|第2组|第2组单体13电池电压|1-J301电池室放电电池数据表.xlsx|DC13|DC13,陕西省,咸阳,中国移动西咸数据中心,咸阳秦都西咸数据中心1号楼站点,咸阳秦都西咸数据中心1号楼J301电力电池机房,铅酸电池,13#开关电源蓄电池组,单体XX电压,第2组单体13电池电压,2025-07-08T03:22:20,2.254,V,1-J301电池室放电电池数据表.xlsx,DC13,2.254,第2组,DC13,8,1308.0,False,1.995,2.254,0.30232679662510714,0,False,False,False,0.1728473157426547,1.253811984839626,7,-1.4723000040984182,-0.7555893612431857,0.4051132346068521,0.2611778334770135,1.0763127160481123,0.060072815533980584,7,False,0.9961292997026878,True,False
咸阳秦都西咸数据中心1号楼J301电力电池机房|07#开关电源蓄电池组|第1组|第1组单体3电池电压|1-J301电池室放电电池数据表.xlsx|DC7|DC7,陕西省,咸阳,中国移动西咸数据中心,咸阳秦都西咸数据中心1号楼站点,咸阳秦都西咸数据中心1号楼J301电力电池机房,铅酸电池,07#开关电源蓄电池组,单体XX电压,第1组单体3电池电压,2025-07-09T01:50:07,1.989,V,1-J301电池室放电电池数据表.xlsx,DC7,1.989,第1组,DC7,9,9859.0,False,1.945,2.244,-0.7605481133023531,0,False,False,False,0.1727377795378567,0.9678624489371255,7,-0.3178147160849217,0.0007463558209891974,0.6633930679193967,-0.12352981291894485,1.0763127160481123,0.060072815533980584,7,False,0.6177784028862425,False,False
咸阳秦都西咸数据中心1号楼D203电力电池机房|7#开关电源蓄电池组|第1组|第1组单体17电池电压|1-D203电池室放电电池数据表.xlsx|DC7|DC7,陕西省,咸阳,中国移动西咸数据中心,咸阳秦都西咸数据中心1号楼站点,咸阳秦都西咸数据中心1号楼D203电力电池机房,铅酸电池,7#开关电源蓄电池组,单体XX电压,第1组单体17电池电压,2025-07-11T01:54:08,2.104,V,1-D203电池室放电电池数据表.xlsx,DC7,2.104,第1组,DC7,8,8018.0,False,2.052,2.326,-0.7773113207505173,0,False,False,False,0.17243584187754932,1.2517057833579721,-7,-0.6798094406485565,0.6409251070165739,0.8514881642842004,-0.14828437679285528,1.0763127160481123,0.060072815533980584,7,False,0.7139212757620703,False,False
咸阳秦都西咸数据中心1号楼D201电力电池机房|2#开关电源蓄电池组|第2组|第2组单体6电池电压|1-D201电池室放电电池数据表.xlsx|DC2|DC2,陕西省,咸阳,中国移动西咸数据中心,咸阳秦都西咸数据中心1号楼站点,咸阳秦都西咸数据中心1号楼D201电力电池机房,铅酸电池,2#开关电源蓄电池组,单体XX电压,第2组单体6电池电压,2025-07-08T00:28:07,2.089,V,1-D201电池室放电电池数据表.xlsx,DC2,2.089,第2组,DC2,7,1310.0,False,1.988,2.184,-0.03679403183826346,0,False,False,False,0.1723523642624256,1.3456459270091434,7,-1.7178002297504167,-0.8223035400040279,0.3884745363905316,-0.04588631188692878,1.0763127160481123,0.060072815533980584,7,False,0.997493444154882,True,False
咸阳秦都西咸数据中心1号楼D303电力电池机房|3#开关电源蓄电池组|第2组|第2组单体7电池电压|1-D303电池室放电电池数据表.xlsx|DC3|DC3,陕西省,咸阳,中国移动西咸数据中心,咸阳秦都西咸数据中心1号楼站点,咸阳秦都西咸数据中心1号楼D303电力电池机房,铅酸电池,3#开关电源蓄电池组,单体XX电压,第2组单体7电池电压,2025-07-10T01:18:35,1.907,V,1-D303电池室放电电池数据表.xlsx,DC3,1.907,第2组,DC3,10,4736.0,False,1.896,2.187,0.3915543207054319,0,False,False,False,0.1722576664733364,1.0221283887823152,7,-1.290214768777437,-0.46019284003319094,0.40866260779825275,-0.12509839988730473,1.0763127160481123,0.060072815533980584,7,False,0.4767492225084806,False,False
咸阳秦都西咸数据中心1号楼D303电力电池机房|3#开关电源蓄电池组|第2组|第2组单体21电池电压|1-D303电池室放电电池数据表.xlsx|DC3|DC3,陕西省,咸阳,中国移动西咸数据中心,咸阳秦都西咸数据中心1号楼站点,咸阳秦都西咸数据中心1号楼D303电力电池机房,铅酸电池,3#开关电源蓄电池组,单体XX电压,第2组单体21电池电压,2025-07-10T00:00:47,2.226,V,1-D303电池室放电电池数据表.xlsx,DC3,2.226,第2组,DC3,9,4810.0,False,2.013,2.249,-0.9832739596722582,0,False,False,False,0.1721925388519328,1.5740773375065136,-1,-0.9492772680885546,0.47344143870463207,-1.2311390537188742,0.15624612346842368,1.0763127160481123,0.060072815533980584,7,False,0.8886698436190693,False,False
咸阳秦都西咸数据中心1号楼D303电力电池机房|4#开关电源蓄电池组|第1组|第1组单体23电池电压|1-D303电池室放电电池数据表.xlsx|DC4|DC4,陕西省,咸阳,中国移动西咸数据中心,咸阳秦都西咸数据中心1号楼站点,咸阳秦都西咸数据中心1号楼D303电力电池机房,铅酸电池,4#开关电源蓄电池组,单体XX电压,第1组单体23电池电压,2025-07-10T01:20:36,2.161,V,1-D303电池室放电电池数据表.xlsx,DC4,2.161,第1组,DC4,8,6182.0,False,1.978,2.22,-0.9239052622821997,0,False,False,False,0.1718998717988675,1.549807458669379,-1,-0.9149825431875814,0.23454328489548118,-1.2690257952952224,0.3912017430845992,1.0763127160481123,0.060072815533980584,7,False,0.5389309198011736,False,False
咸阳秦都西咸数据中心1号楼D201电力电池机房|2#开关电源蓄电池组|第1组|第1组单体7电池电压|1-D201电池室放电电池数据表.xlsx|DC2|DC2,陕西省,咸阳,中国移动西咸数据中心,咸阳秦都西咸数据中心1号楼站点,咸阳秦都西咸数据中心1号楼D201电力电池机房,铅酸电池,2#开关电源蓄电池组,单体XX电压,第1组单体7电池电压,2025-07-08T00:26:48,2.26,V,1-D201电池室放电电池数据表.xlsx,DC2,2.26,第1组,DC2,7,1376.0,False,2.014,2.26,-0.4500917187879866,0,False,False,False,0.17179069799887506,1.9509701465658496,0,-1.1603889040414543,-0.07115867441562783,-1.8670430249244196,-0.24663568095271027,1.0763127160481123,0.060072815533980584,7,False,0.5259457568305734,False,False
咸阳秦都西咸数据中心1号楼D203电力电池机房|7#开关电源蓄电池组|第1组|第1组单体10电池电压|1-D203电池室放电电池数据表.xlsx|DC7|DC7,陕西省,咸阳,中国移动西咸数据中心,咸阳秦都西咸数据中心1号楼站点,咸阳秦都西咸数据中心1号楼D203电力电池机房,铅酸电池,7#开关电源蓄电池组,单体XX电压,第1组单体10电池电压,2025-07-11T00:00:54,2.303,V,1-D203电池室放电电池数据表.xlsx,DC7,2.303,第1组,DC7,8,8018.0,False,2.026,2.303,-0.7116130002977412,0,False,False,False,0.17175735589702423,1.114827301727771,-7,-0.7004190361257785,0.49348363242762183,0.7881573706437721,-0.23380118979069736,1.0763127160481123,0.060072815533980584,7,False,0.6955023477670356,False,False
咸阳秦都西咸数据中心1号楼D301电力电池机房|4#开关电源蓄电池组|第2组|第2组单体20电池电压|1-D301电池室放电电池数据表.xlsx|DC4|DC4,陕西省,咸阳,中国移动西咸数据中心,咸阳秦都西咸数据中心1号楼站点,咸阳秦都西咸数据中心1号楼D301电力电池机房,铅酸电池,4#开关电源蓄电池组,单体XX电压,第2组单体20电池电压,2025-07-08T01:54:34,2.132,V,1-D301电池室放电电池数据表.xlsx,DC4,2.132,第2组,DC4,8,1314.0,False,2.024,2.244,0.2865864309909966,0,False,False,False,0.17163258335178072,1.4184777206467485,7,-1.8181866238852669,-0.6623628907417838,0.3850977797210178,-0.09736749743394255,1.0763127160481123,0.060072815533980584,7,False,0.323624839143702,False,False
咸阳秦都西咸数据中心1号楼D303电力电池机房|4#开关电源蓄电池组|第1组|第1组单体18电池电压|1-D303电池室放电电池数据表.xlsx|DC4|DC4,陕西省,咸阳,中国移动西咸数据中心,咸阳秦都西咸数据中心1号楼站点,咸阳秦都西咸数据中心1号楼D303电力电池机房,铅酸电池,4#开关电源蓄电池组,单体XX电压,第1组单体18电池电压,2025-07-10T01:20:36,2.355,V,1-D303电池室放电电池数据表.xlsx,DC4,2.355,第1组,DC4,8,6137.0,False,2.015,2.355,-1.0928291993533383,0,False,False,False,0.17156792503246684,1.7297933395899048,-7,0.20051681660850462,0.6448232677322081,0.9221005829047455,0.17639368635216304,1.0763127160481123,0.060072815533980584,7,False,0.9946408260707716,True,False
咸阳秦都西咸数据中心1号楼D303电力电池机房|3#开关电源蓄电池组|第1组|第1组单体2电池电压|1-D303电池室放电电池数据表.xlsx|DC3|DC3,陕西省,咸阳,中国移动西咸数据中心,咸阳秦都西咸数据中心1号楼站点,咸阳秦都西咸数据中心1号楼D303电力电池机房,铅酸电池,3#开关电源蓄电池组,单体XX电压,第1组单体2电池电压,2025-07-10T01:18:49,2.055,V,1-D303电池室放电电池数据表.xlsx,DC3,2.055,第1组,DC3,10,4784.0,False,1.919,2.189,0.21176371920033726,0,False,False,False,0.17118577463216025,0.9567904879280514,7,-1.3533836662258663,-0.33662684730720316,0.4631035493558828,-0.16096867349853294,1.0763127160481123,0.060072815533980584,7,False,0.4006011689242676,False,False
咸阳秦都西咸数据中心1号楼D303电力电池机房|7#开关电源蓄电池组|第2组|第2组单体22电池电压|1-D303电池室放电电池数据表.xlsx|DC7|DC7,陕西省,咸阳,中国移动西咸数据中心,咸阳秦都西咸数据中心1号楼站点,咸阳秦都西咸数据中心1号楼D303电力电池机房,铅酸电池,7#开关电源蓄电池组,单体XX电压,第2组单体22电池电压,2025-07-10T02:55:50,2.317,V,1-D303电池室放电电池数据表.xlsx,DC7,2.317,第2组,DC7,9,10515.0,False,2.084,2.317,-0.8043587501499625,0,False,False,False,0.17107945654332737,1.800445255488995,-1,-1.7382726130288186,0.49173360796467724,-1.220952780848007,0.19683195676685764,1.0763127160481123,0.060072815533980584,7,False,0.8278148895685681,False,False
咸阳秦都西咸数据中心1号楼D303电力电池机房|5#开关电源蓄电池组|第2组|第2组单体8电池电压|1-D303电池室放电电池数据表.xlsx|DC5|DC5,陕西省,咸阳,中国移动西咸数据中心,咸阳秦都西咸数据中心1号楼站点,咸阳秦都西咸数据中心1号楼D303电力电池机房,铅酸电池,5#开关电源蓄电池组,单体XX电压,第2组单体8电池电压,2025-07-10T02:06:56,2.074,V,1-D303电池室放电电池数据表.xlsx,DC5,2.074,第2组,DC5,6,7572.0,False,1.986,2.171,0.3087138967563285,0,False,False,False,0.17098793162381673,1.7604395230613954,7,-2.2482635863767957,-0.4658792727807355,0.4104905335544866,-0.3380123245623046,1.0763127160481123,0.060072815533980584,7,False,0.6107885469098231,False,False
咸阳秦都西咸数据中心1号楼J301电力电池机房|12#开关电源蓄电池组|第2组|第2组单体10电池电压|1-J301电池室放电电池数据表.xlsx|DC12|DC12,陕西省,咸阳,中国移动西咸数据中心,咸阳秦都西咸数据中心1号楼站点,咸阳秦都西咸数据中心1号楼J301电力电池机房,铅酸电池,12#开关电源蓄电池组,单体XX电压,第2组单体10电池电压,2025-07-08T03:01:08,2.194,V,1-J301电池室放电电池数据表.xlsx,DC12,2.194,第2组,DC12,6,1247.0,False,1.989,2.253,-0.08733695774951092,0,False,False,False,0.17088481223716956,1.0842186828796938,7,-1.0634355321207056,-0.8471891216803,0.44812080979011826,0.4384376699794903,1.0763127160481123,0.060072815533980584,7,False,0.9989626311022999,True,False
咸阳秦都西咸数据中心1号楼J301电力电池机房|07#开关电源蓄电池组|第2组|第2组单体6电池电压|1-J301电池室放电电池数据表.xlsx|DC7|DC7,陕西省,咸阳,中国移动西咸数据中心,咸阳秦都西咸数据中心1号楼站点,咸阳秦都西咸数据中心1号楼J301电力电池机房,铅酸电池,07#开关电源蓄电池组,单体XX电压,第2组单体6电池电压,2025-07-09T01:28:40,2.259,V,1-J301电池室放电电池数据表.xlsx,DC7,2.259,第2组,DC7,7,5476.0,True,1.987,2.234,0.1433534900097922,0,False,False,False,0.17077702825681892,1.242931405878051,-7,-1.6736392811273118,0.16960801938075312,0.6051173755980777,-0.2731530501731742,1.0763127160481123,0.060072815533980584,7,False,-0.08075532807426562,False,False
咸阳秦都西咸数据中心1号楼D303电力电池机房|3#开关电源蓄电池组|第2组|第2组单体18电池电压|1-D303电池室放电电池数据表.xlsx|DC3|DC3,陕西省,咸阳,中国移动西咸数据中心,咸阳秦都西咸数据中心1号楼站点,咸阳秦都西咸数据中心1号楼D303电力电池机房,铅酸电池,3#开关电源蓄电池组,单体XX电压,第2组单体18电池电压,2025-07-10T01:18:44,1.937,V,1-D303电池室放电电池数据表.xlsx,DC3,1.937,第2组,DC3,9,5119.0,False,1.92,2.211,0.26624628294224245,0,False,False,False,0.17072001760682087,0.899675840652194,7,-1.1672388106349514,-0.42801530683330247,0.4106558188682118,-0.24977166049322502,1.0763127160481123,0.060072815533980584,7,False,0.7520737640100245,False,False
咸阳秦都西咸数据中心1号楼D203电力电池机房|7#开关电源蓄电池组|第1组|第1组单体2电池电压|1-D203电池室放电电池数据表.xlsx|DC7|DC7,陕西省,咸阳,中国移动西咸数据中心,咸阳秦都西咸数据中心1号楼站点,咸阳秦都西咸数据中心1号楼D203电力电池机房,铅酸电池,7#开关电源蓄电池组,单体XX电压,第1组单体2电池电压,2025-07-11T02:14:28,2.055,V,1-D203电池室放电电池数据表.xlsx,DC7,2.055,第1组,DC7,8,8018.0,False,2.026,2.276,-1.0172257080140685,0,False,False,False,0.17055172716581668,1.21408966395024,-3,-0.8295369912141966,0.6982362172453372,-0.48360177707717056,0.012457675816463426,1.0763127160481123,0.060072815533980584,7,False,0.9898661808865074,True,False
咸阳秦都西咸数据中心1号楼J301电力电池机房|13#开关电源蓄电池组|第2组|第2组单体14电池电压|1-J301电池室放电电池数据表.xlsx|DC13|DC13,陕西省,咸阳,中国移动西咸数据中心,咸阳秦都西咸数据中心1号楼站点,咸阳秦都西咸数据中心1号楼J301电力电池机房,铅酸电池,13#开关电源蓄电池组,单体XX电压,第2组单体14电池电压,2025-07-08T03:21:10,2.21,V,1-J301电池室放电电池数据表.xlsx,DC13,2.21,第2组,DC13,7,1238.0,False,1.949,2.21,0.1587114019417329,0,False,False,False,0.17036389257899998,1.3399782908365083,7,-1.237464392685715,-1.1095041005507498,0.3368742837210419,0.37690632355812936,1.0763127160481123,0.060072815533980584,7,False,0.9954351668652363,True,False
咸阳秦都西咸数据中心1号楼J301电力电池机房|10#开关电源蓄电池组|第1组|第1组单体23电池电压|1-J301电池室放电电池数据表.xlsx|DC10|DC10,陕西省,咸阳,中国移动西咸数据中心,咸阳秦都西咸数据中心1号楼站点,咸阳秦都西咸数据中心1号楼J301电力电池机房,铅酸电池,10#开关电源蓄电池组,单体XX电压,第1组单体23电池电压,2025-07-09T02:47:14,2.023,V,1-J301电池室放电电池数据表.xlsx,DC10,2.023,第1组,DC10,8,802.0,False,1.971,2.241,0.33354477683081724,0,False,False,False,0.17026390197595553,1.2311319745019418,7,-1.3444897314135933,-0.8835390254494407,0.3360485354691787,0.10393138649920677,1.0763127160481123,0.060072815533980584,7,False,0.9431182677333448,True,False
咸阳秦都西咸数据中心1号楼J301电力电池机房|06#开关电源蓄电池组|第2组|第2组单体19电池电压|1-J301电池室放电电池数据表.xlsx|DC6|DC6,陕西省,咸阳,中国移动西咸数据中心,咸阳秦都西咸数据中心1号楼站点,咸阳秦都西咸数据中心1号楼J301电力电池机房,铅酸电池,06#开关电源蓄电池组,单体XX电压,第2组单体19电池电压,2025-07-09T03:00:02,2.213,V,1-J301电池室放电电池数据表.xlsx,DC6,2.213,第2组,DC6,10,9928.0,False,1.923,2.256,-0.9852784475588996,0,False,False,False,0.1691121523554179,1.3660809331843742,-7,0.09783146962528333,0.14478119738543985,0.7424084924461294,0.00340835172866244,1.0763127160481123,0.060072815533980584,7,False,0.174057551349179,False,False
咸阳秦都西咸数据中心1号楼J301电力电池机房|01#开关电源蓄电池组|第1组|第1组单体5电池电压|1-J301电池室放电电池数据表.xlsx|DC1|DC1,陕西省,咸阳,中国移动西咸数据中心,咸阳秦都西咸数据中心1号楼站点,咸阳秦都西咸数据中心1号楼J301电力电池机房,铅酸电池,01#开关电源蓄电池组,单体XX电压,第1组单体5电池电压,2025-07-09T00:14:32,1.915,V,1-J301电池室放电电池数据表.xlsx,DC1,1.915,第1组,DC1,10,3263.0,False,1.915,2.252,0.1195375201355407,0,False,False,False,0.1689380745368933,0.6415515131903837,-7,-0.7204320003837118,-0.10018149974274737,0.5524007325840377,0.015226848094102546,1.0763127160481123,0.060072815533980584,7,False,0.971013869265157,True,False
咸阳秦都西咸数据中心1号楼D203电力电池机房|6#开关电源蓄电池组|第2组|第2组单体2电池电压|1-D203电池室放电电池数据表.xlsx|DC6|DC6,陕西省,咸阳,中国移动西咸数据中心,咸阳秦都西咸数据中心1号楼站点,咸阳秦都西咸数据中心1号楼D203电力电池机房,铅酸电池,6#开关电源蓄电池组,单体XX电压,第2组单体2电池电压,2025-07-11T01:40:55,2.209,V,1-D203电池室放电电池数据表.xlsx,DC6,2.209,第2组,DC6,8,6830.0,False,1.981,2.232,-1.0666037711255145,0,False,False,False,0.16867246134908756,1.610065044667435,-1,-0.7705633027616074,0.576489511832097,-1.1902312018536039,0.19319746498694454,1.0763127160481123,0.060072815533980584,7,False,-0.5606755964576629,False,False
咸阳秦都西咸数据中心1号楼D201电力电池机房|2#开关电源蓄电池组|第1组|第1组单体8电池电压|1-D201电池室放电电池数据表.xlsx|DC2|DC2,陕西省,咸阳,中国移动西咸数据中心,咸阳秦都西咸数据中心1号楼站点,咸阳秦都西咸数据中心1号楼D201电力电池机房,铅酸电池,2#开关电源蓄电池组,单体XX电压,第1组单体8电池电压,2025-07-08T00:49:22,2.072,V,1-D201电池室放电电池数据表.xlsx,DC2,2.072,第1组,DC2,8,1310.0,False,2.008,2.257,-0.04530231595791251,0,False,False,False,0.1686463941278762,0.9487952839569428,7,-1.2467650439037177,-0.6720820313784498,0.43210114313623993,0.037931684889201844,1.0763127160481123,0.060072815533980584,7,False,0.9974742300652514,True,False
咸阳秦都西咸数据中心1号楼J301电力电池机房|08#开关电源蓄电池组|第2组|第2组单体13电池电压|1-J301电池室放电电池数据表.xlsx|DC8|DC8,陕西省,咸阳,中国移动西咸数据中心,咸阳秦都西咸数据中心1号楼站点,咸阳秦都西咸数据中心1号楼J301电力电池机房,铅酸电池,08#开关电源蓄电池组,单体XX电压,第2组单体13电池电压,2025-07-09T02:00:25,1.977,V,1-J301电池室放电电池数据表.xlsx,DC8,1.977,第2组,DC8,11,9862.0,False,1.914,2.25,-1.0374708245303226,0,False,False,False,0.16809451179143647,1.4363891208627801,7,0.17855868590555668,0.016054467849731996,0.7340993783331075,0.14682643218139682,1.0763127160481123,0.060072815533980584,7,False,0.8698437509531975,False,False
咸阳秦都西咸数据中心1号楼D201电力电池机房|4#开关电源蓄电池组|第2组|第2组单体24电池电压|1-D201电池室放电电池数据表.xlsx|DC4|DC4,陕西省,咸阳,中国移动西咸数据中心,咸阳秦都西咸数据中心1号楼站点,咸阳秦都西咸数据中心1号楼D201电力电池机房,铅酸电池,4#开关电源蓄电池组,单体XX电压,第2组单体24电池电压,2025-07-08T00:48:46,1.975,V,1-D201电池室放电电池数据表.xlsx,DC4,1.975,第2组,DC4,8,1304.0,False,1.975,2.23,-0.052440319304687316,0,False,False,False,0.16809068188040527,1.00913889837445,7,-1.1493659500033333,-0.8386243143947479,0.39530867640169814,0.1106027510637155,1.0763127160481123,0.060072815533980584,7,False,0.9528945233758725,True,False
咸阳秦都西咸数据中心1号楼J301电力电池机房|11#开关电源蓄电池组|第1组|第1组单体4电池电压|1-J301电池室放电电池数据表.xlsx|DC11|DC11,陕西省,咸阳,中国移动西咸数据中心,咸阳秦都西咸数据中心1号楼站点,咸阳秦都西咸数据中心1号楼J301电力电池机房,铅酸电池,11#开关电源蓄电池组,单体XX电压,第1组单体4电池电压,2025-07-08T02:19:59,2.071,V,1-J301电池室放电电池数据表.xlsx,DC11,2.071,第1组,DC11,7,1325.0,False,2.02,2.237,0.25227652425788577,0,False,False,False,0.16805522060680153,1.3959390105754719,7,-1.8269081811386099,-0.5715976329021,0.3935091667835496,-0.23249916549685445,1.0763127160481123,0.060072815533980584,7,False,0.8968229370991752,False,False
咸阳秦都西咸数据中心1号楼J301电力电池机房|03#开关电源蓄电池组|第1组|第1组单体24电池电压|1-J301电池室放电电池数据表.xlsx|DC3|DC3,陕西省,咸阳,中国移动西咸数据中心,咸阳秦都西咸数据中心1号楼站点,咸阳秦都西咸数据中心1号楼J301电力电池机房,铅酸电池,03#开关电源蓄电池组,单体XX电压,第1组单体24电池电压,2025-07-09T00:46:54,2.226,V,1-J301电池室放电电池数据表.xlsx,DC3,2.226,第1组,DC3,7,1940.0,False,1.943,2.226,0.25526939807419285,0,False,False,False,0.16799421626306485,0.9215704354197468,7,-1.2614941590987823,-0.39440997860328186,0.44790715967066763,-0.10309263078095797,1.0763127160481123,0.060072815533980584,7,False,0.9339781065076505,True,False
咸阳秦都西咸数据中心1号楼J301电力电池机房|01#开关电源蓄电池组|第2组|第2组单体23电池电压|1-J301电池室放电电池数据表.xlsx|DC1|DC1,陕西省,咸阳,中国移动西咸数据中心,咸阳秦都西咸数据中心1号楼站点,咸阳秦都西咸数据中心1号楼J301电力电池机房,铅酸电池,01#开关电源蓄电池组,单体XX电压,第2组单体23电池电压,2025-07-09T00:30:12,2.24,V,1-J301电池室放电电池数据表.xlsx,DC1,2.24,第2组,DC1,12,3267.0,False,1.9,2.246,0.12176242357614908,0,False,False,False,0.1676719349733873,0.6558300251519803,-7,-0.6193558875188394,-0.1690326956820775,0.5428784604063867,0.09523758930305423,1.0763127160481123,0.060072815533980584,7,False,0.9980947646793858,True,False
咸阳秦都西咸数据中心1号楼D203电力电池机房|1#开关电源蓄电池组|第2组|第2组单体17电池电压|1-D203电池室放电电池数据表.xlsx|DC1|DC1,陕西省,咸阳,中国移动西咸数据中心,咸阳秦都西咸数据中心1号楼站点,咸阳秦都西咸数据中心1号楼D203电力电池机房,铅酸电池,1#开关电源蓄电池组,单体XX电压,第2组单体17电池电压,2025-07-11T00:02:51,2.053,V,1-D203电池室放电电池数据表.xlsx,DC1,2.053,第2组,DC1,8,1473.0,False,2.053,2.227,0.24811512086912274,0,False,False,False,0.16757174827347388,1.749198910568571,7,-2.2499889243214577,-0.45907428142010276,0.41768477769061074,-0.3552000068311667,1.0763127160481123,0.060072815533980584,7,False,0.5753977866507829,False,False
咸阳秦都西咸数据中心1号楼D201电力电池机房|4#开关电源蓄电池组|第2组|第2组单体16电池电压|1-D201电池室放电电池数据表.xlsx|DC4|DC4,陕西省,咸阳,中国移动西咸数据中心,咸阳秦都西咸数据中心1号楼站点,咸阳秦都西咸数据中心1号楼D201电力电池机房,铅酸电池,4#开关电源蓄电池组,单体XX电压,第2组单体16电池电压,2025-07-08T00:48:23,2.071,V,1-D201电池室放电电池数据表.xlsx,DC4,2.071,第2组,DC4,7,1304.0,False,2.019,2.235,-0.1815175058748438,0,False,False,False,0.16747153737245424,1.0452047318107065,7,-1.4493974557620102,-0.6115094030507611,0.4600347685250741,-0.0410739710956491,1.0763127160481123,0.060072815533980584,7,False,0.9362343096019204,True,False
咸阳秦都西咸数据中心1号楼D203电力电池机房|1#开关电源蓄电池组|第2组|第2组单体16电池电压|1-D203电池室放电电池数据表.xlsx|DC1|DC1,陕西省,咸阳,中国移动西咸数据中心,咸阳秦都西咸数据中心1号楼站点,咸阳秦都西咸数据中心1号楼D203电力电池机房,铅酸电池,1#开关电源蓄电池组,单体XX电压,第2组单体16电池电压,2025-07-11T00:02:55,2.059,V,1-D203电池室放电电池数据表.xlsx,DC1,2.059,第2组,DC1,9,1469.0,False,2.059,2.285,-0.5583506812804826,0,False,False,False,0.1673884570972931,1.622811507220828,1,-1.3099606523703347,0.20881629809760374,-1.4188967172356146,-0.2605232216231558,1.0763127160481123,0.060072815533980584,7,False,0.9827554361703325,True,False
咸阳秦都西咸数据中心1号楼J301电力电池机房|04#开关电源蓄电池组|第2组|第2组单体10电池电压|1-J301电池室放电电池数据表.xlsx|DC4|DC4,陕西省,咸阳,中国移动西咸数据中心,咸阳秦都西咸数据中心1号楼站点,咸阳秦都西咸数据中心1号楼J301电力电池机房,铅酸电池,04#开关电源蓄电池组,单体XX电压,第2组单体10电池电压,2025-07-09T00:47:37,2.26,V,1-J301电池室放电电池数据表.xlsx,DC4,2.26,第2组,DC4,8,5671.0,False,1.8,2.286,-0.11996509033024663,0,False,False,False,0.1672362080903224,2.579342425408905,-7,-3.0516550449245434,0.5543050092263615,0.7583448378893021,-0.4480602118825623,1.0763127160481123,0.060072815533980584,7,False,0.9111355145156853,False,False
咸阳秦都西咸数据中心1号楼D301电力电池机房|1#开关电源蓄电池组|第1组|第1组单体22电池电压|1-D301电池室放电电池数据表.xlsx|DC1|DC1,陕西省,咸阳,中国移动西咸数据中心,咸阳秦都西咸数据中心1号楼站点,咸阳秦都西咸数据中心1号楼D301电力电池机房,铅酸电池,1#开关电源蓄电池组,单体XX电压,第1组单体22电池电压,2025-07-08T01:13:19,2.252,V,1-D301电池室放电电池数据表.xlsx,DC1,2.252,第1组,DC1,6,1303.0,False,2.067,2.257,-0.6726249666362801,0,False,False,False,0.16719670082966986,2.0118304126223947,0,-1.5589213874578727,0.10010941808791099,-1.7536741923643056,-0.09409400775884559,1.0763127160481123,0.060072815533980584,7,False,0.8755685446962166,False,False
咸阳秦都西咸数据中心1号楼D303电力电池机房|1#开关电源蓄电池组|第2组|第2组单体16电池电压|1-D303电池室放电电池数据表.xlsx|DC1|DC1,陕西省,咸阳,中国移动西咸数据中心,咸阳秦都西咸数据中心1号楼站点,咸阳秦都西咸数据中心1号楼D303电力电池机房,铅酸电池,1#开关电源蓄电池组,单体XX电压,第2组单体16电池电压,2025-07-10T00:29:19,2.21,V,1-D303电池室放电电池数据表.xlsx,DC1,2.21,第2组,DC1,10,1757.0,False,1.989,2.258,-0.6241414438938747,0,False,False,False,0.16677357751669608,1.5109893671798593,1,-0.8071228620344841,-0.01549594300894655,-1.4486882387755315,-0.02184831143648827,1.0763127160481123,0.060072815533980584,7,False,0.9770785394302957,True,False
咸阳秦都西咸数据中心1号楼J301电力电池机房|10#开关电源蓄电池组|第2组|第2组单体6电池电压|1-J301电池室放电电池数据表.xlsx|DC10|DC10,陕西省,咸阳,中国移动西咸数据中心,咸阳秦都西咸数据中心1号楼站点,咸阳秦都西咸数据中心1号楼J301电力电池机房,铅酸电池,10#开关电源蓄电池组,单体XX电压,第2组单体6电池电压,2025-07-09T02:47:31,2.141,V,1-J301电池室放电电池数据表.xlsx,DC10,2.141,第2组,DC10,7,802.0,False,2.006,2.279,-0.5242609289283195,0,False,False,False,0.1666000757616256,1.8982561161060445,0,-0.825268110482782,-0.17397459431583207,-1.8643309470378324,-0.053852193820406694,1.0763127160481123,0.060072815533980584,7,False,0.46634067639259985,False,False
咸阳秦都西咸数据中心2号楼J301电力电池机房|01#开关电源蓄电池组|第2组|第2组单体22电池电压|2-J301电池室放电电池数据表.xlsx|DC1|DC1,陕西省,咸阳,中国移动西咸数据中心,咸阳秦都西咸数据中心2号楼站点,咸阳秦都西咸数据中心2号楼J301电力电池机房,铅酸电池,01#开关电源蓄电池组,单体XX电压,第2组单体22电池电压,2025-07-11T03:00:03,1.997,V,2-J301电池室放电电池数据表.xlsx,DC1,1.997,第2组,DC1,7,1294.0,False,1.978,2.221,0.04906673717742921,0,False,False,False,0.16659133095711576,1.257350198578689,7,-1.3589062011945159,-0.9283839146322943,0.40716005684509077,0.3863590130589607,1.0763127160481123,0.060072815533980584,7,False,0.9226656956208189,True,False
咸阳秦都西咸数据中心1号楼D303电力电池机房|2#开关电源蓄电池组|第1组|第1组单体20电池电压|1-D303电池室放电电池数据表.xlsx|DC2|DC2,陕西省,咸阳,中国移动西咸数据中心,咸阳秦都西咸数据中心1号楼站点,咸阳秦都西咸数据中心1号楼D303电力电池机房,铅酸电池,2#开关电源蓄电池组,单体XX电压,第1组单体20电池电压,2025-07-10T00:32:02,2.213,V,1-D303电池室放电电池数据表.xlsx,DC2,2.213,第1组,DC2,10,3314.0,False,1.92,2.214,-1.0826176955442788,0,False,False,False,0.16643263369424746,1.6976687902845897,-1,-0.23414387454510122,0.0823701879369105,-1.3095359175783101,0.3932612721198351,1.0763127160481123,0.060072815533980584,7,False,0.9961957821199403,True,False
咸阳秦都西咸数据中心1号楼D203电力电池机房|7#开关电源蓄电池组|第2组|第2组单体23电池电压|1-D203电池室放电电池数据表.xlsx|DC7|DC7,陕西省,咸阳,中国移动西咸数据中心,咸阳秦都西咸数据中心1号楼站点,咸阳秦都西咸数据中心1号楼D203电力电池机房,铅酸电池,7#开关电源蓄电池组,单体XX电压,第2组单体23电池电压,2025-07-11T02:14:28,2.064,V,1-D203电池室放电电池数据表.xlsx,DC7,2.064,第2组,DC7,8,8018.0,False,2.034,2.25,-1.0520028150203282,0,False,False,False,0.16599063172704664,1.6939199218257335,-1,-1.1763279449105521,0.7134394787715033,-1.1570844173712602,0.10192080406782886,1.0763127160481123,0.060072815533980584,7,False,0.8901499125957418,False,False
咸阳秦都西咸数据中心1号楼D303电力电池机房|3#开关电源蓄电池组|第1组|第1组单体16电池电压|1-D303电池室放电电池数据表.xlsx|DC3|DC3,陕西省,咸阳,中国移动西咸数据中心,咸阳秦都西咸数据中心1号楼站点,咸阳秦都西咸数据中心1号楼D303电力电池机房,铅酸电池,3#开关电源蓄电池组,单体XX电压,第1组单体16电池电压,2025-07-10T01:18:58,2.022,V,1-D303电池室放电电池数据表.xlsx,DC3,2.022,第1组,DC3,11,4797.0,False,1.786,2.073,-0.013423930707781029,0,False,False,False,0.16577867237176494,1.1499456563902102,7,-0.902210838824315,-0.9186021201696473,0.4318985562611163,0.5505395644159,1.0763127160481123,0.060072815533980584,7,False,0.314309870963216,False,False
咸阳秦都西咸数据中心1号楼D203电力电池机房|1#开关电源蓄电池组|第1组|第1组单体8电池电压|1-D203电池室放电电池数据表.xlsx|DC1|DC1,陕西省,咸阳,中国移动西咸数据中心,咸阳秦都西咸数据中心1号楼站点,咸阳秦都西咸数据中心1号楼D203电力电池机房,铅酸电池,1#开关电源蓄电池组,单体XX电压,第1组单体8电池电压,2025-07-11T00:03:08,2.044,V,1-D203电池室放电电池数据表.xlsx,DC1,2.044,第1组,DC1,8,1469.0,False,2.044,2.256,0.42508992530978734,0,False,False,False,0.1656675056169448,1.638070375741365,7,-2.0770392435333553,-0.3709009723641358,0.4119423184691541,-0.36900870294180477,1.0763127160481123,0.060072815533980584,7,False,0.5242018661617039,False,False
咸阳秦都西咸数据中心1号楼D201电力电池机房|2#开关电源蓄电池组|第2组|第2组单体4电池电压|1-D201电池室放电电池数据表.xlsx|DC2|DC2,陕西省,咸阳,中国移动西咸数据中心,咸阳秦都西咸数据中心1号楼站点,咸阳秦都西咸数据中心1号楼D201电力电池机房,铅酸电池,2#开关电源蓄电池组,单体XX电压,第2组单体4电池电压,2025-07-08T00:49:22,2.042,V,1-D201电池室放电电池数据表.xlsx,DC2,2.042,第2组,DC2,8,1301.0,False,1.966,2.221,-0.030390765099847616,0,False,False,False,0.16550874472670962,1.045831072452883,7,-1.1570988949863625,-0.8878354287412594,0.37573439823300153,0.0916796077505942,1.0763127160481123,0.060072815533980584,7,False,0.9990775848623369,True,False
咸阳秦都西咸数据中心1号楼D303电力电池机房|6#开关电源蓄电池组|第2组|第2组单体24电池电压|1-D303电池室放电电池数据表.xlsx|DC6|DC6,陕西省,咸阳,中国移动西咸数据中心,咸阳秦都西咸数据中心1号楼站点,咸阳秦都西咸数据中心1号楼D303电力电池机房,铅酸电池,6#开关电源蓄电池组,单体XX电压,第2组单体24电池电压,2025-07-10T02:30:37,2.022,V,1-D303电池室放电电池数据表.xlsx,DC6,2.022,第2组,DC6,6,1456.0,True,1.977,2.237,0.3794080726121866,0,False,False,False,0.1654884088766803,1.2517961715868242,-7,-1.4864859217425563,-0.7245012762932658,0.32352970839110434,-0.23672096019094874,1.0763127160481123,0.060072815533980584,7,False,0.6505661026811171,False,False
咸阳秦都西咸数据中心1号楼D301电力电池机房|1#开关电源蓄电池组|第2组|第2组单体24电池电压|1-D301电池室放电电池数据表.xlsx|DC1|DC1,陕西省,咸阳,中国移动西咸数据中心,咸阳秦都西咸数据中心1号楼站点,咸阳秦都西咸数据中心1号楼D301电力电池机房,铅酸电池,1#开关电源蓄电池组,单体XX电压,第2组单体24电池电压,2025-07-08T01:13:49,2.162,V,1-D301电池室放电电池数据表.xlsx,DC1,2.162,第2组,DC1,6,1380.0,False,2.06,2.243,0.32124788686006395,0,False,False,False,0.1654733574854098,1.7734796735327358,7,-2.2635148236821854,-0.31176993632484207,0.4382611551956558,-0.42621454082506927,1.0763127160481123,0.060072815533980584,7,False,0.7677711101840047,False,False
咸阳秦都西咸数据中心1号楼D203电力电池机房|1#开关电源蓄电池组|第2组|第2组单体3电池电压|1-D203电池室放电电池数据表.xlsx|DC1|DC1,陕西省,咸阳,中国移动西咸数据中心,咸阳秦都西咸数据中心1号楼站点,咸阳秦都西咸数据中心1号楼D203电力电池机房,铅酸电池,1#开关电源蓄电池组,单体XX电压,第2组单体3电池电压,2025-07-11T00:03:13,2.054,V,1-D203电池室放电电池数据表.xlsx,DC1,2.054,第2组,DC1,9,1425.0,False,2.054,2.268,-0.5758394908845081,0,False,False,False,0.16535644868158572,1.6407782494787533,-1,-1.389737794986198,0.056918668839074454,-1.4360747753344965,-0.1312076475995371,1.0763127160481123,0.060072815533980584,7,False,0.9307299025720699,True,False
咸阳秦都西咸数据中心1号楼D203电力电池机房|4#开关电源蓄电池组|第2组|第2组单体5电池电压|1-D203电池室放电电池数据表.xlsx|DC4|DC4,陕西省,咸阳,中国移动西咸数据中心,咸阳秦都西咸数据中心1号楼站点,咸阳秦都西咸数据中心1号楼D203电力电池机房,铅酸电池,4#开关电源蓄电池组,单体XX电压,第2组单体5电池电压,2025-07-11T01:36:26,2.081,V,1-D203电池室放电电池数据表.xlsx,DC4,2.081,第2组,DC4,11,7148.0,False,2.028,2.242,-0.7739962459028895,0,False,False,False,0.1653375161167317,1.0058785696676211,7,-1.0988358911641982,-0.004496737694342695,0.7146158222983098,0.055733835111615615,1.0763127160481123,0.060072815533980584,7,False,-0.023860444079103316,False,False
咸阳秦都西咸数据中心1号楼J301电力电池机房|02#开关电源蓄电池组|第2组|第2组单体21电池电压|1-J301电池室放电电池数据表.xlsx|DC2|DC2,陕西省,咸阳,中国移动西咸数据中心,咸阳秦都西咸数据中心1号楼站点,咸阳秦都西咸数据中心1号楼J301电力电池机房,铅酸电池,02#开关电源蓄电池组,单体XX电压,第2组单体21电池电压,2025-07-09T00:14:33,2.286,V,1-J301电池室放电电池数据表.xlsx,DC2,2.286,第2组,DC2,8,1964.0,True,1.863,2.267,1.103710924430759,0,False,False,False,0.16532733762812973,2.1667652243117232,-3,-1.7148158418719284,1.2408651095000485,-0.589809022174302,-0.005341670079353253,1.0763127160481123,0.060072815533980584,7,False,0.8531511391112748,False,False
咸阳秦都西咸数据中心1号楼D303电力电池机房|7#开关电源蓄电池组|第1组|第1组单体1电池电压|1-D303电池室放电电池数据表.xlsx|DC7|DC7,陕西省,咸阳,中国移动西咸数据中心,咸阳秦都西咸数据中心1号楼站点,咸阳秦都西咸数据中心1号楼D303电力电池机房,铅酸电池,7#开关电源蓄电池组,单体XX电压,第1组单体1电池电压,2025-07-10T02:55:50,2.27,V,1-D303电池室放电电池数据表.xlsx,DC7,2.27,第1组,DC7,8,10501.0,False,2.076,2.307,-0.9923355220521946,0,False,False,False,0.1646753438048507,1.3636451355594887,-7,-0.8981871904283774,0.5672758484505439,0.895710553374061,0.039261424740508505,1.0763127160481123,0.060072815533980584,7,False,0.6832731685749543,False,False
咸阳秦都西咸数据中心1号楼D201电力电池机房|2#开关电源蓄电池组|第1组|第1组单体16电池电压|1-D201电池室放电电池数据表.xlsx|DC2|DC2,陕西省,咸阳,中国移动西咸数据中心,咸阳秦都西咸数据中心1号楼站点,咸阳秦都西咸数据中心1号楼D201电力电池机房,铅酸电池,2#开关电源蓄电池组,单体XX电压,第1组单体16电池电压,2025-07-08T00:28:38,1.977,V,1-D201电池室放电电池数据表.xlsx,DC2,1.977,第1组,DC2,9,2085.0,False,1.977,2.22,0.22579207355516856,0,False,False,False,0.16466700244137716,1.180435735665096,7,-1.5517049035130333,-0.5772473143536051,0.38445711323640763,-0.2525500068694026,1.0763127160481123,0.060072815533980584,7,False,0.4657697434427156,False,False
咸阳秦都西咸数据中心1号楼D203电力电池机房|3#开关电源蓄电池组|第1组|第1组单体9电池电压|1-D203电池室放电电池数据表.xlsx|DC3|DC3,陕西省,咸阳,中国移动西咸数据中心,咸阳秦都西咸数据中心1号楼站点,咸阳秦都西咸数据中心1号楼D203电力电池机房,铅酸电池,3#开关电源蓄电池组,单体XX电压,第1组单体9电池电压,2025-07-11T00:52:41,1.957,V,1-D203电池室放电电池数据表.xlsx,DC3,1.957,第1组,DC3,11,7151.0,False,1.957,2.212,-0.8153712439901104,0,False,False,False,0.1645991443485078,0.9146778656202841,7,-0.6413127618143316,-0.11428521093312793,0.6523313769110921,-0.09324139820688475,1.0763127160481123,0.060072815533980584,7,False,0.8915066389208903,False,False
咸阳秦都西咸数据中心1号楼D203电力电池机房|1#开关电源蓄电池组|第1组|第1组单体6电池电压|1-D203电池室放电电池数据表.xlsx|DC1|DC1,陕西省,咸阳,中国移动西咸数据中心,咸阳秦都西咸数据中心1号楼站点,咸阳秦都西咸数据中心1号楼D203电力电池机房,铅酸电池,1#开关电源蓄电池组,单体XX电压,第1组单体6电池电压,2025-07-11T00:02:51,2.072,V,1-D203电池室放电电池数据表.xlsx,DC1,2.072,第1组,DC1,7,1469.0,False,2.072,2.247,0.14274188302834023,0,False,False,False,0.16458318864977023,1.6696649836724993,7,-2.191168702365789,-0.2638000133680576,0.472001806770846,-0.43427918267003185,1.0763127160481123,0.060072815533980584,7,False,0.5292351658295822,False,False
咸阳秦都西咸数据中心1号楼D203电力电池机房|3#开关电源蓄电池组|第2组|第2组单体9电池电压|1-D203电池室放电电池数据表.xlsx|DC3|DC3,陕西省,咸阳,中国移动西咸数据中心,咸阳秦都西咸数据中心1号楼站点,咸阳秦都西咸数据中心1号楼D203电力电池机房,铅酸电池,3#开关电源蓄电池组,单体XX电压,第2组单体9电池电压,2025-07-11T00:51:48,2.291,V,1-D203电池室放电电池数据表.xlsx,DC3,2.291,第2组,DC3,11,7151.0,False,2.047,2.291,-1.0085789057751273,0,False,False,False,0.16422987437281034,1.2275407581644469,7,-0.6928493801693343,0.362234148093561,0.8118839254809159,-0.10079646892536592,1.0763127160481123,0.060072815533980584,7,False,0.9797065694490215,True,False
咸阳秦都西咸数据中心1号楼D201电力电池机房|4#开关电源蓄电池组|第2组|第2组单体2电池电压|1-D201电池室放电电池数据表.xlsx|DC4|DC4,陕西省,咸阳,中国移动西咸数据中心,咸阳秦都西咸数据中心1号楼站点,咸阳秦都西咸数据中心1号楼D201电力电池机房,铅酸电池,4#开关电源蓄电池组,单体XX电压,第2组单体2电池电压,2025-07-08T00:48:28,1.98,V,1-D201电池室放电电池数据表.xlsx,DC4,1.98,第2组,DC4,9,1304.0,False,1.928,2.24,0.17950074378308706,0,False,False,False,0.16411601708985424,1.2447816688420605,7,-0.7886082233846028,-1.0827342482831301,0.34220706067465695,0.4583439197614563,1.0763127160481123,0.060072815533980584,7,False,0.9956499346690882,True,False
咸阳秦都西咸数据中心1号楼J301电力电池机房|07#开关电源蓄电池组|第1组|第1组单体13电池电压|1-J301电池室放电电池数据表.xlsx|DC7|DC7,陕西省,咸阳,中国移动西咸数据中心,咸阳秦都西咸数据中心1号楼站点,咸阳秦都西咸数据中心1号楼J301电力电池机房,铅酸电池,07#开关电源蓄电池组,单体XX电压,第1组单体13电池电压,2025-07-09T01:28:40,2.181,V,1-J301电池室放电电池数据表.xlsx,DC7,2.181,第1组,DC7,9,9859.0,False,1.938,2.227,-0.6762851921823857,0,False,False,False,0.1640769496768868,0.844704572423092,7,-0.493010901326963,-0.07174243928353367,0.6273344074237691,-0.18217180492090732,1.0763127160481123,0.060072815533980584,7,False,0.6121289428044888,False,False
咸阳秦都西咸数据中心1号楼D303电力电池机房|1#开关电源蓄电池组|第2组|第2组单体9电池电压|1-D303电池室放电电池数据表.xlsx|DC1|DC1,陕西省,咸阳,中国移动西咸数据中心,咸阳秦都西咸数据中心1号楼站点,咸阳秦都西咸数据中心1号楼D303电力电池机房,铅酸电池,1#开关电源蓄电池组,单体XX电压,第2组单体9电池电压,2025-07-10T00:27:46,2.04,V,1-D303电池室放电电池数据表.xlsx,DC1,2.04,第2组,DC1,10,1726.0,False,1.95,2.165,0.19993157990146188,0,False,False,False,0.1640376791405815,1.400632753616902,7,-1.7354512745747068,-0.8133386532720633,0.33654214939859156,-0.19204587162258005,1.0763127160481123,0.060072815533980584,7,False,0.7811323846580935,False,False
咸阳秦都西咸数据中心1号楼J301电力电池机房|03#开关电源蓄电池组|第1组|第1组单体22电池电压|1-J301电池室放电电池数据表.xlsx|DC3|DC3,陕西省,咸阳,中国移动西咸数据中心,咸阳秦都西咸数据中心1号楼站点,咸阳秦都西咸数据中心1号楼J301电力电池机房,铅酸电池,03#开关电源蓄电池组,单体XX电压,第1组单体22电池电压,2025-07-09T00:31:17,2.045,V,1-J301电池室放电电池数据表.xlsx,DC3,2.045,第1组,DC3,8,1940.0,False,1.945,2.234,-1.1336248991430757,0,False,False,False,0.16391306663338615,1.7141355600017334,-1,-0.24242101481794076,0.13405494630132855,-1.2836425222601462,0.42050337075142097,1.0763127160481123,0.060072815533980584,7,False,0.8158095950649309,False,False
咸阳秦都西咸数据中心1号楼D303电力电池机房|1#开关电源蓄电池组|第1组|第1组单体15电池电压|1-D303电池室放电电池数据表.xlsx|DC1|DC1,陕西省,咸阳,中国移动西咸数据中心,咸阳秦都西咸数据中心1号楼站点,咸阳秦都西咸数据中心1号楼D303电力电池机房,铅酸电池,1#开关电源蓄电池组,单体XX电压,第1组单体15电池电压,2025-07-10T00:27:37,2.02,V,1-D303电池室放电电池数据表.xlsx,DC1,2.02,第1组,DC1,10,1717.0,False,1.939,2.21,0.09697913760879523,0,False,False,False,0.16381407796871203,0.9417917781306474,7,-1.1384613369184304,-0.7216194352443128,0.37105827724890617,-0.1183824540865923,1.0763127160481123,0.060072815533980584,7,False,0.7734736882793787,False,False
咸阳秦都西咸数据中心1号楼D303电力电池机房|6#开关电源蓄电池组|第2组|第2组单体4电池电压|1-D303电池室放电电池数据表.xlsx|DC6|DC6,陕西省,咸阳,中国移动西咸数据中心,咸阳秦都西咸数据中心1号楼站点,咸阳秦都西咸数据中心1号楼D303电力电池机房,铅酸电池,6#开关电源蓄电池组,单体XX电压,第2组单体4电池电压,2025-07-10T02:30:37,1.963,V,1-D303电池室放电电池数据表.xlsx,DC6,1.963,第2组,DC6,10,9011.0,False,1.848,2.206,0.3406371950049201,0,False,False,False,0.1637247715336148,0.753015940922277,7,-0.7171166037934171,-0.06119048143080913,0.5174523379997664,-0.08717067363156226,1.0763127160481123,0.060072815533980584,7,False,-0.24550647431915792,False,False
咸阳秦都西咸数据中心1号楼D303电力电池机房|5#开关电源蓄电池组|第1组|第1组单体12电池电压|1-D303电池室放电电池数据表.xlsx|DC5|DC5,陕西省,咸阳,中国移动西咸数据中心,咸阳秦都西咸数据中心1号楼站点,咸阳秦都西咸数据中心1号楼D303电力电池机房,铅酸电池,5#开关电源蓄电池组,单体XX电压,第1组单体12电池电压,2025-07-10T02:07:00,2.202,V,1-D303电池室放电电池数据表.xlsx,DC5,2.202,第1组,DC5,9,7899.0,False,1.99,2.252,-0.9856329976707303,0,False,False,False,0.1636999388752089,1.5695277541860553,1,-0.7096227905909822,0.45145186079857524,-1.2060208125112633,0.3894302181404329,1.0763127160481123,0.060072815533980584,7,False,0.8911509142070072,False,False
咸阳秦都西咸数据中心1号楼J301电力电池机房|07#开关电源蓄电池组|第1组|第1组单体6电池电压|1-J301电池室放电电池数据表.xlsx|DC7|DC7,陕西省,咸阳,中国移动西咸数据中心,咸阳秦都西咸数据中心1号楼站点,咸阳秦都西咸数据中心1号楼J301电力电池机房,铅酸电池,07#开关电源蓄电池组,单体XX电压,第1组单体6电池电压,2025-07-09T01:28:59,1.978,V,1-J301电池室放电电池数据表.xlsx,DC7,1.978,第1组,DC7,6,5476.0,True,1.978,2.227,0.12489337945730056,0,False,False,False,0.163697734353783,1.132747244710165,-7,-1.5978179229423854,0.031754746405005724,0.5797493950620572,-0.1926448662986091,1.0763127160481123,0.060072815533980584,7,False,0.7253963469215285,False,False
咸阳秦都西咸数据中心1号楼D203电力电池机房|1#开关电源蓄电池组|第2组|第2组单体5电池电压|1-D203电池室放电电池数据表.xlsx|DC1|DC1,陕西省,咸阳,中国移动西咸数据中心,咸阳秦都西咸数据中心1号楼站点,咸阳秦都西咸数据中心1号楼D203电力电池机房,铅酸电池,1#开关电源蓄电池组,单体XX电压,第2组单体5电池电压,2025-07-11T00:03:08,2.066,V,1-D203电池室放电电池数据表.xlsx,DC1,2.066,第2组,DC1,10,1473.0,False,2.066,2.252,-0.5431612818607622,0,False,False,False,0.16350578826990747,1.7639260731465263,1,-1.6851600421146506,0.058520999424523074,-1.423205701438633,-0.0789706583976226,1.0763127160481123,0.060072815533980584,7,False,0.9742963841322981,True,False
咸阳秦都西咸数据中心1号楼J301电力电池机房|11#开关电源蓄电池组|第1组|第1组单体12电池电压|1-J301电池室放电电池数据表.xlsx|DC11|DC11,陕西省,咸阳,中国移动西咸数据中心,咸阳秦都西咸数据中心1号楼站点,咸阳秦都西咸数据中心1号楼J301电力电池机房,铅酸电池,11#开关电源蓄电池组,单体XX电压,第1组单体12电池电压,2025-07-08T02:19:33,2.207,V,1-J301电池室放电电池数据表.xlsx,DC11,2.207,第1组,DC11,6,1369.0,False,2.057,2.239,0.06405173680089432,0,False,False,False,0.16333002100819555,1.504594630548226,7,-2.037663744460379,-0.39497956885779095,0.46704644314649274,-0.27490027788969695,1.0763127160481123,0.060072815533980584,7,False,0.8944680723707655,False,False
咸阳秦都西咸数据中心1号楼J301电力电池机房|12#开关电源蓄电池组|第1组|第1组单体22电池电压|1-J301电池室放电电池数据表.xlsx|DC12|DC12,陕西省,咸阳,中国移动西咸数据中心,咸阳秦都西咸数据中心1号楼站点,咸阳秦都西咸数据中心1号楼J301电力电池机房,铅酸电池,12#开关电源蓄电池组,单体XX电压,第1组单体22电池电压,2025-07-08T02:40:30,2.187,V,1-J301电池室放电电池数据表.xlsx,DC12,2.187,第1组,DC12,6,1247.0,False,1.998,2.246,0.24852060909708312,0,False,False,False,0.16332391319175057,1.3224165688568401,7,-1.5172852008861701,-0.8264157397563004,0.40696898669430365,0.3437924648683375,1.0763127160481123,0.060072815533980584,7,False,0.9803819743805151,True,False
咸阳秦都西咸数据中心1号楼D201电力电池机房|1#开关电源蓄电池组|第1组|第1组单体2电池电压|1-D201电池室放电电池数据表.xlsx|DC1|DC1,陕西省,咸阳,中国移动西咸数据中心,咸阳秦都西咸数据中心1号楼站点,咸阳秦都西咸数据中心1号楼D201电力电池机房,铅酸电池,1#开关电源蓄电池组,单体XX电压,第1组单体2电池电压,2025-07-08T00:28:12,2.232,V,1-D201电池室放电电池数据表.xlsx,DC1,2.232,第1组,DC1,6,1296.0,False,1.93,2.241,0.15828880040081078,0,False,False,False,0.16328174062586565,1.270095670961433,7,-0.7787631960109939,-1.0999650811996393,0.3469271944646797,0.5018064898998126,1.0763127160481123,0.060072815533980584,7,False,0.8938230192731957,False,False
咸阳秦都西咸数据中心1号楼D201电力电池机房|2#开关电源蓄电池组|第1组|第1组单体22电池电压|1-D201电池室放电电池数据表.xlsx|DC2|DC2,陕西省,咸阳,中国移动西咸数据中心,咸阳秦都西咸数据中心1号楼站点,咸阳秦都西咸数据中心1号楼D201电力电池机房,铅酸电池,2#开关电源蓄电池组,单体XX电压,第1组单体22电池电压,2025-07-08T00:27:41,2.199,V,1-D201电池室放电电池数据表.xlsx,DC2,2.199,第1组,DC2,8,1323.0,False,1.997,2.199,0.07296957282052918,0,False,False,False,0.16298059861437758,1.3710635641026967,7,-1.754898046361161,-0.7671816742442606,0.36218885844873183,-0.22079523039651514,1.0763127160481123,0.060072815533980584,7,False,0.991492510495799,True,False
咸阳秦都西咸数据中心1号楼J301电力电池机房|11#开关电源蓄电池组|第1组|第1组单体7电池电压|1-J301电池室放电电池数据表.xlsx|DC11|DC11,陕西省,咸阳,中国移动西咸数据中心,咸阳秦都西咸数据中心1号楼站点,咸阳秦都西咸数据中心1号楼J301电力电池机房,铅酸电池,11#开关电源蓄电池组,单体XX电压,第1组单体7电池电压,2025-07-08T02:39:28,1.971,V,1-J301电池室放电电池数据表.xlsx,DC11,1.971,第1组,DC11,8,1308.0,False,1.971,2.27,0.21455235172097792,0,False,False,False,0.1628680303893443,1.0165649396913485,7,-0.9821754248993877,-0.8276757818144769,0.37174353777999736,0.1932690169046046,1.0763127160481123,0.060072815533980584,7,False,0.9920852161365978,True,False
咸阳秦都西咸数据中心1号楼J301电力电池机房|06#开关电源蓄电池组|第2组|第2组单体6电池电压|1-J301电池室放电电池数据表.xlsx|DC6|DC6,陕西省,咸阳,中国移动西咸数据中心,咸阳秦都西咸数据中心1号楼站点,咸阳秦都西咸数据中心1号楼J301电力电池机房,铅酸电池,06#开关电源蓄电池组,单体XX电压,第2组单体6电池电压,2025-07-09T01:12:22,2.177,V,1-J301电池室放电电池数据表.xlsx,DC6,2.177,第2组,DC6,9,9928.0,False,1.946,2.227,-0.8232416177422917,0,False,False,False,0.1627993573178679,0.9850427829312548,7,-0.4624428615271915,0.026540850208956024,0.708926766168364,0.036882517503303486,1.0763127160481123,0.060072815533980584,7,False,0.9868603565954136,True,False
咸阳秦都西咸数据中心1号楼D301电力电池机房|4#开关电源蓄电池组|第1组|第1组单体8电池电压|1-D301电池室放电电池数据表.xlsx|DC4|DC4,陕西省,咸阳,中国移动西咸数据中心,咸阳秦都西咸数据中心1号楼站点,咸阳秦都西咸数据中心1号楼D301电力电池机房,铅酸电池,4#开关电源蓄电池组,单体XX电压,第1组单体8电池电压,2025-07-08T01:55:26,2.087,V,1-D301电池室放电电池数据表.xlsx,DC4,2.087,第1组,DC4,7,1302.0,False,2.087,2.286,-0.6693946149335512,0,False,False,False,0.16276078616681042,1.9605612531619712,0,-1.502289584704131,0.16534215602421884,-1.718917642859005,0.020067928132890184,1.0763127160481123,0.060072815533980584,7,False,0.6244731995501375,False,False
咸阳秦都西咸数据中心1号楼D303电力电池机房|3#开关电源蓄电池组|第2组|第2组单体8电池电压|1-D303电池室放电电池数据表.xlsx|DC3|DC3,陕西省,咸阳,中国移动西咸数据中心,咸阳秦都西咸数据中心1号楼站点,咸阳秦都西咸数据中心1号楼D303电力电池机房,铅酸电池,3#开关电源蓄电池组,单体XX电压,第2组单体8电池电压,2025-07-10T00:56:42,2.391,V,1-D303电池室放电电池数据表.xlsx,DC3,2.391,第2组,DC3,11,4881.0,False,2.025,2.391,-1.0267949718128,0,False,False,False,0.16257709966396544,1.7994606726927427,-7,0.3918521377814912,0.6737848306055141,0.9001493446050213,0.07759803242499722,1.0763127160481123,0.060072815533980584,7,False,0.8078445363522987,False,False
咸阳秦都西咸数据中心1号楼D203电力电池机房|3#开关电源蓄电池组|第1组|第1组单体23电池电压|1-D203电池室放电电池数据表.xlsx|DC3|DC3,陕西省,咸阳,中国移动西咸数据中心,咸阳秦都西咸数据中心1号楼站点,咸阳秦都西咸数据中心1号楼D203电力电池机房,铅酸电池,3#开关电源蓄电池组,单体XX电压,第1组单体23电池电压,2025-07-11T00:51:48,2.191,V,1-D203电池室放电电池数据表.xlsx,DC3,2.191,第1组,DC3,9,7151.0,False,1.987,2.228,-0.7311403798160642,0,False,False,False,0.1621857507485253,0.8788945733300753,7,-0.8638151156218802,-0.09560078021442034,0.6709283509417522,0.019586633987347696,1.0763127160481123,0.060072815533980584,7,False,0.8835305539537807,False,False
咸阳秦都西咸数据中心1号楼J301电力电池机房|09#开关电源蓄电池组|第2组|第2组单体24电池电压|1-J301电池室放电电池数据表.xlsx|DC9|DC9,陕西省,咸阳,中国移动西咸数据中心,咸阳秦都西咸数据中心1号楼站点,咸阳秦都西咸数据中心1号楼J301电力电池机房,铅酸电池,09#开关电源蓄电池组,单体XX电压,第2组单体24电池电压,2025-07-09T02:13:11,2.087,V,1-J301电池室放电电池数据表.xlsx,DC9,2.087,第2组,DC9,7,1264.0,False,2.028,2.199,-0.04422093820846362,0,False,False,False,0.1618958987182703,1.4938444933889092,7,-1.9886484243017695,-0.6390302533975154,0.436370991430194,-0.12096265529833798,1.0763127160481123,0.060072815533980584,7,False,0.9669375155851085,True,False
咸阳秦都西咸数据中心1号楼J301电力电池机房|12#开关电源蓄电池组|第2组|第2组单体3电池电压|1-J301电池室放电电池数据表.xlsx|DC12|DC12,陕西省,咸阳,中国移动西咸数据中心,咸阳秦都西咸数据中心1号楼站点,咸阳秦都西咸数据中心1号楼J301电力电池机房,铅酸电池,12#开关电源蓄电池组,单体XX电压,第2组单体3电池电压,2025-07-08T02:40:39,2.019,V,1-J301电池室放电电池数据表.xlsx,DC12,2.019,第2组,DC12,6,1300.0,False,2.019,2.251,0.09961192367111271,0,False,False,False,0.16183663280742555,1.1996574859330178,7,-1.5823320275980945,-0.6090943785660906,0.4683302531607747,0.21288719354313992,1.0763127160481123,0.060072815533980584,7,False,0.9997198595363945,True,False
咸阳秦都西咸数据中心1号楼D203电力电池机房|1#开关电源蓄电池组|第1组|第1组单体14电池电压|1-D203电池室放电电池数据表.xlsx|DC1|DC1,陕西省,咸阳,中国移动西咸数据中心,咸阳秦都西咸数据中心1号楼站点,咸阳秦都西咸数据中心1号楼D203电力电池机房,铅酸电池,1#开关电源蓄电池组,单体XX电压,第1组单体14电池电压,2025-07-11T00:03:08,2.043,V,1-D203电池室放电电池数据表.xlsx,DC1,2.043,第1组,DC1,10,1469.0,False,2.043,2.265,-0.3697865609616429,0,False,False,False,0.16182775449331663,1.739002264315654,1,-1.4716537277372423,0.06089289784862298,-1.501371870320284,-0.38759488804154396,1.0763127160481123,0.060072815533980584,7,False,0.9533533993724896,True,False
咸阳秦都西咸数据中心1号楼D303电力电池机房|4#开关电源蓄电池组|第1组|第1组单体3电池电压|1-D303电池室放电电池数据表.xlsx|DC4|DC4,陕西省,咸阳,中国移动西咸数据中心,咸阳秦都西咸数据中心1号楼站点,咸阳秦都西咸数据中心1号楼D303电力电池机房,铅酸电池,4#开关电源蓄电池组,单体XX电压,第1组单体3电池电压,2025-07-10T01:42:06,2.021,V,1-D303电池室放电电池数据表.xlsx,DC4,2.021,第1组,DC4,8,6182.0,False,1.987,2.29,-0.8436614136785467,0,False,False,False,0.16163931801443054,1.1537175501336314,-7,-0.25807112758797524,0.29315891861204346,0.750552624439045,-0.14978014626973368,1.0763127160481123,0.060072815533980584,7,False,0.995604953528792,True,False
咸阳秦都西咸数据中心1号楼D201电力电池机房|1#开关电源蓄电池组|第2组|第2组单体20电池电压|1-D201电池室放电电池数据表.xlsx|DC1|DC1,陕西省,咸阳,中国移动西咸数据中心,咸阳秦都西咸数据中心1号楼站点,咸阳秦都西咸数据中心1号楼D201电力电池机房,铅酸电池,1#开关电源蓄电池组,单体XX电压,第2组单体20电池电压,2025-07-08T00:06:36,2.233,V,1-D201电池室放电电池数据表.xlsx,DC1,2.233,第2组,DC1,7,1296.0,False,1.959,2.233,0.03464704477784225,0,False,False,False,0.16156146608189387,1.2389750608701156,7,-1.026095824509856,-1.0519511078092787,0.3790162053070145,0.4728228299432684,1.0763127160481123,0.060072815533980584,7,False,0.9980459364403078,True,False
咸阳秦都西咸数据中心1号楼D303电力电池机房|1#开关电源蓄电池组|第1组|第1组单体19电池电压|1-D303电池室放电电池数据表.xlsx|DC1|DC1,陕西省,咸阳,中国移动西咸数据中心,咸阳秦都西咸数据中心1号楼站点,咸阳秦都西咸数据中心1号楼D303电力电池机房,铅酸电池,1#开关电源蓄电池组,单体XX电压,第1组单体19电池电压,2025-07-10T00:00:02,2.203,V,1-D303电池室放电电池数据表.xlsx,DC1,2.203,第1组,DC1,10,1708.0,False,1.987,2.219,0.08118315714761548,0,False,False,False,0.1615474773833559,1.1138119113831064,7,-1.5326204357389783,-0.5400900974438889,0.41598106218071373,-0.2370744012347517,1.0763127160481123,0.060072815533980584,7,False,0.7697315996277417,False,False
咸阳秦都西咸数据中心1号楼D201电力电池机房|2#开关电源蓄电池组|第2组|第2组单体18电池电压|1-D201电池室放电电池数据表.xlsx|DC2|DC2,陕西省,咸阳,中国移动西咸数据中心,咸阳秦都西咸数据中心1号楼站点,咸阳秦都西咸数据中心1号楼D201电力电池机房,铅酸电池,2#开关电源蓄电池组,单体XX电压,第2组单体18电池电压,2025-07-08T00:28:38,2.028,V,1-D201电池室放电电池数据表.xlsx,DC2,2.028,第2组,DC2,7,1310.0,False,2.028,2.284,-0.46628127991290824,0,False,False,False,0.16135982673338584,1.874810855867661,0,-1.0825462174925278,-0.027762890556834285,-1.8201959747654821,-0.03199763284853026,1.0763127160481123,0.060072815533980584,7,False,0.15359304031321358,False,False
咸阳秦都西咸数据中心1号楼J301电力电池机房|08#开关电源蓄电池组|第1组|第1组单体12电池电压|1-J301电池室放电电池数据表.xlsx|DC8|DC8,陕西省,咸阳,中国移动西咸数据中心,咸阳秦都西咸数据中心1号楼站点,咸阳秦都西咸数据中心1号楼J301电力电池机房,铅酸电池,08#开关电源蓄电池组,单体XX电压,第1组单体12电池电压,2025-07-09T02:14:33,2.227,V,1-J301电池室放电电池数据表.xlsx,DC8,2.227,第1组,DC8,12,9862.0,False,1.909,2.244,-1.0233943442641273,0,False,False,False,0.16102881488333132,1.4460070077816496,7,0.2452538301837972,0.01482213265869195,0.6928146921353294,-0.08324503755324424,1.0763127160481123,0.060072815533980584,7,False,0.7226464791010602,False,False
咸阳秦都西咸数据中心1号楼D303电力电池机房|4#开关电源蓄电池组|第1组|第1组单体11电池电压|1-D303电池室放电电池数据表.xlsx|DC4|DC4,陕西省,咸阳,中国移动西咸数据中心,咸阳秦都西咸数据中心1号楼站点,咸阳秦都西咸数据中心1号楼D303电力电池机房,铅酸电池,4#开关电源蓄电池组,单体XX电压,第1组单体11电池电压,2025-07-10T01:20:28,2.219,V,1-D303电池室放电电池数据表.xlsx,DC4,2.219,第1组,DC4,10,6137.0,False,1.986,2.22,-1.1588577950303591,0,False,False,False,0.16095615122891943,1.648826578273724,-1,-0.8269480821395553,0.46978560657171664,-1.1781390346931286,0.3679728361762503,1.0763127160481123,0.060072815533980584,7,False,0.5519065097493453,False,False
咸阳秦都西咸数据中心1号楼J301电力电池机房|12#开关电源蓄电池组|第2组|第2组单体5电池电压|1-J301电池室放电电池数据表.xlsx|DC12|DC12,陕西省,咸阳,中国移动西咸数据中心,咸阳秦都西咸数据中心1号楼站点,咸阳秦都西咸数据中心1号楼J301电力电池机房,铅酸电池,12#开关电源蓄电池组,单体XX电压,第2组单体5电池电压,2025-07-08T03:00:51,2.028,V,1-J301电池室放电电池数据表.xlsx,DC12,2.028,第2组,DC12,6,1308.0,False,1.993,2.236,0.13155764933364528,0,False,False,False,0.16095118741635148,1.1957319659209122,7,-1.4757193486370608,-0.7375662375060694,0.4314944729042824,0.25276502206608287,1.0763127160481123,0.060072815533980584,7,False,0.9996116216054864,True,False
咸阳秦都西咸数据中心1号楼D303电力电池机房|2#开关电源蓄电池组|第2组|第2组单体13电池电压|1-D303电池室放电电池数据表.xlsx|DC2|DC2,陕西省,咸阳,中国移动西咸数据中心,咸阳秦都西咸数据中心1号楼站点,咸阳秦都西咸数据中心1号楼D303电力电池机房,铅酸电池,2#开关电源蓄电池组,单体XX电压,第2组单体13电池电压,2025-07-10T00:32:42,2.019,V,1-D303电池室放电电池数据表.xlsx,DC2,2.019,第2组,DC2,11,3407.0,False,2.019,2.359,-0.9358347275458387,0,False,False,False,0.1609024880770489,1.4427008627152385,-7,0.16827122295679753,0.33417960162071036,0.7848088540551283,-0.010521028188411205,1.0763127160481123,0.060072815533980584,7,False,0.5710321315051656,False,False
咸阳秦都西咸数据中心1号楼D203电力电池机房|3#开关电源蓄电池组|第1组|第1组单体1电池电压|1-D203电池室放电电池数据表.xlsx|DC3|DC3,陕西省,咸阳,中国移动西咸数据中心,咸阳秦都西咸数据中心1号楼站点,咸阳秦都西咸数据中心1号楼D203电力电池机房,铅酸电池,3#开关电源蓄电池组,单体XX电压,第1组单体1电池电压,2025-07-11T00:50:38,2.182,V,1-D203电池室放电电池数据表.xlsx,DC3,2.182,第1组,DC3,10,7151.0,False,1.943,2.21,-0.7499875874152064,0,False,False,False,0.16086806659737518,0.8686163161642667,7,-0.5500389899554811,-0.19695916710620281,0.6203935715153746,-0.07789558720407849,1.0763127160481123,0.060072815533980584,7,False,0.8951922762725802,False,False
咸阳秦都西咸数据中心1号楼D201电力电池机房|2#开关电源蓄电池组|第1组|第1组单体14电池电压|1-D201电池室放电电池数据表.xlsx|DC2|DC2,陕西省,咸阳,中国移动西咸数据中心,咸阳秦都西咸数据中心1号楼站点,咸阳秦都西咸数据中心1号楼D201电力电池机房,铅酸电池,2#开关电源蓄电池组,单体XX电压,第1组单体14电池电压,2025-07-08T00:27:58,2.114,V,1-D201电池室放电电池数据表.xlsx,DC2,2.114,第1组,DC2,8,2292.0,False,2.001,2.216,0.17494875947462085,0,False,False,False,0.16054287817438967,1.3388192465644142,7,-1.8006889206846755,-0.43625097656885653,0.4231430524867255,-0.3429039065119205,1.0763127160481123,0.060072815533980584,7,False,0.4052770028178259,False,False
咸阳秦都西咸数据中心1号楼J301电力电池机房|12#开关电源蓄电池组|第2组|第2组单体2电池电压|1-J301电池室放电电池数据表.xlsx|DC12|DC12,陕西省,咸阳,中国移动西咸数据中心,咸阳秦都西咸数据中心1号楼站点,咸阳秦都西咸数据中心1号楼J301电力电池机房,铅酸电池,12#开关电源蓄电池组,单体XX电压,第2组单体2电池电压,2025-07-08T03:01:08,2.198,V,1-J301电池室放电电池数据表.xlsx,DC12,2.198,第2组,DC12,6,1247.0,False,1.971,2.255,0.24248660579597942,0,False,False,False,0.16038415715413795,1.1497635567143119,7,-1.161683377454865,-0.8574464620198678,0.38780804619255677,0.3359757960638525,1.0763127160481123,0.060072815533980584,7,False,0.9995440756944426,True,False
咸阳秦都西咸数据中心1号楼J301电力电池机房|09#开关电源蓄电池组|第1组|第1组单体5电池电压|1-J301电池室放电电池数据表.xlsx|DC9|DC9,陕西省,咸阳,中国移动西咸数据中心,咸阳秦都西咸数据中心1号楼站点,咸阳秦都西咸数据中心1号楼J301电力电池机房,铅酸电池,09#开关电源蓄电池组,单体XX电压,第1组单体5电池电压,2025-07-09T02:33:15,1.995,V,1-J301电池室放电电池数据表.xlsx,DC9,1.995,第1组,DC9,8,1448.0,False,1.995,2.219,0.3481403434809593,0,False,False,False,0.16034800429878995,1.4662736397610825,7,-1.796035499752832,-0.7317785933327543,0.32610052123369043,-0.2875066704158007,1.0763127160481123,0.060072815533980584,7,False,0.6660962494944582,False,False
咸阳秦都西咸数据中心1号楼D201电力电池机房|2#开关电源蓄电池组|第2组|第2组单体7电池电压|1-D201电池室放电电池数据表.xlsx|DC2|DC2,陕西省,咸阳,中国移动西咸数据中心,咸阳秦都西咸数据中心1号楼站点,咸阳秦都西咸数据中心1号楼D201电力电池机房,铅酸电池,2#开关电源蓄电池组,单体XX电压,第2组单体7电池电压,2025-07-08T00:28:07,2.091,V,1-D201电池室放电电池数据表.xlsx,DC2,2.091,第2组,DC2,7,1301.0,False,2.023,2.226,0.059090941104814776,0,False,False,False,0.16028516164779877,1.3564263643633787,7,-1.7828992189732769,-0.6918882473483947,0.4338899002341745,0.07567762441507012,1.0763127160481123,0.060072815533980584,7,False,0.9929521012904038,True,False
咸阳秦都西咸数据中心1号楼J301电力电池机房|07#开关电源蓄电池组|第1组|第1组单体24电池电压|1-J301电池室放电电池数据表.xlsx|DC7|DC7,陕西省,咸阳,中国移动西咸数据中心,咸阳秦都西咸数据中心1号楼站点,咸阳秦都西咸数据中心1号楼J301电力电池机房,铅酸电池,07#开关电源蓄电池组,单体XX电压,第1组单体24电池电压,2025-07-09T00:15:41,2.2,V,1-J301电池室放电电池数据表.xlsx,DC7,2.2,第1组,DC7,9,9859.0,False,1.987,2.226,-0.7257285741116006,0,False,False,False,0.16013166576474155,0.9116325265544996,7,-0.9290419803110828,0.015153635599714999,0.6669548627250992,-0.20415672313111027,1.0763127160481123,0.060072815533980584,7,False,0.6022696835349096,False,False
咸阳秦都西咸数据中心2号楼J301电力电池机房|01#开关电源蓄电池组|第2组|第2组单体20电池电压|2-J301电池室放电电池数据表.xlsx|DC1|DC1,陕西省,咸阳,中国移动西咸数据中心,咸阳秦都西咸数据中心2号楼站点,咸阳秦都西咸数据中心2号楼J301电力电池机房,铅酸电池,01#开关电源蓄电池组,单体XX电压,第2组单体20电池电压,2025-07-11T03:14:29,2.188,V,2-J301电池室放电电池数据表.xlsx,DC1,2.188,第2组,DC1,7,1294.0,False,1.967,2.282,0.09010494584053497,0,False,False,False,0.15990287398383013,1.141472081632058,7,-0.7238164882282483,-0.9264736636586017,0.40757195588552775,0.5294180769058827,1.0763127160481123,0.060072815533980584,7,False,0.9226219099715203,True,False
咸阳秦都西咸数据中心1号楼D201电力电池机房|2#开关电源蓄电池组|第1组|第1组单体15电池电压|1-D201电池室放电电池数据表.xlsx|DC2|DC2,陕西省,咸阳,中国移动西咸数据中心,咸阳秦都西咸数据中心1号楼站点,咸阳秦都西咸数据中心1号楼D201电力电池机房,铅酸电池,2#开关电源蓄电池组,单体XX电压,第1组单体15电池电压,2025-07-08T00:28:12,2.062,V,1-D201电池室放电电池数据表.xlsx,DC2,2.062,第1组,DC2,7,1543.0,False,2.009,2.214,0.12127941735934367,0,False,False,False,0.15978102530869107,1.3806185254964645,7,-1.8016695714662125,-0.5803071797490303,0.37922071329447926,-0.40849862299728146,1.0763127160481123,0.060072815533980584,7,False,0.7097124129254309,False,False
咸阳秦都西咸数据中心1号楼D303电力电池机房|7#开关电源蓄电池组|第2组|第2组单体11电池电压|1-D303电池室放电电池数据表.xlsx|DC7|DC7,陕西省,咸阳,中国移动西咸数据中心,咸阳秦都西咸数据中心1号楼站点,咸阳秦都西咸数据中心1号楼D303电力电池机房,铅酸电池,7#开关电源蓄电池组,单体XX电压,第2组单体11电池电压,2025-07-10T02:55:28,2.068,V,1-D303电池室放电电池数据表.xlsx,DC7,2.068,第2组,DC7,9,10501.0,False,2.039,2.295,-0.8875525064744734,0,False,False,False,0.15964388584610248,1.2208084310443859,-7,-0.7454740631144896,0.49591466165026654,0.8352779168781371,-0.09835182432830196,1.0763127160481123,0.060072815533980584,7,False,0.5976875377835008,False,False
咸阳秦都西咸数据中心1号楼D303电力电池机房|4#开关电源蓄电池组|第2组|第2组单体13电池电压|1-D303电池室放电电池数据表.xlsx|DC4|DC4,陕西省,咸阳,中国移动西咸数据中心,咸阳秦都西咸数据中心1号楼站点,咸阳秦都西咸数据中心1号楼D303电力电池机房,铅酸电池,4#开关电源蓄电池组,单体XX电压,第2组单体13电池电压,2025-07-10T01:42:11,2.205,V,1-D303电池室放电电池数据表.xlsx,DC4,2.205,第2组,DC4,9,6230.0,False,2.032,2.383,-1.1975505776147906,0,False,False,False,0.15963519145045696,1.911599920522495,-7,0.35990275742073785,0.7478804516108316,0.9352197808195339,0.020633128740139894,1.0763127160481123,0.060072815533980584,7,False,0.8446199962878786,False,False
咸阳秦都西咸数据中心1号楼J301电力电池机房|11#开关电源蓄电池组|第2组|第2组单体8电池电压|1-J301电池室放电电池数据表.xlsx|DC11|DC11,陕西省,咸阳,中国移动西咸数据中心,咸阳秦都西咸数据中心1号楼站点,咸阳秦都西咸数据中心1号楼J301电力电池机房,铅酸电池,11#开关电源蓄电池组,单体XX电压,第2组单体8电池电压,2025-07-08T02:19:33,2.229,V,1-J301电池室放电电池数据表.xlsx,DC11,2.229,第2组,DC11,6,1308.0,False,2.033,2.229,-0.05476854195836517,0,False,False,False,0.15923841350890378,1.2748558255146683,7,-1.7553042913134997,-0.5200964883815855,0.43880451924763675,-0.28050054932696544,1.0763127160481123,0.060072815533980584,7,False,0.7696927141293475,False,False
咸阳秦都西咸数据中心1号楼D203电力电池机房|7#开关电源蓄电池组|第1组|第1组单体16电池电压|1-D203电池室放电电池数据表.xlsx|DC7|DC7,陕西省,咸阳,中国移动西咸数据中心,咸阳秦都西咸数据中心1号楼站点,咸阳秦都西咸数据中心1号楼D203电力电池机房,铅酸电池,7#开关电源蓄电池组,单体XX电压,第1组单体16电池电压,2025-07-11T02:14:32,2.194,V,1-D203电池室放电电池数据表.xlsx,DC7,2.194,第1组,DC7,7,8093.0,False,2.046,2.246,-0.746914393347834,0,False,False,False,0.1591314788633848,1.6424819747773232,-1,-1.4700103837747152,0.2936962596603836,-1.283855803388941,0.2451990312734327,1.0763127160481123,0.060072815533980584,7,False,0.7309529591666122,False,False
咸阳秦都西咸数据中心1号楼D303电力电池机房|1#开关电源蓄电池组|第1组|第1组单体21电池电压|1-D303电池室放电电池数据表.xlsx|DC1|DC1,陕西省,咸阳,中国移动西咸数据中心,咸阳秦都西咸数据中心1号楼站点,咸阳秦都西咸数据中心1号楼D303电力电池机房,铅酸电池,1#开关电源蓄电池组,单体XX电压,第1组单体21电池电压,2025-07-10T00:27:37,2.05,V,1-D303电池室放电电池数据表.xlsx,DC1,2.05,第1组,DC1,10,1708.0,False,1.978,2.218,0.195503772638549,0,False,False,False,0.1590618870295807,1.1688048683844976,7,-1.5498645057727665,-0.5823645636893239,0.39009532535116753,-0.23325288676385042,1.0763127160481123,0.060072815533980584,7,False,0.7729848637574578,False,False
咸阳秦都西咸数据中心1号楼D301电力电池机房|2#开关电源蓄电池组|第1组|第1组单体17电池电压|1-D301电池室放电电池数据表.xlsx|DC2|DC2,陕西省,咸阳,中国移动西咸数据中心,咸阳秦都西咸数据中心1号楼站点,咸阳秦都西咸数据中心1号楼D301电力电池机房,铅酸电池,2#开关电源蓄电池组,单体XX电压,第1组单体17电池电压,2025-07-08T01:33:33,2.115,V,1-D301电池室放电电池数据表.xlsx,DC2,2.115,第1组,DC2,7,1301.0,False,2.002,2.26,0.024341078373251945,0,False,False,False,0.15900773690788877,0.9444893280763516,7,-1.2194020543675066,-0.6851790304032733,0.401850805344922,-0.0646870778800854,1.0763127160481123,0.060072815533980584,7,False,0.7630970098464334,False,False
咸阳秦都西咸数据中心1号楼D303电力电池机房|2#开关电源蓄电池组|第1组|第1组单体2电池电压|1-D303电池室放电电池数据表.xlsx|DC2|DC2,陕西省,咸阳,中国移动西咸数据中心,咸阳秦都西咸数据中心1号楼站点,咸阳秦都西咸数据中心1号楼D303电力电池机房,铅酸电池,2#开关电源蓄电池组,单体XX电压,第1组单体2电池电压,2025-07-10T00:55:04,2.218,V,1-D303电池室放电电池数据表.xlsx,DC2,2.218,第1组,DC2,10,3301.0,False,1.968,2.236,-1.122394718429723,0,False,False,False,0.1589890490863072,1.6481300486777564,-1,-0.4650588798067753,0.22039593536288601,-1.2582126022321565,0.3984017979579647,1.0763127160481123,0.060072815533980584,7,False,0.9976156087170429,True,False
咸阳秦都西咸数据中心1号楼J301电力电池机房|12#开关电源蓄电池组|第2组|第2组单体22电池电压|1-J301电池室放电电池数据表.xlsx|DC12|DC12,陕西省,咸阳,中国移动西咸数据中心,咸阳秦都西咸数据中心1号楼站点,咸阳秦都西咸数据中心1号楼J301电力电池机房,铅酸电池,12#开关电源蓄电池组,单体XX电压,第2组单体22电池电压,2025-07-08T02:40:21,2.186,V,1-J301电池室放电电池数据表.xlsx,DC12,2.186,第2组,DC12,6,1247.0,False,1.97,2.231,0.2819892995370687,0,False,False,False,0.1589091270269732,1.2974733317373532,7,-1.4003978563152548,-0.9079214299752913,0.36996320549403305,0.304113771599568,1.0763127160481123,0.060072815533980584,7,False,0.9718479383393182,True,False
咸阳秦都西咸数据中心1号楼D203电力电池机房|7#开关电源蓄电池组|第2组|第2组单体20电池电压|1-D203电池室放电电池数据表.xlsx|DC7|DC7,陕西省,咸阳,中国移动西咸数据中心,咸阳秦都西咸数据中心1号楼站点,咸阳秦都西咸数据中心1号楼D203电力电池机房,铅酸电池,7#开关电源蓄电池组,单体XX电压,第2组单体20电池电压,2025-07-11T01:54:17,2.058,V,1-D203电池室放电电池数据表.xlsx,DC7,2.058,第2组,DC7,8,8018.0,False,2.008,2.302,-0.8469301955127224,0,False,False,False,0.15881064965424502,1.2107499110939626,-7,-0.4226870231871138,0.4797286223386348,0.8069322288069914,-0.1562748178477798,1.0763127160481123,0.060072815533980584,7,False,0.6379647486574916,False,False
咸阳秦都西咸数据中心1号楼D301电力电池机房|2#开关电源蓄电池组|第2组|第2组单体9电池电压|1-D301电池室放电电池数据表.xlsx|DC2|DC2,陕西省,咸阳,中国移动西咸数据中心,咸阳秦都西咸数据中心1号楼站点,咸阳秦都西咸数据中心1号楼D301电力电池机房,铅酸电池,2#开关电源蓄电池组,单体XX电压,第2组单体9电池电压,2025-07-08T01:55:04,2.111,V,1-D301电池室放电电池数据表.xlsx,DC2,2.111,第2组,DC2,7,1301.0,False,2.008,2.231,0.123741136938192,0,False,False,False,0.15859509044400943,1.2415393173420475,7,-1.6404483058693433,-0.6664250693993568,0.39303602059461407,-0.14355738760620376,1.0763127160481123,0.060072815533980584,7,False,0.7469693899328096,False,False
咸阳秦都西咸数据中心1号楼D203电力电池机房|7#开关电源蓄电池组|第1组|第1组单体15电池电压|1-D203电池室放电电池数据表.xlsx|DC7|DC7,陕西省,咸阳,中国移动西咸数据中心,咸阳秦都西咸数据中心1号楼站点,咸阳秦都西咸数据中心1号楼D203电力电池机房,铅酸电池,7#开关电源蓄电池组,单体XX电压,第1组单体15电池电压,2025-07-11T02:14:28,2.059,V,1-D203电池室放电电池数据表.xlsx,DC7,2.059,第1组,DC7,8,8018.0,False,2.046,2.28,-0.7840841925685318,0,False,False,False,0.15853104076870958,1.119706030327769,-7,-0.9853329785175905,0.37643262969954994,0.784627680035854,-0.16116464317636936,1.0763127160481123,0.060072815533980584,7,False,0.658479339475884,False,False
咸阳秦都西咸数据中心1号楼D203电力电池机房|4#开关电源蓄电池组|第1组|第1组单体14电池电压|1-D203电池室放电电池数据表.xlsx|DC4|DC4,陕西省,咸阳,中国移动西咸数据中心,咸阳秦都西咸数据中心1号楼站点,咸阳秦都西咸数据中心1号楼D203电力电池机房,铅酸电池,4#开关电源蓄电池组,单体XX电压,第1组单体14电池电压,2025-07-11T01:38:12,2.375,V,1-D203电池室放电电池数据表.xlsx,DC4,2.375,第1组,DC4,10,7148.0,False,2.107,2.375,-0.7605114541394119,0,False,False,False,0.15836817890181165,1.2302645246504518,7,-0.7648668017173839,0.6173058993843072,0.8348922247140058,-0.21093652861078516,1.0763127160481123,0.060072815533980584,7,False,0.5275845212638708,False,False
咸阳秦都西咸数据中心1号楼D303电力电池机房|7#开关电源蓄电池组|第1组|第1组单体12电池电压|1-D303电池室放电电池数据表.xlsx|DC7|DC7,陕西省,咸阳,中国移动西咸数据中心,咸阳秦都西咸数据中心1号楼站点,咸阳秦都西咸数据中心1号楼D303电力电池机房,铅酸电池,7#开关电源蓄电池组,单体XX电压,第1组单体12电池电压,2025-07-10T02:55:33,2.115,V,1-D303电池室放电电池数据表.xlsx,DC7,2.115,第1组,DC7,9,10501.0,False,2.008,2.232,-0.9076465284682984,0,False,False,False,0.1583093432218176,1.5858382262791686,-1,-1.1638570448429026,0.4488769947238883,-1.2292172530997028,0.23537550718444353,1.0763127160481123,0.060072815533980584,7,False,0.7888848829668829,False,False
咸阳秦都西咸数据中心1号楼D303电力电池机房|7#开关电源蓄电池组|第1组|第1组单体17电池电压|1-D303电池室放电电池数据表.xlsx|DC7|DC7,陕西省,咸阳,中国移动西咸数据中心,咸阳秦都西咸数据中心1号楼站点,咸阳秦都西咸数据中心1号楼D303电力电池机房,铅酸电池,7#开关电源蓄电池组,单体XX电压,第1组单体17电池电压,2025-07-10T02:34:08,2.245,V,1-D303电池室放电电池数据表.xlsx,DC7,2.245,第1组,DC7,9,10501.0,False,2.038,2.272,-1.1459020567713203,0,False,False,False,0.15787746334046826,1.6909601943642165,-1,-0.9152282656462156,0.7253181763485923,-1.1218732332467864,0.2675759582684344,1.0763127160481123,0.060072815533980584,7,False,0.7698876699167874,False,False
咸阳秦都西咸数据中心1号楼J301电力电池机房|09#开关电源蓄电池组|第2组|第2组单体13电池电压|1-J301电池室放电电池数据表.xlsx|DC9|DC9,陕西省,咸阳,中国移动西咸数据中心,咸阳秦都西咸数据中心1号楼站点,咸阳秦都西咸数据中心1号楼J301电力电池机房,铅酸电池,09#开关电源蓄电池组,单体XX电压,第2组单体13电池电压,2025-07-09T02:13:29,2.001,V,1-J301电池室放电电池数据表.xlsx,DC9,2.001,第2组,DC9,8,1326.0,False,1.992,2.221,0.4175131783823059,0,False,False,False,0.1578442587145478,1.5223528560974715,7,-1.7880105646539883,-0.8102719043891544,0.29128848283957576,-0.30838355949659946,1.0763127160481123,0.060072815533980584,7,False,0.9333761743962743,True,False
咸阳秦都西咸数据中心1号楼J301电力电池机房|01#开关电源蓄电池组|第2组|第2组单体7电池电压|1-J301电池室放电电池数据表.xlsx|DC1|DC1,陕西省,咸阳,中国移动西咸数据中心,咸阳秦都西咸数据中心1号楼站点,咸阳秦都西咸数据中心1号楼J301电力电池机房,铅酸电池,01#开关电源蓄电池组,单体XX电压,第2组单体7电池电压,2025-07-09T00:06:06,1.912,V,1-J301电池室放电电池数据表.xlsx,DC1,1.912,第2组,DC1,11,3267.0,False,1.912,2.249,0.21592967014690717,0,False,False,False,0.15769762765374074,0.6843678232099506,-7,-0.7941310715852024,-0.1604401671134733,0.5240256951546185,0.010410494302777101,1.0763127160481123,0.060072815533980584,7,False,0.9987832941911943,True,False
咸阳秦都西咸数据中心1号楼D303电力电池机房|4#开关电源蓄电池组|第1组|第1组单体22电池电压|1-D303电池室放电电池数据表.xlsx|DC4|DC4,陕西省,咸阳,中国移动西咸数据中心,咸阳秦都西咸数据中心1号楼站点,咸阳秦都西咸数据中心1号楼D303电力电池机房,铅酸电池,4#开关电源蓄电池组,单体XX电压,第1组单体22电池电压,2025-07-10T01:42:06,2.031,V,1-D303电池室放电电池数据表.xlsx,DC4,2.031,第1组,DC4,8,6137.0,False,1.986,2.35,-1.0609734418184833,0,False,False,False,0.15754625713175457,1.8117475811300228,-7,0.40684171864405716,0.6010129481488111,0.9067429222469898,0.2193548510496435,1.0763127160481123,0.060072815533980584,7,False,0.992987814174132,True,False
咸阳秦都西咸数据中心1号楼D301电力电池机房|4#开关电源蓄电池组|第1组|第1组单体20电池电压|1-D301电池室放电电池数据表.xlsx|DC4|DC4,陕西省,咸阳,中国移动西咸数据中心,咸阳秦都西咸数据中心1号楼站点,咸阳秦都西咸数据中心1号楼D301电力电池机房,铅酸电池,4#开关电源蓄电池组,单体XX电压,第1组单体20电池电压,2025-07-08T01:55:26,2.066,V,1-D301电池室放电电池数据表.xlsx,DC4,2.066,第1组,DC4,6,1302.0,False,2.066,2.271,-0.6177065408607809,0,False,False,False,0.15730088037764192,1.9639384902742314,0,-1.4945170131038885,0.1920530585682,-1.7343691223716524,-0.07822967181949066,1.0763127160481123,0.060072815533980584,7,False,0.5284462112988061,False,False
咸阳秦都西咸数据中心1号楼D303电力电池机房|4#开关电源蓄电池组|第2组|第2组单体12电池电压|1-D303电池室放电电池数据表.xlsx|DC4|DC4,陕西省,咸阳,中国移动西咸数据中心,咸阳秦都西咸数据中心1号楼站点,咸阳秦都西咸数据中心1号楼D303电力电池机房,铅酸电池,4#开关电源蓄电池组,单体XX电压,第2组单体12电池电压,2025-07-10T01:20:52,2.004,V,1-D303电池室放电电池数据表.xlsx,DC4,2.004,第2组,DC4,7,6182.0,False,1.951,2.148,0.42028109311095646,0,False,False,False,0.15727140517905935,1.748631062540782,7,-2.1471269517070075,-0.7151295493590172,0.3521016525413747,-0.15757189468331043,1.0763127160481123,0.060072815533980584,7,False,0.6191392828248485,False,False
咸阳秦都西咸数据中心1号楼J301电力电池机房|09#开关电源蓄电池组|第2组|第2组单体1电池电压|1-J301电池室放电电池数据表.xlsx|DC9|DC9,陕西省,咸阳,中国移动西咸数据中心,咸阳秦都西咸数据中心1号楼站点,咸阳秦都西咸数据中心1号楼J301电力电池机房,铅酸电池,09#开关电源蓄电池组,单体XX电压,第2组单体1电池电压,2025-07-09T02:13:03,2.092,V,1-J301电池室放电电池数据表.xlsx,DC9,2.092,第2组,DC9,8,1247.0,False,1.994,2.293,0.20815618750823123,0,False,False,False,0.15716212976010369,1.0187594060135394,7,-0.9751535798054429,-0.8332782285636756,0.3725311773970746,0.20385350830752516,1.0763127160481123,0.060072815533980584,7,False,0.9987880451774321,True,False
咸阳秦都西咸数据中心1号楼D201电力电池机房|2#开关电源蓄电池组|第2组|第2组单体11电池电压|1-D201电池室放电电池数据表.xlsx|DC2|DC2,陕西省,咸阳,中国移动西咸数据中心,咸阳秦都西咸数据中心1号楼站点,咸阳秦都西咸数据中心1号楼D201电力电池机房,铅酸电池,2#开关电源蓄电池组,单体XX电压,第2组单体11电池电压,2025-07-08T00:28:07,2.075,V,1-D201电池室放电电池数据表.xlsx,DC2,2.075,第2组,DC2,6,1301.0,False,2.023,2.218,0.0059003454280607825,0,False,False,False,0.15661691996446947,1.3482944327623558,7,-1.8423950830277522,-0.5557005452967935,0.4701805529502746,0.009838050086269756,1.0763127160481123,0.060072815533980584,7,False,0.9502165436684906,True,False
咸阳秦都西咸数据中心1号楼D201电力电池机房|4#开关电源蓄电池组|第2组|第2组单体23电池电压|1-D201电池室放电电池数据表.xlsx|DC4|DC4,陕西省,咸阳,中国移动西咸数据中心,咸阳秦都西咸数据中心1号楼站点,咸阳秦都西咸数据中心1号楼D201电力电池机房,铅酸电池,4#开关电源蓄电池组,单体XX电压,第2组单体23电池电压,2025-07-08T01:09:41,2.028,V,1-D201电池室放电电池数据表.xlsx,DC4,2.028,第2组,DC4,8,1304.0,False,1.969,2.223,-0.0005314703262370157,0,False,False,False,0.15640209918864317,1.0918505808547,7,-1.190396946793991,-0.9117457871818164,0.37641663811424875,0.15604832729580834,1.0763127160481123,0.060072815533980584,7,False,0.9684745787862343,True,False
咸阳秦都西咸数据中心1号楼D203电力电池机房|7#开关电源蓄电池组|第1组|第1组单体12电池电压|1-D203电池室放电电池数据表.xlsx|DC7|DC7,陕西省,咸阳,中国移动西咸数据中心,咸阳秦都西咸数据中心1号楼站点,咸阳秦都西咸数据中心1号楼D203电力电池机房,铅酸电池,7#开关电源蓄电池组,单体XX电压,第1组单体12电池电压,2025-07-11T02:14:28,2.065,V,1-D203电池室放电电池数据表.xlsx,DC7,2.065,第1组,DC7,8,8018.0,False,2.044,2.267,-0.6903501983890996,0,False,False,False,0.15626753553890255,1.103134570656607,-7,-1.1735631851403259,0.30944667619514543,0.7439486974122581,-0.25244828733894864,1.0763127160481123,0.060072815533980584,7,False,0.6493770457619458,False,False
咸阳秦都西咸数据中心1号楼J301电力电池机房|03#开关电源蓄电池组|第2组|第2组单体21电池电压|1-J301电池室放电电池数据表.xlsx|DC3|DC3,陕西省,咸阳,中国移动西咸数据中心,咸阳秦都西咸数据中心1号楼站点,咸阳秦都西咸数据中心1号楼J301电力电池机房,铅酸电池,03#开关电源蓄电池组,单体XX电压,第2组单体21电池电压,2025-07-09T00:46:24,2.024,V,1-J301电池室放电电池数据表.xlsx,DC3,2.024,第2组,DC3,6,1531.0,True,1.932,2.229,0.3486556798576487,0,False,False,False,0.15612805214731465,0.9518975806193889,-7,-1.2050960787081446,-0.4403787448520833,0.40821710592535015,-0.18255971147113056,1.0763127160481123,0.060072815533980584,7,False,-0.8170179370411322,False,False
咸阳秦都西咸数据中心1号楼D203电力电池机房|3#开关电源蓄电池组|第2组|第2组单体7电池电压|1-D203电池室放电电池数据表.xlsx|DC3|DC3,陕西省,咸阳,中国移动西咸数据中心,咸阳秦都西咸数据中心1号楼站点,咸阳秦都西咸数据中心1号楼D203电力电池机房,铅酸电池,3#开关电源蓄电池组,单体XX电压,第2组单体7电池电压,2025-07-11T01:14:23,2.264,V,1-D203电池室放电电池数据表.xlsx,DC3,2.264,第2组,DC3,11,7151.0,False,2.013,2.279,-0.9184009602355707,0,False,False,False,0.1561163624474881,1.1059587827477428,7,-0.5244185446583542,0.22658747562950063,0.7588387945920353,-0.09034050497146626,1.0763127160481123,0.060072815533980584,7,False,0.9844908880404123,True,False
咸阳秦都西咸数据中心1号楼D303电力电池机房|5#开关电源蓄电池组|第2组|第2组单体19电池电压|1-D303电池室放电电池数据表.xlsx|DC5|DC5,陕西省,咸阳,中国移动西咸数据中心,咸阳秦都西咸数据中心1号楼站点,咸阳秦都西咸数据中心1号楼D303电力电池机房,铅酸电池,5#开关电源蓄电池组,单体XX电压,第2组单体19电池电压,2025-07-10T01:45:14,2.187,V,1-D303电池室放电电池数据表.xlsx,DC5,2.187,第2组,DC5,7,7572.0,False,2.017,2.212,-0.909846446460439,0,False,False,False,0.15592280490563531,1.676354331737016,-1,-1.4368609225455575,0.40096861716409016,-1.2403327718743142,0.20061010423741074,1.0763127160481123,0.060072815533980584,7,False,0.852385970643256,False,False
咸阳秦都西咸数据中心1号楼J301电力电池机房|07#开关电源蓄电池组|第2组|第2组单体7电池电压|1-J301电池室放电电池数据表.xlsx|DC7|DC7,陕西省,咸阳,中国移动西咸数据中心,咸阳秦都西咸数据中心1号楼站点,咸阳秦都西咸数据中心1号楼J301电力电池机房,铅酸电池,07#开关电源蓄电池组,单体XX电压,第2组单体7电池电压,2025-07-09T01:50:32,2.184,V,1-J301电池室放电电池数据表.xlsx,DC7,2.184,第2组,DC7,9,9859.0,False,1.984,2.232,-0.6930110166597634,0,False,False,False,0.1557772638906393,0.8745372010525837,7,-0.8775511926912907,0.010809745030249007,0.6619571848415583,-0.19182181546281662,1.0763127160481123,0.060072815533980584,7,False,0.9794997545856726,True,False
咸阳秦都西咸数据中心1号楼J301电力电池机房|07#开关电源蓄电池组|第2组|第2组单体16电池电压|1-J301电池室放电电池数据表.xlsx|DC7|DC7,陕西省,咸阳,中国移动西咸数据中心,咸阳秦都西咸数据中心1号楼站点,咸阳秦都西咸数据中心1号楼J301电力电池机房,铅酸电池,07#开关电源蓄电池组,单体XX电压,第2组单体16电池电压,2025-07-09T01:28:44,1.971,V,1-J301电池室放电电池数据表.xlsx,DC7,1.971,第2组,DC7,10,9859.0,False,1.897,2.235,-0.8887027342089118,0,False,False,False,0.1557415256300445,1.3328080951077208,7,0.21727814952453217,-0.08692699303254915,0.6576884916702904,-0.018518300012589542,1.0763127160481123,0.060072815533980584,7,False,0.9738001991224599,True,False
咸阳秦都西咸数据中心1号楼D203电力电池机房|4#开关电源蓄电池组|第2组|第2组单体7电池电压|1-D203电池室放电电池数据表.xlsx|DC4|DC4,陕西省,咸阳,中国移动西咸数据中心,咸阳秦都西咸数据中心1号楼站点,咸阳秦都西咸数据中心1号楼D203电力电池机房,铅酸电池,4#开关电源蓄电池组,单体XX电压,第2组单体7电池电压,2025-07-11T01:15:56,2.212,V,1-D203电池室放电电池数据表.xlsx,DC4,2.212,第2组,DC4,10,7148.0,False,2.016,2.255,-0.7597564308167439,0,False,False,False,0.155732181659111,0.9334726036232852,7,-0.8898222793759301,0.0436906090271226,0.7092459854569966,-0.013192572705260128,1.0763127160481123,0.060072815533980584,7,False,-0.010516224447048804,False,False
咸阳秦都西咸数据中心1号楼D303电力电池机房|1#开关电源蓄电池组|第1组|第1组单体11电池电压|1-D303电池室放电电池数据表.xlsx|DC1|DC1,陕西省,咸阳,中国移动西咸数据中心,咸阳秦都西咸数据中心1号楼站点,咸阳秦都西咸数据中心1号楼D303电力电池机房,铅酸电池,1#开关电源蓄电池组,单体XX电压,第1组单体11电池电压,2025-07-10T00:29:01,2.231,V,1-D303电池室放电电池数据表.xlsx,DC1,2.231,第1组,DC1,10,1739.0,False,1.958,2.231,0.4888370505235278,0,False,False,False,0.15550454273986672,1.3037549986564965,7,-1.4496477036827256,-0.7534126901542173,0.29042356424239973,-0.29536010969233334,1.0763127160481123,0.060072815533980584,7,False,0.8660626500307371,False,False
咸阳秦都西咸数据中心1号楼J301电力电池机房|07#开关电源蓄电池组|第2组|第2组单体1电池电压|1-J301电池室放电电池数据表.xlsx|DC7|DC7,陕西省,咸阳,中国移动西咸数据中心,咸阳秦都西咸数据中心1号楼站点,咸阳秦都西咸数据中心1号楼J301电力电池机房,铅酸电池,07#开关电源蓄电池组,单体XX电压,第2组单体1电池电压,2025-07-09T01:50:28,2.108,V,1-J301电池室放电电池数据表.xlsx,DC7,2.108,第2组,DC7,7,5476.0,True,1.976,2.237,0.2502444964022717,0,False,False,False,0.1553816544105967,1.2259234623883621,-7,-1.6184525559087752,0.11055263536799861,0.5593291904088198,-0.3567768985231617,1.0763127160481123,0.060072815533980584,7,False,-0.06937911172802538,False,False
咸阳秦都西咸数据中心1号楼J301电力电池机房|12#开关电源蓄电池组|第2组|第2组单体1电池电压|1-J301电池室放电电池数据表.xlsx|DC12|DC12,陕西省,咸阳,中国移动西咸数据中心,咸阳秦都西咸数据中心1号楼站点,咸阳秦都西咸数据中心1号楼J301电力电池机房,铅酸电池,12#开关电源蓄电池组,单体XX电压,第2组单体1电池电压,2025-07-08T02:41:05,1.96,V,1-J301电池室放电电池数据表.xlsx,DC12,1.96,第2组,DC12,7,1308.0,False,1.96,2.206,0.05926275559752292,0,False,False,False,0.1551746393299253,1.1414439876826978,7,-1.326733248705548,-0.8807659318009752,0.3736194578938177,0.11020360395055298,1.0763127160481123,0.060072815533980584,7,False,0.99140710376793,True,False
咸阳秦都西咸数据中心1号楼D201电力电池机房|2#开关电源蓄电池组|第2组|第2组单体2电池电压|1-D201电池室放电电池数据表.xlsx|DC2|DC2,陕西省,咸阳,中国移动西咸数据中心,咸阳秦都西咸数据中心1号楼站点,咸阳秦都西咸数据中心1号楼D201电力电池机房,铅酸电池,2#开关电源蓄电池组,单体XX电压,第2组单体2电池电压,2025-07-08T00:27:45,2.239,V,1-D201电池室放电电池数据表.xlsx,DC2,2.239,第2组,DC2,7,1319.0,False,1.991,2.239,0.1769860579337193,0,False,False,False,0.15516578677917972,1.1984621610638677,7,-1.4092675069428715,-0.865330493360253,0.3541241184484717,0.044804446054222596,1.0763127160481123,0.060072815533980584,7,False,0.9824922346321894,True,False
咸阳秦都西咸数据中心1号楼D203电力电池机房|1#开关电源蓄电池组|第2组|第2组单体1电池电压|1-D203电池室放电电池数据表.xlsx|DC1|DC1,陕西省,咸阳,中国移动西咸数据中心,咸阳秦都西咸数据中心1号楼站点,咸阳秦都西咸数据中心1号楼D203电力电池机房,铅酸电池,1#开关电源蓄电池组,单体XX电压,第2组单体1电池电压,2025-07-11T00:03:08,2.045,V,1-D203电池室放电电池数据表.xlsx,DC1,2.045,第2组,DC1,9,1473.0,False,2.045,2.261,-0.5384719436223,0,False,False,False,0.15493870796105005,1.6610912149015906,1,-1.387108839584795,0.04455761066661276,-1.4592574325374024,-0.22209022740847642,1.0763127160481123,0.060072815533980584,7,False,0.9954365720000379,True,False
咸阳秦都西咸数据中心1号楼D301电力电池机房|2#开关电源蓄电池组|第1组|第1组单体15电池电压|1-D301电池室放电电池数据表.xlsx|DC2|DC2,陕西省,咸阳,中国移动西咸数据中心,咸阳秦都西咸数据中心1号楼站点,咸阳秦都西咸数据中心1号楼D301电力电池机房,铅酸电池,2#开关电源蓄电池组,单体XX电压,第1组单体15电池电压,2025-07-08T01:55:27,2.132,V,1-D301电池室放电电池数据表.xlsx,DC2,2.132,第1组,DC2,8,1345.0,False,1.999,2.282,-0.4068170672196449,0,False,False,False,0.1549197467270191,1.9067811304821327,0,-0.8431992578371186,-0.1294753371836378,-1.8846423577319307,-0.16376588558364874,1.0763127160481123,0.060072815533980584,7,False,0.6096757413022993,False,False
咸阳秦都西咸数据中心1号楼D203电力电池机房|1#开关电源蓄电池组|第2组|第2组单体13电池电压|1-D203电池室放电电池数据表.xlsx|DC1|DC1,陕西省,咸阳,中国移动西咸数据中心,咸阳秦都西咸数据中心1号楼站点,咸阳秦都西咸数据中心1号楼D203电力电池机房,铅酸电池,1#开关电源蓄电池组,单体XX电压,第2组单体13电池电压,2025-07-11T00:03:17,2.039,V,1-D203电池室放电电池数据表.xlsx,DC1,2.039,第2组,DC1,10,1473.0,False,2.039,2.232,-0.4569932553782339,0,False,False,False,0.1546870232529956,1.8018504668678907,1,-1.6619427494966437,0.004409575039939079,-1.4819203573634239,-0.27361404708443493,1.0763127160481123,0.060072815533980584,7,False,0.9888648794188382,True,False
咸阳秦都西咸数据中心1号楼J301电力电池机房|02#开关电源蓄电池组|第2组|第2组单体4电池电压|1-J301电池室放电电池数据表.xlsx|DC2|DC2,陕西省,咸阳,中国移动西咸数据中心,咸阳秦都西咸数据中心1号楼站点,咸阳秦都西咸数据中心1号楼J301电力电池机房,铅酸电池,02#开关电源蓄电池组,单体XX电压,第2组单体4电池电压,2025-07-09T00:28:10,1.902,V,1-J301电池室放电电池数据表.xlsx,DC2,1.902,第2组,DC2,13,9785.0,False,1.855,2.344,-0.9587206849612742,0,False,False,False,0.15463491294311554,1.4092908241222535,7,-0.2526942197847759,0.5632862479727049,0.8915933780593925,0.16028978907026367,1.0763127160481123,0.060072815533980584,7,False,0.5996197902542463,False,False
咸阳秦都西咸数据中心1号楼J301电力电池机房|08#开关电源蓄电池组|第1组|第1组单体20电池电压|1-J301电池室放电电池数据表.xlsx|DC8|DC8,陕西省,咸阳,中国移动西咸数据中心,咸阳秦都西咸数据中心1号楼站点,咸阳秦都西咸数据中心1号楼J301电力电池机房,铅酸电池,08#开关电源蓄电池组,单体XX电压,第1组单体20电池电压,2025-07-09T02:12:37,2.055,V,1-J301电池室放电电池数据表.xlsx,DC8,2.055,第1组,DC8,11,9862.0,False,1.869,2.234,-1.023771992345076,0,False,False,False,0.15458224410119298,1.6713417353973368,7,0.5748366662146487,-0.08384921847099634,0.6748013626917085,0.0335702723264045,1.0763127160481123,0.060072815533980584,7,False,0.7428668580426244,False,False
咸阳秦都西咸数据中心1号楼J301电力电池机房|01#开关电源蓄电池组|第1组|第1组单体2电池电压|1-J301电池室放电电池数据表.xlsx|DC1|DC1,陕西省,咸阳,中国移动西咸数据中心,咸阳秦都西咸数据中心1号楼站点,咸阳秦都西咸数据中心1号楼J301电力电池机房,铅酸电池,01#开关电源蓄电池组,单体XX电压,第1组单体2电池电压,2025-07-09T00:27:07,2.139,V,1-J301电池室放电电池数据表.xlsx,DC1,2.139,第1组,DC1,10,3263.0,False,1.91,2.257,0.28371421469625063,0,False,False,False,0.15453848033655698,0.7255327601618977,-7,-0.7728726606199938,-0.06989040779800026,0.5136928807155026,-0.15155304252463628,1.0763127160481123,0.060072815533980584,7,False,0.9754532466348557,True,False
咸阳秦都西咸数据中心1号楼D203电力电池机房|7#开关电源蓄电池组|第1组|第1组单体14电池电压|1-D203电池室放电电池数据表.xlsx|DC7|DC7,陕西省,咸阳,中国移动西咸数据中心,咸阳秦都西咸数据中心1号楼站点,咸阳秦都西咸数据中心1号楼D203电力电池机房,铅酸电池,7#开关电源蓄电池组,单体XX电压,第1组单体14电池电压,2025-07-11T00:00:54,2.23,V,1-D203电池室放电电池数据表.xlsx,DC7,2.23,第1组,DC7,9,8080.0,False,2.055,2.242,-1.0566936843832249,0,False,False,False,0.15446067784771672,1.7547033238822811,-1,-1.4114909604202923,0.640258032258451,-1.1413743523660285,0.28145147966493356,1.0763127160481123,0.060072815533980584,7,False,0.7932259069898685,False,False
咸阳秦都西咸数据中心1号楼J301电力电池机房|07#开关电源蓄电池组|第2组|第2组单体9电池电压|1-J301电池室放电电池数据表.xlsx|DC7|DC7,陕西省,咸阳,中国移动西咸数据中心,咸阳秦都西咸数据中心1号楼站点,咸阳秦都西咸数据中心1号楼J301电力电池机房,铅酸电池,07#开关电源蓄电池组,单体XX电压,第2组单体9电池电压,2025-07-09T01:50:07,2.046,V,1-J301电池室放电电池数据表.xlsx,DC7,2.046,第2组,DC7,8,5476.0,True,1.979,2.224,0.14023901188699134,0,False,False,False,0.15422210842472003,1.2308601509662394,-7,-1.6759930694837841,0.12698806185831626,0.5945590842113702,-0.26741165125707245,1.0763127160481123,0.060072815533980584,7,False,-0.0679229209319503,False,False
咸阳秦都西咸数据中心1号楼D301电力电池机房|2#开关电源蓄电池组|第2组|第2组单体18电池电压|1-D301电池室放电电池数据表.xlsx|DC2|DC2,陕西省,咸阳,中国移动西咸数据中心,咸阳秦都西咸数据中心1号楼站点,咸阳秦都西咸数据中心1号楼D301电力电池机房,铅酸电池,2#开关电源蓄电池组,单体XX电压,第2组单体18电池电压,2025-07-08T01:54:51,2.084,V,1-D301电池室放电电池数据表.xlsx,DC2,2.084,第2组,DC2,7,1341.0,False,2.029,2.285,-0.43083314461810823,0,False,False,False,0.15411787055219575,1.916646364228854,0,-1.1082493125325563,-0.0006092902815260093,-1.8480881565274125,-0.2270913121439272,1.0763127160481123,0.060072815533980584,7,False,0.7910941968186441,False,False
咸阳秦都西咸数据中心2号楼J301电力电池机房|01#开关电源蓄电池组|第2组|第2组单体1电池电压|2-J301电池室放电电池数据表.xlsx|DC1|DC1,陕西省,咸阳,中国移动西咸数据中心,咸阳秦都西咸数据中心2号楼站点,咸阳秦都西咸数据中心2号楼J301电力电池机房,铅酸电池,01#开关电源蓄电池组,单体XX电压,第2组单体1电池电压,2025-07-11T03:14:25,2.122,V,2-J301电池室放电电池数据表.xlsx,DC1,2.122,第2组,DC1,8,1304.0,False,1.979,2.272,0.057063812346032416,0,False,False,False,0.1540006029497607,1.0532311145578956,7,-0.8804833357780308,-0.9241041275899815,0.38159822648456665,0.31045919406183553,1.0763127160481123,0.060072815533980584,7,False,0.9199930222817075,False,False
咸阳秦都西咸数据中心1号楼D303电力电池机房|5#开关电源蓄电池组|第1组|第1组单体21电池电压|1-D303电池室放电电池数据表.xlsx|DC5|DC5,陕西省,咸阳,中国移动西咸数据中心,咸阳秦都西咸数据中心1号楼站点,咸阳秦都西咸数据中心1号楼D303电力电池机房,铅酸电池,5#开关电源蓄电池组,单体XX电压,第1组单体21电池电压,2025-07-10T02:06:47,2.083,V,1-D303电池室放电电池数据表.xlsx,DC5,2.083,第1组,DC5,8,7572.0,False,1.977,2.197,-1.0110621428404074,0,False,False,False,0.1539886868281758,1.6021260835451114,-1,-1.090017214910354,0.34978526332833404,-1.239317021287791,0.2731819087704074,1.0763127160481123,0.060072815533980584,7,False,0.9002717150971036,False,False
咸阳秦都西咸数据中心1号楼D303电力电池机房|1#开关电源蓄电池组|第1组|第1组单体6电池电压|1-D303电池室放电电池数据表.xlsx|DC1|DC1,陕西省,咸阳,中国移动西咸数据中心,咸阳秦都西咸数据中心1号楼站点,咸阳秦都西咸数据中心1号楼D303电力电池机房,铅酸电池,1#开关电源蓄电池组,单体XX电压,第1组单体6电池电压,2025-07-10T00:00:02,2.255,V,1-D303电池室放电电池数据表.xlsx,DC1,2.255,第1组,DC1,8,1748.0,False,2.063,2.255,-0.5517620532724158,0,False,False,False,0.15351548060335216,1.7531760362355864,1,-1.653003487182765,0.21461676997823634,-1.3978261755092292,-0.19446303049236482,1.0763127160481123,0.060072815533980584,7,False,0.9671438679572447,True,False
咸阳秦都西咸数据中心1号楼D203电力电池机房|2#开关电源蓄电池组|第1组|第1组单体24电池电压|1-D203电池室放电电池数据表.xlsx|DC2|DC2,陕西省,咸阳,中国移动西咸数据中心,咸阳秦都西咸数据中心1号楼站点,咸阳秦都西咸数据中心1号楼D203电力电池机房,铅酸电池,2#开关电源蓄电池组,单体XX电压,第1组单体24电池电压,2025-07-11T00:25:38,2.079,V,1-D203电池室放电电池数据表.xlsx,DC2,2.079,第1组,DC2,8,3293.0,False,2.017,2.265,-0.7685436685907532,0,False,False,False,0.15335444259886452,0.8988132026214575,7,-0.7631092746214218,-0.054253894311076606,0.6841639089203595,0.016547882939177694,1.0763127160481123,0.060072815533980584,7,False,0.8514120889866971,False,False
咸阳秦都西咸数据中心2号楼J301电力电池机房|01#开关电源蓄电池组|第2组|第2组单体21电池电压|2-J301电池室放电电池数据表.xlsx|DC1|DC1,陕西省,咸阳,中国移动西咸数据中心,咸阳秦都西咸数据中心2号楼站点,咸阳秦都西咸数据中心2号楼J301电力电池机房,铅酸电池,01#开关电源蓄电池组,单体XX电压,第2组单体21电池电压,2025-07-11T02:53:00,2.022,V,2-J301电池室放电电池数据表.xlsx,DC1,2.022,第2组,DC1,7,1294.0,False,1.96,2.221,0.11843481605312955,0,False,False,False,0.15327792576620541,1.2583803571960583,7,-1.222034328242183,-1.022107380687588,0.3641183747200938,0.36339653744578704,1.0763127160481123,0.060072815533980584,7,False,0.9199014760412322,False,False
咸阳秦都西咸数据中心1号楼J301电力电池机房|13#开关电源蓄电池组|第2组|第2组单体16电池电压|1-J301电池室放电电池数据表.xlsx|DC13|DC13,陕西省,咸阳,中国移动西咸数据中心,咸阳秦都西咸数据中心1号楼站点,咸阳秦都西咸数据中心1号楼J301电力电池机房,铅酸电池,13#开关电源蓄电池组,单体XX电压,第2组单体16电池电压,2025-07-08T03:21:10,2.175,V,1-J301电池室放电电池数据表.xlsx,DC13,2.175,第2组,DC13,8,1683.0,False,1.963,2.23,0.4413193678637694,0,False,False,False,0.15325819858981513,1.3032777989269468,7,-1.4502066141729146,-0.7852687146890487,0.2830151732463245,-0.3248318955384162,1.0763127160481123,0.060072815533980584,7,False,0.7306240085697927,False,False
咸阳秦都西咸数据中心1号楼J301电力电池机房|01#开关电源蓄电池组|第2组|第2组单体21电池电压|1-J301电池室放电电池数据表.xlsx|DC1|DC1,陕西省,咸阳,中国移动西咸数据中心,咸阳秦都西咸数据中心1号楼站点,咸阳秦都西咸数据中心1号楼J301电力电池机房,铅酸电池,01#开关电源蓄电池组,单体XX电压,第2组单体21电池电压,2025-07-09T00:27:51,2.177,V,1-J301电池室放电电池数据表.xlsx,DC1,2.177,第2组,DC1,11,3267.0,False,1.889,2.238,0.2303481465612603,0,False,False,False,0.15325226958518023,0.6787150174057606,-7,-0.6639293798330167,-0.20274281313292725,0.49419461057879244,-0.06622724341063543,1.0763127160481123,0.060072815533980584,7,False,0.9958967325716112,True,False
咸阳秦都西咸数据中心1号楼D303电力电池机房|7#开关电源蓄电池组|第1组|第1组单体16电池电压|1-D303电池室放电电池数据表.xlsx|DC7|DC7,陕西省,咸阳,中国移动西咸数据中心,咸阳秦都西咸数据中心1号楼站点,咸阳秦都西咸数据中心1号楼D303电力电池机房,铅酸电池,7#开关电源蓄电池组,单体XX电压,第1组单体16电池电压,2025-07-10T02:34:12,2.12,V,1-D303电池室放电电池数据表.xlsx,DC7,2.12,第1组,DC7,8,10536.0,False,2.049,2.229,-0.9661019599429894,0,False,False,False,0.15309796366603626,1.753004947838267,-1,-1.532727907771088,0.5299934378031519,-1.177718147380647,0.30117080093989057,1.0763127160481123,0.060072815533980584,7,False,0.7928072421785298,False,False
咸阳秦都西咸数据中心1号楼D201电力电池机房|1#开关电源蓄电池组|第2组|第2组单体10电池电压|1-D201电池室放电电池数据表.xlsx|DC1|DC1,陕西省,咸阳,中国移动西咸数据中心,咸阳秦都西咸数据中心1号楼站点,咸阳秦都西咸数据中心1号楼D201电力电池机房,铅酸电池,1#开关电源蓄电池组,单体XX电压,第2组单体10电池电压,2025-07-08T00:27:45,1.961,V,1-D201电池室放电电池数据表.xlsx,DC1,1.961,第2组,DC1,6,1296.0,False,1.961,2.215,0.2073884467896278,0,False,False,False,0.15285803154619895,1.3127714946143954,7,-1.3832261596147357,-0.9744651123679805,0.364262557189858,0.3263486309871666,1.0763127160481123,0.060072815533980584,7,False,0.9961170473066936,True,False
咸阳秦都西咸数据中心1号楼J301电力电池机房|09#开关电源蓄电池组|第1组|第1组单体24电池电压|1-J301电池室放电电池数据表.xlsx|DC9|DC9,陕西省,咸阳,中国移动西咸数据中心,咸阳秦都西咸数据中心1号楼站点,咸阳秦都西咸数据中心1号楼J301电力电池机房,铅酸电池,09#开关电源蓄电池组,单体XX电压,第1组单体24电池电压,2025-07-09T02:33:32,2.133,V,1-J301电池室放电电池数据表.xlsx,DC9,2.133,第1组,DC9,8,1247.0,False,2.021,2.205,0.15598231630419646,0,False,False,False,0.1525805807749057,1.583109713888587,7,-2.016438421613664,-0.756757075500379,0.38239764451521474,-0.09143447718458406,1.0763127160481123,0.060072815533980584,7,False,0.9294423645276235,True,False
咸阳秦都西咸数据中心1号楼J301电力电池机房|08#开关电源蓄电池组|第1组|第1组单体1电池电压|1-J301电池室放电电池数据表.xlsx|DC8|DC8,陕西省,咸阳,中国移动西咸数据中心,咸阳秦都西咸数据中心1号楼站点,咸阳秦都西咸数据中心1号楼J301电力电池机房,铅酸电池,08#开关电源蓄电池组,单体XX电压,第1组单体1电池电压,2025-07-09T01:51:07,2.036,V,1-J301电池室放电电池数据表.xlsx,DC8,2.036,第1组,DC8,11,9862.0,False,1.866,2.226,-0.9394428730833408,0,False,False,False,0.1525138003799799,1.5237805205125219,7,0.44330692927611204,-0.16183959054242758,0.6497604953564506,0.06024837328895297,1.0763127160481123,0.060072815533980584,7,False,0.7539465817002168,False,False
咸阳秦都西咸数据中心1号楼D303电力电池机房|4#开关电源蓄电池组|第2组|第2组单体8电池电压|1-D303电池室放电电池数据表.xlsx|DC4|DC4,陕西省,咸阳,中国移动西咸数据中心,咸阳秦都西咸数据中心1号楼站点,咸阳秦都西咸数据中心1号楼D303电力电池机房,铅酸电池,4#开关电源蓄电池组,单体XX电压,第2组单体8电池电压,2025-07-10T01:42:06,1.998,V,1-D303电池室放电电池数据表.xlsx,DC4,1.998,第2组,DC4,7,6137.0,False,1.963,2.17,0.3788139541095991,0,False,False,False,0.15234137559895808,1.6112064225751288,7,-2.039978049889752,-0.5931574933340588,0.38449132587169416,-0.18433507950280964,1.0763127160481123,0.060072815533980584,7,False,0.6267382954735311,False,False
咸阳秦都西咸数据中心1号楼D301电力电池机房|2#开关电源蓄电池组|第2组|第2组单体7电池电压|1-D301电池室放电电池数据表.xlsx|DC2|DC2,陕西省,咸阳,中国移动西咸数据中心,咸阳秦都西咸数据中心1号楼站点,咸阳秦都西咸数据中心1号楼D301电力电池机房,铅酸电池,2#开关电源蓄电池组,单体XX电压,第2组单体7电池电压,2025-07-08T01:55:09,2.24,V,1-D301电池室放电电池数据表.xlsx,DC2,2.24,第2组,DC2,8,1301.0,False,2.031,2.24,0.11488714374834941,0,False,False,False,0.15214956922190603,1.335841720376103,7,-1.7732875398130261,-0.652170545135475,0.41532698460540846,-0.06076190334318818,1.0763127160481123,0.060072815533980584,7,False,0.662497331579031,False,False
咸阳秦都西咸数据中心1号楼D203电力电池机房|8#开关电源蓄电池组|第1组|第1组单体12电池电压|1-D203电池室放电电池数据表.xlsx|DC8|DC8,陕西省,咸阳,中国移动西咸数据中心,咸阳秦都西咸数据中心1号楼站点,咸阳秦都西咸数据中心1号楼D203电力电池机房,铅酸电池,8#开关电源蓄电池组,单体XX电压,第1组单体12电池电压,2025-07-11T02:16:31,2.118,V,1-D203电池室放电电池数据表.xlsx,DC8,2.118,第1组,DC8,8,9501.0,False,2.055,2.243,-0.815210743219128,0,False,False,False,0.15208699873233122,1.7136247925282393,-1,-1.5656030034639863,0.4898344862325221,-1.2277952705478166,0.17891791311930358,1.0763127160481123,0.060072815533980584,7,False,0.9190075008631563,False,False
咸阳秦都西咸数据中心2号楼J301电力电池机房|01#开关电源蓄电池组|第2组|第2组单体5电池电压|2-J301电池室放电电池数据表.xlsx|DC1|DC1,陕西省,咸阳,中国移动西咸数据中心,咸阳秦都西咸数据中心2号楼站点,咸阳秦都西咸数据中心2号楼J301电力电池机房,铅酸电池,01#开关电源蓄电池组,单体XX电压,第2组单体5电池电压,2025-07-11T02:52:55,2.102,V,2-J301电池室放电电池数据表.xlsx,DC1,2.102,第2组,DC1,8,1612.0,False,1.963,2.187,0.40230725284660324,0,False,False,False,0.15183676847614758,1.5354265072128968,7,-1.8371833666500426,-0.8114887832121765,0.31678477093151347,-0.1695767919186537,1.0763127160481123,0.060072815533980584,7,False,0.6435397004661032,False,False
咸阳秦都西咸数据中心1号楼D303电力电池机房|5#开关电源蓄电池组|第1组|第1组单体18电池电压|1-D303电池室放电电池数据表.xlsx|DC5|DC5,陕西省,咸阳,中国移动西咸数据中心,咸阳秦都西咸数据中心1号楼站点,咸阳秦都西咸数据中心1号楼D303电力电池机房,铅酸电池,5#开关电源蓄电池组,单体XX电压,第1组单体18电池电压,2025-07-10T02:06:56,2.069,V,1-D303电池室放电电池数据表.xlsx,DC5,2.069,第1组,DC5,10,8018.0,False,1.985,2.218,-1.0000534255513036,0,False,False,False,0.15176163676612844,1.5813181777801237,1,-0.961920535133604,0.4166725005681675,-1.2171066728297646,0.32565569941877226,1.0763127160481123,0.060072815533980584,7,False,0.9385393218882745,True,False
咸阳秦都西咸数据中心1号楼J301电力电池机房|09#开关电源蓄电池组|第2组|第2组单体20电池电压|1-J301电池室放电电池数据表.xlsx|DC9|DC9,陕西省,咸阳,中国移动西咸数据中心,咸阳秦都西咸数据中心1号楼站点,咸阳秦都西咸数据中心1号楼J301电力电池机房,铅酸电池,09#开关电源蓄电池组,单体XX电压,第2组单体20电池电压,2025-07-09T02:12:28,2.209,V,1-J301电池室放电电池数据表.xlsx,DC9,2.209,第2组,DC9,8,1290.0,False,1.992,2.209,0.3165453943925585,0,False,False,False,0.15157692553731206,1.5110286943898354,7,-1.8048470741170115,-0.8644316253686875,0.30597743408556266,-0.20902873254745413,1.0763127160481123,0.060072815533980584,7,False,0.983828645806218,True,False
咸阳秦都西咸数据中心1号楼D303电力电池机房|4#开关电源蓄电池组|第2组|第2组单体20电池电压|1-D303电池室放电电池数据表.xlsx|DC4|DC4,陕西省,咸阳,中国移动西咸数据中心,咸阳秦都西咸数据中心1号楼站点,咸阳秦都西咸数据中心1号楼D303电力电池机房,铅酸电池,4#开关电源蓄电池组,单体XX电压,第2组单体20电池电压,2025-07-10T01:20:23,2.19,V,1-D303电池室放电电池数据表.xlsx,DC4,2.19,第2组,DC4,8,6182.0,False,1.969,2.204,-1.1061310141557696,0,False,False,False,0.15077858120863477,1.6190890603720902,-1,-0.8355984491169876,0.3107871618797189,-1.2231108298686988,0.4075178299050557,1.0763127160481123,0.060072815533980584,7,False,0.7349936305136993,False,False
咸阳秦都西咸数据中心1号楼D203电力电池机房|1#开关电源蓄电池组|第1组|第1组单体13电池电压|1-D203电池室放电电池数据表.xlsx|DC1|DC1,陕西省,咸阳,中国移动西咸数据中心,咸阳秦都西咸数据中心1号楼站点,咸阳秦都西咸数据中心1号楼D203电力电池机房,铅酸电池,1#开关电源蓄电池组,单体XX电压,第1组单体13电池电压,2025-07-11T00:03:08,2.038,V,1-D203电池室放电电池数据表.xlsx,DC1,2.038,第1组,DC1,10,1469.0,False,2.038,2.278,-0.6764730754815724,0,False,False,False,0.15072068767884328,1.889211862237816,0,-1.068555768580741,0.09858105653309093,-1.7799473258804412,-0.1719240236407384,1.0763127160481123,0.060072815533980584,7,False,0.971223384870841,True,False
咸阳秦都西咸数据中心1号楼D203电力电池机房|7#开关电源蓄电池组|第1组|第1组单体20电池电压|1-D203电池室放电电池数据表.xlsx|DC7|DC7,陕西省,咸阳,中国移动西咸数据中心,咸阳秦都西咸数据中心1号楼站点,咸阳秦都西咸数据中心1号楼D203电力电池机房,铅酸电池,7#开关电源蓄电池组,单体XX电压,第1组单体20电池电压,2025-07-11T02:14:28,2.051,V,1-D203电池室放电电池数据表.xlsx,DC7,2.051,第1组,DC7,8,8097.0,False,2.044,2.259,-0.9277547045964019,0,False,False,False,0.150335863198505,1.610413291725206,-1,-1.2117298686480407,0.48723981326531485,-1.2144502956105132,0.2353369519583878,1.0763127160481123,0.060072815533980584,7,False,0.7942328882109386,False,False
咸阳秦都西咸数据中心1号楼J301电力电池机房|08#开关电源蓄电池组|第2组|第2组单体15电池电压|1-J301电池室放电电池数据表.xlsx|DC8|DC8,陕西省,咸阳,中国移动西咸数据中心,咸阳秦都西咸数据中心1号楼站点,咸阳秦都西咸数据中心1号楼J301电力电池机房,铅酸电池,08#开关电源蓄电池组,单体XX电压,第2组单体15电池电压,2025-07-09T00:15:41,2.184,V,1-J301电池室放电电池数据表.xlsx,DC8,2.184,第2组,DC8,11,9862.0,False,1.896,2.228,-0.9465904461799,0,False,False,False,0.15032868481550155,1.303146678805129,7,0.08718443426567124,-0.09486872008591944,0.6911173552957252,0.13205926055408004,1.0763127160481123,0.060072815533980584,7,False,0.866628216143106,False,False
咸阳秦都西咸数据中心1号楼J301电力电池机房|03#开关电源蓄电池组|第2组|第2组单体7电池电压|1-J301电池室放电电池数据表.xlsx|DC3|DC3,陕西省,咸阳,中国移动西咸数据中心,咸阳秦都西咸数据中心1号楼站点,咸阳秦都西咸数据中心1号楼J301电力电池机房,铅酸电池,03#开关电源蓄电池组,单体XX电压,第2组单体7电池电压,2025-07-09T00:46:54,2.203,V,1-J301电池室放电电池数据表.xlsx,DC3,2.203,第2组,DC3,6,2224.0,True,1.935,2.257,0.2286181831487763,0,False,False,False,0.1503109977220905,0.7238188331125902,-7,-0.9392650208484816,-0.12428084658177527,0.5247599811835754,-0.06264243544092327,1.0763127160481123,0.060072815533980584,7,False,-0.6384637319740228,False,False
咸阳秦都西咸数据中心1号楼J301电力电池机房|07#开关电源蓄电池组|第2组|第2组单体19电池电压|1-J301电池室放电电池数据表.xlsx|DC7|DC7,陕西省,咸阳,中国移动西咸数据中心,咸阳秦都西咸数据中心1号楼站点,咸阳秦都西咸数据中心1号楼J301电力电池机房,铅酸电池,07#开关电源蓄电池组,单体XX电压,第2组单体19电池电压,2025-07-09T01:28:44,2.036,V,1-J301电池室放电电池数据表.xlsx,DC7,2.036,第2组,DC7,9,9859.0,False,1.974,2.223,-0.6862913640331881,0,False,False,False,0.1502981882279424,0.841074099206334,7,-0.8293721860428738,-0.05725080023001847,0.6468663499554934,-0.15312718412540122,1.0763127160481123,0.060072815533980584,7,False,0.9779856730093832,True,False
咸阳秦都西咸数据中心1号楼D203电力电池机房|1#开关电源蓄电池组|第2组|第2组单体15电池电压|1-D203电池室放电电池数据表.xlsx|DC1|DC1,陕西省,咸阳,中国移动西咸数据中心,咸阳秦都西咸数据中心1号楼站点,咸阳秦都西咸数据中心1号楼D203电力电池机房,铅酸电池,1#开关电源蓄电池组,单体XX电压,第2组单体15电池电压,2025-07-11T00:02:51,2.057,V,1-D203电池室放电电池数据表.xlsx,DC1,2.057,第2组,DC1,7,1469.0,False,2.057,2.232,0.13787344198175266,0,False,False,False,0.15020725648528616,1.6549618168503537,7,-2.1644102130363985,-0.33868425692057336,0.44780279697306824,-0.4532599596211072,1.0763127160481123,0.060072815533980584,7,False,0.6543728874644205,False,False
咸阳秦都西咸数据中心1号楼D303电力电池机房|7#开关电源蓄电池组|第2组|第2组单体12电池电压|1-D303电池室放电电池数据表.xlsx|DC7|DC7,陕西省,咸阳,中国移动西咸数据中心,咸阳秦都西咸数据中心1号楼站点,咸阳秦都西咸数据中心1号楼D303电力电池机房,铅酸电池,7#开关电源蓄电池组,单体XX电压,第2组单体12电池电压,2025-07-10T02:34:08,2.193,V,1-D303电池室放电电池数据表.xlsx,DC7,2.193,第2组,DC7,8,10501.0,False,2.056,2.248,-0.8954132583974177,0,False,False,False,0.15013880969994267,1.7180259045618715,-1,-1.5045460525604644,0.5384057483425987,-1.1850915909767836,0.3036784475900496,1.0763127160481123,0.060072815533980584,7,False,0.801415402276895,False,False
咸阳秦都西咸数据中心1号楼D203电力电池机房|8#开关电源蓄电池组|第2组|第2组单体22电池电压|1-D203电池室放电电池数据表.xlsx|DC8|DC8,陕西省,咸阳,中国移动西咸数据中心,咸阳秦都西咸数据中心1号楼站点,咸阳秦都西咸数据中心1号楼D203电力电池机房,铅酸电池,8#开关电源蓄电池组,单体XX电压,第2组单体22电池电压,2025-07-11T02:00:01,2.241,V,1-D203电池室放电电池数据表.xlsx,DC8,2.241,第2组,DC8,10,9501.0,False,2.005,2.25,-1.225676268842758,0,False,False,False,0.1499587593415581,1.7135537637223666,-1,-0.7263620482787125,0.6814801419150016,-1.120147671490178,0.3218946309541263,1.0763127160481123,0.060072815533980584,7,False,0.8562939714748563,False,False
咸阳秦都西咸数据中心1号楼D203电力电池机房|1#开关电源蓄电池组|第2组|第2组单体19电池电压|1-D203电池室放电电池数据表.xlsx|DC1|DC1,陕西省,咸阳,中国移动西咸数据中心,咸阳秦都西咸数据中心1号楼站点,咸阳秦都西咸数据中心1号楼D203电力电池机房,铅酸电池,1#开关电源蓄电池组,单体XX电压,第2组单体19电池电压,2025-07-11T00:03:08,2.045,V,1-D203电池室放电电池数据表.xlsx,DC1,2.045,第2组,DC1,9,1487.0,False,2.045,2.23,-0.5175317425435059,0,False,False,False,0.1497590210327221,1.8106409768315697,1,-1.7183622902636988,0.09136487539043456,-1.44279713204961,-0.24194378081898613,1.0763127160481123,0.060072815533980584,7,False,0.9742063589392245,True,False
咸阳秦都西咸数据中心1号楼D203电力电池机房|7#开关电源蓄电池组|第2组|第2组单体9电池电压|1-D203电池室放电电池数据表.xlsx|DC7|DC7,陕西省,咸阳,中国移动西咸数据中心,咸阳秦都西咸数据中心1号楼站点,咸阳秦都西咸数据中心1号楼D203电力电池机房,铅酸电池,7#开关电源蓄电池组,单体XX电压,第2组单体9电池电压,2025-07-11T01:54:13,2.076,V,1-D203电池室放电电池数据表.xlsx,DC7,2.076,第2组,DC7,9,8053.0,False,2.022,2.244,-0.6875399639292366,0,False,False,False,0.1495067642164289,1.0368037337668665,-7,-1.1721549147974737,0.18848011095888237,0.7413125226653492,-0.05620560720014814,1.0763127160481123,0.060072815533980584,7,False,0.6608844732626935,False,False
咸阳秦都西咸数据中心1号楼D203电力电池机房|7#开关电源蓄电池组|第1组|第1组单体6电池电压|1-D203电池室放电电池数据表.xlsx|DC7|DC7,陕西省,咸阳,中国移动西咸数据中心,咸阳秦都西咸数据中心1号楼站点,咸阳秦都西咸数据中心1号楼D203电力电池机房,铅酸电池,7#开关电源蓄电池组,单体XX电压,第1组单体6电池电压,2025-07-11T00:00:54,2.203,V,1-D203电池室放电电池数据表.xlsx,DC7,2.203,第1组,DC7,7,8018.0,False,2.048,2.228,-0.8036647446710923,0,False,False,False,0.14943356152335327,1.7553588353821123,-1,-1.657752484344586,0.4292521281481343,-1.2586611411066773,0.08666162477927794,1.0763127160481123,0.060072815533980584,7,False,0.7815868316535839,False,False
咸阳秦都西咸数据中心1号楼D301电力电池机房|2#开关电源蓄电池组|第2组|第2组单体20电池电压|1-D301电池室放电电池数据表.xlsx|DC2|DC2,陕西省,咸阳,中国移动西咸数据中心,咸阳秦都西咸数据中心1号楼站点,咸阳秦都西咸数据中心1号楼D301电力电池机房,铅酸电池,2#开关电源蓄电池组,单体XX电压,第2组单体20电池电压,2025-07-08T01:34:08,2.062,V,1-D301电池室放电电池数据表.xlsx,DC2,2.062,第2组,DC2,7,1301.0,False,2.011,2.272,-0.5123259670226428,0,False,False,False,0.1494221424023332,1.9078781065182702,0,-0.9493990002825816,-0.16510230559737238,-1.8638301946438864,-0.07794796115065102,1.0763127160481123,0.060072815533980584,7,False,0.8428084930003406,False,False
咸阳秦都西咸数据中心1号楼D301电力电池机房|2#开关电源蓄电池组|第2组|第2组单体3电池电压|1-D301电池室放电电池数据表.xlsx|DC2|DC2,陕西省,咸阳,中国移动西咸数据中心,咸阳秦都西咸数据中心1号楼站点,咸阳秦都西咸数据中心1号楼D301电力电池机房,铅酸电池,2#开关电源蓄电池组,单体XX电压,第2组单体3电池电压,2025-07-08T01:55:09,2.271,V,1-D301电池室放电电池数据表.xlsx,DC2,2.271,第2组,DC2,7,1301.0,False,2.031,2.275,-0.6937869966543668,0,False,False,False,0.14928416084310456,1.9041368077045933,0,-0.9859765169640317,0.004925962898687519,-1.8090441700211808,-0.1890936987810144,1.0763127160481123,0.060072815533980584,7,False,0.7665294269054548,False,False
咸阳秦都西咸数据中心1号楼J301电力电池机房|01#开关电源蓄电池组|第2组|第2组单体12电池电压|1-J301电池室放电电池数据表.xlsx|DC1|DC1,陕西省,咸阳,中国移动西咸数据中心,咸阳秦都西咸数据中心1号楼站点,咸阳秦都西咸数据中心1号楼J301电力电池机房,铅酸电池,01#开关电源蓄电池组,单体XX电压,第2组单体12电池电压,2025-07-09T00:14:32,1.915,V,1-J301电池室放电电池数据表.xlsx,DC1,1.915,第2组,DC1,9,3258.0,True,1.914,2.247,0.2392797745442437,0,False,False,False,0.14923844717192397,0.6991893139865425,-7,-0.8100854592083006,-0.20749041697547332,0.4797487368204498,-0.1653883892564403,1.0763127160481123,0.060072815533980584,7,False,0.999752617626945,True,False
咸阳秦都西咸数据中心1号楼J301电力电池机房|06#开关电源蓄电池组|第2组|第2组单体13电池电压|1-J301电池室放电电池数据表.xlsx|DC6|DC6,陕西省,咸阳,中国移动西咸数据中心,咸阳秦都西咸数据中心1号楼站点,咸阳秦都西咸数据中心1号楼J301电力电池机房,铅酸电池,06#开关电源蓄电池组,单体XX电压,第2组单体13电池电压,2025-07-09T01:12:22,2.195,V,1-J301电池室放电电池数据表.xlsx,DC6,2.195,第2组,DC6,14,9928.0,False,1.792,2.197,-0.9723060028888055,0,False,False,False,0.14897585377288075,1.3520620635941205,7,0.16724782410993,-0.15213464496236287,0.663084091249959,0.05098554279844947,1.0763127160481123,0.060072815533980584,7,False,0.772445959420187,False,False
咸阳秦都西咸数据中心1号楼D301电力电池机房|2#开关电源蓄电池组|第2组|第2组单体1电池电压|1-D301电池室放电电池数据表.xlsx|DC2|DC2,陕西省,咸阳,中国移动西咸数据中心,咸阳秦都西咸数据中心1号楼站点,咸阳秦都西咸数据中心1号楼D301电力电池机房,铅酸电池,2#开关电源蓄电池组,单体XX电压,第2组单体1电池电压,2025-07-08T01:55:04,2.139,V,1-D301电池室放电电池数据表.xlsx,DC2,2.139,第2组,DC2,7,1301.0,False,2.032,2.269,-0.5831724360530456,0,False,False,False,0.14879080547224227,1.9116708459471459,0,-1.1584836467332036,-0.0031717122314237622,-1.813793987436823,-0.14388785309764762,1.0763127160481123,0.060072815533980584,7,False,0.7902572127981398,False,False
咸阳秦都西咸数据中心1号楼D203电力电池机房|3#开关电源蓄电池组|第2组|第2组单体4电池电压|1-D203电池室放电电池数据表.xlsx|DC3|DC3,陕西省,咸阳,中国移动西咸数据中心,咸阳秦都西咸数据中心1号楼站点,咸阳秦都西咸数据中心1号楼D203电力电池机房,铅酸电池,3#开关电源蓄电池组,单体XX电压,第2组单体4电池电压,2025-07-11T01:13:17,2.119,V,1-D203电池室放电电池数据表.xlsx,DC3,2.119,第2组,DC3,10,7151.0,False,1.973,2.246,-0.7602465811456505,0,False,False,False,0.14872108269396975,0.9068689953889854,7,-0.5389328905463762,-0.055123146329496164,0.6822138791330512,0.05170526462050798,1.0763127160481123,0.060072815533980584,7,False,0.9802446784863772,True,False
咸阳秦都西咸数据中心1号楼D303电力电池机房|7#开关电源蓄电池组|第1组|第1组单体24电池电压|1-D303电池室放电电池数据表.xlsx|DC7|DC7,陕西省,咸阳,中国移动西咸数据中心,咸阳秦都西咸数据中心1号楼站点,咸阳秦都西咸数据中心1号楼D303电力电池机房,铅酸电池,7#开关电源蓄电池组,单体XX电压,第1组单体24电池电压,2025-07-10T02:29:11,2.222,V,1-D303电池室放电电池数据表.xlsx,DC7,2.222,第1组,DC7,8,10501.0,False,2.074,2.27,-0.9111113201094099,0,False,False,False,0.14834456882541455,1.734730244038815,-1,-1.4738155463345866,0.6875052353799933,-1.1594893024466786,0.19565696961336357,1.0763127160481123,0.060072815533980584,7,False,0.806887206702196,False,False
咸阳秦都西咸数据中心1号楼D301电力电池机房|2#开关电源蓄电池组|第1组|第1组单体9电池电压|1-D301电池室放电电池数据表.xlsx|DC2|DC2,陕西省,咸阳,中国移动西咸数据中心,咸阳秦都西咸数据中心1号楼站点,咸阳秦都西咸数据中心1号楼D301电力电池机房,铅酸电池,2#开关电源蓄电池组,单体XX电压,第1组单体9电池电压,2025-07-08T01:33:28,2.303,V,1-D301电池室放电电池数据表.xlsx,DC2,2.303,第1组,DC2,9,1341.0,False,2.041,2.303,-0.45563861561955143,0,False,False,False,0.14816226489708628,1.865692587730584,0,-1.0529710188621015,0.0529827246636379,-1.8123982919317658,-0.11011449177999051,1.0763127160481123,0.060072815533980584,7,False,0.6167034915529039,False,False
咸阳秦都西咸数据中心1号楼D303电力电池机房|3#开关电源蓄电池组|第1组|第1组单体24电池电压|1-D303电池室放电电池数据表.xlsx|DC3|DC3,陕西省,咸阳,中国移动西咸数据中心,咸阳秦都西咸数据中心1号楼站点,咸阳秦都西咸数据中心1号楼D303电力电池机房,铅酸电池,3#开关电源蓄电池组,单体XX电压,第1组单体24电池电压,2025-07-10T01:18:58,2.189,V,1-D303电池室放电电池数据表.xlsx,DC3,2.189,第1组,DC3,9,4784.0,False,2.008,2.298,-0.9709895545879443,0,False,False,False,0.14781748640224684,1.234779297359374,-7,-0.2831822510083888,0.26827014174579633,0.7960133821925806,0.0660548161112795,1.0763127160481123,0.060072815533980584,7,False,0.8520510440922185,False,False
咸阳秦都西咸数据中心1号楼J301电力电池机房|09#开关电源蓄电池组|第1组|第1组单体20电池电压|1-J301电池室放电电池数据表.xlsx|DC9|DC9,陕西省,咸阳,中国移动西咸数据中心,咸阳秦都西咸数据中心1号楼站点,咸阳秦都西咸数据中心1号楼J301电力电池机房,铅酸电池,09#开关电源蓄电池组,单体XX电压,第1组单体20电池电压,2025-07-09T02:13:29,1.995,V,1-J301电池室放电电池数据表.xlsx,DC9,1.995,第1组,DC9,10,2694.0,False,1.995,2.278,0.16583461444148861,0,False,False,False,0.14715922007804047,0.981323097435908,-7,-1.3118120002451463,0.09938648623096288,0.5595308036694098,-0.3519454151355358,1.0763127160481123,0.060072815533980584,7,False,-0.5047235809417608,False,False
咸阳秦都西咸数据中心1号楼D203电力电池机房|2#开关电源蓄电池组|第1组|第1组单体1电池电压|1-D203电池室放电电池数据表.xlsx|DC2|DC2,陕西省,咸阳,中国移动西咸数据中心,咸阳秦都西咸数据中心1号楼站点,咸阳秦都西咸数据中心1号楼D203电力电池机房,铅酸电池,2#开关电源蓄电池组,单体XX电压,第1组单体1电池电压,2025-07-11T00:44:46,2.047,V,1-D203电池室放电电池数据表.xlsx,DC2,2.047,第1组,DC2,7,2788.0,False,1.996,2.235,-1.0071961047247708,0,False,False,False,0.14668041541702626,1.564908444764254,-1,-0.8492447826043946,0.273138370211093,-1.2713851562486502,0.2528993025783073,1.0763127160481123,0.060072815533980584,7,False,0.9116752975280643,False,False
咸阳秦都西咸数据中心1号楼D303电力电池机房|4#开关电源蓄电池组|第1组|第1组单体16电池电压|1-D303电池室放电电池数据表.xlsx|DC4|DC4,陕西省,咸阳,中国移动西咸数据中心,咸阳秦都西咸数据中心1号楼站点,咸阳秦都西咸数据中心1号楼D303电力电池机房,铅酸电池,4#开关电源蓄电池组,单体XX电压,第1组单体16电池电压,2025-07-10T01:43:52,2.316,V,1-D303电池室放电电池数据表.xlsx,DC4,2.316,第1组,DC4,9,6230.0,False,2.024,2.382,-1.1937634600682285,0,False,False,False,0.14650561590152572,1.9428954554224973,-7,0.4269705021321979,0.7365556523807624,0.9337171791747163,0.04574293683360034,1.0763127160481123,0.060072815533980584,7,False,0.9656867099437079,True,False
咸阳秦都西咸数据中心1号楼D201电力电池机房|2#开关电源蓄电池组|第2组|第2组单体15电池电压|1-D201电池室放电电池数据表.xlsx|DC2|DC2,陕西省,咸阳,中国移动西咸数据中心,咸阳秦都西咸数据中心1号楼站点,咸阳秦都西咸数据中心1号楼D201电力电池机房,铅酸电池,2#开关电源蓄电池组,单体XX电压,第2组单体15电池电压,2025-07-08T00:28:07,2.064,V,1-D201电池室放电电池数据表.xlsx,DC2,2.064,第2组,DC2,6,1301.0,False,2.0,2.235,-0.03727549868606794,0,False,False,False,0.1461847178114739,1.0673430361485556,7,-1.385472894146475,-0.7196401144279962,0.43060579658425757,0.09372970082357901,1.0763127160481123,0.060072815533980584,7,False,0.9991735967482369,True,False
咸阳秦都西咸数据中心1号楼D303电力电池机房|7#开关电源蓄电池组|第1组|第1组单体14电池电压|1-D303电池室放电电池数据表.xlsx|DC7|DC7,陕西省,咸阳,中国移动西咸数据中心,咸阳秦都西咸数据中心1号楼站点,咸阳秦都西咸数据中心1号楼D303电力电池机房,铅酸电池,7#开关电源蓄电池组,单体XX电压,第1组单体14电池电压,2025-07-10T02:35:45,2.009,V,1-D303电池室放电电池数据表.xlsx,DC7,2.009,第1组,DC7,9,10501.0,False,2.009,2.199,-0.847063383256202,0,False,False,False,0.1459152341232263,1.6898158404848416,-1,-1.5150601235109271,0.3655999259199346,-1.2608103738037464,0.17315148085544083,1.0763127160481123,0.060072815533980584,7,False,0.7941593017620939,False,False
咸阳秦都西咸数据中心1号楼J301电力电池机房|09#开关电源蓄电池组|第1组|第1组单体21电池电压|1-J301电池室放电电池数据表.xlsx|DC9|DC9,陕西省,咸阳,中国移动西咸数据中心,咸阳秦都西咸数据中心1号楼站点,咸阳秦都西咸数据中心1号楼J301电力电池机房,铅酸电池,09#开关电源蓄电池组,单体XX电压,第1组单体21电池电压,2025-07-09T02:13:03,2.095,V,1-J301电池室放电电池数据表.xlsx,DC9,2.095,第1组,DC9,8,1238.0,False,2.011,2.223,-0.06274946514451213,0,False,False,False,0.14589308323915226,1.1489992933112574,7,-1.597585319661881,-0.5652581217919771,0.4354789160974095,-0.20180865418437366,1.0763127160481123,0.060072815533980584,7,False,0.9588971816649499,True,False
咸阳秦都西咸数据中心1号楼D301电力电池机房|4#开关电源蓄电池组|第1组|第1组单体19电池电压|1-D301电池室放电电池数据表.xlsx|DC4|DC4,陕西省,咸阳,中国移动西咸数据中心,咸阳秦都西咸数据中心1号楼站点,咸阳秦都西咸数据中心1号楼D301电力电池机房,铅酸电池,4#开关电源蓄电池组,单体XX电压,第1组单体19电池电压,2025-07-08T01:55:18,2.112,V,1-D301电池室放电电池数据表.xlsx,DC4,2.112,第1组,DC4,7,1332.0,False,2.061,2.248,-0.542708044818623,0,False,False,False,0.14561471774299956,1.765769331784701,1,-1.6833486694849253,0.10120517519313058,-1.4193073962625056,-0.12827951496659626,1.0763127160481123,0.060072815533980584,7,False,0.8740270235089578,False,False
咸阳秦都西咸数据中心1号楼D201电力电池机房|2#开关电源蓄电池组|第2组|第2组单体3电池电压|1-D201电池室放电电池数据表.xlsx|DC2|DC2,陕西省,咸阳,中国移动西咸数据中心,咸阳秦都西咸数据中心1号楼站点,咸阳秦都西咸数据中心1号楼D201电力电池机房,铅酸电池,2#开关电源蓄电池组,单体XX电压,第2组单体3电池电压,2025-07-08T00:49:22,2.119,V,1-D201电池室放电电池数据表.xlsx,DC2,2.119,第2组,DC2,7,1301.0,False,2.034,2.245,-0.03235224543326792,0,False,False,False,0.14547177000874728,1.2228843613645914,7,-1.6428503747147443,-0.6399502868083228,0.46577617188272114,0.13221963473804085,1.0763127160481123,0.060072815533980584,7,False,0.9914549357594432,True,False
咸阳秦都西咸数据中心1号楼J301电力电池机房|09#开关电源蓄电池组|第2组|第2组单体22电池电压|1-J301电池室放电电池数据表.xlsx|DC9|DC9,陕西省,咸阳,中国移动西咸数据中心,咸阳秦都西咸数据中心1号楼站点,咸阳秦都西咸数据中心1号楼J301电力电池机房,铅酸电池,09#开关电源蓄电池组,单体XX电压,第2组单体22电池电压,2025-07-09T02:13:20,2.095,V,1-J301电池室放电电池数据表.xlsx,DC9,2.095,第2组,DC9,8,1264.0,False,2.011,2.203,0.1938986142379176,0,False,False,False,0.14521423159061392,1.553294756801576,7,-1.9807020030133082,-0.731272331630504,0.3757931598476104,-0.13930268144410604,1.0763127160481123,0.060072815533980584,7,False,0.9952273293295621,True,False
咸阳秦都西咸数据中心1号楼D303电力电池机房|5#开关电源蓄电池组|第2组|第2组单体1电池电压|1-D303电池室放电电池数据表.xlsx|DC5|DC5,陕西省,咸阳,中国移动西咸数据中心,咸阳秦都西咸数据中心1号楼站点,咸阳秦都西咸数据中心1号楼D303电力电池机房,铅酸电池,5#开关电源蓄电池组,单体XX电压,第2组单体1电池电压,2025-07-10T02:06:43,2.041,V,1-D303电池室放电电池数据表.xlsx,DC5,2.041,第2组,DC5,9,7572.0,False,1.963,2.309,-0.9694594696016874,0,False,False,False,0.14518458882362342,1.53218393649139,-7,0.20303582740699855,0.430686671390609,0.8268742971427214,0.060605533968992875,1.0763127160481123,0.060072815533980584,7,False,0.745048956383911,False,False
咸阳秦都西咸数据中心1号楼J301电力电池机房|09#开关电源蓄电池组|第2组|第2组单体15电池电压|1-J301电池室放电电池数据表.xlsx|DC9|DC9,陕西省,咸阳,中国移动西咸数据中心,咸阳秦都西咸数据中心1号楼站点,咸阳秦都西咸数据中心1号楼J301电力电池机房,铅酸电池,09#开关电源蓄电池组,单体XX电压,第2组单体15电池电压,2025-07-09T02:13:29,2.004,V,1-J301电池室放电电池数据表.xlsx,DC9,2.004,第2组,DC9,8,2773.0,False,1.999,2.202,0.17509883964064582,0,False,False,False,0.14513575732690326,1.4261554534138583,7,-1.9221627933650653,-0.437819113926753,0.4411102302840496,-0.25004034265734554,1.0763127160481123,0.060072815533980584,7,False,0.5460348638991228,False,False
咸阳秦都西咸数据中心1号楼D303电力电池机房|4#开关电源蓄电池组|第2组|第2组单体1电池电压|1-D303电池室放电电池数据表.xlsx|DC4|DC4,陕西省,咸阳,中国移动西咸数据中心,咸阳秦都西咸数据中心1号楼站点,咸阳秦都西咸数据中心1号楼D303电力电池机房,铅酸电池,4#开关电源蓄电池组,单体XX电压,第2组单体1电池电压,2025-07-10T00:00:48,2.321,V,1-D303电池室放电电池数据表.xlsx,DC4,2.321,第2组,DC4,8,6160.0,False,1.996,2.321,-0.9399630365614193,0,False,False,False,0.14508379959955678,1.4326579918467255,-7,-0.041716989084809475,0.47780575023838234,0.8624995715221903,0.18074255799059383,1.0763127160481123,0.060072815533980584,7,False,0.9335042556018509,True,False
咸阳秦都西咸数据中心1号楼J301电力电池机房|06#开关电源蓄电池组|第1组|第1组单体2电池电压|1-J301电池室放电电池数据表.xlsx|DC6|DC6,陕西省,咸阳,中国移动西咸数据中心,咸阳秦都西咸数据中心1号楼站点,咸阳秦都西咸数据中心1号楼J301电力电池机房,铅酸电池,06#开关电源蓄电池组,单体XX电压,第1组单体2电池电压,2025-07-09T00:14:34,2.139,V,1-J301电池室放电电池数据表.xlsx,DC6,2.139,第1组,DC6,12,9928.0,False,1.843,2.209,-0.913161214169045,0,False,False,False,0.144830901816995,1.4484155169382442,7,0.34622019648355384,-0.07960897866756661,0.6771250553522986,0.091354815186839,1.0763127160481123,0.060072815533980584,7,False,0.6506525092964721,False,False
咸阳秦都西咸数据中心1号楼D201电力电池机房|2#开关电源蓄电池组|第1组|第1组单体13电池电压|1-D201电池室放电电池数据表.xlsx|DC2|DC2,陕西省,咸阳,中国移动西咸数据中心,咸阳秦都西咸数据中心1号楼站点,咸阳秦都西咸数据中心1号楼D201电力电池机房,铅酸电池,2#开关电源蓄电池组,单体XX电压,第1组单体13电池电压,2025-07-08T00:27:28,2.214,V,1-D201电池室放电电池数据表.xlsx,DC2,2.214,第1组,DC2,8,1367.0,False,2.03,2.23,0.23971786491675312,0,False,False,False,0.14476053067281383,1.5199677760298427,7,-1.9681326366503082,-0.6297396960130084,0.3945235206556157,-0.16008080706619893,1.0763127160481123,0.060072815533980584,7,False,0.9600152636978151,True,False
咸阳秦都西咸数据中心1号楼D303电力电池机房|5#开关电源蓄电池组|第1组|第1组单体7电池电压|1-D303电池室放电电池数据表.xlsx|DC5|DC5,陕西省,咸阳,中国移动西咸数据中心,咸阳秦都西咸数据中心1号楼站点,咸阳秦都西咸数据中心1号楼D303电力电池机房,铅酸电池,5#开关电源蓄电池组,单体XX电压,第1组单体7电池电压,2025-07-10T02:07:00,2.186,V,1-D303电池室放电电池数据表.xlsx,DC5,2.186,第1组,DC5,7,7753.0,False,2.015,2.237,-1.0440106829116946,0,False,False,False,0.14403701424665827,1.6400177485136682,-1,-1.0634733175297235,0.6109278098503977,-1.1849817567603247,0.13349819513233793,1.0763127160481123,0.060072815533980584,7,False,0.982237096204438,True,False
咸阳秦都西咸数据中心1号楼D303电力电池机房|6#开关电源蓄电池组|第2组|第2组单体18电池电压|1-D303电池室放电电池数据表.xlsx|DC6|DC6,陕西省,咸阳,中国移动西咸数据中心,咸阳秦都西咸数据中心1号楼站点,咸阳秦都西咸数据中心1号楼D303电力电池机房,铅酸电池,6#开关电源蓄电池组,单体XX电压,第2组单体18电池电压,2025-07-10T02:09:17,2.038,V,1-D303电池室放电电池数据表.xlsx,DC6,2.038,第2组,DC6,6,2806.0,True,1.982,2.186,0.34716113953154587,0,False,False,False,0.1437872681006721,1.665413410743426,-7,-2.1106113049086686,-0.29229604588556307,0.4227880890650232,-0.5079656829862764,1.0763127160481123,0.060072815533980584,7,False,0.9103993696588122,False,False
咸阳秦都西咸数据中心1号楼D203电力电池机房|1#开关电源蓄电池组|第1组|第1组单体12电池电压|1-D203电池室放电电池数据表.xlsx|DC1|DC1,陕西省,咸阳,中国移动西咸数据中心,咸阳秦都西咸数据中心1号楼站点,咸阳秦都西咸数据中心1号楼D203电力电池机房,铅酸电池,1#开关电源蓄电池组,单体XX电压,第1组单体12电池电压,2025-07-11T00:03:08,2.057,V,1-D203电池室放电电池数据表.xlsx,DC1,2.057,第1组,DC1,9,1473.0,False,2.057,2.269,-0.49976995132119917,0,False,False,False,0.14378546691544555,1.6988717900655006,1,-1.5007746175226144,0.1960242323531364,-1.4271951240500296,-0.2748487954801704,1.0763127160481123,0.060072815533980584,7,False,0.9533380615716551,True,False
咸阳秦都西咸数据中心1号楼D203电力电池机房|8#开关电源蓄电池组|第1组|第1组单体18电池电压|1-D203电池室放电电池数据表.xlsx|DC8|DC8,陕西省,咸阳,中国移动西咸数据中心,咸阳秦都西咸数据中心1号楼站点,咸阳秦都西咸数据中心1号楼D203电力电池机房,铅酸电池,8#开关电源蓄电池组,单体XX电压,第1组单体18电池电压,2025-07-11T02:16:22,2.223,V,1-D203电池室放电电池数据表.xlsx,DC8,2.223,第1组,DC8,10,9501.0,False,2.038,2.255,-1.0649847704219815,0,False,False,False,0.14367107129145007,1.6669145219707442,-1,-1.1164322988177617,0.6264932412007189,-1.1465816867639564,0.31759189635074414,1.0763127160481123,0.060072815533980584,7,False,0.8866067009036076,False,False
咸阳秦都西咸数据中心1号楼D303电力电池机房|5#开关电源蓄电池组|第1组|第1组单体11电池电压|1-D303电池室放电电池数据表.xlsx|DC5|DC5,陕西省,咸阳,中国移动西咸数据中心,咸阳秦都西咸数据中心1号楼站点,咸阳秦都西咸数据中心1号楼D303电力电池机房,铅酸电池,5#开关电源蓄电池组,单体XX电压,第1组单体11电池电压,2025-07-10T02:06:47,2.099,V,1-D303电池室放电电池数据表.xlsx,DC5,2.099,第1组,DC5,7,7700.0,False,2.021,2.323,-0.9201023662708327,0,False,False,False,0.14361531003500924,1.3487187864839238,-7,-0.33235133731663735,0.5891991545281745,0.8587170129290732,-0.07024659260563096,1.0763127160481123,0.060072815533980584,7,False,0.5629075538530913,False,False
咸阳秦都西咸数据中心1号楼D201电力电池机房|2#开关电源蓄电池组|第2组|第2组单体13电池电压|1-D201电池室放电电池数据表.xlsx|DC2|DC2,陕西省,咸阳,中国移动西咸数据中心,咸阳秦都西咸数据中心1号楼站点,咸阳秦都西咸数据中心1号楼D201电力电池机房,铅酸电池,2#开关电源蓄电池组,单体XX电压,第2组单体13电池电压,2025-07-08T00:49:18,2.017,V,1-D201电池室放电电池数据表.xlsx,DC2,2.017,第2组,DC2,7,1301.0,False,2.0,2.221,0.031808387177172714,0,False,False,False,0.1430782968560203,1.2656260627114806,7,-1.557645634244472,-0.8345705426939335,0.40824059325345785,0.18155775280939238,1.0763127160481123,0.060072815533980584,7,False,0.9895268845425582,True,False
咸阳秦都西咸数据中心2号楼J301电力电池机房|01#开关电源蓄电池组|第2组|第2组单体19电池电压|2-J301电池室放电电池数据表.xlsx|DC1|DC1,陕西省,咸阳,中国移动西咸数据中心,咸阳秦都西咸数据中心2号楼站点,咸阳秦都西咸数据中心2号楼J301电力电池机房,铅酸电池,01#开关电源蓄电池组,单体XX电压,第2组单体19电池电压,2025-07-11T03:14:25,2.138,V,2-J301电池室放电电池数据表.xlsx,DC1,2.138,第2组,DC1,7,1294.0,False,1.975,2.222,0.11202625065711652,0,False,False,False,0.1429359070340887,1.267379650730136,7,-1.3634804445856101,-0.9567306507691724,0.38055199564856435,0.3217264104614247,1.0763127160481123,0.060072815533980584,7,False,0.9187531032421683,False,False
咸阳秦都西咸数据中心1号楼J301电力电池机房|07#开关电源蓄电池组|第1组|第1组单体8电池电压|1-J301电池室放电电池数据表.xlsx|DC7|DC7,陕西省,咸阳,中国移动西咸数据中心,咸阳秦都西咸数据中心1号楼站点,咸阳秦都西咸数据中心1号楼J301电力电池机房,铅酸电池,07#开关电源蓄电池组,单体XX电压,第1组单体8电池电压,2025-07-09T00:15:41,2.232,V,1-J301电池室放电电池数据表.xlsx,DC7,2.232,第1组,DC7,11,9859.0,False,1.897,2.237,-1.1266141167039108,0,False,False,False,0.14274240647683717,1.6384580358623113,7,0.43116721407488146,-0.008431332866301017,0.715449237253472,0.044950104323514706,1.0763127160481123,0.060072815533980584,7,False,0.5193224883880097,False,False
咸阳秦都西咸数据中心1号楼D303电力电池机房|1#开关电源蓄电池组|第1组|第1组单体16电池电压|1-D303电池室放电电池数据表.xlsx|DC1|DC1,陕西省,咸阳,中国移动西咸数据中心,咸阳秦都西咸数据中心1号楼站点,咸阳秦都西咸数据中心1号楼D303电力电池机房,铅酸电池,1#开关电源蓄电池组,单体XX电压,第1组单体16电池电压,2025-07-10T00:28:39,2.231,V,1-D303电池室放电电池数据表.xlsx,DC1,2.231,第1组,DC1,9,1717.0,False,2.008,2.259,-0.6040520588961311,0,False,False,False,0.1424436942667251,1.9016172294116243,0,-0.9985616462068972,0.026076598957138875,-1.8213224829297068,-0.23053182775027903,1.0763127160481123,0.060072815533980584,7,False,0.9532200793234116,True,False
咸阳秦都西咸数据中心1号楼D203电力电池机房|7#开关电源蓄电池组|第2组|第2组单体15电池电压|1-D203电池室放电电池数据表.xlsx|DC7|DC7,陕西省,咸阳,中国移动西咸数据中心,咸阳秦都西咸数据中心1号楼站点,咸阳秦都西咸数据中心1号楼D203电力电池机房,铅酸电池,7#开关电源蓄电池组,单体XX电压,第2组单体15电池电压,2025-07-11T01:54:13,2.096,V,1-D203电池室放电电池数据表.xlsx,DC7,2.096,第2组,DC7,8,8018.0,False,2.042,2.236,-0.9324752895668322,0,False,False,False,0.14223881693422907,1.6903088267966768,-1,-1.4134641506490235,0.5477750252438426,-1.2026522297823221,0.16431916382829895,1.0763127160481123,0.060072815533980584,7,False,0.8749731654664986,False,False
咸阳秦都西咸数据中心1号楼D203电力电池机房|7#开关电源蓄电池组|第1组|第1组单体8电池电压|1-D203电池室放电电池数据表.xlsx|DC7|DC7,陕西省,咸阳,中国移动西咸数据中心,咸阳秦都西咸数据中心1号楼站点,咸阳秦都西咸数据中心1号楼D203电力电池机房,铅酸电池,7#开关电源蓄电池组,单体XX电压,第1组单体8电池电压,2025-07-11T02:14:32,2.224,V,1-D203电池室放电电池数据表.xlsx,DC7,2.224,第1组,DC7,8,8018.0,False,2.033,2.268,-0.7312637856294923,0,False,False,False,0.1416273186641681,1.0729761936990359,-7,-1.031524251156977,0.3178314609635451,0.7523455219883224,-0.22388128073590902,1.0763127160481123,0.060072815533980584,7,False,0.6510137350652877,False,False
咸阳秦都西咸数据中心1号楼J301电力电池机房|13#开关电源蓄电池组|第2组|第2组单体8电池电压|1-J301电池室放电电池数据表.xlsx|DC13|DC13,陕西省,咸阳,中国移动西咸数据中心,咸阳秦都西咸数据中心1号楼站点,咸阳秦都西咸数据中心1号楼J301电力电池机房,铅酸电池,13#开关电源蓄电池组,单体XX电压,第2组单体8电池电压,2025-07-08T03:20:53,2.067,V,1-J301电池室放电电池数据表.xlsx,DC13,2.067,第2组,DC13,7,1256.0,False,2.01,2.272,-0.5044304148100813,0,False,False,False,0.14157624444142528,1.9057615721651373,0,-0.9544939648512393,-0.13756629071571425,-1.8621830913302961,-0.10999254038195667,1.0763127160481123,0.060072815533980584,7,False,0.0906536611118551,False,False
咸阳秦都西咸数据中心1号楼D203电力电池机房|8#开关电源蓄电池组|第1组|第1组单体13电池电压|1-D203电池室放电电池数据表.xlsx|DC8|DC8,陕西省,咸阳,中国移动西咸数据中心,咸阳秦都西咸数据中心1号楼站点,咸阳秦都西咸数据中心1号楼D203电力电池机房,铅酸电池,8#开关电源蓄电池组,单体XX电压,第1组单体13电池电压,2025-07-11T02:16:04,2.357,V,1-D203电池室放电电池数据表.xlsx,DC8,2.357,第1组,DC8,10,9501.0,False,1.994,2.358,-1.1538204958855913,0,False,False,False,0.14155548382508598,1.9676067065531404,-7,0.4363057636631653,0.7774007054411939,0.9630366286160319,0.1904353114154824,1.0763127160481123,0.060072815533980584,7,False,0.577575124362952,False,False
咸阳秦都西咸数据中心1号楼D303电力电池机房|5#开关电源蓄电池组|第1组|第1组单体19电池电压|1-D303电池室放电电池数据表.xlsx|DC5|DC5,陕西省,咸阳,中国移动西咸数据中心,咸阳秦都西咸数据中心1号楼站点,咸阳秦都西咸数据中心1号楼D303电力电池机房,铅酸电池,5#开关电源蓄电池组,单体XX电压,第1组单体19电池电压,2025-07-10T02:06:43,2.049,V,1-D303电池室放电电池数据表.xlsx,DC5,2.049,第1组,DC5,9,7572.0,False,1.985,2.212,-0.9701554792312796,0,False,False,False,0.14139758775537536,1.5735278630454663,-1,-1.0168111041121601,0.32074051709755613,-1.2472803140918152,0.3205269986566551,1.0763127160481123,0.060072815533980584,7,False,0.8801904948589186,False,False
咸阳秦都西咸数据中心1号楼D203电力电池机房|1#开关电源蓄电池组|第2组|第2组单体11电池电压|1-D203电池室放电电池数据表.xlsx|DC1|DC1,陕西省,咸阳,中国移动西咸数据中心,咸阳秦都西咸数据中心1号楼站点,咸阳秦都西咸数据中心1号楼D203电力电池机房,铅酸电池,1#开关电源蓄电池组,单体XX电压,第2组单体11电池电压,2025-07-11T00:03:17,2.041,V,1-D203电池室放电电池数据表.xlsx,DC1,2.041,第2组,DC1,10,1473.0,False,2.041,2.249,-0.4135761096553813,0,False,False,False,0.14136761658634373,1.7519857173764057,1,-1.5635464148376237,0.029485297681462547,-1.4856564364138483,-0.2876560064109577,1.0763127160481123,0.060072815533980584,7,False,0.9902931820389352,True,False
咸阳秦都西咸数据中心1号楼D303电力电池机房|7#开关电源蓄电池组|第1组|第1组单体8电池电压|1-D303电池室放电电池数据表.xlsx|DC7|DC7,陕西省,咸阳,中国移动西咸数据中心,咸阳秦都西咸数据中心1号楼站点,咸阳秦都西咸数据中心1号楼D303电力电池机房,铅酸电池,7#开关电源蓄电池组,单体XX电压,第1组单体8电池电压,2025-07-10T02:35:27,2.008,V,1-D303电池室放电电池数据表.xlsx,DC7,2.008,第1组,DC7,9,10501.0,False,2.008,2.246,-1.09261489093584,0,False,False,False,0.14109055865112255,1.6386994498360021,-1,-0.9097468441718853,0.6052987687486959,-1.1589323901878534,0.2912955485307843,1.0763127160481123,0.060072815533980584,7,False,0.7888943919664889,False,False
咸阳秦都西咸数据中心1号楼D303电力电池机房|3#开关电源蓄电池组|第1组|第1组单体21电池电压|1-D303电池室放电电池数据表.xlsx|DC3|DC3,陕西省,咸阳,中国移动西咸数据中心,咸阳秦都西咸数据中心1号楼站点,咸阳秦都西咸数据中心1号楼D303电力电池机房,铅酸电池,3#开关电源蓄电池组,单体XX电压,第1组单体21电池电压,2025-07-10T01:18:58,2.199,V,1-D303电池室放电电池数据表.xlsx,DC3,2.199,第1组,DC3,9,4784.0,False,2.051,2.351,-0.9671294969736841,0,False,False,False,0.14108165720795274,1.400241122746492,-7,-0.2672395606322384,0.5565136270610529,0.886509568907218,0.1312062591534016,1.0763127160481123,0.060072815533980584,7,False,0.8801114586759432,False,False
咸阳秦都西咸数据中心1号楼J301电力电池机房|08#开关电源蓄电池组|第1组|第1组单体11电池电压|1-J301电池室放电电池数据表.xlsx|DC8|DC8,陕西省,咸阳,中国移动西咸数据中心,咸阳秦都西咸数据中心1号楼站点,咸阳秦都西咸数据中心1号楼J301电力电池机房,铅酸电池,08#开关电源蓄电池组,单体XX电压,第1组单体11电池电压,2025-07-09T01:51:07,2.009,V,1-J301电池室放电电池数据表.xlsx,DC8,2.009,第1组,DC8,10,9862.0,False,1.942,2.221,-0.8078481641868209,0,False,False,False,0.14085286649486514,0.9465616415513929,7,-0.43641271196514436,-0.08655051479356993,0.659228116196373,-0.05701295478986321,1.0763127160481123,0.060072815533980584,7,False,0.7876978487566518,False,False
咸阳秦都西咸数据中心1号楼D303电力电池机房|3#开关电源蓄电池组|第2组|第2组单体2电池电压|1-D303电池室放电电池数据表.xlsx|DC3|DC3,陕西省,咸阳,中国移动西咸数据中心,咸阳秦都西咸数据中心1号楼站点,咸阳秦都西咸数据中心1号楼D303电力电池机房,铅酸电池,3#开关电源蓄电池组,单体XX电压,第2组单体2电池电压,2025-07-10T00:56:51,2.288,V,1-D303电池室放电电池数据表.xlsx,DC3,2.288,第2组,DC3,9,4784.0,False,2.02,2.288,-0.9142574278467779,0,False,False,False,0.14083614442918402,1.118360364525899,-7,-0.5315329796172121,0.23382808554678672,0.7840261111176166,0.05500106352371134,1.0763127160481123,0.060072815533980584,7,False,0.8203290308392249,False,False
咸阳秦都西咸数据中心1号楼D303电力电池机房|4#开关电源蓄电池组|第1组|第1组单体1电池电压|1-D303电池室放电电池数据表.xlsx|DC4|DC4,陕西省,咸阳,中国移动西咸数据中心,咸阳秦都西咸数据中心1号楼站点,咸阳秦都西咸数据中心1号楼D303电力电池机房,铅酸电池,4#开关电源蓄电池组,单体XX电压,第1组单体1电池电压,2025-07-10T01:42:15,2.204,V,1-D303电池室放电电池数据表.xlsx,DC4,2.204,第1组,DC4,8,6133.0,False,1.975,2.298,-0.9652057915860404,0,False,False,False,0.14035141304369433,1.4015571929400135,-7,0.006507897327559742,0.33157730565210686,0.8246208478661858,0.18808544351996412,1.0763127160481123,0.060072815533980584,7,False,0.9944747791399108,True,False
咸阳秦都西咸数据中心1号楼J301电力电池机房|03#开关电源蓄电池组|第2组|第2组单体13电池电压|1-J301电池室放电电池数据表.xlsx|DC3|DC3,陕西省,咸阳,中国移动西咸数据中心,咸阳秦都西咸数据中心1号楼站点,咸阳秦都西咸数据中心1号楼J301电力电池机房,铅酸电池,03#开关电源蓄电池组,单体XX电压,第2组单体13电池电压,2025-07-09T00:31:17,2.016,V,1-J301电池室放电电池数据表.xlsx,DC3,2.016,第2组,DC3,6,1712.0,True,1.943,2.259,0.32602984787258144,0,False,False,False,0.1400020854417017,0.8307288018379155,-7,-1.0466871554055222,-0.2734908294194391,0.44983262011475805,-0.20593597216732884,1.0763127160481123,0.060072815533980584,7,False,-0.7573287022582892,False,False
咸阳秦都西咸数据中心1号楼D303电力电池机房|2#开关电源蓄电池组|第2组|第2组单体15电池电压|1-D303电池室放电电池数据表.xlsx|DC2|DC2,陕西省,咸阳,中国移动西咸数据中心,咸阳秦都西咸数据中心1号楼站点,咸阳秦都西咸数据中心1号楼D303电力电池机房,铅酸电池,2#开关电源蓄电池组,单体XX电压,第2组单体15电池电压,2025-07-10T00:32:28,2.113,V,1-D303电池室放电电池数据表.xlsx,DC2,2.113,第2组,DC2,10,3292.0,False,2.055,2.361,-0.8336329483588181,0,False,False,False,0.13935613695770865,1.210715272856562,-7,-0.28131405028287926,0.42903352520433313,0.7883006653115646,-0.14806296027379673,1.0763127160481123,0.060072815533980584,7,False,0.6531101181439367,False,False
咸阳秦都西咸数据中心1号楼J301电力电池机房|08#开关电源蓄电池组|第1组|第1组单体19电池电压|1-J301电池室放电电池数据表.xlsx|DC8|DC8,陕西省,咸阳,中国移动西咸数据中心,咸阳秦都西咸数据中心1号楼站点,咸阳秦都西咸数据中心1号楼J301电力电池机房,铅酸电池,08#开关电源蓄电池组,单体XX电压,第1组单体19电池电压,2025-07-09T02:14:29,2.219,V,1-J301电池室放电电池数据表.xlsx,DC8,2.219,第1组,DC8,10,9862.0,False,1.91,2.232,-1.0123017193228303,0,False,False,False,0.13880282374156683,1.3662660452012785,7,0.13143493033501963,-0.032391769614014715,0.6989514468556448,0.025980873290681744,1.0763127160481123,0.060072815533980584,7,False,0.7445706431794927,False,False
咸阳秦都西咸数据中心1号楼D203电力电池机房|1#开关电源蓄电池组|第1组|第1组单体10电池电压|1-D203电池室放电电池数据表.xlsx|DC1|DC1,陕西省,咸阳,中国移动西咸数据中心,咸阳秦都西咸数据中心1号楼站点,咸阳秦都西咸数据中心1号楼D203电力电池机房,铅酸电池,1#开关电源蓄电池组,单体XX电压,第1组单体10电池电压,2025-07-11T00:02:51,2.059,V,1-D203电池室放电电池数据表.xlsx,DC1,2.059,第1组,DC1,7,1469.0,False,2.059,2.267,0.3134108569237393,0,False,False,False,0.13876405005084078,1.5705641429683779,7,-2.040268644353663,-0.24428695914278908,0.45329408935202126,-0.4180540803462446,1.0763127160481123,0.060072815533980584,7,False,0.5971071024745652,False,False
咸阳秦都西咸数据中心1号楼J301电力电池机房|10#开关电源蓄电池组|第2组|第2组单体16电池电压|1-J301电池室放电电池数据表.xlsx|DC10|DC10,陕西省,咸阳,中国移动西咸数据中心,咸阳秦都西咸数据中心1号楼站点,咸阳秦都西咸数据中心1号楼J301电力电池机房,铅酸电池,10#开关电源蓄电池组,单体XX电压,第2组单体16电池电压,2025-07-09T02:47:05,1.957,V,1-J301电池室放电电池数据表.xlsx,DC10,1.957,第2组,DC10,8,802.0,False,1.957,2.244,0.22067714477361094,0,False,False,False,0.1386724050351918,1.0647025491624573,7,-1.1250793901010214,-0.8010439689356299,0.3908265326698774,0.245242806116147,1.0763127160481123,0.060072815533980584,7,False,0.8759440346166038,False,False
咸阳秦都西咸数据中心1号楼D301电力电池机房|2#开关电源蓄电池组|第1组|第1组单体18电池电压|1-D301电池室放电电池数据表.xlsx|DC2|DC2,陕西省,咸阳,中国移动西咸数据中心,咸阳秦都西咸数据中心1号楼站点,咸阳秦都西咸数据中心1号楼D301电力电池机房,铅酸电池,2#开关电源蓄电池组,单体XX电压,第1组单体18电池电压,2025-07-08T01:55:00,2.18,V,1-D301电池室放电电池数据表.xlsx,DC2,2.18,第1组,DC2,7,1301.0,False,2.056,2.241,0.018466632318754284,0,False,False,False,0.13863216727349648,1.4348112454280801,7,-1.9587824771339837,-0.42714486907963145,0.46127385212279665,-0.27834649368010245,1.0763127160481123,0.060072815533980584,7,False,0.7707989883576054,False,False
咸阳秦都西咸数据中心1号楼D201电力电池机房|1#开关电源蓄电池组|第2组|第2组单体9电池电压|1-D201电池室放电电池数据表.xlsx|DC1|DC1,陕西省,咸阳,中国移动西咸数据中心,咸阳秦都西咸数据中心1号楼站点,咸阳秦都西咸数据中心1号楼D201电力电池机房,铅酸电池,1#开关电源蓄电池组,单体XX电压,第2组单体9电池电压,2025-07-08T00:27:49,2.019,V,1-D201电池室放电电池数据表.xlsx,DC1,2.019,第2组,DC1,6,1296.0,False,1.962,2.259,0.0808022825131583,0,False,False,False,0.1385805323509201,1.1864130532652963,7,-0.8730346761242653,-0.9839364100884712,0.3949530491190792,0.5176245969686766,1.0763127160481123,0.060072815533980584,7,False,0.9987930095785734,True,False
咸阳秦都西咸数据中心1号楼D201电力电池机房|2#开关电源蓄电池组|第2组|第2组单体10电池电压|1-D201电池室放电电池数据表.xlsx|DC2|DC2,陕西省,咸阳,中国移动西咸数据中心,咸阳秦都西咸数据中心1号楼站点,咸阳秦都西咸数据中心1号楼D201电力电池机房,铅酸电池,2#开关电源蓄电池组,单体XX电压,第2组单体10电池电压,2025-07-08T00:28:03,2.23,V,1-D201电池室放电电池数据表.xlsx,DC2,2.23,第2组,DC2,7,1301.0,False,2.013,2.23,0.048360969869244874,0,False,False,False,0.13853010350503167,1.2895730127557656,7,-1.6221165372136186,-0.7900502144072772,0.4196077971948401,0.17690852502809354,1.0763127160481123,0.060072815533980584,7,False,0.9833581581211491,True,False
咸阳秦都西咸数据中心1号楼D303电力电池机房|3#开关电源蓄电池组|第2组|第2组单体15电池电压|1-D303电池室放电电池数据表.xlsx|DC3|DC3,陕西省,咸阳,中国移动西咸数据中心,咸阳秦都西咸数据中心1号楼站点,咸阳秦都西咸数据中心1号楼D303电力电池机房,铅酸电池,3#开关电源蓄电池组,单体XX电压,第2组单体15电池电压,2025-07-10T01:18:58,2.197,V,1-D303电池室放电电池数据表.xlsx,DC3,2.197,第2组,DC3,10,4784.0,False,1.999,2.255,-1.1043600311033748,0,False,False,False,0.1383325067815776,1.6188243895123213,-1,-0.658393696974191,0.4752006855566535,-1.1961148074825316,0.32124797983167885,1.0763127160481123,0.060072815533980584,7,False,0.8767603641663261,False,False
咸阳秦都西咸数据中心1号楼J301电力电池机房|07#开关电源蓄电池组|第2组|第2组单体12电池电压|1-J301电池室放电电池数据表.xlsx|DC7|DC7,陕西省,咸阳,中国移动西咸数据中心,咸阳秦都西咸数据中心1号楼站点,咸阳秦都西咸数据中心1号楼J301电力电池机房,铅酸电池,07#开关电源蓄电池组,单体XX电压,第2组单体12电池电压,2025-07-09T01:49:59,1.953,V,1-J301电池室放电电池数据表.xlsx,DC7,1.953,第2组,DC7,9,9859.0,False,1.901,2.229,-1.0865861324258288,0,False,False,False,0.1381284463900804,1.5002240736093717,7,0.2656231201745196,-0.03493467935460895,0.7079408393976236,0.048526238830234686,1.0763127160481123,0.060072815533980584,7,False,0.9569309652030134,True,False
咸阳秦都西咸数据中心1号楼D201电力电池机房|2#开关电源蓄电池组|第2组|第2组单体22电池电压|1-D201电池室放电电池数据表.xlsx|DC2|DC2,陕西省,咸阳,中国移动西咸数据中心,咸阳秦都西咸数据中心1号楼站点,咸阳秦都西咸数据中心1号楼D201电力电池机房,铅酸电池,2#开关电源蓄电池组,单体XX电压,第2组单体22电池电压,2025-07-08T00:28:38,2.01,V,1-D201电池室放电电池数据表.xlsx,DC2,2.01,第2组,DC2,6,1301.0,False,2.01,2.234,-0.06839501608958226,0,False,False,False,0.13757225547354573,1.1126497658014134,7,-1.464309295767058,-0.7091009798770215,0.43998344780841625,0.09428462950297639,1.0763127160481123,0.060072815533980584,7,False,0.9996919554911542,True,False
咸阳秦都西咸数据中心1号楼D203电力电池机房|3#开关电源蓄电池组|第2组|第2组单体23电池电压|1-D203电池室放电电池数据表.xlsx|DC3|DC3,陕西省,咸阳,中国移动西咸数据中心,咸阳秦都西咸数据中心1号楼站点,咸阳秦都西咸数据中心1号楼D203电力电池机房,铅酸电池,3#开关电源蓄电池组,单体XX电压,第2组单体23电池电压,2025-07-11T00:51:53,2.141,V,1-D203电池室放电电池数据表.xlsx,DC3,2.141,第2组,DC3,10,7151.0,False,2.082,2.366,-1.1537604152200014,0,False,False,False,0.1370333445810875,1.6025373157327267,7,-0.27548054746297745,0.7247204348508867,0.9243100250786493,-0.08112437080542664,1.0763127160481123,0.060072815533980584,7,False,0.9838363459445826,True,False
咸阳秦都西咸数据中心1号楼D203电力电池机房|1#开关电源蓄电池组|第2组|第2组单体18电池电压|1-D203电池室放电电池数据表.xlsx|DC1|DC1,陕西省,咸阳,中国移动西咸数据中心,咸阳秦都西咸数据中心1号楼站点,咸阳秦都西咸数据中心1号楼D203电力电池机房,铅酸电池,1#开关电源蓄电池组,单体XX电压,第2组单体18电池电压,2025-07-11T00:03:00,2.054,V,1-D203电池室放电电池数据表.xlsx,DC1,2.054,第2组,DC1,9,1469.0,False,2.054,2.269,-0.4748217479487798,0,False,False,False,0.13700078747178443,1.6960177398986174,1,-1.4904145436747407,0.16646305969964506,-1.4391883903772547,-0.2754919997656383,1.0763127160481123,0.060072815533980584,7,False,0.9829039510066025,True,False
咸阳秦都西咸数据中心1号楼J301电力电池机房|01#开关电源蓄电池组|第2组|第2组单体5电池电压|1-J301电池室放电电池数据表.xlsx|DC1|DC1,陕西省,咸阳,中国移动西咸数据中心,咸阳秦都西咸数据中心1号楼站点,咸阳秦都西咸数据中心1号楼J301电力电池机房,铅酸电池,01#开关电源蓄电池组,单体XX电压,第2组单体5电池电压,2025-07-09T00:27:16,2.188,V,1-J301电池室放电电池数据表.xlsx,DC1,2.188,第2组,DC1,11,3263.0,False,1.922,2.235,0.1941628249260795,0,False,False,False,0.13667280270141194,0.7175202398282029,-7,-0.966862846998387,-0.2467399537777306,0.49775985626270625,-0.049990045445199444,1.0763127160481123,0.060072815533980584,7,False,0.9987662710793712,True,False
咸阳秦都西咸数据中心1号楼D303电力电池机房|4#开关电源蓄电池组|第2组|第2组单体19电池电压|1-D303电池室放电电池数据表.xlsx|DC4|DC4,陕西省,咸阳,中国移动西咸数据中心,咸阳秦都西咸数据中心1号楼站点,咸阳秦都西咸数据中心1号楼D303电力电池机房,铅酸电池,4#开关电源蓄电池组,单体XX电压,第2组单体19电池电压,2025-07-10T00:00:48,2.319,V,1-D303电池室放电电池数据表.xlsx,DC4,2.319,第2组,DC4,8,6182.0,False,2.009,2.319,-1.0941095795538238,0,False,False,False,0.13660047919289606,1.5085453403200626,-7,-0.03910195793938609,0.4504950247940741,0.8672737001462554,0.13205615224434405,1.0763127160481123,0.060072815533980584,7,False,0.8933676581799445,False,False
咸阳秦都西咸数据中心1号楼D303电力电池机房|7#开关电源蓄电池组|第2组|第2组单体2电池电压|1-D303电池室放电电池数据表.xlsx|DC7|DC7,陕西省,咸阳,中国移动西咸数据中心,咸阳秦都西咸数据中心1号楼站点,咸阳秦都西咸数据中心1号楼D303电力电池机房,铅酸电池,7#开关电源蓄电池组,单体XX电压,第2组单体2电池电压,2025-07-10T02:30:31,2.229,V,1-D303电池室放电电池数据表.xlsx,DC7,2.229,第2组,DC7,8,10501.0,False,2.055,2.261,-0.9966523778892127,0,False,False,False,0.13649438358135255,1.6982143776857828,-1,-1.2932503825807409,0.6917342907094506,-1.1506999750122293,0.2040539241521829,1.0763127160481123,0.060072815533980584,7,False,0.844537039967994,False,False
咸阳秦都西咸数据中心1号楼D203电力电池机房|1#开关电源蓄电池组|第2组|第2组单体7电池电压|1-D203电池室放电电池数据表.xlsx|DC1|DC1,陕西省,咸阳,中国移动西咸数据中心,咸阳秦都西咸数据中心1号楼站点,咸阳秦都西咸数据中心1号楼D203电力电池机房,铅酸电池,1#开关电源蓄电池组,单体XX电压,第2组单体7电池电压,2025-07-11T00:03:13,2.046,V,1-D203电池室放电电池数据表.xlsx,DC1,2.046,第2组,DC1,9,1473.0,False,2.046,2.25,-0.5455865936174975,0,False,False,False,0.13639540803967154,1.7116459403360291,1,-1.5167494659071075,0.12357845401321901,-1.4374460988561402,-0.25271918013239214,1.0763127160481123,0.060072815533980584,7,False,0.978723498913484,True,False
咸阳秦都西咸数据中心1号楼J301电力电池机房|08#开关电源蓄电池组|第1组|第1组单体22电池电压|1-J301电池室放电电池数据表.xlsx|DC8|DC8,陕西省,咸阳,中国移动西咸数据中心,咸阳秦都西咸数据中心1号楼站点,咸阳秦都西咸数据中心1号楼J301电力电池机房,铅酸电池,08#开关电源蓄电池组,单体XX电压,第1组单体22电池电压,2025-07-09T02:12:37,2.057,V,1-J301电池室放电电池数据表.xlsx,DC8,2.057,第1组,DC8,10,9862.0,False,1.948,2.225,-0.7682376982805033,0,False,False,False,0.1356088151686291,0.9087277764779235,7,-0.47041457327360303,-0.11028199570664804,0.6555721984300662,-0.011928580613847356,1.0763127160481123,0.060072815533980584,7,False,0.7893757634316053,False,False
咸阳秦都西咸数据中心1号楼D303电力电池机房|4#开关电源蓄电池组|第1组|第1组单体15电池电压|1-D303电池室放电电池数据表.xlsx|DC4|DC4,陕西省,咸阳,中国移动西咸数据中心,咸阳秦都西咸数据中心1号楼站点,咸阳秦都西咸数据中心1号楼D303电力电池机房,铅酸电池,4#开关电源蓄电池组,单体XX电压,第1组单体15电池电压,2025-07-10T01:20:52,2.001,V,1-D303电池室放电电池数据表.xlsx,DC4,2.001,第1组,DC4,7,6133.0,False,1.944,2.151,0.37947669519414845,0,False,False,False,0.13538270461600221,1.6185310663466559,7,-2.011841657747523,-0.6885831466091649,0.3544977794393894,-0.19872543296847783,1.0763127160481123,0.060072815533980584,7,False,0.5258796003831517,False,False
咸阳秦都西咸数据中心1号楼D203电力电池机房|3#开关电源蓄电池组|第1组|第1组单体12电池电压|1-D203电池室放电电池数据表.xlsx|DC3|DC3,陕西省,咸阳,中国移动西咸数据中心,咸阳秦都西咸数据中心1号楼站点,咸阳秦都西咸数据中心1号楼D203电力电池机房,铅酸电池,3#开关电源蓄电池组,单体XX电压,第1组单体12电池电压,2025-07-11T00:00:52,2.389,V,1-D203电池室放电电池数据表.xlsx,DC3,2.389,第1组,DC3,10,7151.0,False,2.089,2.39,-1.092696214449432,0,False,False,False,0.13534511825624224,1.608911751114481,-7,-0.1834280335702615,0.7377125922150644,0.9405848790638769,0.06289025374247806,1.0763127160481123,0.060072815533980584,7,False,0.09878959646494445,False,False
咸阳秦都西咸数据中心1号楼D303电力电池机房|4#开关电源蓄电池组|第1组|第1组单体14电池电压|1-D303电池室放电电池数据表.xlsx|DC4|DC4,陕西省,咸阳,中国移动西咸数据中心,咸阳秦都西咸数据中心1号楼站点,咸阳秦都西咸数据中心1号楼D303电力电池机房,铅酸电池,4#开关电源蓄电池组,单体XX电压,第1组单体14电池电压,2025-07-10T01:42:06,2.062,V,1-D303电池室放电电池数据表.xlsx,DC4,2.062,第1组,DC4,9,6190.0,False,2.016,2.361,-1.2048923083822738,0,False,False,False,0.1351334844057365,1.8707073251974726,-7,0.3332307673931394,0.659038803113005,0.9338331901733131,0.15565485138231053,1.0763127160481123,0.060072815533980584,7,False,0.9915002126234473,True,False
咸阳秦都西咸数据中心1号楼D303电力电池机房|5#开关电源蓄电池组|第2组|第2组单体23电池电压|1-D303电池室放电电池数据表.xlsx|DC5|DC5,陕西省,咸阳,中国移动西咸数据中心,咸阳秦都西咸数据中心1号楼站点,咸阳秦都西咸数据中心1号楼D303电力电池机房,铅酸电池,5#开关电源蓄电池组,单体XX电压,第2组单体23电池电压,2025-07-10T02:06:43,2.037,V,1-D303电池室放电电池数据表.xlsx,DC5,2.037,第2组,DC5,10,7576.0,False,1.959,2.209,-1.1242482280660453,0,False,False,False,0.1351184516090854,1.6192789986132647,-1,-0.692403649503385,0.3879683851521005,-1.2172413671922273,0.3198686628648003,1.0763127160481123,0.060072815533980584,7,False,0.8510225485642207,False,False
咸阳秦都西咸数据中心1号楼J301电力电池机房|11#开关电源蓄电池组|第2组|第2组单体3电池电压|1-J301电池室放电电池数据表.xlsx|DC11|DC11,陕西省,咸阳,中国移动西咸数据中心,咸阳秦都西咸数据中心1号楼站点,咸阳秦都西咸数据中心1号楼J301电力电池机房,铅酸电池,11#开关电源蓄电池组,单体XX电压,第2组单体3电池电压,2025-07-08T02:41:38,2.243,V,1-J301电池室放电电池数据表.xlsx,DC11,2.243,第2组,DC11,7,1308.0,False,2.038,2.243,-0.046149417104079965,0,False,False,False,0.13457571742293306,1.211849832369543,7,-1.6920421158344987,-0.5445427420876486,0.46228948462838093,-0.07479765837202507,1.0763127160481123,0.060072815533980584,7,False,0.7604550270127566,False,False
咸阳秦都西咸数据中心1号楼D203电力电池机房|7#开关电源蓄电池组|第2组|第2组单体2电池电压|1-D203电池室放电电池数据表.xlsx|DC7|DC7,陕西省,咸阳,中国移动西咸数据中心,咸阳秦都西咸数据中心1号楼站点,咸阳秦都西咸数据中心1号楼D203电力电池机房,铅酸电池,7#开关电源蓄电池组,单体XX电压,第2组单体2电池电压,2025-07-11T01:53:37,2.266,V,1-D203电池室放电电池数据表.xlsx,DC7,2.266,第2组,DC7,8,8018.0,False,2.046,2.267,-0.7147688816959398,0,False,False,False,0.1344259023480716,1.1101378165456812,-7,-1.1578386395057427,0.32321481711027233,0.7628733767352798,-0.17656234973399748,1.0763127160481123,0.060072815533980584,7,False,0.6378832362052342,False,False
咸阳秦都西咸数据中心1号楼D203电力电池机房|7#开关电源蓄电池组|第1组|第1组单体3电池电压|1-D203电池室放电电池数据表.xlsx|DC7|DC7,陕西省,咸阳,中国移动西咸数据中心,咸阳秦都西咸数据中心1号楼站点,咸阳秦都西咸数据中心1号楼D203电力电池机房,铅酸电池,7#开关电源蓄电池组,单体XX电压,第1组单体3电池电压,2025-07-11T02:15:25,2.246,V,1-D203电池室放电电池数据表.xlsx,DC7,2.246,第1组,DC7,9,8071.0,False,2.037,2.246,-1.0080312637351232,0,False,False,False,0.13422762128680743,1.6859735592882492,-1,-1.2987677763945258,0.6008215305084129,-1.165842795705093,0.2579738443020505,1.0763127160481123,0.060072815533980584,7,False,0.7903308950268351,False,False
咸阳秦都西咸数据中心1号楼J301电力电池机房|13#开关电源蓄电池组|第2组|第2组单体15电池电压|1-J301电池室放电电池数据表.xlsx|DC13|DC13,陕西省,咸阳,中国移动西咸数据中心,咸阳秦都西咸数据中心1号楼站点,咸阳秦都西咸数据中心1号楼J301电力电池机房,铅酸电池,13#开关电源蓄电池组,单体XX电压,第2组单体15电池电压,2025-07-08T03:20:44,1.988,V,1-J301电池室放电电池数据表.xlsx,DC13,1.988,第2组,DC13,8,1317.0,False,1.988,2.262,0.06944373313123137,0,False,False,False,0.13360884248999488,1.0658213547270199,7,-1.1104453892724533,-0.8145472359076259,0.42517115515382287,0.3599187385206486,1.0763127160481123,0.060072815533980584,7,False,0.995985264266531,True,False
咸阳秦都西咸数据中心1号楼D201电力电池机房|2#开关电源蓄电池组|第2组|第2组单体5电池电压|1-D201电池室放电电池数据表.xlsx|DC2|DC2,陕西省,咸阳,中国移动西咸数据中心,咸阳秦都西咸数据中心1号楼站点,咸阳秦都西咸数据中心1号楼D201电力电池机房,铅酸电池,2#开关电源蓄电池组,单体XX电压,第2组单体5电池电压,2025-07-08T00:49:27,2.169,V,1-D201电池室放电电池数据表.xlsx,DC2,2.169,第2组,DC2,8,1314.0,False,2.031,2.241,0.000937230324059346,0,False,False,False,0.13322561951812975,1.2138653930000096,7,-1.6856792682103499,-0.5428522330603383,0.44266193051335506,-0.15949205111480924,1.0763127160481123,0.060072815533980584,7,False,0.9961472542433896,True,False
咸阳秦都西咸数据中心1号楼D301电力电池机房|2#开关电源蓄电池组|第2组|第2组单体22电池电压|1-D301电池室放电电池数据表.xlsx|DC2|DC2,陕西省,咸阳,中国移动西咸数据中心,咸阳秦都西咸数据中心1号楼站点,咸阳秦都西咸数据中心1号楼D301电力电池机房,铅酸电池,2#开关电源蓄电池组,单体XX电压,第2组单体22电池电压,2025-07-08T01:54:51,2.098,V,1-D301电池室放电电池数据表.xlsx,DC2,2.098,第2组,DC2,7,1301.0,False,2.023,2.268,-0.5886999734729552,0,False,False,False,0.13236740442658262,1.9102290072811654,0,-1.0655805796420343,-0.036068017099535,-1.82962946331111,-0.17309629157758777,1.0763127160481123,0.060072815533980584,7,False,0.8033969704067019,False,False
咸阳秦都西咸数据中心1号楼D203电力电池机房|3#开关电源蓄电池组|第2组|第2组单体13电池电压|1-D203电池室放电电池数据表.xlsx|DC3|DC3,陕西省,咸阳,中国移动西咸数据中心,咸阳秦都西咸数据中心1号楼站点,咸阳秦都西咸数据中心1号楼D203电力电池机房,铅酸电池,3#开关电源蓄电池组,单体XX电压,第2组单体13电池电压,2025-07-11T01:14:41,2.326,V,1-D203电池室放电电池数据表.xlsx,DC3,2.326,第2组,DC3,12,7151.0,False,2.06,2.334,-1.0607453944394347,0,False,False,False,0.13234254700564857,1.3623371244119529,7,-0.4183007696383111,0.4467589096914849,0.8712093523106917,0.12433271651955471,1.0763127160481123,0.060072815533980584,7,False,0.9552296402619959,True,False
咸阳秦都西咸数据中心1号楼D203电力电池机房|1#开关电源蓄电池组|第1组|第1组单体20电池电压|1-D203电池室放电电池数据表.xlsx|DC1|DC1,陕西省,咸阳,中国移动西咸数据中心,咸阳秦都西咸数据中心1号楼站点,咸阳秦都西咸数据中心1号楼D203电力电池机房,铅酸电池,1#开关电源蓄电池组,单体XX电压,第1组单体20电池电压,2025-07-11T00:02:51,2.053,V,1-D203电池室放电电池数据表.xlsx,DC1,2.053,第1组,DC1,7,1473.0,False,2.053,2.254,0.25374923238146224,0,False,False,False,0.13209592800448655,1.5562919658114718,7,-2.0323521120884296,-0.3095981677867903,0.43979968905321626,-0.43554333036950266,1.0763127160481123,0.060072815533980584,7,False,0.5546975815098988,False,False
咸阳秦都西咸数据中心1号楼D201电力电池机房|2#开关电源蓄电池组|第1组|第1组单体21电池电压|1-D201电池室放电电池数据表.xlsx|DC2|DC2,陕西省,咸阳,中国移动西咸数据中心,咸阳秦都西咸数据中心1号楼站点,咸阳秦都西咸数据中心1号楼D201电力电池机房,铅酸电池,2#开关电源蓄电池组,单体XX电压,第1组单体21电池电压,2025-07-08T00:28:42,2.02,V,1-D201电池室放电电池数据表.xlsx,DC2,2.02,第1组,DC2,8,1310.0,False,2.02,2.237,-0.10127370049968554,0,False,False,False,0.13206147238413762,1.0923534554986218,7,-1.5216886268884875,-0.5979288181687561,0.4519651365732803,-0.06147269593200848,1.0763127160481123,0.060072815533980584,7,False,0.9917170999880847,True,False
咸阳秦都西咸数据中心1号楼D303电力电池机房|2#开关电源蓄电池组|第1组|第1组单体1电池电压|1-D303电池室放电电池数据表.xlsx|DC2|DC2,陕西省,咸阳,中国移动西咸数据中心,咸阳秦都西咸数据中心1号楼站点,咸阳秦都西咸数据中心1号楼D303电力电池机房,铅酸电池,2#开关电源蓄电池组,单体XX电压,第1组单体1电池电压,2025-07-10T00:32:28,1.978,V,1-D303电池室放电电池数据表.xlsx,DC2,1.978,第1组,DC2,9,3296.0,False,1.976,2.23,-1.0834930496708493,0,False,False,False,0.13176689059777175,1.6096968643898124,-1,-0.6297046746477761,0.21029172070863503,-1.2639743610652487,0.3835444502790438,1.0763127160481123,0.060072815533980584,7,False,0.9974493341661103,True,False
咸阳秦都西咸数据中心1号楼D201电力电池机房|2#开关电源蓄电池组|第2组|第2组单体16电池电压|1-D201电池室放电电池数据表.xlsx|DC2|DC2,陕西省,咸阳,中国移动西咸数据中心,咸阳秦都西咸数据中心1号楼站点,咸阳秦都西咸数据中心1号楼D201电力电池机房,铅酸电池,2#开关电源蓄电池组,单体XX电压,第2组单体16电池电压,2025-07-08T00:28:03,2.215,V,1-D201电池室放电电池数据表.xlsx,DC2,2.215,第2组,DC2,6,1301.0,False,2.005,2.215,-0.08573988879416927,0,False,False,False,0.13150843011983465,1.1929693219007178,7,-1.5727427048973412,-0.7279353468706138,0.4327020029231994,0.04894109663598856,1.0763127160481123,0.060072815533980584,7,False,0.9993572494802249,True,False
咸阳秦都西咸数据中心1号楼J301电力电池机房|01#开关电源蓄电池组|第2组|第2组单体1电池电压|1-J301电池室放电电池数据表.xlsx|DC1|DC1,陕西省,咸阳,中国移动西咸数据中心,咸阳秦都西咸数据中心1号楼站点,咸阳秦都西咸数据中心1号楼J301电力电池机房,铅酸电池,01#开关电源蓄电池组,单体XX电压,第2组单体1电池电压,2025-07-09T00:26:45,1.951,V,1-J301电池室放电电池数据表.xlsx,DC1,1.951,第2组,DC1,10,3258.0,False,1.935,2.242,0.25849391064203703,0,False,False,False,0.13104031889515252,0.8105099183126311,-7,-1.0836997373278456,-0.17407644894521532,0.4844460099886403,-0.22613754492877985,1.0763127160481123,0.060072815533980584,7,False,0.9996927912239867,True,False
咸阳秦都西咸数据中心1号楼D303电力电池机房|3#开关电源蓄电池组|第1组|第1组单体12电池电压|1-D303电池室放电电池数据表.xlsx|DC3|DC3,陕西省,咸阳,中国移动西咸数据中心,咸阳秦都西咸数据中心1号楼站点,咸阳秦都西咸数据中心1号楼D303电力电池机房,铅酸电池,3#开关电源蓄电池组,单体XX电压,第1组单体12电池电压,2025-07-10T01:18:58,2.122,V,1-D303电池室放电电池数据表.xlsx,DC3,2.122,第1组,DC3,11,4788.0,False,1.893,2.205,0.22672949588802255,0,False,False,False,0.13097146822846784,0.7604014650785682,7,-0.9993389287131089,-0.17975348473445818,0.48273264296728446,-0.2382108492089255,1.0763127160481123,0.060072815533980584,7,False,0.4076143456011739,False,False
咸阳秦都西咸数据中心1号楼D303电力电池机房|4#开关电源蓄电池组|第1组|第1组单体10电池电压|1-D303电池室放电电池数据表.xlsx|DC4|DC4,陕西省,咸阳,中国移动西咸数据中心,咸阳秦都西咸数据中心1号楼站点,咸阳秦都西咸数据中心1号楼D303电力电池机房,铅酸电池,4#开关电源蓄电池组,单体XX电压,第1组单体10电池电压,2025-07-10T01:20:36,2.296,V,1-D303电池室放电电池数据表.xlsx,DC4,2.296,第1组,DC4,9,6142.0,False,1.965,2.296,-1.063258426934583,0,False,False,False,0.1309574743746243,1.5410303537194987,-7,0.18514201898740057,0.2992779469988204,0.8203513178876644,0.168572801547846,1.0763127160481123,0.060072815533980584,7,False,0.9914497273500834,True,False
咸阳秦都西咸数据中心1号楼D203电力电池机房|8#开关电源蓄电池组|第1组|第1组单体7电池电压|1-D203电池室放电电池数据表.xlsx|DC8|DC8,陕西省,咸阳,中国移动西咸数据中心,咸阳秦都西咸数据中心1号楼站点,咸阳秦都西咸数据中心1号楼D203电力电池机房,铅酸电池,8#开关电源蓄电池组,单体XX电压,第1组单体7电池电压,2025-07-11T02:37:50,2.024,V,1-D203电池室放电电池数据表.xlsx,DC8,2.024,第1组,DC8,10,9501.0,False,2.002,2.242,-1.2207142488272023,0,False,False,False,0.13095367346722644,1.7028675515826475,-1,-0.7585017690957504,0.6124697118950285,-1.1278859588796768,0.3923238967674749,1.0763127160481123,0.060072815533980584,7,False,0.89129632461079,False,False
咸阳秦都西咸数据中心1号楼D303电力电池机房|4#开关电源蓄电池组|第2组|第2组单体9电池电压|1-D303电池室放电电池数据表.xlsx|DC4|DC4,陕西省,咸阳,中国移动西咸数据中心,咸阳秦都西咸数据中心1号楼站点,咸阳秦都西咸数据中心1号楼D303电力电池机房,铅酸电池,4#开关电源蓄电池组,单体XX电压,第2组单体9电池电压,2025-07-10T01:20:36,2.375,V,1-D303电池室放电电池数据表.xlsx,DC4,2.375,第2组,DC4,8,6133.0,False,2.011,2.375,-1.118892220912078,0,False,False,False,0.13091062601017495,1.923034460984479,-7,0.42543476988748896,0.7391090788698683,0.9497398123016972,0.20136388431632704,1.0763127160481123,0.060072815533980584,7,False,0.9277220375832413,True,False
咸阳秦都西咸数据中心1号楼D303电力电池机房|4#开关电源蓄电池组|第1组|第1组单体19电池电压|1-D303电池室放电电池数据表.xlsx|DC4|DC4,陕西省,咸阳,中国移动西咸数据中心,咸阳秦都西咸数据中心1号楼站点,咸阳秦都西咸数据中心1号楼D303电力电池机房,铅酸电池,4#开关电源蓄电池组,单体XX电压,第1组单体19电池电压,2025-07-10T01:42:15,2.156,V,1-D303电池室放电电池数据表.xlsx,DC4,2.156,第1组,DC4,7,6133.0,False,1.955,2.156,0.3868816237149935,0,False,False,False,0.13049189640684683,1.6707546812986402,7,-2.0832143275153623,-0.6607620896601112,0.3630965780470772,-0.2001840499098101,1.0763127160481123,0.060072815533980584,7,False,0.5279541291841776,False,False
咸阳秦都西咸数据中心1号楼D203电力电池机房|3#开关电源蓄电池组|第1组|第1组单体21电池电压|1-D203电池室放电电池数据表.xlsx|DC3|DC3,陕西省,咸阳,中国移动西咸数据中心,咸阳秦都西咸数据中心1号楼站点,咸阳秦都西咸数据中心1号楼D203电力电池机房,铅酸电池,3#开关电源蓄电池组,单体XX电压,第1组单体21电池电压,2025-07-11T01:14:58,2.246,V,1-D203电池室放电电池数据表.xlsx,DC3,2.246,第1组,DC3,9,7151.0,False,2.024,2.25,-0.8320248188154622,0,False,False,False,0.13036692693659305,1.0286291071996154,7,-0.9630226015737002,0.13324591827914103,0.7294448124396338,-0.11557127651284432,1.0763127160481123,0.060072815533980584,7,False,0.8909692573281603,False,False
咸阳秦都西咸数据中心1号楼J301电力电池机房|09#开关电源蓄电池组|第1组|第1组单体6电池电压|1-J301电池室放电电池数据表.xlsx|DC9|DC9,陕西省,咸阳,中国移动西咸数据中心,咸阳秦都西咸数据中心1号楼站点,咸阳秦都西咸数据中心1号楼J301电力电池机房,铅酸电池,09#开关电源蓄电池组,单体XX电压,第1组单体6电池电压,2025-07-09T02:13:29,2.027,V,1-J301电池室放电电池数据表.xlsx,DC9,2.027,第1组,DC9,7,1247.0,False,2.027,2.219,0.0043942131803731965,0,False,False,False,0.13031485074858173,1.3619497840501096,7,-1.8314024283752877,-0.627177053648044,0.4229207799831488,-0.15765304241628325,1.0763127160481123,0.060072815533980584,7,False,0.9761779083890736,True,False
咸阳秦都西咸数据中心1号楼J301电力电池机房|13#开关电源蓄电池组|第1组|第1组单体5电池电压|1-J301电池室放电电池数据表.xlsx|DC13|DC13,陕西省,咸阳,中国移动西咸数据中心,咸阳秦都西咸数据中心1号楼站点,咸阳秦都西咸数据中心1号楼J301电力电池机房,铅酸电池,13#开关电源蓄电池组,单体XX电压,第1组单体5电池电压,2025-07-08T03:21:19,2.236,V,1-J301电池室放电电池数据表.xlsx,DC13,2.236,第1组,DC13,8,1256.0,False,1.974,2.275,0.11916447533277191,0,False,False,False,0.1302179051488128,1.1130243778166407,7,-0.8728154553842123,-0.9282401374038777,0.39053776190803124,0.42504443628894517,1.0763127160481123,0.060072815533980584,7,False,0.9933431987009472,True,False
咸阳秦都西咸数据中心1号楼D203电力电池机房|7#开关电源蓄电池组|第2组|第2组单体22电池电压|1-D203电池室放电电池数据表.xlsx|DC7|DC7,陕西省,咸阳,中国移动西咸数据中心,咸阳秦都西咸数据中心1号楼站点,咸阳秦都西咸数据中心1号楼D203电力电池机房,铅酸电池,7#开关电源蓄电池组,单体XX电压,第2组单体22电池电压,2025-07-11T02:14:28,2.053,V,1-D203电池室放电电池数据表.xlsx,DC7,2.053,第2组,DC7,8,8018.0,False,2.025,2.241,-1.0107409799553235,0,False,False,False,0.1300833342331447,1.659081472094424,-1,-1.1905074615219577,0.624917335450897,-1.182153055079799,0.1318602561470241,1.0763127160481123,0.060072815533980584,7,False,0.8891395877642827,False,False
咸阳秦都西咸数据中心1号楼D203电力电池机房|7#开关电源蓄电池组|第1组|第1组单体22电池电压|1-D203电池室放电电池数据表.xlsx|DC7|DC7,陕西省,咸阳,中国移动西咸数据中心,咸阳秦都西咸数据中心1号楼站点,咸阳秦都西咸数据中心1号楼D203电力电池机房,铅酸电池,7#开关电源蓄电池组,单体XX电压,第1组单体22电池电压,2025-07-11T01:53:42,2.168,V,1-D203电池室放电电池数据表.xlsx,DC7,2.168,第1组,DC7,9,8093.0,False,2.052,2.251,-0.9988034690232872,0,False,False,False,0.12983974145275962,1.6932561605373273,-1,-1.323993332115923,0.6161737272029872,-1.1790786219136236,0.15263970076775565,1.0763127160481123,0.060072815533980584,7,False,0.842650988677985,False,False
咸阳秦都西咸数据中心1号楼J301电力电池机房|09#开关电源蓄电池组|第2组|第2组单体2电池电压|1-J301电池室放电电池数据表.xlsx|DC9|DC9,陕西省,咸阳,中国移动西咸数据中心,咸阳秦都西咸数据中心1号楼站点,咸阳秦都西咸数据中心1号楼J301电力电池机房,铅酸电池,09#开关电源蓄电池组,单体XX电压,第2组单体2电池电压,2025-07-09T02:13:03,2.094,V,1-J301电池室放电电池数据表.xlsx,DC9,2.094,第2组,DC9,8,1247.0,False,1.994,2.265,0.2184568501222664,0,False,False,False,0.12939292149287093,1.1248250203131296,7,-1.2342504652897037,-0.864812615128944,0.3560096051140571,0.1198701287703696,1.0763127160481123,0.060072815533980584,7,False,0.9991580129873667,True,False
咸阳秦都西咸数据中心1号楼J301电力电池机房|10#开关电源蓄电池组|第1组|第1组单体13电池电压|1-J301电池室放电电池数据表.xlsx|DC10|DC10,陕西省,咸阳,中国移动西咸数据中心,咸阳秦都西咸数据中心1号楼站点,咸阳秦都西咸数据中心1号楼J301电力电池机房,铅酸电池,10#开关电源蓄电池组,单体XX电压,第1组单体13电池电压,2025-07-09T02:34:44,2.005,V,1-J301电池室放电电池数据表.xlsx,DC10,2.005,第1组,DC10,7,855.0,False,2.005,2.236,-0.055175312150632455,0,False,False,False,0.1292675010116477,1.0324696024436024,7,-1.40941525541982,-0.6431457018720783,0.43068254022905295,-0.05738941889168152,1.0763127160481123,0.060072815533980584,7,False,0.9726459304533526,True,False
咸阳秦都西咸数据中心1号楼D303电力电池机房|4#开关电源蓄电池组|第2组|第2组单体4电池电压|1-D303电池室放电电池数据表.xlsx|DC4|DC4,陕西省,咸阳,中国移动西咸数据中心,咸阳秦都西咸数据中心1号楼站点,咸阳秦都西咸数据中心1号楼D303电力电池机房,铅酸电池,4#开关电源蓄电池组,单体XX电压,第2组单体4电池电压,2025-07-10T01:42:06,1.994,V,1-D303电池室放电电池数据表.xlsx,DC4,1.994,第2组,DC4,8,6137.0,False,1.953,2.211,-1.0748587559490872,0,False,False,False,0.12880242962036326,1.6093875684410845,-1,-0.6240033499425529,0.25528459574992024,-1.245728932394527,0.42631647656628113,1.0763127160481123,0.060072815533980584,7,False,0.7392000810670479,False,False
咸阳秦都西咸数据中心1号楼J301电力电池机房|09#开关电源蓄电池组|第2组|第2组单体14电池电压|1-J301电池室放电电池数据表.xlsx|DC9|DC9,陕西省,咸阳,中国移动西咸数据中心,咸阳秦都西咸数据中心1号楼站点,咸阳秦都西咸数据中心1号楼J301电力电池机房,铅酸电池,09#开关电源蓄电池组,单体XX电压,第2组单体14电池电压,2025-07-09T02:13:20,2.07,V,1-J301电池室放电电池数据表.xlsx,DC9,2.07,第2组,DC9,8,1247.0,False,2.008,2.279,0.1780086225286585,0,False,False,False,0.128462908321474,1.0510989283737047,7,-1.2266606947926624,-0.7668289873141997,0.3912238087181621,0.13576650616669925,1.0763127160481123,0.060072815533980584,7,False,0.9990802084622746,True,False
咸阳秦都西咸数据中心1号楼D303电力电池机房|2#开关电源蓄电池组|第2组|第2组单体24电池电压|1-D303电池室放电电池数据表.xlsx|DC2|DC2,陕西省,咸阳,中国移动西咸数据中心,咸阳秦都西咸数据中心1号楼站点,咸阳秦都西咸数据中心1号楼D303电力电池机房,铅酸电池,2#开关电源蓄电池组,单体XX电压,第2组单体24电池电压,2025-07-10T00:00:03,2.24,V,1-D303电池室放电电池数据表.xlsx,DC2,2.24,第2组,DC2,10,3296.0,False,1.995,2.24,-0.9961522309604032,0,False,False,False,0.12820764275889476,1.5599098235158797,-1,-0.8136952271617756,0.30736291406670657,-1.2566250609701701,0.2999652599421676,1.0763127160481123,0.060072815533980584,7,False,0.9721679658558243,True,False
咸阳秦都西咸数据中心1号楼D203电力电池机房|8#开关电源蓄电池组|第1组|第1组单体10电池电压|1-D203电池室放电电池数据表.xlsx|DC8|DC8,陕西省,咸阳,中国移动西咸数据中心,咸阳秦都西咸数据中心1号楼站点,咸阳秦都西咸数据中心1号楼D203电力电池机房,铅酸电池,8#开关电源蓄电池组,单体XX电压,第1组单体10电池电压,2025-07-11T02:16:27,2.145,V,1-D203电池室放电电池数据表.xlsx,DC8,2.145,第1组,DC8,10,9501.0,False,2.028,2.331,-1.0436811979664506,0,False,False,False,0.12783878516411842,1.519632099249229,-7,-0.19876849806112185,0.6528902946094394,0.9119549711465991,0.0705235868362466,1.0763127160481123,0.060072815533980584,7,False,0.5511023191532455,False,False
咸阳秦都西咸数据中心1号楼D201电力电池机房|2#开关电源蓄电池组|第1组|第1组单体2电池电压|1-D201电池室放电电池数据表.xlsx|DC2|DC2,陕西省,咸阳,中国移动西咸数据中心,咸阳秦都西咸数据中心1号楼站点,咸阳秦都西咸数据中心1号楼D201电力电池机房,铅酸电池,2#开关电源蓄电池组,单体XX电压,第1组单体2电池电压,2025-07-08T00:28:03,2.222,V,1-D201电池室放电电池数据表.xlsx,DC2,2.222,第1组,DC2,6,1301.0,False,2.022,2.222,-0.09624649254966078,0,False,False,False,0.1275321932413323,1.234457959024716,7,-1.677273682487285,-0.6448441053346035,0.4542637282036586,0.011287463146288146,1.0763127160481123,0.060072815533980584,7,False,0.9964721247768135,True,False
咸阳秦都西咸数据中心1号楼D203电力电池机房|8#开关电源蓄电池组|第1组|第1组单体1电池电压|1-D203电池室放电电池数据表.xlsx|DC8|DC8,陕西省,咸阳,中国移动西咸数据中心,咸阳秦都西咸数据中心1号楼站点,咸阳秦都西咸数据中心1号楼D203电力电池机房,铅酸电池,8#开关电源蓄电池组,单体XX电压,第1组单体1电池电压,2025-07-11T00:00:53,2.221,V,1-D203电池室放电电池数据表.xlsx,DC8,2.221,第1组,DC8,10,9501.0,False,1.998,2.25,-1.174860961015421,0,False,False,False,0.1273766884841689,1.6767944120692022,-1,-0.6782270719235902,0.580691932421997,-1.142211708751156,0.4103414062064593,1.0763127160481123,0.060072815533980584,7,False,0.88862118239496,False,False
咸阳秦都西咸数据中心1号楼J301电力电池机房|07#开关电源蓄电池组|第2组|第2组单体20电池电压|1-J301电池室放电电池数据表.xlsx|DC7|DC7,陕西省,咸阳,中国移动西咸数据中心,咸阳秦都西咸数据中心1号楼站点,咸阳秦都西咸数据中心1号楼J301电力电池机房,铅酸电池,07#开关电源蓄电池组,单体XX电压,第2组单体20电池电压,2025-07-09T01:28:40,2.188,V,1-J301电池室放电电池数据表.xlsx,DC7,2.188,第2组,DC7,11,9859.0,False,1.882,2.236,-0.9281939340134797,0,False,False,False,0.1273234264858274,1.4885698913168002,7,0.4034719760443546,-0.09048726629267065,0.6612722495301894,0.009851281081483948,1.0763127160481123,0.060072815533980584,7,False,0.9720609864734656,True,False
咸阳秦都西咸数据中心1号楼D203电力电池机房|3#开关电源蓄电池组|第2组|第2组单体15电池电压|1-D203电池室放电电池数据表.xlsx|DC3|DC3,陕西省,咸阳,中国移动西咸数据中心,咸阳秦都西咸数据中心1号楼站点,咸阳秦都西咸数据中心1号楼D203电力电池机房,铅酸电池,3#开关电源蓄电池组,单体XX电压,第2组单体15电池电压,2025-07-11T01:13:44,2.266,V,1-D203电池室放电电池数据表.xlsx,DC3,2.266,第2组,DC3,13,7151.0,False,2.063,2.322,-0.8977250680087183,0,False,False,False,0.12688918872696617,1.1755800824465523,7,-0.6829653632560716,0.37237236905832016,0.8335663100828903,0.10806948180657619,1.0763127160481123,0.060072815533980584,7,False,0.904251612865046,False,False
咸阳秦都西咸数据中心1号楼J301电力电池机房|11#开关电源蓄电池组|第1组|第1组单体1电池电压|1-J301电池室放电电池数据表.xlsx|DC11|DC11,陕西省,咸阳,中国移动西咸数据中心,咸阳秦都西咸数据中心1号楼站点,咸阳秦都西咸数据中心1号楼J301电力电池机房,铅酸电池,11#开关电源蓄电池组,单体XX电压,第1组单体1电池电压,2025-07-08T02:41:21,2.153,V,1-J301电池室放电电池数据表.xlsx,DC11,2.153,第1组,DC11,6,1308.0,False,2.039,2.227,0.014800505459415303,0,False,False,False,0.12685650417068867,1.3976778495051148,7,-1.9128135590207194,-0.5155997030738899,0.46324148591683456,-0.10763580723721167,1.0763127160481123,0.060072815533980584,7,False,0.9018810005115263,False,False
咸阳秦都西咸数据中心1号楼D303电力电池机房|2#开关电源蓄电池组|第1组|第1组单体8电池电压|1-D303电池室放电电池数据表.xlsx|DC2|DC2,陕西省,咸阳,中国移动西咸数据中心,咸阳秦都西咸数据中心1号楼站点,咸阳秦都西咸数据中心1号楼D303电力电池机房,铅酸电池,2#开关电源蓄电池组,单体XX电压,第1组单体8电池电压,2025-07-10T00:00:47,2.239,V,1-D303电池室放电电池数据表.xlsx,DC2,2.239,第1组,DC2,10,3296.0,False,1.981,2.239,-1.09594530291945,0,False,False,False,0.12598444746140883,1.6126639219250276,-1,-0.5913998882649378,0.2634386157076293,-1.2541877815707876,0.3482655011453243,1.0763127160481123,0.060072815533980584,7,False,0.9979659365530554,True,False
咸阳秦都西咸数据中心1号楼J301电力电池机房|09#开关电源蓄电池组|第2组|第2组单体7电池电压|1-J301电池室放电电池数据表.xlsx|DC9|DC9,陕西省,咸阳,中国移动西咸数据中心,咸阳秦都西咸数据中心1号楼站点,咸阳秦都西咸数据中心1号楼J301电力电池机房,铅酸电池,09#开关电源蓄电池组,单体XX电压,第2组单体7电池电压,2025-07-09T02:13:20,2.064,V,1-J301电池室放电电池数据表.xlsx,DC9,2.064,第2组,DC9,8,1256.0,False,2.002,2.269,0.2221680960661226,0,False,False,False,0.12590626924321952,1.1127513515077225,7,-1.2851987443537134,-0.8122497296618111,0.3638435724947753,0.07125422853944685,1.0763127160481123,0.060072815533980584,7,False,0.9995318794852845,True,False
咸阳秦都西咸数据中心1号楼D303电力电池机房|4#开关电源蓄电池组|第1组|第1组单体12电池电压|1-D303电池室放电电池数据表.xlsx|DC4|DC4,陕西省,咸阳,中国移动西咸数据中心,咸阳秦都西咸数据中心1号楼站点,咸阳秦都西咸数据中心1号楼D303电力电池机房,铅酸电池,4#开关电源蓄电池组,单体XX电压,第1组单体12电池电压,2025-07-10T01:42:11,2.177,V,1-D303电池室放电电池数据表.xlsx,DC4,2.177,第1组,DC4,8,6137.0,False,2.027,2.309,-0.9654605870027628,0,False,False,False,0.12577049189863648,1.2919901646771348,-7,-0.4024223955419543,0.42162248159761007,0.8566694182450376,0.1587455686575007,1.0763127160481123,0.060072815533980584,7,False,0.9955388649470863,True,False
咸阳秦都西咸数据中心1号楼D303电力电池机房|4#开关电源蓄电池组|第1组|第1组单体20电池电压|1-D303电池室放电电池数据表.xlsx|DC4|DC4,陕西省,咸阳,中国移动西咸数据中心,咸阳秦都西咸数据中心1号楼站点,咸阳秦都西咸数据中心1号楼D303电力电池机房,铅酸电池,4#开关电源蓄电池组,单体XX电压,第1组单体20电池电压,2025-07-10T01:20:36,2.313,V,1-D303电池室放电电池数据表.xlsx,DC4,2.313,第1组,DC4,8,6133.0,False,1.97,2.313,-1.0042071812967492,0,False,False,False,0.12547713911835273,1.5712511045456405,-7,0.21107696351676064,0.4013888842853225,0.8485037073805746,0.21819920656727718,1.0763127160481123,0.060072815533980584,7,False,0.9941379599252804,True,False
咸阳秦都西咸数据中心1号楼D201电力电池机房|2#开关电源蓄电池组|第2组|第2组单体14电池电压|1-D201电池室放电电池数据表.xlsx|DC2|DC2,陕西省,咸阳,中国移动西咸数据中心,咸阳秦都西咸数据中心1号楼站点,咸阳秦都西咸数据中心1号楼D201电力电池机房,铅酸电池,2#开关电源蓄电池组,单体XX电压,第2组单体14电池电压,2025-07-08T00:28:07,2.081,V,1-D201电池室放电电池数据表.xlsx,DC2,2.081,第2组,DC2,7,1301.0,False,2.012,2.23,0.01652531423618303,0,False,False,False,0.12533512247631973,1.2485444463269706,7,-1.5877050034648355,-0.7708732491059043,0.42579801874177936,0.16183311104912232,1.0763127160481123,0.060072815533980584,7,False,0.9896140965726555,True,False
咸阳秦都西咸数据中心1号楼D201电力电池机房|2#开关电源蓄电池组|第2组|第2组单体21电池电压|1-D201电池室放电电池数据表.xlsx|DC2|DC2,陕西省,咸阳,中国移动西咸数据中心,咸阳秦都西咸数据中心1号楼站点,咸阳秦都西咸数据中心1号楼D201电力电池机房,铅酸电池,2#开关电源蓄电池组,单体XX电压,第2组单体21电池电压,2025-07-08T00:28:38,2.007,V,1-D201电池室放电电池数据表.xlsx,DC2,2.007,第2组,DC2,6,1301.0,False,2.007,2.208,-0.03505947104801177,0,False,False,False,0.12434640456714369,1.2847065349356392,7,-1.704317916327731,-0.7102201874524605,0.4257962143667947,-0.005910759091828741,1.0763127160481123,0.060072815533980584,7,False,0.9978575286662963,True,False
咸阳秦都西咸数据中心1号楼D303电力电池机房|5#开关电源蓄电池组|第1组|第1组单体22电池电压|1-D303电池室放电电池数据表.xlsx|DC5|DC5,陕西省,咸阳,中国移动西咸数据中心,咸阳秦都西咸数据中心1号楼站点,咸阳秦都西咸数据中心1号楼D303电力电池机房,铅酸电池,5#开关电源蓄电池组,单体XX电压,第1组单体22电池电压,2025-07-10T02:07:00,2.21,V,1-D303电池室放电电池数据表.xlsx,DC5,2.21,第1组,DC5,8,7572.0,False,1.98,2.28,-0.8506833887269023,0,False,False,False,0.12418411200145402,1.1478830061072898,-7,-0.3232051570463853,0.3161581832078534,0.7728756394286513,-0.06871434216109204,1.0763127160481123,0.060072815533980584,7,False,0.5915801817237701,False,False
咸阳秦都西咸数据中心1号楼D303电力电池机房|4#开关电源蓄电池组|第2组|第2组单体7电池电压|1-D303电池室放电电池数据表.xlsx|DC4|DC4,陕西省,咸阳,中国移动西咸数据中心,咸阳秦都西咸数据中心1号楼站点,咸阳秦都西咸数据中心1号楼D303电力电池机房,铅酸电池,4#开关电源蓄电池组,单体XX电压,第2组单体7电池电压,2025-07-10T01:21:05,1.988,V,1-D303电池室放电电池数据表.xlsx,DC4,1.988,第2组,DC4,8,6137.0,False,1.988,2.326,-1.0608932780074403,0,False,False,False,0.1241387112892818,1.620140334127349,-7,0.1972150288774568,0.4744537948360068,0.8686487308879367,0.16716254665209127,1.0763127160481123,0.060072815533980584,7,False,0.9155800705244181,False,False
咸阳秦都西咸数据中心1号楼D203电力电池机房|8#开关电源蓄电池组|第2组|第2组单体21电池电压|1-D203电池室放电电池数据表.xlsx|DC8|DC8,陕西省,咸阳,中国移动西咸数据中心,咸阳秦都西咸数据中心1号楼站点,咸阳秦都西咸数据中心1号楼D203电力电池机房,铅酸电池,8#开关电源蓄电池组,单体XX电压,第2组单体21电池电压,2025-07-11T02:38:13,2.199,V,1-D203电池室放电电池数据表.xlsx,DC8,2.199,第2组,DC8,9,9501.0,False,2.021,2.309,-1.0011724832347126,0,False,False,False,0.12392937651109752,1.3736437373806347,-7,-0.3615447578571417,0.5468449057160827,0.8714644415344901,0.01073606949737696,1.0763127160481123,0.060072815533980584,7,False,0.5946244055625645,False,False
咸阳秦都西咸数据中心1号楼D201电力电池机房|4#开关电源蓄电池组|第2组|第2组单体12电池电压|1-D201电池室放电电池数据表.xlsx|DC4|DC4,陕西省,咸阳,中国移动西咸数据中心,咸阳秦都西咸数据中心1号楼站点,咸阳秦都西咸数据中心1号楼D201电力电池机房,铅酸电池,4#开关电源蓄电池组,单体XX电压,第2组单体12电池电压,2025-07-08T00:48:14,2.111,V,1-D201电池室放电电池数据表.xlsx,DC4,2.111,第2组,DC4,8,1308.0,False,1.995,2.226,0.014423460848386527,0,False,False,False,0.12384615053816504,1.090662612015869,7,-1.4577217340590758,-0.6758875374213799,0.4037260714010523,-0.11870902890506789,1.0763127160481123,0.060072815533980584,7,False,0.8963283795474675,False,False
咸阳秦都西咸数据中心1号楼J301电力电池机房|01#开关电源蓄电池组|第2组|第2组单体19电池电压|1-J301电池室放电电池数据表.xlsx|DC1|DC1,陕西省,咸阳,中国移动西咸数据中心,咸阳秦都西咸数据中心1号楼站点,咸阳秦都西咸数据中心1号楼J301电力电池机房,铅酸电池,01#开关电源蓄电池组,单体XX电压,第2组单体19电池电压,2025-07-09T00:05:44,1.985,V,1-J301电池室放电电池数据表.xlsx,DC1,1.985,第2组,DC1,11,3263.0,False,1.911,2.231,0.2469124120256358,0,False,False,False,0.1237651929331515,0.7360329312338177,-7,-0.9255207337394281,-0.2683002514198242,0.46536911056662245,-0.16254282419795066,1.0763127160481123,0.060072815533980584,7,False,0.9998459665102265,True,False
咸阳秦都西咸数据中心1号楼J301电力电池机房|10#开关电源蓄电池组|第2组|第2组单体23电池电压|1-J301电池室放电电池数据表.xlsx|DC10|DC10,陕西省,咸阳,中国移动西咸数据中心,咸阳秦都西咸数据中心1号楼站点,咸阳秦都西咸数据中心1号楼J301电力电池机房,铅酸电池,10#开关电源蓄电池组,单体XX电压,第2组单体23电池电压,2025-07-09T02:34:18,2.252,V,1-J301电池室放电电池数据表.xlsx,DC10,2.252,第2组,DC10,8,802.0,False,1.959,2.252,0.15709834603831618,0,False,False,False,0.1235888832015228,1.064255368077588,7,-1.0083228211083108,-0.8448030911644667,0.3995885287216431,0.3436642175845258,1.0763127160481123,0.060072815533980584,7,False,0.8605588917181586,False,False
咸阳秦都西咸数据中心1号楼J301电力电池机房|11#开关电源蓄电池组|第2组|第2组单体16电池电压|1-J301电池室放电电池数据表.xlsx|DC11|DC11,陕西省,咸阳,中国移动西咸数据中心,咸阳秦都西咸数据中心1号楼站点,咸阳秦都西咸数据中心1号楼J301电力电池机房,铅酸电池,11#开关电源蓄电池组,单体XX电压,第2组单体16电池电压,2025-07-08T02:20:34,2.028,V,1-J301电池室放电电池数据表.xlsx,DC11,2.028,第2组,DC11,6,1308.0,False,2.028,2.227,0.09033935550702976,0,False,False,False,0.12340847115609618,1.383077770332246,7,-1.8581008360536087,-0.5082972509718345,0.41828976867690837,-0.32701132309677644,1.0763127160481123,0.060072815533980584,7,False,0.7723967678211444,False,False
咸阳秦都西咸数据中心1号楼J301电力电池机房|01#开关电源蓄电池组|第2组|第2组单体3电池电压|1-J301电池室放电电池数据表.xlsx|DC1|DC1,陕西省,咸阳,中国移动西咸数据中心,咸阳秦都西咸数据中心1号楼站点,咸阳秦都西咸数据中心1号楼J301电力电池机房,铅酸电池,01#开关电源蓄电池组,单体XX电压,第2组单体3电池电压,2025-07-09T00:26:49,1.967,V,1-J301电池室放电电池数据表.xlsx,DC1,1.967,第2组,DC1,11,3263.0,False,1.922,2.227,0.21974168583307102,0,False,False,False,0.12326854999169282,0.7731243542391354,-7,-1.0696350461084292,-0.22089519606434152,0.4934996375652813,-0.11812472684670158,1.0763127160481123,0.060072815533980584,7,False,0.9990534242853196,True,False
咸阳秦都西咸数据中心1号楼J301电力电池机房|06#开关电源蓄电池组|第2组|第2组单体14电池电压|1-J301电池室放电电池数据表.xlsx|DC6|DC6,陕西省,咸阳,中国移动西咸数据中心,咸阳秦都西咸数据中心1号楼站点,咸阳秦都西咸数据中心1号楼J301电力电池机房,铅酸电池,06#开关电源蓄电池组,单体XX电压,第2组单体14电池电压,2025-07-09T00:14:34,2.236,V,1-J301电池室放电电池数据表.xlsx,DC6,2.236,第2组,DC6,9,9928.0,False,1.979,2.275,-0.90644586006531,0,False,False,False,0.12281698711824399,1.1897707710747922,7,-0.3191399273985362,0.32443787977238436,0.7729911176172064,-0.1272761231888878,1.0763127160481123,0.060072815533980584,7,False,0.972694925758595,True,False
咸阳秦都西咸数据中心1号楼D203电力电池机房|3#开关电源蓄电池组|第1组|第1组单体10电池电压|1-D203电池室放电电池数据表.xlsx|DC3|DC3,陕西省,咸阳,中国移动西咸数据中心,咸阳秦都西咸数据中心1号楼站点,咸阳秦都西咸数据中心1号楼D203电力电池机房,铅酸电池,3#开关电源蓄电池组,单体XX电压,第1组单体10电池电压,2025-07-11T00:00:52,2.378,V,1-D203电池室放电电池数据表.xlsx,DC3,2.378,第1组,DC3,10,7151.0,False,2.083,2.378,-1.017628455143549,0,False,False,False,0.12242401105401529,1.508995979750411,-7,-0.3081843370180031,0.7279236916549839,0.9122520831090284,-0.05558756584419407,1.0763127160481123,0.060072815533980584,7,False,0.05029514263946895,False,False
咸阳秦都西咸数据中心1号楼D303电力电池机房|7#开关电源蓄电池组|第1组|第1组单体21电池电压|1-D303电池室放电电池数据表.xlsx|DC7|DC7,陕西省,咸阳,中国移动西咸数据中心,咸阳秦都西咸数据中心1号楼站点,咸阳秦都西咸数据中心1号楼D303电力电池机房,铅酸电池,7#开关电源蓄电池组,单体XX电压,第1组单体21电池电压,2025-07-10T00:00:49,2.22,V,1-D303电池室放电电池数据表.xlsx,DC7,2.22,第1组,DC7,9,10501.0,False,2.001,2.257,-1.1117373271938562,0,False,False,False,0.12237992688777871,1.6421906824176893,-1,-0.7164747744410402,0.6096317294611013,-1.1547100327062598,0.3277997472634022,1.0763127160481123,0.060072815533980584,7,False,0.7842715734904808,False,False
咸阳秦都西咸数据中心1号楼D203电力电池机房|1#开关电源蓄电池组|第1组|第1组单体2电池电压|1-D203电池室放电电池数据表.xlsx|DC1|DC1,陕西省,咸阳,中国移动西咸数据中心,咸阳秦都西咸数据中心1号楼站点,咸阳秦都西咸数据中心1号楼D203电力电池机房,铅酸电池,1#开关电源蓄电池组,单体XX电压,第1组单体2电池电压,2025-07-11T00:02:51,2.055,V,1-D203电池室放电电池数据表.xlsx,DC1,2.055,第1组,DC1,7,1473.0,False,2.055,2.255,0.29193867826409864,0,False,False,False,0.12194918261362656,1.605105611866308,7,-2.086625507627091,-0.2862594276477366,0.4471590515090336,-0.40873787789672666,1.0763127160481123,0.060072815533980584,7,False,0.5872350640256253,False,False
咸阳秦都西咸数据中心1号楼D203电力电池机房|8#开关电源蓄电池组|第2组|第2组单体4电池电压|1-D203电池室放电电池数据表.xlsx|DC8|DC8,陕西省,咸阳,中国移动西咸数据中心,咸阳秦都西咸数据中心1号楼站点,咸阳秦都西咸数据中心1号楼D203电力电池机房,铅酸电池,8#开关电源蓄电池组,单体XX电压,第2组单体4电池电压,2025-07-11T00:00:53,2.215,V,1-D203电池室放电电池数据表.xlsx,DC8,2.215,第2组,DC8,10,9501.0,False,2.023,2.258,-1.0297829751629164,0,False,False,False,0.12120002166693812,1.61685924429269,-1,-0.9721583505185822,0.5920691797847769,-1.1677877544260107,0.30005535694614904,1.0763127160481123,0.060072815533980584,7,False,0.8548093079895938,False,False
咸阳秦都西咸数据中心1号楼D303电力电池机房|5#开关电源蓄电池组|第2组|第2组单体17电池电压|1-D303电池室放电电池数据表.xlsx|DC5|DC5,陕西省,咸阳,中国移动西咸数据中心,咸阳秦都西咸数据中心1号楼站点,咸阳秦都西咸数据中心1号楼D303电力电池机房,铅酸电池,5#开关电源蓄电池组,单体XX电压,第2组单体17电池电压,2025-07-10T02:10:31,2.281,V,1-D303电池室放电电池数据表.xlsx,DC5,2.281,第2组,DC5,8,7783.0,False,2.053,2.358,-1.0212284446238207,0,False,False,False,0.12103848387228164,1.5501173137724258,-7,-0.21394444581547867,0.7451250907161263,0.9183996110961322,-0.03401622745710357,1.0763127160481123,0.060072815533980584,7,False,0.6419443601107162,False,False
咸阳秦都西咸数据中心1号楼D203电力电池机房|4#开关电源蓄电池组|第2组|第2组单体9电池电压|1-D203电池室放电电池数据表.xlsx|DC4|DC4,陕西省,咸阳,中国移动西咸数据中心,咸阳秦都西咸数据中心1号楼站点,咸阳秦都西咸数据中心1号楼D203电力电池机房,铅酸电池,4#开关电源蓄电池组,单体XX电压,第2组单体9电池电压,2025-07-11T01:37:33,2.248,V,1-D203电池室放电电池数据表.xlsx,DC4,2.248,第2组,DC4,10,7148.0,False,2.03,2.285,-0.9858402670632684,0,False,False,False,0.1208731193636009,1.2022023183216317,-7,-0.6094076079183316,0.30435217027391404,0.8206568103670505,0.08702459457021147,1.0763127160481123,0.060072815533980584,7,False,0.9312715452868235,True,False
咸阳秦都西咸数据中心1号楼D203电力电池机房|4#开关电源蓄电池组|第2组|第2组单体17电池电压|1-D203电池室放电电池数据表.xlsx|DC4|DC4,陕西省,咸阳,中国移动西咸数据中心,咸阳秦都西咸数据中心1号楼站点,咸阳秦都西咸数据中心1号楼D203电力电池机房,铅酸电池,4#开关电源蓄电池组,单体XX电压,第2组单体17电池电压,2025-07-11T01:15:56,2.33,V,1-D203电池室放电电池数据表.xlsx,DC4,2.33,第2组,DC4,10,7148.0,False,2.004,2.33,-1.0178092877601312,0,False,False,False,0.12082692338893251,1.4967367332312698,-7,0.043700601658400284,0.46499600712962597,0.8518330209006881,0.08817894544693589,1.0763127160481123,0.060072815533980584,7,False,0.9236644306952266,True,False
咸阳秦都西咸数据中心1号楼D303电力电池机房|5#开关电源蓄电池组|第1组|第1组单体3电池电压|1-D303电池室放电电池数据表.xlsx|DC5|DC5,陕西省,咸阳,中国移动西咸数据中心,咸阳秦都西咸数据中心1号楼站点,咸阳秦都西咸数据中心1号楼D303电力电池机房,铅酸电池,5#开关电源蓄电池组,单体XX电压,第1组单体3电池电压,2025-07-10T02:06:56,2.099,V,1-D303电池室放电电池数据表.xlsx,DC5,2.099,第1组,DC5,8,7894.0,False,2.01,2.309,-0.9255473756398866,0,False,False,False,0.12079475769867892,1.279351514960686,-7,-0.31326697187184904,0.4624028859352197,0.8225941775553043,-0.07464704125572275,1.0763127160481123,0.060072815533980584,7,False,0.395888553181908,False,False
咸阳秦都西咸数据中心1号楼D303电力电池机房|4#开关电源蓄电池组|第1组|第1组单体7电池电压|1-D303电池室放电电池数据表.xlsx|DC4|DC4,陕西省,咸阳,中国移动西咸数据中心,咸阳秦都西咸数据中心1号楼站点,咸阳秦都西咸数据中心1号楼D303电力电池机房,铅酸电池,4#开关电源蓄电池组,单体XX电压,第1组单体7电池电压,2025-07-10T01:42:42,2.239,V,1-D303电池室放电电池数据表.xlsx,DC4,2.239,第1组,DC4,8,6160.0,False,2.03,2.299,-0.9785009966726188,0,False,False,False,0.12036315050429769,1.2535112533201969,-7,-0.4997972648481881,0.3706809773521248,0.8448704710375284,0.14664547791405655,1.0763127160481123,0.060072815533980584,7,False,0.994003563401642,True,False
咸阳秦都西咸数据中心1号楼J301电力电池机房|09#开关电源蓄电池组|第2组|第2组单体10电池电压|1-J301电池室放电电池数据表.xlsx|DC9|DC9,陕西省,咸阳,中国移动西咸数据中心,咸阳秦都西咸数据中心1号楼站点,咸阳秦都西咸数据中心1号楼J301电力电池机房,铅酸电池,09#开关电源蓄电池组,单体XX电压,第2组单体10电池电压,2025-07-09T02:13:20,2.06,V,1-J301电池室放电电池数据表.xlsx,DC9,2.06,第2组,DC9,8,1247.0,False,2.006,2.272,0.16232313666876397,0,False,False,False,0.12028029177265641,1.0804516369041004,7,-1.255559134155726,-0.7913546208860318,0.3912210036941725,0.16048003887827503,1.0763127160481123,0.060072815533980584,7,False,0.9986697718352184,True,False
咸阳秦都西咸数据中心1号楼D201电力电池机房|2#开关电源蓄电池组|第1组|第1组单体1电池电压|1-D201电池室放电电池数据表.xlsx|DC2|DC2,陕西省,咸阳,中国移动西咸数据中心,咸阳秦都西咸数据中心1号楼站点,咸阳秦都西咸数据中心1号楼D201电力电池机房,铅酸电池,2#开关电源蓄电池组,单体XX电压,第1组单体1电池电压,2025-07-08T00:49:22,2.078,V,1-D201电池室放电电池数据表.xlsx,DC2,2.078,第1组,DC2,7,1310.0,False,2.018,2.225,-0.043877846269133214,0,False,False,False,0.12026990518758096,1.2098185168750801,7,-1.6432679207289969,-0.6495899125025073,0.43033611140351646,-0.07970532117521333,1.0763127160481123,0.060072815533980584,7,False,0.9958474117659789,True,False
咸阳秦都西咸数据中心1号楼D201电力电池机房|1#开关电源蓄电池组|第2组|第2组单体1电池电压|1-D201电池室放电电池数据表.xlsx|DC1|DC1,陕西省,咸阳,中国移动西咸数据中心,咸阳秦都西咸数据中心1号楼站点,咸阳秦都西咸数据中心1号楼D201电力电池机房,铅酸电池,1#开关电源蓄电池组,单体XX电压,第2组单体1电池电压,2025-07-08T00:28:12,2.168,V,1-D201电池室放电电池数据表.xlsx,DC1,2.168,第2组,DC1,7,1366.0,False,1.978,2.256,0.04670866428744486,0,False,False,False,0.12006778503501393,1.0819527088020124,7,-1.0555746370586898,-0.8343316082904118,0.4317288078017368,0.4257490325597454,1.0763127160481123,0.060072815533980584,7,False,0.9978314979512354,True,False
咸阳秦都西咸数据中心1号楼J301电力电池机房|07#开关电源蓄电池组|第2组|第2组单体2电池电压|1-J301电池室放电电池数据表.xlsx|DC7|DC7,陕西省,咸阳,中国移动西咸数据中心,咸阳秦都西咸数据中心1号楼站点,咸阳秦都西咸数据中心1号楼J301电力电池机房,铅酸电池,07#开关电源蓄电池组,单体XX电压,第2组单体2电池电压,2025-07-09T01:28:40,2.247,V,1-J301电池室放电电池数据表.xlsx,DC7,2.247,第2组,DC7,11,9859.0,False,1.903,2.247,-1.0566637326957908,0,False,False,False,0.11954276402670685,1.5707943027348004,7,0.4000232926964009,0.004169508174415443,0.7000499965763023,-0.020348895063248176,1.0763127160481123,0.060072815533980584,7,False,0.9481929708087797,True,False
咸阳秦都西咸数据中心1号楼J301电力电池机房|13#开关电源蓄电池组|第2组|第2组单体24电池电压|1-J301电池室放电电池数据表.xlsx|DC13|DC13,陕西省,咸阳,中国移动西咸数据中心,咸阳秦都西咸数据中心1号楼站点,咸阳秦都西咸数据中心1号楼J301电力电池机房,铅酸电池,13#开关电源蓄电池组,单体XX电压,第2组单体24电池电压,2025-07-08T03:00:32,2.091,V,1-J301电池室放电电池数据表.xlsx,DC13,2.091,第2组,DC13,8,1256.0,False,1.976,2.197,0.01624998019792906,0,False,False,False,0.11913645606466894,1.233400476154607,7,-1.5123184096126079,-0.8748478295831845,0.3647721411125757,-0.022182918702645896,1.0763127160481123,0.060072815533980584,7,False,0.9710232742628399,True,False
咸阳秦都西咸数据中心1号楼J301电力电池机房|13#开关电源蓄电池组|第2组|第2组单体3电池电压|1-J301电池室放电电池数据表.xlsx|DC13|DC13,陕西省,咸阳,中国移动西咸数据中心,咸阳秦都西咸数据中心1号楼站点,咸阳秦都西咸数据中心1号楼J301电力电池机房,铅酸电池,13#开关电源蓄电池组,单体XX电压,第2组单体3电池电压,2025-07-08T03:22:38,2.248,V,1-J301电池室放电电池数据表.xlsx,DC13,2.248,第2组,DC13,8,1326.0,False,1.966,2.248,0.05516426904692301,0,False,False,False,0.1190617009377738,1.1253933623156231,7,-1.004668389664076,-0.9093645971701155,0.41146144511208915,0.44642985659210865,1.0763127160481123,0.060072815533980584,7,False,0.9950078225044321,True,False
咸阳秦都西咸数据中心1号楼J301电力电池机房|13#开关电源蓄电池组|第1组|第1组单体20电池电压|1-J301电池室放电电池数据表.xlsx|DC13|DC13,陕西省,咸阳,中国移动西咸数据中心,咸阳秦都西咸数据中心1号楼站点,咸阳秦都西咸数据中心1号楼J301电力电池机房,铅酸电池,13#开关电源蓄电池组,单体XX电压,第1组单体20电池电压,2025-07-08T03:21:02,2.124,V,1-J301电池室放电电池数据表.xlsx,DC13,2.124,第1组,DC13,8,1308.0,False,1.972,2.256,0.13773550464339268,0,False,False,False,0.1185777907663531,1.122513208742596,7,-1.0652545805528533,-0.8778005197598918,0.4043958921317632,0.40495621858365316,1.0763127160481123,0.060072815533980584,7,False,0.9943378999660933,True,False
咸阳秦都西咸数据中心1号楼D303电力电池机房|3#开关电源蓄电池组|第1组|第1组单体11电池电压|1-D303电池室放电电池数据表.xlsx|DC3|DC3,陕西省,咸阳,中国移动西咸数据中心,咸阳秦都西咸数据中心1号楼站点,咸阳秦都西咸数据中心1号楼D303电力电池机房,铅酸电池,3#开关电源蓄电池组,单体XX电压,第1组单体11电池电压,2025-07-10T01:18:58,2.208,V,1-D303电池室放电电池数据表.xlsx,DC3,2.208,第1组,DC3,9,4784.0,False,2.085,2.328,-0.9311842541028823,0,False,False,False,0.11839621992805492,1.261974093535303,-7,-0.8136257646546845,0.4813215109163288,0.8658833060761331,0.06872667879796238,1.0763127160481123,0.060072815533980584,7,False,0.874632850515016,False,False
咸阳秦都西咸数据中心1号楼D201电力电池机房|2#开关电源蓄电池组|第1组|第1组单体18电池电压|1-D201电池室放电电池数据表.xlsx|DC2|DC2,陕西省,咸阳,中国移动西咸数据中心,咸阳秦都西咸数据中心1号楼站点,咸阳秦都西咸数据中心1号楼D201电力电池机房,铅酸电池,2#开关电源蓄电池组,单体XX电压,第1组单体18电池电压,2025-07-08T00:27:58,2.099,V,1-D201电池室放电电池数据表.xlsx,DC2,2.099,第1组,DC2,7,1310.0,False,1.98,2.204,0.030838254925774244,0,False,False,False,0.11833781085191511,1.2307038728348438,7,-1.5021146726842751,-0.8761857251677264,0.36737734102198216,0.009953439722310192,1.0763127160481123,0.060072815533980584,7,False,0.9975279311551992,True,False
咸阳秦都西咸数据中心1号楼D301电力电池机房|2#开关电源蓄电池组|第2组|第2组单体23电池电压|1-D301电池室放电电池数据表.xlsx|DC2|DC2,陕西省,咸阳,中国移动西咸数据中心,咸阳秦都西咸数据中心1号楼站点,咸阳秦都西咸数据中心1号楼D301电力电池机房,铅酸电池,2#开关电源蓄电池组,单体XX电压,第2组单体23电池电压,2025-07-08T01:55:09,2.238,V,1-D301电池室放电电池数据表.xlsx,DC2,2.238,第2组,DC2,7,1301.0,False,2.04,2.238,0.05731698884232006,0,False,False,False,0.11810146062576324,1.3598394351392182,7,-1.8545212159162583,-0.4785482146839035,0.4383138704439219,-0.2812154151353186,1.0763127160481123,0.060072815533980584,7,False,0.7650469015674121,False,False
咸阳秦都西咸数据中心1号楼D203电力电池机房|8#开关电源蓄电池组|第1组|第1组单体19电池电压|1-D203电池室放电电池数据表.xlsx|DC8|DC8,陕西省,咸阳,中国移动西咸数据中心,咸阳秦都西咸数据中心1号楼站点,咸阳秦都西咸数据中心1号楼D203电力电池机房,铅酸电池,8#开关电源蓄电池组,单体XX电压,第1组单体19电池电压,2025-07-11T02:38:13,2.199,V,1-D203电池室放电电池数据表.xlsx,DC8,2.199,第1组,DC8,10,9501.0,False,1.985,2.338,-1.1487327269218428,0,False,False,False,0.11708061676674861,1.8540776483509855,-7,0.3617997373930846,0.6606562358063063,0.9261972480667542,0.1565192407182506,1.0763127160481123,0.060072815533980584,7,False,0.5494422311018534,False,False
咸阳秦都西咸数据中心1号楼D303电力电池机房|7#开关电源蓄电池组|第2组|第2组单体14电池电压|1-D303电池室放电电池数据表.xlsx|DC7|DC7,陕西省,咸阳,中国移动西咸数据中心,咸阳秦都西咸数据中心1号楼站点,咸阳秦都西咸数据中心1号楼D303电力电池机房,铅酸电池,7#开关电源蓄电池组,单体XX电压,第2组单体14电池电压,2025-07-10T02:34:12,2.137,V,1-D303电池室放电电池数据表.xlsx,DC7,2.137,第2组,DC7,9,10501.0,False,2.026,2.255,-0.9538184401587517,0,False,False,False,0.11685195124886394,1.604360856274978,-1,-1.1017899355398149,0.5742977789063098,-1.1896471017693186,0.2353540766676208,1.0763127160481123,0.060072815533980584,7,False,0.8180619411959507,False,False
咸阳秦都西咸数据中心1号楼D301电力电池机房|2#开关电源蓄电池组|第2组|第2组单体12电池电压|1-D301电池室放电电池数据表.xlsx|DC2|DC2,陕西省,咸阳,中国移动西咸数据中心,咸阳秦都西咸数据中心1号楼站点,咸阳秦都西咸数据中心1号楼D301电力电池机房,铅酸电池,2#开关电源蓄电池组,单体XX电压,第2组单体12电池电压,2025-07-08T01:33:33,2.1,V,1-D301电池室放电电池数据表.xlsx,DC2,2.1,第2组,DC2,8,1350.0,False,1.994,2.221,0.03516448990764581,0,False,False,False,0.11672087777454931,1.1589459566832396,7,-1.494999257798575,-0.7543770881338264,0.3792696381786192,-0.12319472777519569,1.0763127160481123,0.060072815533980584,7,False,0.7368165105876082,False,False
咸阳秦都西咸数据中心1号楼D203电力电池机房|4#开关电源蓄电池组|第2组|第2组单体10电池电压|1-D203电池室放电电池数据表.xlsx|DC4|DC4,陕西省,咸阳,中国移动西咸数据中心,咸阳秦都西咸数据中心1号楼站点,咸阳秦都西咸数据中心1号楼D203电力电池机房,铅酸电池,4#开关电源蓄电池组,单体XX电压,第2组单体10电池电压,2025-07-11T01:15:56,2.291,V,1-D203电池室放电电池数据表.xlsx,DC4,2.291,第2组,DC4,10,7148.0,False,2.024,2.294,-0.992564628056237,0,False,False,False,0.11664335796798181,1.2365861157090146,-7,-0.46526667769010827,0.3624105075641879,0.8103166955475756,-0.05818382182356023,1.0763127160481123,0.060072815533980584,7,False,0.9130840900982271,False,False
咸阳秦都西咸数据中心1号楼D303电力电池机房|3#开关电源蓄电池组|第1组|第1组单体13电池电压|1-D303电池室放电电池数据表.xlsx|DC3|DC3,陕西省,咸阳,中国移动西咸数据中心,咸阳秦都西咸数据中心1号楼站点,咸阳秦都西咸数据中心1号楼D303电力电池机房,铅酸电池,3#开关电源蓄电池组,单体XX电压,第1组单体13电池电压,2025-07-10T01:18:58,2.217,V,1-D303电池室放电电池数据表.xlsx,DC3,2.217,第1组,DC3,9,4784.0,False,2.083,2.323,-0.968426321621902,0,False,False,False,0.11653422714864158,1.2661187370146416,-7,-0.7995690045602015,0.4494953728336716,0.8602858380018268,0.06134363759265565,1.0763127160481123,0.060072815533980584,7,False,0.8643797839490065,False,False
咸阳秦都西咸数据中心1号楼D303电力电池机房|2#开关电源蓄电池组|第1组|第1组单体14电池电压|1-D303电池室放电电池数据表.xlsx|DC2|DC2,陕西省,咸阳,中国移动西咸数据中心,咸阳秦都西咸数据中心1号楼站点,咸阳秦都西咸数据中心1号楼D303电力电池机房,铅酸电池,2#开关电源蓄电池组,单体XX电压,第1组单体14电池电压,2025-07-10T00:32:15,2.232,V,1-D303电池室放电电池数据表.xlsx,DC2,2.232,第1组,DC2,10,3296.0,False,1.989,2.234,-1.0490931892054818,0,False,False,False,0.11615477707939588,1.5850181386052595,-1,-0.757506957586101,0.26080615059180445,-1.2562324311861393,0.3496724000712087,1.0763127160481123,0.060072815533980584,7,False,0.9978014943147827,True,False
咸阳秦都西咸数据中心1号楼D203电力电池机房|4#开关电源蓄电池组|第2组|第2组单体2电池电压|1-D203电池室放电电池数据表.xlsx|DC4|DC4,陕西省,咸阳,中国移动西咸数据中心,咸阳秦都西咸数据中心1号楼站点,咸阳秦都西咸数据中心1号楼D203电力电池机房,铅酸电池,4#开关电源蓄电池组,单体XX电压,第2组单体2电池电压,2025-07-11T01:36:40,2.216,V,1-D203电池室放电电池数据表.xlsx,DC4,2.216,第2组,DC4,10,7148.0,False,2.031,2.321,-1.001054958080339,0,False,False,False,0.11572572330950837,1.3493321014951103,-7,-0.32278225438090485,0.49121637599917367,0.853245854975653,0.0014716700643669922,1.0763127160481123,0.060072815533980584,7,False,0.9137384723756613,False,False
咸阳秦都西咸数据中心1号楼D201电力电池机房|2#开关电源蓄电池组|第2组|第2组单体8电池电压|1-D201电池室放电电池数据表.xlsx|DC2|DC2,陕西省,咸阳,中国移动西咸数据中心,咸阳秦都西咸数据中心1号楼站点,咸阳秦都西咸数据中心1号楼D201电力电池机房,铅酸电池,2#开关电源蓄电池组,单体XX电压,第2组单体8电池电压,2025-07-08T00:28:03,2.282,V,1-D201电池室放电电池数据表.xlsx,DC2,2.282,第2组,DC2,7,1301.0,False,1.988,2.282,0.08622475104248384,0,False,False,False,0.11559152436839568,1.0612752654734916,7,-0.917958111820131,-0.8790998637480495,0.40274290302354765,0.3804328160557935,1.0763127160481123,0.060072815533980584,7,False,0.9836042875691053,True,False
咸阳秦都西咸数据中心1号楼D203电力电池机房|4#开关电源蓄电池组|第2组|第2组单体11电池电压|1-D203电池室放电电池数据表.xlsx|DC4|DC4,陕西省,咸阳,中国移动西咸数据中心,咸阳秦都西咸数据中心1号楼站点,咸阳秦都西咸数据中心1号楼D203电力电池机房,铅酸电池,4#开关电源蓄电池组,单体XX电压,第2组单体11电池电压,2025-07-11T01:36:31,2.087,V,1-D203电池室放电电池数据表.xlsx,DC4,2.087,第2组,DC4,9,7148.0,False,2.03,2.246,-0.7950172658483337,0,False,False,False,0.11551637224232121,1.0415164295739443,7,-1.1008268531152423,0.11037044442853297,0.7283089874030384,-0.07653967137119388,1.0763127160481123,0.060072815533980584,7,False,-0.016007774167729704,False,False
咸阳秦都西咸数据中心1号楼D203电力电池机房|8#开关电源蓄电池组|第1组|第1组单体9电池电压|1-D203电池室放电电池数据表.xlsx|DC8|DC8,陕西省,咸阳,中国移动西咸数据中心,咸阳秦都西咸数据中心1号楼站点,咸阳秦都西咸数据中心1号楼D203电力电池机房,铅酸电池,8#开关电源蓄电池组,单体XX电压,第1组单体9电池电压,2025-07-11T00:00:53,2.228,V,1-D203电池室放电电池数据表.xlsx,DC8,2.228,第1组,DC8,10,9501.0,False,1.998,2.248,-1.1858026250319025,0,False,False,False,0.11522192019675732,1.681965219368252,-1,-0.6990070608673778,0.610404891093973,-1.1391735260135856,0.3649899001495256,1.0763127160481123,0.060072815533980584,7,False,0.8947544092514162,False,False
咸阳秦都西咸数据中心1号楼D203电力电池机房|3#开关电源蓄电池组|第2组|第2组单体11电池电压|1-D203电池室放电电池数据表.xlsx|DC3|DC3,陕西省,咸阳,中国移动西咸数据中心,咸阳秦都西咸数据中心1号楼站点,咸阳秦都西咸数据中心1号楼D203电力电池机房,铅酸电池,3#开关电源蓄电池组,单体XX电压,第2组单体11电池电压,2025-07-11T01:13:44,2.243,V,1-D203电池室放电电池数据表.xlsx,DC3,2.243,第2组,DC3,13,7151.0,False,2.021,2.299,-0.9672602509840333,0,False,False,False,0.1149499316801484,1.2089093667452064,7,-0.40031769786330557,0.28735758320633753,0.8052202563097954,0.07256682014248278,1.0763127160481123,0.060072815533980584,7,False,0.9559524998039669,True,False
咸阳秦都西咸数据中心1号楼D303电力电池机房|7#开关电源蓄电池组|第2组|第2组单体17电池电压|1-D303电池室放电电池数据表.xlsx|DC7|DC7,陕西省,咸阳,中国移动西咸数据中心,咸阳秦都西咸数据中心1号楼站点,咸阳秦都西咸数据中心1号楼D303电力电池机房,铅酸电池,7#开关电源蓄电池组,单体XX电压,第2组单体17电池电压,2025-07-10T02:55:50,2.193,V,1-D303电池室放电电池数据表.xlsx,DC7,2.193,第2组,DC7,9,10554.0,False,2.039,2.288,-0.9726207100443349,0,False,False,False,0.1148810542796857,1.2605551851849361,-7,-0.7069588692012219,0.4495917893265925,0.8545267291794654,0.03821031510436934,1.0763127160481123,0.060072815533980584,7,False,0.5675603484123564,False,False
咸阳秦都西咸数据中心1号楼D303电力电池机房|5#开关电源蓄电池组|第2组|第2组单体22电池电压|1-D303电池室放电电池数据表.xlsx|DC5|DC5,陕西省,咸阳,中国移动西咸数据中心,咸阳秦都西咸数据中心1号楼站点,咸阳秦都西咸数据中心1号楼D303电力电池机房,铅酸电池,5#开关电源蓄电池组,单体XX电压,第2组单体22电池电压,2025-07-10T01:45:14,2.317,V,1-D303电池室放电电池数据表.xlsx,DC5,2.317,第2组,DC5,8,7572.0,False,1.993,2.317,-1.093875906305358,0,False,False,False,0.11438284200998933,1.5901426048483713,-7,0.0863167518905521,0.4762403076900802,0.881113201667379,0.1949107546821154,1.0763127160481123,0.060072815533980584,7,False,0.7366197462081954,False,False
咸阳秦都西咸数据中心1号楼D203电力电池机房|8#开关电源蓄电池组|第1组|第1组单体14电池电压|1-D203电池室放电电池数据表.xlsx|DC8|DC8,陕西省,咸阳,中国移动西咸数据中心,咸阳秦都西咸数据中心1号楼站点,咸阳秦都西咸数据中心1号楼D203电力电池机房,铅酸电池,8#开关电源蓄电池组,单体XX电压,第1组单体14电池电压,2025-07-11T02:37:46,2.078,V,1-D203电池室放电电池数据表.xlsx,DC8,2.078,第1组,DC8,10,9501.0,False,2.027,2.261,-0.9740465825040201,0,False,False,False,0.11376151562493687,1.5987916735155676,-1,-1.0275255161983852,0.5723142785518543,-1.1811069231149276,0.2879588892322158,1.0763127160481123,0.060072815533980584,7,False,0.8874387301686175,False,False
咸阳秦都西咸数据中心1号楼D203电力电池机房|4#开关电源蓄电池组|第2组|第2组单体6电池电压|1-D203电池室放电电池数据表.xlsx|DC4|DC4,陕西省,咸阳,中国移动西咸数据中心,咸阳秦都西咸数据中心1号楼站点,咸阳秦都西咸数据中心1号楼D203电力电池机房,铅酸电池,4#开关电源蓄电池组,单体XX电压,第2组单体6电池电压,2025-07-11T01:15:56,2.302,V,1-D203电池室放电电池数据表.xlsx,DC4,2.302,第2组,DC4,10,7148.0,False,2.025,2.308,-0.9285678843314564,0,False,False,False,0.1136371698720074,1.2278574128236315,-7,-0.41964122568100565,0.41455333911826053,0.814552623639782,-0.06224646835193878,1.0763127160481123,0.060072815533980584,7,False,0.9124505133550302,False,False
咸阳秦都西咸数据中心1号楼D303电力电池机房|2#开关电源蓄电池组|第1组|第1组单体6电池电压|1-D303电池室放电电池数据表.xlsx|DC2|DC2,陕西省,咸阳,中国移动西咸数据中心,咸阳秦都西咸数据中心1号楼站点,咸阳秦都西咸数据中心1号楼D303电力电池机房,铅酸电池,2#开关电源蓄电池组,单体XX电压,第1组单体6电池电压,2025-07-10T00:31:44,2.247,V,1-D303电池室放电电池数据表.xlsx,DC2,2.247,第1组,DC2,10,3296.0,False,1.994,2.247,-1.0388703965640986,0,False,False,False,0.11356394112398921,1.5819844086939654,-1,-0.7107553903584931,0.3280729940779279,-1.2372564661169132,0.3667200376546257,1.0763127160481123,0.060072815533980584,7,False,0.9969025842829092,True,False
咸阳秦都西咸数据中心1号楼D303电力电池机房|5#开关电源蓄电池组|第1组|第1组单体20电池电压|1-D303电池室放电电池数据表.xlsx|DC5|DC5,陕西省,咸阳,中国移动西咸数据中心,咸阳秦都西咸数据中心1号楼站点,咸阳秦都西咸数据中心1号楼D303电力电池机房,铅酸电池,5#开关电源蓄电池组,单体XX电压,第1组单体20电池电压,2025-07-10T01:45:18,2.109,V,1-D303电池室放电电池数据表.xlsx,DC5,2.109,第1组,DC5,9,7572.0,False,1.995,2.286,-0.9227189261191866,0,False,False,False,0.11348406009493034,1.2143116552898916,-7,-0.3293933770520138,0.3380415509933554,0.8047555184819308,0.030447854280355346,1.0763127160481123,0.060072815533980584,7,False,0.5986501061584141,False,False
咸阳秦都西咸数据中心1号楼D303电力电池机房|3#开关电源蓄电池组|第1组|第1组单体17电池电压|1-D303电池室放电电池数据表.xlsx|DC3|DC3,陕西省,咸阳,中国移动西咸数据中心,咸阳秦都西咸数据中心1号楼站点,咸阳秦都西咸数据中心1号楼D303电力电池机房,铅酸电池,3#开关电源蓄电池组,单体XX电压,第1组单体17电池电压,2025-07-10T01:18:40,2.148,V,1-D303电池室放电电池数据表.xlsx,DC3,2.148,第1组,DC3,10,4784.0,False,2.086,2.374,-1.1214039941606064,0,False,False,False,0.1124302516373187,1.5777559923684559,-7,-0.26233348478360685,0.7060918930485414,0.9278971425901947,0.002144746912090101,1.0763127160481123,0.060072815533980584,7,False,0.8456998084212723,False,False
咸阳秦都西咸数据中心1号楼J301电力电池机房|08#开关电源蓄电池组|第1组|第1组单体5电池电压|1-J301电池室放电电池数据表.xlsx|DC8|DC8,陕西省,咸阳,中国移动西咸数据中心,咸阳秦都西咸数据中心1号楼站点,咸阳秦都西咸数据中心1号楼J301电力电池机房,铅酸电池,08#开关电源蓄电池组,单体XX电压,第1组单体5电池电压,2025-07-09T02:12:25,2.018,V,1-J301电池室放电电池数据表.xlsx,DC8,2.018,第1组,DC8,11,9862.0,False,1.882,2.235,-1.0231663118277912,0,False,False,False,0.11185203554954315,1.5810941812007198,7,0.45315380475816935,-0.061672736001064765,0.6795224517421299,0.003635314208482704,1.0763127160481123,0.060072815533980584,7,False,0.7395147719428099,False,False
咸阳秦都西咸数据中心1号楼J301电力电池机房|10#开关电源蓄电池组|第1组|第1组单体24电池电压|1-J301电池室放电电池数据表.xlsx|DC10|DC10,陕西省,咸阳,中国移动西咸数据中心,咸阳秦都西咸数据中心1号楼站点,咸阳秦都西咸数据中心1号楼J301电力电池机房,铅酸电池,10#开关电源蓄电池组,单体XX电压,第1组单体24电池电压,2025-07-09T02:47:31,2.145,V,1-J301电池室放电电池数据表.xlsx,DC10,2.145,第1组,DC10,6,802.0,False,2.028,2.215,0.0058436514138548445,0,False,False,False,0.1115862217839602,1.401129167204336,7,-1.899087921158525,-0.5692839452867356,0.4415455923347303,-0.15354787924891816,1.0763127160481123,0.060072815533980584,7,False,0.9648904463115858,True,False
咸阳秦都西咸数据中心1号楼D203电力电池机房|8#开关电源蓄电池组|第1组|第1组单体6电池电压|1-D203电池室放电电池数据表.xlsx|DC8|DC8,陕西省,咸阳,中国移动西咸数据中心,咸阳秦都西咸数据中心1号楼站点,咸阳秦都西咸数据中心1号楼D203电力电池机房,铅酸电池,8#开关电源蓄电池组,单体XX电压,第1组单体6电池电压,2025-07-11T02:16:49,2.046,V,1-D203电池室放电电池数据表.xlsx,DC8,2.046,第1组,DC8,10,9501.0,False,2.046,2.29,-0.9365275710453971,0,False,False,False,0.1115723091286977,1.2355374366721612,-7,-0.7928217939847977,0.44206183074916583,0.850053611928593,0.038233965692598515,1.0763127160481123,0.060072815533980584,7,False,0.5295185600712361,False,False
咸阳秦都西咸数据中心1号楼D303电力电池机房|7#开关电源蓄电池组|第2组|第2组单体5电池电压|1-D303电池室放电电池数据表.xlsx|DC7|DC7,陕西省,咸阳,中国移动西咸数据中心,咸阳秦都西咸数据中心1号楼站点,咸阳秦都西咸数据中心1号楼D303电力电池机房,铅酸电池,7#开关电源蓄电池组,单体XX电压,第2组单体5电池电压,2025-07-10T02:35:49,2.037,V,1-D303电池室放电电池数据表.xlsx,DC7,2.037,第2组,DC7,10,10515.0,False,2.037,2.334,-1.0210453036169442,0,False,False,False,0.11150254831517357,1.4982923032558648,-7,-0.29983338924786723,0.7009527109502647,0.912204290963099,-0.010405394447029481,1.0763127160481123,0.060072815533980584,7,False,0.612909015322901,False,False
咸阳秦都西咸数据中心1号楼D301电力电池机房|4#开关电源蓄电池组|第1组|第1组单体7电池电压|1-D301电池室放电电池数据表.xlsx|DC4|DC4,陕西省,咸阳,中国移动西咸数据中心,咸阳秦都西咸数据中心1号楼站点,咸阳秦都西咸数据中心1号楼D301电力电池机房,铅酸电池,4#开关电源蓄电池组,单体XX电压,第1组单体7电池电压,2025-07-08T01:55:22,2.094,V,1-D301电池室放电电池数据表.xlsx,DC4,2.094,第1组,DC4,8,1302.0,False,2.044,2.235,0.04464115667199553,0,False,False,False,0.111299479163263,1.4010236497531083,7,-1.8969867042160589,-0.5521719964797088,0.43661253246800114,-0.18166355184338082,1.0763127160481123,0.060072815533980584,7,False,0.6429053247835818,False,False
咸阳秦都西咸数据中心1号楼J301电力电池机房|05#开关电源蓄电池组|第1组|第1组单体16电池电压|1-J301电池室放电电池数据表.xlsx|DC5|DC5,陕西省,咸阳,中国移动西咸数据中心,咸阳秦都西咸数据中心1号楼站点,咸阳秦都西咸数据中心1号楼J301电力电池机房,铅酸电池,05#开关电源蓄电池组,单体XX电压,第1组单体16电池电压,2025-07-09T01:07:27,1.978,V,1-J301电池室放电电池数据表.xlsx,DC5,1.978,第1组,DC5,10,7782.0,False,1.928,2.205,0.2925608754868238,0,False,False,False,0.11099128927440523,1.1143838079272053,-7,-1.493724417322133,0.032682928045749876,0.5407691346361533,-0.28010209298754596,1.0763127160481123,0.060072815533980584,7,False,0.948262238126726,True,False
咸阳秦都西咸数据中心1号楼D203电力电池机房|4#开关电源蓄电池组|第2组|第2组单体8电池电压|1-D203电池室放电电池数据表.xlsx|DC4|DC4,陕西省,咸阳,中国移动西咸数据中心,咸阳秦都西咸数据中心1号楼站点,咸阳秦都西咸数据中心1号楼D203电力电池机房,铅酸电池,4#开关电源蓄电池组,单体XX电压,第2组单体8电池电压,2025-07-11T01:36:26,2.08,V,1-D203电池室放电电池数据表.xlsx,DC4,2.08,第2组,DC4,10,7148.0,False,2.028,2.308,-1.009312860872302,0,False,False,False,0.11063809379830608,1.3041211487334614,-7,-0.37883755544944964,0.4198006010281259,0.8399793611618955,0.026925706049424514,1.0763127160481123,0.060072815533980584,7,False,0.9201529420538211,True,False
咸阳秦都西咸数据中心1号楼J301电力电池机房|01#开关电源蓄电池组|第2组|第2组单体17电池电压|1-J301电池室放电电池数据表.xlsx|DC1|DC1,陕西省,咸阳,中国移动西咸数据中心,咸阳秦都西咸数据中心1号楼站点,咸阳秦都西咸数据中心1号楼J301电力电池机房,铅酸电池,01#开关电源蓄电池组,单体XX电压,第2组单体17电池电压,2025-07-09T00:26:49,1.978,V,1-J301电池室放电电池数据表.xlsx,DC1,1.978,第2组,DC1,12,3267.0,False,1.916,2.227,0.20965417708223827,0,False,False,False,0.10993414668104827,0.7339249886927268,-7,-0.9844385532048269,-0.25524896016140464,0.48112026661999263,-0.12849808994771414,1.0763127160481123,0.060072815533980584,7,False,0.9994281928605911,True,False
咸阳秦都西咸数据中心1号楼D203电力电池机房|3#开关电源蓄电池组|第1组|第1组单体7电池电压|1-D203电池室放电电池数据表.xlsx|DC3|DC3,陕西省,咸阳,中国移动西咸数据中心,咸阳秦都西咸数据中心1号楼站点,咸阳秦都西咸数据中心1号楼D203电力电池机房,铅酸电池,3#开关电源蓄电池组,单体XX电压,第1组单体7电池电压,2025-07-11T01:13:26,2.204,V,1-D203电池室放电电池数据表.xlsx,DC3,2.204,第1组,DC3,10,7151.0,False,2.048,2.265,-0.8241334947733052,0,False,False,False,0.10932905146834526,1.0960804554603976,7,-1.075641920500234,0.2245929161437165,0.7533130021251238,-0.13965074397368246,1.0763127160481123,0.060072815533980584,7,False,0.8860202115533418,False,False
咸阳秦都西咸数据中心1号楼D201电力电池机房|2#开关电源蓄电池组|第1组|第1组单体20电池电压|1-D201电池室放电电池数据表.xlsx|DC2|DC2,陕西省,咸阳,中国移动西咸数据中心,咸阳秦都西咸数据中心1号楼站点,咸阳秦都西咸数据中心1号楼D201电力电池机房,铅酸电池,2#开关电源蓄电池组,单体XX电压,第1组单体20电池电压,2025-07-08T00:27:58,2.103,V,1-D201电池室放电电池数据表.xlsx,DC2,2.103,第1组,DC2,8,1310.0,False,1.985,2.211,0.02056668170783421,0,False,False,False,0.10856304858306678,1.1906399953775262,7,-1.476923758135945,-0.8393338995041569,0.3765396092940356,-0.0013907234007075053,1.0763127160481123,0.060072815533980584,7,False,0.9975516355575711,True,False
咸阳秦都西咸数据中心1号楼D303电力电池机房|5#开关电源蓄电池组|第2组|第2组单体24电池电压|1-D303电池室放电电池数据表.xlsx|DC5|DC5,陕西省,咸阳,中国移动西咸数据中心,咸阳秦都西咸数据中心1号楼站点,咸阳秦都西咸数据中心1号楼D303电力电池机房,铅酸电池,5#开关电源蓄电池组,单体XX电压,第2组单体24电池电压,2025-07-10T02:06:43,2.059,V,1-D303电池室放电电池数据表.xlsx,DC5,2.059,第2组,DC5,10,7797.0,False,1.979,2.298,-1.0881293574220228,0,False,False,False,0.10781203371863407,1.5148814127658219,-7,0.0832013257535773,0.3561406404680012,0.8329408427498111,0.10967009285363169,1.0763127160481123,0.060072815533980584,7,False,0.6013964490099133,False,False
咸阳秦都西咸数据中心1号楼J301电力电池机房|07#开关电源蓄电池组|第2组|第2组单体18电池电压|1-J301电池室放电电池数据表.xlsx|DC7|DC7,陕西省,咸阳,中国移动西咸数据中心,咸阳秦都西咸数据中心1号楼站点,咸阳秦都西咸数据中心1号楼J301电力电池机房,铅酸电池,07#开关电源蓄电池组,单体XX电压,第2组单体18电池电压,2025-07-09T01:49:59,1.95,V,1-J301电池室放电电池数据表.xlsx,DC7,1.95,第2组,DC7,11,9859.0,False,1.897,2.237,-1.0468528756088749,0,False,False,False,0.1074338182538438,1.5360080210957325,7,0.3612916766685934,-0.020892819791024003,0.6968063764097102,0.004401367337674239,1.0763127160481123,0.060072815533980584,7,False,0.964282163680606,True,False
咸阳秦都西咸数据中心1号楼D303电力电池机房|7#开关电源蓄电池组|第2组|第2组单体19电池电压|1-D303电池室放电电池数据表.xlsx|DC7|DC7,陕西省,咸阳,中国移动西咸数据中心,咸阳秦都西咸数据中心1号楼站点,咸阳秦都西咸数据中心1号楼D303电力电池机房,铅酸电池,7#开关电源蓄电池组,单体XX电压,第2组单体19电池电压,2025-07-10T02:34:43,2.079,V,1-D303电池室放电电池数据表.xlsx,DC7,2.079,第2组,DC7,9,10501.0,False,2.027,2.255,-1.011269150486142,0,False,False,False,0.1071362787385996,1.624819006164782,-1,-1.0642288191915235,0.5973927386109017,-1.169607618316837,0.2787167624515744,1.0763127160481123,0.060072815533980584,7,False,0.8137694722953907,False,False
咸阳秦都西咸数据中心1号楼D203电力电池机房|4#开关电源蓄电池组|第2组|第2组单体3电池电压|1-D203电池室放电电池数据表.xlsx|DC4|DC4,陕西省,咸阳,中国移动西咸数据中心,咸阳秦都西咸数据中心1号楼站点,咸阳秦都西咸数据中心1号楼D203电力电池机房,铅酸电池,4#开关电源蓄电池组,单体XX电压,第2组单体3电池电压,2025-07-11T01:36:31,2.103,V,1-D203电池室放电电池数据表.xlsx,DC4,2.103,第2组,DC4,9,7148.0,False,2.037,2.26,-0.7441297699375911,0,False,False,False,0.10684470271072151,1.0237926834006528,7,-1.0934675763296355,0.16111821829258213,0.728541619237113,-0.12030243787103158,1.0763127160481123,0.060072815533980584,7,False,-0.02603757216199343,False,False
咸阳秦都西咸数据中心1号楼D203电力电池机房|4#开关电源蓄电池组|第2组|第2组单体22电池电压|1-D203电池室放电电池数据表.xlsx|DC4|DC4,陕西省,咸阳,中国移动西咸数据中心,咸阳秦都西咸数据中心1号楼站点,咸阳秦都西咸数据中心1号楼D203电力电池机房,铅酸电池,4#开关电源蓄电池组,单体XX电压,第2组单体22电池电压,2025-07-11T01:36:26,2.102,V,1-D203电池室放电电池数据表.xlsx,DC4,2.102,第2组,DC4,10,7148.0,False,2.035,2.258,-0.8100821606886834,0,False,False,False,0.10449750601704612,1.04512460943599,7,-1.032368723188887,0.16084428815430532,0.7408989416388541,-0.08674382016428145,1.0763127160481123,0.060072815533980584,7,False,0.011700280024158021,False,False
咸阳秦都西咸数据中心1号楼D201电力电池机房|2#开关电源蓄电池组|第2组|第2组单体17电池电压|1-D201电池室放电电池数据表.xlsx|DC2|DC2,陕西省,咸阳,中国移动西咸数据中心,咸阳秦都西咸数据中心1号楼站点,咸阳秦都西咸数据中心1号楼D201电力电池机房,铅酸电池,2#开关电源蓄电池组,单体XX电压,第2组单体17电池电压,2025-07-08T00:27:58,2.13,V,1-D201电池室放电电池数据表.xlsx,DC2,2.13,第2组,DC2,7,1314.0,False,2.003,2.227,-0.018065561715012612,0,False,False,False,0.1041450629661656,1.1296535203329654,7,-1.4961007052828545,-0.7122543200306589,0.4079417376759008,-0.06274150704525165,1.0763127160481123,0.060072815533980584,7,False,0.9986163230570129,True,False
咸阳秦都西咸数据中心1号楼D303电力电池机房|4#开关电源蓄电池组|第2组|第2组单体24电池电压|1-D303电池室放电电池数据表.xlsx|DC4|DC4,陕西省,咸阳,中国移动西咸数据中心,咸阳秦都西咸数据中心1号楼站点,咸阳秦都西咸数据中心1号楼D303电力电池机房,铅酸电池,4#开关电源蓄电池组,单体XX电压,第2组单体24电池电压,2025-07-10T01:42:11,2.167,V,1-D303电池室放电电池数据表.xlsx,DC4,2.167,第2组,DC4,8,6182.0,False,2.013,2.293,-0.9739172688423716,0,False,False,False,0.10405070555166707,1.2444886908735426,-7,-0.39713339572566336,0.3340998643972468,0.8261016385876496,0.11565879352303307,1.0763127160481123,0.060072815533980584,7,False,0.9038689331154625,False,False
咸阳秦都西咸数据中心1号楼D203电力电池机房|4#开关电源蓄电池组|第2组|第2组单体24电池电压|1-D203电池室放电电池数据表.xlsx|DC4|DC4,陕西省,咸阳,中国移动西咸数据中心,咸阳秦都西咸数据中心1号楼站点,咸阳秦都西咸数据中心1号楼D203电力电池机房,铅酸电池,4#开关电源蓄电池组,单体XX电压,第2组单体24电池电压,2025-07-11T01:36:26,2.094,V,1-D203电池室放电电池数据表.xlsx,DC4,2.094,第2组,DC4,10,7148.0,False,2.029,2.294,-0.9217889565301722,0,False,False,False,0.10238125703354299,1.1747856408389739,-7,-0.5918128713744768,0.366958378174261,0.8127425929153786,-0.015160999492192559,1.0763127160481123,0.060072815533980584,7,False,0.9156339011736229,False,False
咸阳秦都西咸数据中心1号楼D203电力电池机房|4#开关电源蓄电池组|第1组|第1组单体24电池电压|1-D203电池室放电电池数据表.xlsx|DC4|DC4,陕西省,咸阳,中国移动西咸数据中心,咸阳秦都西咸数据中心1号楼站点,咸阳秦都西咸数据中心1号楼D203电力电池机房,铅酸电池,4#开关电源蓄电池组,单体XX电压,第1组单体24电池电压,2025-07-11T00:00:52,2.242,V,1-D203电池室放电电池数据表.xlsx,DC4,2.242,第1组,DC4,10,7148.0,False,2.045,2.27,-0.7941821188807268,0,False,False,False,0.10232477315685634,1.0669688670432762,7,-1.0485022260979773,0.2255327848234053,0.7531105198464614,-0.11332548452275581,1.0763127160481123,0.060072815533980584,7,False,0.517414223391811,False,False
咸阳秦都西咸数据中心1号楼D303电力电池机房|7#开关电源蓄电池组|第1组|第1组单体19电池电压|1-D303电池室放电电池数据表.xlsx|DC7|DC7,陕西省,咸阳,中国移动西咸数据中心,咸阳秦都西咸数据中心1号楼站点,咸阳秦都西咸数据中心1号楼D303电力电池机房,铅酸电池,7#开关电源蓄电池组,单体XX电压,第1组单体19电池电压,2025-07-10T02:35:23,2.015,V,1-D303电池室放电电池数据表.xlsx,DC7,2.015,第1组,DC7,9,10501.0,False,2.015,2.282,-0.9265422394934071,0,False,False,False,0.10136043766285333,1.1907006413655685,-7,-0.5790340868745811,0.38746700034357506,0.8190937876153681,-0.013158043882398981,1.0763127160481123,0.060072815533980584,7,False,0.7045174125260016,False,False
咸阳秦都西咸数据中心1号楼D203电力电池机房|4#开关电源蓄电池组|第1组|第1组单体1电池电压|1-D203电池室放电电池数据表.xlsx|DC4|DC4,陕西省,咸阳,中国移动西咸数据中心,咸阳秦都西咸数据中心1号楼站点,咸阳秦都西咸数据中心1号楼D203电力电池机房,铅酸电池,4#开关电源蓄电池组,单体XX电压,第1组单体1电池电压,2025-07-11T01:37:46,2.262,V,1-D203电池室放电电池数据表.xlsx,DC4,2.262,第1组,DC4,11,7148.0,False,2.031,2.298,-0.9733150651367402,0,False,False,False,0.10086191894068337,1.2229345064997232,-7,-0.510327427998686,0.37131977055283805,0.8180993275702548,-0.017602222109673646,1.0763127160481123,0.060072815533980584,7,False,0.715053507814366,False,False
咸阳秦都西咸数据中心1号楼D303电力电池机房|7#开关电源蓄电池组|第2组|第2组单体23电池电压|1-D303电池室放电电池数据表.xlsx|DC7|DC7,陕西省,咸阳,中国移动西咸数据中心,咸阳秦都西咸数据中心1号楼站点,咸阳秦都西咸数据中心1号楼D303电力电池机房,铅酸电池,7#开关电源蓄电池组,单体XX电压,第2组单体23电池电压,2025-07-10T02:34:12,2.118,V,1-D303电池室放电电池数据表.xlsx,DC7,2.118,第2组,DC7,9,10536.0,False,2.009,2.278,-0.9260883609678567,0,False,False,False,0.10021780729821522,1.2024770453225722,-7,-0.5868895919435232,0.39011448922911696,0.8338312333701172,0.0723891812442096,1.0763127160481123,0.060072815533980584,7,False,0.6069002733287435,False,False
咸阳秦都西咸数据中心1号楼D301电力电池机房|2#开关电源蓄电池组|第1组|第1组单体11电池电压|1-D301电池室放电电池数据表.xlsx|DC2|DC2,陕西省,咸阳,中国移动西咸数据中心,咸阳秦都西咸数据中心1号楼站点,咸阳秦都西咸数据中心1号楼D301电力电池机房,铅酸电池,2#开关电源蓄电池组,单体XX电压,第1组单体11电池电压,2025-07-08T01:55:04,2.084,V,1-D301电池室放电电池数据表.xlsx,DC2,2.084,第1组,DC2,10,1372.0,False,1.991,2.217,0.020265690982710638,0,False,False,False,0.0969247139763852,1.1685302003008848,7,-1.4968143365142748,-0.7779499736824437,0.3846171567463462,-0.0617033390992595,1.0763127160481123,0.060072815533980584,7,False,0.7687192527166563,False,False
咸阳秦都西咸数据中心1号楼D303电力电池机房|4#开关电源蓄电池组|第1组|第1组单体2电池电压|1-D303电池室放电电池数据表.xlsx|DC4|DC4,陕西省,咸阳,中国移动西咸数据中心,咸阳秦都西咸数据中心1号楼站点,咸阳秦都西咸数据中心1号楼D303电力电池机房,铅酸电池,4#开关电源蓄电池组,单体XX电压,第1组单体2电池电压,2025-07-10T00:00:02,2.303,V,1-D303电池室放电电池数据表.xlsx,DC4,2.303,第1组,DC4,9,6182.0,False,1.975,2.303,-1.0449961328541784,0,False,False,False,0.09450346990645057,1.5067600785494264,-7,0.11385851315351392,0.3507818752230619,0.8308950723493569,0.14692320902624265,1.0763127160481123,0.060072815533980584,7,False,0.9919150005803077,True,False
咸阳秦都西咸数据中心1号楼D303电力电池机房|5#开关电源蓄电池组|第2组|第2组单体20电池电压|1-D303电池室放电电池数据表.xlsx|DC5|DC5,陕西省,咸阳,中国移动西咸数据中心,咸阳秦都西咸数据中心1号楼站点,咸阳秦都西咸数据中心1号楼D303电力电池机房,铅酸电池,5#开关电源蓄电池组,单体XX电压,第2组单体20电池电压,2025-07-10T02:06:43,2.055,V,1-D303电池室放电电池数据表.xlsx,DC5,2.055,第2组,DC5,8,7572.0,False,1.982,2.302,-1.0526851925681906,0,False,False,False,0.09252024691486203,1.496411960397915,-7,0.0508357774745819,0.37684149832647174,0.8456790288072147,0.1758757461913866,1.0763127160481123,0.060072815533980584,7,False,0.7221757751794743,False,False
咸阳秦都西咸数据中心1号楼J301电力电池机房|07#开关电源蓄电池组|第1组|第1组单体1电池电压|1-J301电池室放电电池数据表.xlsx|DC7|DC7,陕西省,咸阳,中国移动西咸数据中心,咸阳秦都西咸数据中心1号楼站点,咸阳秦都西咸数据中心1号楼J301电力电池机房,铅酸电池,07#开关电源蓄电池组,单体XX电压,第1组单体1电池电压,2025-07-09T01:28:40,2.234,V,1-J301电池室放电电池数据表.xlsx,DC7,2.234,第1组,DC7,7,5476.0,True,1.94,2.23,0.2716243863436704,0,False,False,False,0.09169908691213717,1.0300268377363015,-7,-1.365735883263401,0.08402669637045992,0.5548861857709664,-0.276839716169436,1.0763127160481123,0.060072815533980584,7,False,0.7185008926721093,False,False
咸阳秦都西咸数据中心1号楼J301电力电池机房|07#开关电源蓄电池组|第2组|第2组单体23电池电压|1-J301电池室放电电池数据表.xlsx|DC7|DC7,陕西省,咸阳,中国移动西咸数据中心,咸阳秦都西咸数据中心1号楼站点,咸阳秦都西咸数据中心1号楼J301电力电池机房,铅酸电池,07#开关电源蓄电池组,单体XX电压,第2组单体23电池电压,2025-07-09T00:15:41,2.234,V,1-J301电池室放电电池数据表.xlsx,DC7,2.234,第2组,DC7,7,5476.0,True,1.954,2.23,0.22547043683225426,0,False,False,False,0.09098705219427408,1.0654191306940832,-7,-1.4461808767411721,0.07503659387785108,0.5615557014136233,-0.2717043392505724,1.0763127160481123,0.060072815533980584,7,False,-0.06747858266537823,False,False
咸阳秦都西咸数据中心1号楼D303电力电池机房|4#开关电源蓄电池组|第2组|第2组单体23电池电压|1-D303电池室放电电池数据表.xlsx|DC4|DC4,陕西省,咸阳,中国移动西咸数据中心,咸阳秦都西咸数据中心1号楼站点,咸阳秦都西咸数据中心1号楼D303电力电池机房,铅酸电池,4#开关电源蓄电池组,单体XX电压,第2组单体23电池电压,2025-07-10T00:00:02,2.317,V,1-D303电池室放电电池数据表.xlsx,DC4,2.317,第2组,DC4,8,6182.0,False,1.986,2.317,-1.04201218805433,0,False,False,False,0.09091178151342127,1.5484896740905567,-7,0.11694197114726179,0.42615996753336727,0.8588810418966444,0.19210489593326072,1.0763127160481123,0.060072815533980584,7,False,0.915622455412097,False,False
咸阳秦都西咸数据中心1号楼J301电力电池机房|07#开关电源蓄电池组|第1组|第1组单体20电池电压|1-J301电池室放电电池数据表.xlsx|DC7|DC7,陕西省,咸阳,中国移动西咸数据中心,咸阳秦都西咸数据中心1号楼站点,咸阳秦都西咸数据中心1号楼J301电力电池机房,铅酸电池,07#开关电源蓄电池组,单体XX电压,第1组单体20电池电压,2025-07-09T01:28:55,1.944,V,1-J301电池室放电电池数据表.xlsx,DC7,1.944,第1组,DC7,7,5476.0,True,1.944,2.229,0.30606067394624653,0,False,False,False,0.09012251764163264,1.1027119946536306,-7,-1.4398812032152257,0.07641284205337548,0.5410199678149356,-0.3340778524586038,1.0763127160481123,0.060072815533980584,7,False,0.7159509363286514,False,False
咸阳秦都西咸数据中心1号楼J301电力电池机房|07#开关电源蓄电池组|第1组|第1组单体21电池电压|1-J301电池室放电电池数据表.xlsx|DC7|DC7,陕西省,咸阳,中国移动西咸数据中心,咸阳秦都西咸数据中心1号楼站点,咸阳秦都西咸数据中心1号楼J301电力电池机房,铅酸电池,07#开关电源蓄电池组,单体XX电压,第1组单体21电池电压,2025-07-09T01:28:40,2.247,V,1-J301电池室放电电池数据表.xlsx,DC7,2.247,第1组,DC7,7,5476.0,True,1.947,2.238,0.28213743011803255,0,False,False,False,0.08967923232789547,1.0623311277137306,-7,-1.3759316993086708,0.1314414088817024,0.5609574705404247,-0.3147800782112379,1.0763127160481123,0.060072815533980584,7,False,0.7178055938063486,False,False
咸阳秦都西咸数据中心1号楼J301电力电池机房|07#开关电源蓄电池组|第2组|第2组单体5电池电压|1-J301电池室放电电池数据表.xlsx|DC7|DC7,陕西省,咸阳,中国移动西咸数据中心,咸阳秦都西咸数据中心1号楼站点,咸阳秦都西咸数据中心1号楼J301电力电池机房,铅酸电池,07#开关电源蓄电池组,单体XX电压,第2组单体5电池电压,2025-07-09T00:15:41,2.21,V,1-J301电池室放电电池数据表.xlsx,DC7,2.21,第2组,DC7,7,5476.0,True,1.961,2.24,0.25152038232329804,0,False,False,False,0.08514113429602091,1.1053976305569548,-7,-1.4560492847151423,0.12935321208339998,0.5659497869020632,-0.3192339741108393,1.0763127160481123,0.060072815533980584,7,False,-0.068125495174521,False,False
咸阳秦都西咸数据中心1号楼J301电力电池机房|07#开关电源蓄电池组|第2组|第2组单体22电池电压|1-J301电池室放电电池数据表.xlsx|DC7|DC7,陕西省,咸阳,中国移动西咸数据中心,咸阳秦都西咸数据中心1号楼站点,咸阳秦都西咸数据中心1号楼J301电力电池机房,铅酸电池,07#开关电源蓄电池组,单体XX电压,第2组单体22电池电压,2025-07-09T01:28:44,2.006,V,1-J301电池室放电电池数据表.xlsx,DC7,2.006,第2组,DC7,7,5476.0,True,1.954,2.237,0.2685883972444379,0,False,False,False,0.07317643430395657,1.0896311286125555,-7,-1.432664928346853,0.11359188279089236,0.5593215644875417,-0.3148407634586353,1.0763127160481123,0.060072815533980584,7,False,-0.0679936828528719,False,False
