plot_name,source_file,source_sheet,room,device,group_name,measure_name,valley_x,start_level,valley_level,end_level,drop,recover,recover_ratio,pre_down_ratio,post_up_ratio,sign_change_ratio,dynamic_range,end_drop,shape_class,shape_class_cn,reason,src_path,copied_path
单体XX电压__2-203电池室（7、9）.xlsx__Sheet1__咸阳秦都西咸数据中心2号楼D203电力电池机房__7#UPS蓄电池组2__未知组__1节电池电压.png,2-203电池室（7、9）.xlsx,Sheet1,咸阳秦都西咸数据中心2号楼D203电力电池机房,7#UPS蓄电池组2,未知组,1节电池电压,0.23889739663093415,0.9825429153291374,0.01066821840748249,0.8016196295186045,0.971874696921655,0.7909514111111221,0.813840933201126,0.2692307692307692,0.125,0.009708737864077669,0.4155755988732951,0.19605275918841658,discharge_like,放电型异常,存在内部谷底，且谷底后有持续回升，形态接近放电曲线,/mnt/nvme/projects/battery/output_ups_型号1/plots/单体XX电压/单体XX电压__2-203电池室（7、9）.xlsx__Sheet1__咸阳秦都西咸数据中心2号楼D203电力电池机房__7#UPS蓄电池组2__未知组__1节电池电压.png,/mnt/nvme/projects/battery/output_ups_型号1/plots_三分类/单体XX电压/放电型异常/单体XX电压__2-203电池室（7、9）.xlsx__Sheet1__咸阳秦都西咸数据中心2号楼D203电力电池机房__7#UPS蓄电池组2__未知组__1节电池电压.png
单体XX电压__2-203电池室（7、9）.xlsx__Sheet1__咸阳秦都西咸数据中心2号楼D203电力电池机房__7#UPS蓄电池组2__未知组__209节电池电压.png,2-203电池室（7、9）.xlsx,Sheet1,咸阳秦都西咸数据中心2号楼D203电力电池机房,7#UPS蓄电池组2,未知组,209节电池电压,0.22358346094946402,0.47151675484892386,0.0012345679012315193,0.8317166372701392,0.47028218694769236,0.8304820693689077,1.765922866424358,0.2191780821917808,0.22924901185770752,0.01744186046511628,0.5945091122854226,0.16064079952929167,discharge_like,放电型异常,存在内部谷底，且谷底后有持续回升，形态接近放电曲线,/mnt/nvme/projects/battery/output_ups_型号1/plots/单体XX电压/单体XX电压__2-203电池室（7、9）.xlsx__Sheet1__咸阳秦都西咸数据中心2号楼D203电力电池机房__7#UPS蓄电池组2__未知组__209节电池电压.png,/mnt/nvme/projects/battery/output_ups_型号1/plots_三分类/单体XX电压/放电型异常/单体XX电压__2-203电池室（7、9）.xlsx__Sheet1__咸阳秦都西咸数据中心2号楼D203电力电池机房__7#UPS蓄电池组2__未知组__209节电池电压.png
单体XX电压__2-203电池室（7、9）.xlsx__Sheet1__咸阳秦都西咸数据中心2号楼D203电力电池机房__7#UPS蓄电池组2__未知组__210节电池电压.png,2-203电池室（7、9）.xlsx,Sheet1,咸阳秦都西咸数据中心2号楼D203电力电池机房,7#UPS蓄电池组2,未知组,210节电池电压,0.22358346094946402,0.4828431372537184,0.002859477124175998,0.835463352005422,0.4799836601295424,0.832603874881246,1.734650452313074,0.2191780821917808,0.25691699604743085,0.016129032258064516,0.5524743230612044,0.15695028011166,discharge_like,放电型异常,存在内部谷底，且谷底后有持续回升，形态接近放电曲线,/mnt/nvme/projects/battery/output_ups_型号1/plots/单体XX电压/单体XX电压__2-203电池室（7、9）.xlsx__Sheet1__咸阳秦都西咸数据中心2号楼D203电力电池机房__7#UPS蓄电池组2__未知组__210节电池电压.png,/mnt/nvme/projects/battery/output_ups_型号1/plots_三分类/单体XX电压/放电型异常/单体XX电压__2-203电池室（7、9）.xlsx__Sheet1__咸阳秦都西咸数据中心2号楼D203电力电池机房__7#UPS蓄电池组2__未知组__210节电池电压.png
单体XX电压__2-203电池室（7、9）.xlsx__Sheet1__咸阳秦都西咸数据中心2号楼D203电力电池机房__7#UPS蓄电池组2__未知组__218节电池电压.png,2-203电池室（7、9）.xlsx,Sheet1,咸阳秦都西咸数据中心2号楼D203电力电池机房,7#UPS蓄电池组2,未知组,218节电池电压,0.22358346094946402,0.4909617409605347,0.003159003158995397,0.8246753246732983,0.48780273780153927,0.8215163215143029,1.684115844721679,0.2191780821917808,0.2845849802371542,0.023923444976076555,0.52156312156184,0.16543816543775913,discharge_like,放电型异常,存在内部谷底，且谷底后有持续回升，形态接近放电曲线,/mnt/nvme/projects/battery/output_ups_型号1/plots/单体XX电压/单体XX电压__2-203电池室（7、9）.xlsx__Sheet1__咸阳秦都西咸数据中心2号楼D203电力电池机房__7#UPS蓄电池组2__未知组__218节电池电压.png,/mnt/nvme/projects/battery/output_ups_型号1/plots_三分类/单体XX电压/放电型异常/单体XX电压__2-203电池室（7、9）.xlsx__Sheet1__咸阳秦都西咸数据中心2号楼D203电力电池机房__7#UPS蓄电池组2__未知组__218节电池电压.png
单体XX电压__2-203电池室（7、9）.xlsx__Sheet1__咸阳秦都西咸数据中心2号楼D203电力电池机房__7#UPS蓄电池组2__未知组__225节电池电压.png,2-203电池室（7、9）.xlsx,Sheet1,咸阳秦都西咸数据中心2号楼D203电力电池机房,7#UPS蓄电池组2,未知组,225节电池电压,0.20673813169984687,0.5063638358557567,0.0038402457757207974,0.5255102040804218,0.5025235900800359,0.521669958304701,1.038100434615448,0.23703703703703705,0.19729206963249515,0.0106951871657754,0.44381171823465876,0.46505376343978866,discharge_like,放电型异常,存在内部谷底，且谷底后有持续回升，形态接近放电曲线,/mnt/nvme/projects/battery/output_ups_型号1/plots/单体XX电压/单体XX电压__2-203电池室（7、9）.xlsx__Sheet1__咸阳秦都西咸数据中心2号楼D203电力电池机房__7#UPS蓄电池组2__未知组__225节电池电压.png,/mnt/nvme/projects/battery/output_ups_型号1/plots_三分类/单体XX电压/放电型异常/单体XX电压__2-203电池室（7、9）.xlsx__Sheet1__咸阳秦都西咸数据中心2号楼D203电力电池机房__7#UPS蓄电池组2__未知组__225节电池电压.png
单体XX电压__2-203电池室（7、9）.xlsx__Sheet1__咸阳秦都西咸数据中心2号楼D203电力电池机房__7#UPS蓄电池组2__未知组__3节电池电压.png,2-203电池室（7、9）.xlsx,Sheet1,咸阳秦都西咸数据中心2号楼D203电力电池机房,7#UPS蓄电池组2,未知组,3节电池电压,0.21898928024502298,0.46615581098220654,0.03022562792670015,0.8503922641831956,0.4359301830555064,0.8201666362564954,1.881417406398417,0.2097902097902098,0.30844793713163066,0.014018691588785047,0.5584990573482054,0.13458614608005504,discharge_like,放电型异常,存在内部谷底，且谷底后有持续回升，形态接近放电曲线,/mnt/nvme/projects/battery/output_ups_型号1/plots/单体XX电压/单体XX电压__2-203电池室（7、9）.xlsx__Sheet1__咸阳秦都西咸数据中心2号楼D203电力电池机房__7#UPS蓄电池组2__未知组__3节电池电压.png,/mnt/nvme/projects/battery/output_ups_型号1/plots_三分类/单体XX电压/放电型异常/单体XX电压__2-203电池室（7、9）.xlsx__Sheet1__咸阳秦都西咸数据中心2号楼D203电力电池机房__7#UPS蓄电池组2__未知组__3节电池电压.png
单体XX电压__2-203电池室（7、9）.xlsx__Sheet1__咸阳秦都西咸数据中心2号楼D203电力电池机房__7#UPS蓄电池组2__未知组__42节电池电压.png,2-203电池室（7、9）.xlsx,Sheet1,咸阳秦都西咸数据中心2号楼D203电力电池机房,7#UPS蓄电池组2,未知组,42节电池电压,0.43797856049004597,0.9108446298183,0.03116672459722987,0.97416290116546,0.87967790522107,0.9429961765682301,1.0719789253536711,0.13986013986013987,0.3743169398907104,0.005681818181818182,0.7168578380222328,-0.0049820414783677824,discharge_like,放电型异常,存在内部谷底，且谷底后有持续回升，形态接近放电曲线,/mnt/nvme/projects/battery/output_ups_型号1/plots/单体XX电压/单体XX电压__2-203电池室（7、9）.xlsx__Sheet1__咸阳秦都西咸数据中心2号楼D203电力电池机房__7#UPS蓄电池组2__未知组__42节电池电压.png,/mnt/nvme/projects/battery/output_ups_型号1/plots_三分类/单体XX电压/放电型异常/单体XX电压__2-203电池室（7、9）.xlsx__Sheet1__咸阳秦都西咸数据中心2号楼D203电力电池机房__7#UPS蓄电池组2__未知组__42节电池电压.png
单体XX电压__2-203电池室（7、9）.xlsx__Sheet1__咸阳秦都西咸数据中心2号楼D203电力电池机房__9#UPS蓄电池组1__未知组__202节电池电压.png,2-203电池室（7、9）.xlsx,Sheet1,咸阳秦都西咸数据中心2号楼D203电力电池机房,9#UPS蓄电池组1,未知组,202节电池电压,0.222052067381317,0.9975914080358608,0.017294479980989784,0.8385058832792214,0.980296928054871,0.8212114032982316,0.8377170007968731,0.22758620689655173,0.09072978303747535,0.01282051282051282,0.341735765615229,0.16149411671746194,discharge_like,放电型异常,存在内部谷底，且谷底后有持续回升，形态接近放电曲线,/mnt/nvme/projects/battery/output_ups_型号1/plots/单体XX电压/单体XX电压__2-203电池室（7、9）.xlsx__Sheet1__咸阳秦都西咸数据中心2号楼D203电力电池机房__9#UPS蓄电池组1__未知组__202节电池电压.png,/mnt/nvme/projects/battery/output_ups_型号1/plots_三分类/单体XX电压/放电型异常/单体XX电压__2-203电池室（7、9）.xlsx__Sheet1__咸阳秦都西咸数据中心2号楼D203电力电池机房__9#UPS蓄电池组1__未知组__202节电池电压.png
单体XX电压__2-203电池室（7、9）.xlsx__Sheet1__咸阳秦都西咸数据中心2号楼D203电力电池机房__9#UPS蓄电池组1__未知组__218节电池电压.png,2-203电池室（7、9）.xlsx,Sheet1,咸阳秦都西咸数据中心2号楼D203电力电池机房,9#UPS蓄电池组1,未知组,218节电池电压,0.22358346094946402,0.9951758481137722,0.010659819483314058,0.7968409586030605,0.9845160286304582,0.7861811391197464,0.7985457986040537,0.2328767123287671,0.09090909090909091,0.012658227848101266,0.39638966697660694,0.20238095238029075,discharge_like,放电型异常,存在内部谷底，且谷底后有持续回升，形态接近放电曲线,/mnt/nvme/projects/battery/output_ups_型号1/plots/单体XX电压/单体XX电压__2-203电池室（7、9）.xlsx__Sheet1__咸阳秦都西咸数据中心2号楼D203电力电池机房__9#UPS蓄电池组1__未知组__218节电池电压.png,/mnt/nvme/projects/battery/output_ups_型号1/plots_三分类/单体XX电压/放电型异常/单体XX电压__2-203电池室（7、9）.xlsx__Sheet1__咸阳秦都西咸数据中心2号楼D203电力电池机房__9#UPS蓄电池组1__未知组__218节电池电压.png
单体XX电压__2-203电池室（7、9）.xlsx__Sheet1__咸阳秦都西咸数据中心2号楼D203电力电池机房__9#UPS蓄电池组1__未知组__58节电池电压.png,2-203电池室（7、9）.xlsx,Sheet1,咸阳秦都西咸数据中心2号楼D203电力电池机房,9#UPS蓄电池组1,未知组,58节电池电压,0.4900459418070444,0.9305816135049507,0.008308764406294205,0.9818189940104319,0.9222728490986565,0.9735102296041377,1.0555555544110404,0.1375,0.23795180722891565,0.00819672131147541,0.8901098901065501,-0.004065040650391261,discharge_like,放电型异常,存在内部谷底，且谷底后有持续回升，形态接近放电曲线,/mnt/nvme/projects/battery/output_ups_型号1/plots/单体XX电压/单体XX电压__2-203电池室（7、9）.xlsx__Sheet1__咸阳秦都西咸数据中心2号楼D203电力电池机房__9#UPS蓄电池组1__未知组__58节电池电压.png,/mnt/nvme/projects/battery/output_ups_型号1/plots_三分类/单体XX电压/放电型异常/单体XX电压__2-203电池室（7、9）.xlsx__Sheet1__咸阳秦都西咸数据中心2号楼D203电力电池机房__9#UPS蓄电池组1__未知组__58节电池电压.png
单体XX电压__2-203电池室（7、9）.xlsx__Sheet1__咸阳秦都西咸数据中心2号楼D203电力电池机房__9#UPS蓄电池组2__未知组__116节电池电压.png,2-203电池室（7、9）.xlsx,Sheet1,咸阳秦都西咸数据中心2号楼D203电力电池机房,9#UPS蓄电池组2,未知组,116节电池电压,0.557427258805513,0.9879759518998477,0.006202881954360099,0.9823456436643516,0.9817730699454875,0.9761427617099915,0.9942651622843212,0.43956043956043955,0.21180555555555555,0.004545454545454545,0.9404905048153925,0.00563030823549604,discharge_like,放电型异常,存在内部谷底，且谷底后有持续回升，形态接近放电曲线,/mnt/nvme/projects/battery/output_ups_型号1/plots/单体XX电压/单体XX电压__2-203电池室（7、9）.xlsx__Sheet1__咸阳秦都西咸数据中心2号楼D203电力电池机房__9#UPS蓄电池组2__未知组__116节电池电压.png,/mnt/nvme/projects/battery/output_ups_型号1/plots_三分类/单体XX电压/放电型异常/单体XX电压__2-203电池室（7、9）.xlsx__Sheet1__咸阳秦都西咸数据中心2号楼D203电力电池机房__9#UPS蓄电池组2__未知组__116节电池电压.png
单体XX电压__2-203电池室（7、9）.xlsx__Sheet1__咸阳秦都西咸数据中心2号楼D203电力电池机房__9#UPS蓄电池组2__未知组__120节电池电压.png,2-203电池室（7、9）.xlsx,Sheet1,咸阳秦都西咸数据中心2号楼D203电力电池机房,9#UPS蓄电池组2,未知组,120节电池电压,0.40888208269525267,0.915057915054382,0.0011031439602825581,0.9833609119285436,0.9139547710940995,0.982257767968261,1.0747334528574781,0.19101123595505617,0.22597402597402597,0.0072992700729927005,0.9304100018349809,-0.003952932524345587,discharge_like,放电型异常,存在内部谷底，且谷底后有持续回升，形态接近放电曲线,/mnt/nvme/projects/battery/output_ups_型号1/plots/单体XX电压/单体XX电压__2-203电池室（7、9）.xlsx__Sheet1__咸阳秦都西咸数据中心2号楼D203电力电池机房__9#UPS蓄电池组2__未知组__120节电池电压.png,/mnt/nvme/projects/battery/output_ups_型号1/plots_三分类/单体XX电压/放电型异常/单体XX电压__2-203电池室（7、9）.xlsx__Sheet1__咸阳秦都西咸数据中心2号楼D203电力电池机房__9#UPS蓄电池组2__未知组__120节电池电压.png
单体XX电压__2-203电池室（7、9）.xlsx__Sheet1__咸阳秦都西咸数据中心2号楼D203电力电池机房__9#UPS蓄电池组2__未知组__134节电池电压.png,2-203电池室（7、9）.xlsx,Sheet1,咸阳秦都西咸数据中心2号楼D203电力电池机房,9#UPS蓄电池组2,未知组,134节电池电压,0.442572741194487,0.9894894894850325,0.006971256971225568,0.9485199485156759,0.9825182325138069,0.9415486915444503,0.9583014944945744,0.11764705882352941,0.1652892561983471,0.010752688172043012,0.9459030458987853,0.05148005147981927,discharge_like,放电型异常,存在内部谷底，且谷底后有持续回升，形态接近放电曲线,/mnt/nvme/projects/battery/output_ups_型号1/plots/单体XX电压/单体XX电压__2-203电池室（7、9）.xlsx__Sheet1__咸阳秦都西咸数据中心2号楼D203电力电池机房__9#UPS蓄电池组2__未知组__134节电池电压.png,/mnt/nvme/projects/battery/output_ups_型号1/plots_三分类/单体XX电压/放电型异常/单体XX电压__2-203电池室（7、9）.xlsx__Sheet1__咸阳秦都西咸数据中心2号楼D203电力电池机房__9#UPS蓄电池组2__未知组__134节电池电压.png
单体XX电压__2-203电池室（7、9）.xlsx__Sheet1__咸阳秦都西咸数据中心2号楼D203电力电池机房__9#UPS蓄电池组2__未知组__136节电池电压.png,2-203电池室（7、9）.xlsx,Sheet1,咸阳秦都西咸数据中心2号楼D203电力电池机房,9#UPS蓄电池组2,未知组,136节电池电压,0.442572741194487,0.9885805641153911,0.011762018956207149,0.9470138175128726,0.976818545159184,0.9352517985566655,0.9574468075304697,0.11764705882352941,0.1763085399449036,0.010309278350515464,0.9192417494531678,0.051501655817955516,discharge_like,放电型异常,存在内部谷底，且谷底后有持续回升，形态接近放电曲线,/mnt/nvme/projects/battery/output_ups_型号1/plots/单体XX电压/单体XX电压__2-203电池室（7、9）.xlsx__Sheet1__咸阳秦都西咸数据中心2号楼D203电力电池机房__9#UPS蓄电池组2__未知组__136节电池电压.png,/mnt/nvme/projects/battery/output_ups_型号1/plots_三分类/单体XX电压/放电型异常/单体XX电压__2-203电池室（7、9）.xlsx__Sheet1__咸阳秦都西咸数据中心2号楼D203电力电池机房__9#UPS蓄电池组2__未知组__136节电池电压.png
单体XX电压__2-203电池室（7、9）.xlsx__Sheet1__咸阳秦都西咸数据中心2号楼D203电力电池机房__9#UPS蓄电池组2__未知组__15节电池电压.png,2-203电池室（7、9）.xlsx,Sheet1,咸阳秦都西咸数据中心2号楼D203电力电池机房,9#UPS蓄电池组2,未知组,15节电池电压,0.22052067381316998,0.5101497601485067,0.01766701766697426,0.9491049491026171,0.4924827424815324,0.9314379314356429,1.891310799746978,0.2638888888888889,0.2578740157480315,0.010526315789473684,0.4733590733579103,0.03621153621144724,discharge_like,放电型异常,存在内部谷底，且谷底后有持续回升，形态接近放电曲线,/mnt/nvme/projects/battery/output_ups_型号1/plots/单体XX电压/单体XX电压__2-203电池室（7、9）.xlsx__Sheet1__咸阳秦都西咸数据中心2号楼D203电力电池机房__9#UPS蓄电池组2__未知组__15节电池电压.png,/mnt/nvme/projects/battery/output_ups_型号1/plots_三分类/单体XX电压/放电型异常/单体XX电压__2-203电池室（7、9）.xlsx__Sheet1__咸阳秦都西咸数据中心2号楼D203电力电池机房__9#UPS蓄电池组2__未知组__15节电池电压.png
单体XX电压__2-203电池室（7、9）.xlsx__Sheet1__咸阳秦都西咸数据中心2号楼D203电力电池机房__9#UPS蓄电池组2__未知组__193节电池电压.png,2-203电池室（7、9）.xlsx,Sheet1,咸阳秦都西咸数据中心2号楼D203电力电池机房,9#UPS蓄电池组2,未知组,193节电池电压,0.20520673813169985,0.4672900199203376,0.015615962984341888,0.7777777777756785,0.4516740569359957,0.7621618147913366,1.6874155187795585,0.23880597014925373,0.2702702702702703,0.01507537688442211,0.6910738384403943,0.21631000578310622,discharge_like,放电型异常,存在内部谷底，且谷底后有持续回升，形态接近放电曲线,/mnt/nvme/projects/battery/output_ups_型号1/plots/单体XX电压/单体XX电压__2-203电池室（7、9）.xlsx__Sheet1__咸阳秦都西咸数据中心2号楼D203电力电池机房__9#UPS蓄电池组2__未知组__193节电池电压.png,/mnt/nvme/projects/battery/output_ups_型号1/plots_三分类/单体XX电压/放电型异常/单体XX电压__2-203电池室（7、9）.xlsx__Sheet1__咸阳秦都西咸数据中心2号楼D203电力电池机房__9#UPS蓄电池组2__未知组__193节电池电压.png
单体XX电压__2-203电池室（7、9）.xlsx__Sheet1__咸阳秦都西咸数据中心2号楼D203电力电池机房__9#UPS蓄电池组2__未知组__199节电池电压.png,2-203电池室（7、9）.xlsx,Sheet1,咸阳秦都西咸数据中心2号楼D203电力电池机房,9#UPS蓄电池组2,未知组,199节电池电压,0.222052067381317,0.5086834733880259,0.016122004357256324,0.9716464363497785,0.4925614690307696,0.9555244319925222,1.9399090065506586,0.21379310344827587,0.2504930966469428,0.0111731843575419,0.543280423279003,0.015094926859593238,discharge_like,放电型异常,存在内部谷底，且谷底后有持续回升，形态接近放电曲线,/mnt/nvme/projects/battery/output_ups_型号1/plots/单体XX电压/单体XX电压__2-203电池室（7、9）.xlsx__Sheet1__咸阳秦都西咸数据中心2号楼D203电力电池机房__9#UPS蓄电池组2__未知组__199节电池电压.png,/mnt/nvme/projects/battery/output_ups_型号1/plots_三分类/单体XX电压/放电型异常/单体XX电压__2-203电池室（7、9）.xlsx__Sheet1__咸阳秦都西咸数据中心2号楼D203电力电池机房__9#UPS蓄电池组2__未知组__199节电池电压.png
单体XX电压__2-203电池室（7、9）.xlsx__Sheet1__咸阳秦都西咸数据中心2号楼D203电力电池机房__9#UPS蓄电池组2__未知组__204节电池电压.png,2-203电池室（7、9）.xlsx,Sheet1,咸阳秦都西咸数据中心2号楼D203电力电池机房,9#UPS蓄电池组2,未知组,204节电池电压,0.20673813169984687,0.47730093408974805,0.015873015872972324,0.7988111568336567,0.46142791821677576,0.7829381409606844,1.6967723632536964,0.23703703703703705,0.3365570599613153,0.01282051282051282,0.6003527336844203,0.19028022731674243,discharge_like,放电型异常,存在内部谷底，且谷底后有持续回升，形态接近放电曲线,/mnt/nvme/projects/battery/output_ups_型号1/plots/单体XX电压/单体XX电压__2-203电池室（7、9）.xlsx__Sheet1__咸阳秦都西咸数据中心2号楼D203电力电池机房__9#UPS蓄电池组2__未知组__204节电池电压.png,/mnt/nvme/projects/battery/output_ups_型号1/plots_三分类/单体XX电压/放电型异常/单体XX电压__2-203电池室（7、9）.xlsx__Sheet1__咸阳秦都西咸数据中心2号楼D203电力电池机房__9#UPS蓄电池组2__未知组__204节电池电压.png
单体XX电压__2-203电池室（7、9）.xlsx__Sheet1__咸阳秦都西咸数据中心2号楼D203电力电池机房__9#UPS蓄电池组2__未知组__27节电池电压.png,2-203电池室（7、9）.xlsx,Sheet1,咸阳秦都西咸数据中心2号楼D203电力电池机房,9#UPS蓄电池组2,未知组,27节电池电压,0.23736600306278713,0.5846635683960022,0.005320940257275982,0.9532902269791852,0.5793426281387262,0.9479692867219092,1.6362843661810251,0.25806451612903225,0.2112676056338028,0.01775147928994083,0.5240924092394418,0.037280258638003216,discharge_like,放电型异常,存在内部谷底，且谷底后有持续回升，形态接近放电曲线,/mnt/nvme/projects/battery/output_ups_型号1/plots/单体XX电压/单体XX电压__2-203电池室（7、9）.xlsx__Sheet1__咸阳秦都西咸数据中心2号楼D203电力电池机房__9#UPS蓄电池组2__未知组__27节电池电压.png,/mnt/nvme/projects/battery/output_ups_型号1/plots_三分类/单体XX电压/放电型异常/单体XX电压__2-203电池室（7、9）.xlsx__Sheet1__咸阳秦都西咸数据中心2号楼D203电力电池机房__9#UPS蓄电池组2__未知组__27节电池电压.png
单体XX电压__2-203电池室（7、9）.xlsx__Sheet1__咸阳秦都西咸数据中心2号楼D203电力电池机房__9#UPS蓄电池组2__未知组__44节电池电压.png,2-203电池室（7、9）.xlsx,Sheet1,咸阳秦都西咸数据中心2号楼D203电力电池机房,9#UPS蓄电池组2,未知组,44节电池电压,0.23736600306278713,0.5123797648722528,0.006709416933839104,0.9333214582567866,0.5056703479384137,0.9266120413229475,1.8324429013254264,0.2709677419354839,0.22132796780684105,0.026455026455026454,0.5328820805116747,0.05854411590057851,discharge_like,放电型异常,存在内部谷底，且谷底后有持续回升，形态接近放电曲线,/mnt/nvme/projects/battery/output_ups_型号1/plots/单体XX电压/单体XX电压__2-203电池室（7、9）.xlsx__Sheet1__咸阳秦都西咸数据中心2号楼D203电力电池机房__9#UPS蓄电池组2__未知组__44节电池电压.png,/mnt/nvme/projects/battery/output_ups_型号1/plots_三分类/单体XX电压/放电型异常/单体XX电压__2-203电池室（7、9）.xlsx__Sheet1__咸阳秦都西咸数据中心2号楼D203电力电池机房__9#UPS蓄电池组2__未知组__44节电池电压.png
单体XX电压__2-203电池室（7、9）.xlsx__Sheet1__咸阳秦都西咸数据中心2号楼D203电力电池机房__9#UPS蓄电池组2__未知组__45节电池电压.png,2-203电池室（7、9）.xlsx,Sheet1,咸阳秦都西咸数据中心2号楼D203电力电池机房,9#UPS蓄电池组2,未知组,45节电池电压,0.222052067381317,0.5071856287413001,0.010094097519223043,0.9333903621306414,0.4970915312220771,0.9232962646114183,1.8573968872174087,0.2620689655172414,0.21301775147928995,0.011049723756906077,0.5578443113759093,0.06250356429982173,discharge_like,放电型异常,存在内部谷底，且谷底后有持续回升，形态接近放电曲线,/mnt/nvme/projects/battery/output_ups_型号1/plots/单体XX电压/单体XX电压__2-203电池室（7、9）.xlsx__Sheet1__咸阳秦都西咸数据中心2号楼D203电力电池机房__9#UPS蓄电池组2__未知组__45节电池电压.png,/mnt/nvme/projects/battery/output_ups_型号1/plots_三分类/单体XX电压/放电型异常/单体XX电压__2-203电池室（7、9）.xlsx__Sheet1__咸阳秦都西咸数据中心2号楼D203电力电池机房__9#UPS蓄电池组2__未知组__45节电池电压.png
单体XX电压__2-203电池室（7、9）.xlsx__Sheet1__咸阳秦都西咸数据中心2号楼D203电力电池机房__9#UPS蓄电池组2__未知组__46节电池电压.png,2-203电池室（7、9）.xlsx,Sheet1,咸阳秦都西咸数据中心2号楼D203电力电池机房,9#UPS蓄电池组2,未知组,46节电池电压,0.23736600306278713,0.9223378327672724,0.006749156355428997,0.9226190476154152,0.9155886764118435,0.9158698912599863,1.0003071399363934,0.34838709677419355,0.09859154929577464,0.027972027972027972,0.37960254967979556,0.057883389576075084,discharge_like,放电型异常,存在内部谷底，且谷底后有持续回升，形态接近放电曲线,/mnt/nvme/projects/battery/output_ups_型号1/plots/单体XX电压/单体XX电压__2-203电池室（7、9）.xlsx__Sheet1__咸阳秦都西咸数据中心2号楼D203电力电池机房__9#UPS蓄电池组2__未知组__46节电池电压.png,/mnt/nvme/projects/battery/output_ups_型号1/plots_三分类/单体XX电压/放电型异常/单体XX电压__2-203电池室（7、9）.xlsx__Sheet1__咸阳秦都西咸数据中心2号楼D203电力电池机房__9#UPS蓄电池组2__未知组__46节电池电压.png
单体XX电压__2-203电池室（7、9）.xlsx__Sheet1__咸阳秦都西咸数据中心2号楼D203电力电池机房__9#UPS蓄电池组2__未知组__50节电池电压.png,2-203电池室（7、9）.xlsx,Sheet1,咸阳秦都西咸数据中心2号楼D203电力电池机房,9#UPS蓄电池组2,未知组,50节电池电压,0.22052067381316998,0.5030694205380879,0.01233505450369948,0.9094664371750891,0.4907343660343884,0.8971313826713897,1.8281405235442227,0.2638888888888889,0.2637795275590551,0.014218009478672985,0.5755249569693535,0.08709122203077113,discharge_like,放电型异常,存在内部谷底，且谷底后有持续回升，形态接近放电曲线,/mnt/nvme/projects/battery/output_ups_型号1/plots/单体XX电压/单体XX电压__2-203电池室（7、9）.xlsx__Sheet1__咸阳秦都西咸数据中心2号楼D203电力电池机房__9#UPS蓄电池组2__未知组__50节电池电压.png,/mnt/nvme/projects/battery/output_ups_型号1/plots_三分类/单体XX电压/放电型异常/单体XX电压__2-203电池室（7、9）.xlsx__Sheet1__咸阳秦都西咸数据中心2号楼D203电力电池机房__9#UPS蓄电池组2__未知组__50节电池电压.png
单体XX电压__2-203电池室（7、9）.xlsx__Sheet1__咸阳秦都西咸数据中心2号楼D203电力电池机房__9#UPS蓄电池组2__未知组__68节电池电压.png,2-203电池室（7、9）.xlsx,Sheet1,咸阳秦都西咸数据中心2号楼D203电力电池机房,9#UPS蓄电池组2,未知组,68节电池电压,0.20520673813169985,0.6429587482200767,0.009009009008983378,0.6638555849063279,0.6339497392110933,0.6548465758973445,1.0329629217598433,0.291044776119403,0.14092664092664092,0.011764705882352941,0.42106617895971804,0.3165007112366528,discharge_like,放电型异常,存在内部谷底，且谷底后有持续回升，形态接近放电曲线,/mnt/nvme/projects/battery/output_ups_型号1/plots/单体XX电压/单体XX电压__2-203电池室（7、9）.xlsx__Sheet1__咸阳秦都西咸数据中心2号楼D203电力电池机房__9#UPS蓄电池组2__未知组__68节电池电压.png,/mnt/nvme/projects/battery/output_ups_型号1/plots_三分类/单体XX电压/放电型异常/单体XX电压__2-203电池室（7、9）.xlsx__Sheet1__咸阳秦都西咸数据中心2号楼D203电力电池机房__9#UPS蓄电池组2__未知组__68节电池电压.png
单体XX电压__2-203电池室（7、9）.xlsx__Sheet1__咸阳秦都西咸数据中心2号楼D203电力电池机房__9#UPS蓄电池组2__未知组__85节电池电压.png,2-203电池室（7、9）.xlsx,Sheet1,咸阳秦都西咸数据中心2号楼D203电力电池机房,9#UPS蓄电池组2,未知组,85节电池电压,0.22358346094946402,0.974606580825574,0.012773349683166102,0.8444716942534777,0.9618332311424079,0.8316983445703116,0.8647011943201098,0.2328767123287671,0.20553359683794467,0.0072992700729927005,0.3174126302868042,0.15113427345122132,discharge_like,放电型异常,存在内部谷底，且谷底后有持续回升，形态接近放电曲线,/mnt/nvme/projects/battery/output_ups_型号1/plots/单体XX电压/单体XX电压__2-203电池室（7、9）.xlsx__Sheet1__咸阳秦都西咸数据中心2号楼D203电力电池机房__9#UPS蓄电池组2__未知组__85节电池电压.png,/mnt/nvme/projects/battery/output_ups_型号1/plots_三分类/单体XX电压/放电型异常/单体XX电压__2-203电池室（7、9）.xlsx__Sheet1__咸阳秦都西咸数据中心2号楼D203电力电池机房__9#UPS蓄电池组2__未知组__85节电池电压.png
单体XX电压__2-203电池室（8、10）.xlsx__Sheet1__咸阳秦都西咸数据中心2号楼D203电力电池机房__10#UPS蓄电池组1__未知组__109节电池电压.png,2-203电池室（8、10）.xlsx,Sheet1,咸阳秦都西咸数据中心2号楼D203电力电池机房,10#UPS蓄电池组1,未知组,109节电池电压,0.13935681470137826,0.6967194043718579,0.002714440825181169,0.8412827671757923,0.6940049635466767,0.8385683263506112,1.2083030658121634,0.37362637362637363,0.20320855614973263,0.02586206896551724,0.36764386536253757,0.1384752598103136,discharge_like,放电型异常,存在内部谷底，且谷底后有持续回升，形态接近放电曲线,/mnt/nvme/projects/battery/output_ups_型号1/plots/单体XX电压/单体XX电压__2-203电池室（8、10）.xlsx__Sheet1__咸阳秦都西咸数据中心2号楼D203电力电池机房__10#UPS蓄电池组1__未知组__109节电池电压.png,/mnt/nvme/projects/battery/output_ups_型号1/plots_三分类/单体XX电压/放电型异常/单体XX电压__2-203电池室（8、10）.xlsx__Sheet1__咸阳秦都西咸数据中心2号楼D203电力电池机房__10#UPS蓄电池组1__未知组__109节电池电压.png
单体XX电压__2-203电池室（8、10）.xlsx__Sheet1__咸阳秦都西咸数据中心2号楼D203电力电池机房__10#UPS蓄电池组1__未知组__113节电池电压.png,2-203电池室（8、10）.xlsx,Sheet1,咸阳秦都西咸数据中心2号楼D203电力电池机房,10#UPS蓄电池组1,未知组,113节电池电压,0.4226646248085758,0.9910071942410394,0.01789996574162797,0.989080164436319,0.9731072284994114,0.971180198694691,0.9980197138133361,0.37681159420289856,0.13031914893617022,0.006578947368421052,0.8319972593323959,0.0019270298047204815,discharge_like,放电型异常,存在内部谷底，且谷底后有持续回升，形态接近放电曲线,/mnt/nvme/projects/battery/output_ups_型号1/plots/单体XX电压/单体XX电压__2-203电池室（8、10）.xlsx__Sheet1__咸阳秦都西咸数据中心2号楼D203电力电池机房__10#UPS蓄电池组1__未知组__113节电池电压.png,/mnt/nvme/projects/battery/output_ups_型号1/plots_三分类/单体XX电压/放电型异常/单体XX电压__2-203电池室（8、10）.xlsx__Sheet1__咸阳秦都西咸数据中心2号楼D203电力电池机房__10#UPS蓄电池组1__未知组__113节电池电压.png
单体XX电压__2-203电池室（8、10）.xlsx__Sheet1__咸阳秦都西咸数据中心2号楼D203电力电池机房__10#UPS蓄电池组1__未知组__183节电池电压.png,2-203电池室（8、10）.xlsx,Sheet1,咸阳秦都西咸数据中心2号楼D203电力电池机房,10#UPS蓄电池组1,未知组,183节电池电压,0.13935681470137826,0.5195954487976747,0.0030100535789460946,0.8711998073543681,0.5165853952187286,0.868189753775422,1.680631624762036,0.3516483516483517,0.16934046345811052,0.02027027027027027,0.5730660405740733,0.12422491120310541,discharge_like,放电型异常,存在内部谷底，且谷底后有持续回升，形态接近放电曲线,/mnt/nvme/projects/battery/output_ups_型号1/plots/单体XX电压/单体XX电压__2-203电池室（8、10）.xlsx__Sheet1__咸阳秦都西咸数据中心2号楼D203电力电池机房__10#UPS蓄电池组1__未知组__183节电池电压.png,/mnt/nvme/projects/battery/output_ups_型号1/plots_三分类/单体XX电压/放电型异常/单体XX电压__2-203电池室（8、10）.xlsx__Sheet1__咸阳秦都西咸数据中心2号楼D203电力电池机房__10#UPS蓄电池组1__未知组__183节电池电压.png
单体XX电压__2-203电池室（8、10）.xlsx__Sheet1__咸阳秦都西咸数据中心2号楼D203电力电池机房__10#UPS蓄电池组1__未知组__229节电池电压.png,2-203电池室（8、10）.xlsx,Sheet1,咸阳秦都西咸数据中心2号楼D203电力电池机房,10#UPS蓄电池组1,未知组,229节电池电压,0.15160796324655437,0.6242774566455949,0.0037847508945665458,0.9907789705448932,0.6204927057510283,0.9869942196503266,1.5906620801690687,0.3333333333333333,0.1844484629294756,0.020833333333333332,0.5149876135410385,0.007844756399647212,discharge_like,放电型异常,存在内部谷底，且谷底后有持续回升，形态接近放电曲线,/mnt/nvme/projects/battery/output_ups_型号1/plots/单体XX电压/单体XX电压__2-203电池室（8、10）.xlsx__Sheet1__咸阳秦都西咸数据中心2号楼D203电力电池机房__10#UPS蓄电池组1__未知组__229节电池电压.png,/mnt/nvme/projects/battery/output_ups_型号1/plots_三分类/单体XX电压/放电型异常/单体XX电压__2-203电池室（8、10）.xlsx__Sheet1__咸阳秦都西咸数据中心2号楼D203电力电池机房__10#UPS蓄电池组1__未知组__229节电池电压.png
单体XX电压__2-203电池室（8、10）.xlsx__Sheet1__咸阳秦都西咸数据中心2号楼D203电力电池机房__10#UPS蓄电池组1__未知组__2节电池电压.png,2-203电池室（8、10）.xlsx,Sheet1,咸阳秦都西咸数据中心2号楼D203电力电池机房,10#UPS蓄电池组1,未知组,2节电池电压,0.3568147013782542,0.8766603415526503,0.01382488479257426,0.9775910364108558,0.862835456760076,0.9637661516182815,1.116975598244678,0.18454935622317598,0.13365155131264916,0.01020408163265306,0.83988434082992,-0.004969729827395963,discharge_like,放电型异常,存在内部谷底，且谷底后有持续回升，形态接近放电曲线,/mnt/nvme/projects/battery/output_ups_型号1/plots/单体XX电压/单体XX电压__2-203电池室（8、10）.xlsx__Sheet1__咸阳秦都西咸数据中心2号楼D203电力电池机房__10#UPS蓄电池组1__未知组__2节电池电压.png,/mnt/nvme/projects/battery/output_ups_型号1/plots_三分类/单体XX电压/放电型异常/单体XX电压__2-203电池室（8、10）.xlsx__Sheet1__咸阳秦都西咸数据中心2号楼D203电力电池机房__10#UPS蓄电池组1__未知组__2节电池电压.png
单体XX电压__2-203电池室（8、10）.xlsx__Sheet1__咸阳秦都西咸数据中心2号楼D203电力电池机房__10#UPS蓄电池组1__未知组__83节电池电压.png,2-203电池室（8、10）.xlsx,Sheet1,咸阳秦都西咸数据中心2号楼D203电力电池机房,10#UPS蓄电池组1,未知组,83节电池电压,0.3568147013782542,0.9559066771097634,0.005658570558001423,0.7604248280637296,0.950248106551762,0.7547662575057281,0.794283357690996,0.2446351931330472,0.14081145584725538,0.008695652173913044,0.9412553321111226,0.23635413946113637,discharge_like,放电型异常,存在内部谷底，且谷底后有持续回升，形态接近放电曲线,/mnt/nvme/projects/battery/output_ups_型号1/plots/单体XX电压/单体XX电压__2-203电池室（8、10）.xlsx__Sheet1__咸阳秦都西咸数据中心2号楼D203电力电池机房__10#UPS蓄电池组1__未知组__83节电池电压.png,/mnt/nvme/projects/battery/output_ups_型号1/plots_三分类/单体XX电压/放电型异常/单体XX电压__2-203电池室（8、10）.xlsx__Sheet1__咸阳秦都西咸数据中心2号楼D203电力电池机房__10#UPS蓄电池组1__未知组__83节电池电压.png
单体XX电压__2-203电池室（8、10）.xlsx__Sheet1__咸阳秦都西咸数据中心2号楼D203电力电池机房__10#UPS蓄电池组2__未知组__111节电池电压.png,2-203电池室（8、10）.xlsx,Sheet1,咸阳秦都西咸数据中心2号楼D203电力电池机房,10#UPS蓄电池组2,未知组,111节电池电压,0.1883614088820827,0.6678885630478946,0.017874598519707394,0.8598659405085801,0.6500139645281872,0.8419913419888727,1.2953434643587833,0.2682926829268293,0.24763705103969755,0.0273224043715847,0.39614578969301506,0.01794442117017503,discharge_like,放电型异常,存在内部谷底，且谷底后有持续回升，形态接近放电曲线,/mnt/nvme/projects/battery/output_ups_型号1/plots/单体XX电压/单体XX电压__2-203电池室（8、10）.xlsx__Sheet1__咸阳秦都西咸数据中心2号楼D203电力电池机房__10#UPS蓄电池组2__未知组__111节电池电压.png,/mnt/nvme/projects/battery/output_ups_型号1/plots_三分类/单体XX电压/放电型异常/单体XX电压__2-203电池室（8、10）.xlsx__Sheet1__咸阳秦都西咸数据中心2号楼D203电力电池机房__10#UPS蓄电池组2__未知组__111节电池电压.png
单体XX电压__2-203电池室（8、10）.xlsx__Sheet1__咸阳秦都西咸数据中心2号楼D203电力电池机房__10#UPS蓄电池组2__未知组__196节电池电压.png,2-203电池室（8、10）.xlsx,Sheet1,咸阳秦都西咸数据中心2号楼D203电力电池机房,10#UPS蓄电池组2,未知组,196节电池电压,0.13935681470137826,0.6369439223036694,0.009398496240570589,0.9585291353351928,0.6275454260630988,0.9491306390946223,1.5124492955618152,0.3516483516483517,0.2103386809269162,0.02824858757062147,0.47656641603853256,0.016956453634029423,discharge_like,放电型异常,存在内部谷底，且谷底后有持续回升，形态接近放电曲线,/mnt/nvme/projects/battery/output_ups_型号1/plots/单体XX电压/单体XX电压__2-203电池室（8、10）.xlsx__Sheet1__咸阳秦都西咸数据中心2号楼D203电力电池机房__10#UPS蓄电池组2__未知组__196节电池电压.png,/mnt/nvme/projects/battery/output_ups_型号1/plots_三分类/单体XX电压/放电型异常/单体XX电压__2-203电池室（8、10）.xlsx__Sheet1__咸阳秦都西咸数据中心2号楼D203电力电池机房__10#UPS蓄电池组2__未知组__196节电池电压.png
单体XX电压__2-203电池室（8、10）.xlsx__Sheet1__咸阳秦都西咸数据中心2号楼D203电力电池机房__10#UPS蓄电池组2__未知组__205节电池电压.png,2-203电池室（8、10）.xlsx,Sheet1,咸阳秦都西咸数据中心2号楼D203电力电池机房,10#UPS蓄电池组2,未知组,205节电池电压,0.15313935681470137,0.6655405405382924,0.008687258687229337,0.9375402187870514,0.6568532818510631,0.9288529600998221,1.4140950260127316,0.41,0.21557971014492755,0.022935779816513763,0.48468468468304726,0.06060971685951211,discharge_like,放电型异常,存在内部谷底，且谷底后有持续回升，形态接近放电曲线,/mnt/nvme/projects/battery/output_ups_型号1/plots/单体XX电压/单体XX电压__2-203电池室（8、10）.xlsx__Sheet1__咸阳秦都西咸数据中心2号楼D203电力电池机房__10#UPS蓄电池组2__未知组__205节电池电压.png,/mnt/nvme/projects/battery/output_ups_型号1/plots_三分类/单体XX电压/放电型异常/单体XX电压__2-203电池室（8、10）.xlsx__Sheet1__咸阳秦都西咸数据中心2号楼D203电力电池机房__10#UPS蓄电池组2__未知组__205节电池电压.png
单体XX电压__2-203电池室（8、10）.xlsx__Sheet1__咸阳秦都西咸数据中心2号楼D203电力电池机房__10#UPS蓄电池组2__未知组__227节电池电压.png,2-203电池室（8、10）.xlsx,Sheet1,咸阳秦都西咸数据中心2号楼D203电力电池机房,10#UPS蓄电池组2,未知组,227节电池电压,0.4211332312404288,0.9680170575651683,0.003858259721782714,0.986902223571789,0.9641587978433857,0.9830439638500064,1.0195871935507674,0.12727272727272726,0.20954907161803712,0.008849557522123894,0.9441567671804596,-0.0028429282160505887,discharge_like,放电型异常,存在内部谷底，且谷底后有持续回升，形态接近放电曲线,/mnt/nvme/projects/battery/output_ups_型号1/plots/单体XX电压/单体XX电压__2-203电池室（8、10）.xlsx__Sheet1__咸阳秦都西咸数据中心2号楼D203电力电池机房__10#UPS蓄电池组2__未知组__227节电池电压.png,/mnt/nvme/projects/battery/output_ups_型号1/plots_三分类/单体XX电压/放电型异常/单体XX电压__2-203电池室（8、10）.xlsx__Sheet1__咸阳秦都西咸数据中心2号楼D203电力电池机房__10#UPS蓄电池组2__未知组__227节电池电压.png
单体XX电压__2-203电池室（8、10）.xlsx__Sheet1__咸阳秦都西咸数据中心2号楼D203电力电池机房__10#UPS蓄电池组2__未知组__86节电池电压.png,2-203电池室（8、10）.xlsx,Sheet1,咸阳秦都西咸数据中心2号楼D203电力电池机房,10#UPS蓄电池组2,未知组,86节电池电压,0.1332312404287902,0.3920454545443409,0.02969426406917971,0.8507169913395745,0.36235119047516123,0.8210227272703947,2.2658204156248094,0.3333333333333333,0.2088495575221239,0.01990049751243781,0.7262310606039976,0.14563041125499765,discharge_like,放电型异常,存在内部谷底，且谷底后有持续回升，形态接近放电曲线,/mnt/nvme/projects/battery/output_ups_型号1/plots/单体XX电压/单体XX电压__2-203电池室（8、10）.xlsx__Sheet1__咸阳秦都西咸数据中心2号楼D203电力电池机房__10#UPS蓄电池组2__未知组__86节电池电压.png,/mnt/nvme/projects/battery/output_ups_型号1/plots_三分类/单体XX电压/放电型异常/单体XX电压__2-203电池室（8、10）.xlsx__Sheet1__咸阳秦都西咸数据中心2号楼D203电力电池机房__10#UPS蓄电池组2__未知组__86节电池电压.png
单体XX电压__2-203电池室（8、10）.xlsx__Sheet1__咸阳秦都西咸数据中心2号楼D203电力电池机房__8#UPS蓄电池组1__未知组__105节电池电压.png,2-203电池室（8、10）.xlsx,Sheet1,咸阳秦都西咸数据中心2号楼D203电力电池机房,8#UPS蓄电池组1,未知组,105节电池电压,0.13935681470137826,0.6891901822436108,0.004556143445018272,0.9272119341535169,0.6846340387985925,0.9226557907084986,1.3476627469179416,0.3626373626373626,0.2103386809269162,0.019230769230769232,0.4028659611980511,-0.016865079365027236,discharge_like,放电型异常,存在内部谷底，且谷底后有持续回升，形态接近放电曲线,/mnt/nvme/projects/battery/output_ups_型号1/plots/单体XX电压/单体XX电压__2-203电池室（8、10）.xlsx__Sheet1__咸阳秦都西咸数据中心2号楼D203电力电池机房__8#UPS蓄电池组1__未知组__105节电池电压.png,/mnt/nvme/projects/battery/output_ups_型号1/plots_三分类/单体XX电压/放电型异常/单体XX电压__2-203电池室（8、10）.xlsx__Sheet1__咸阳秦都西咸数据中心2号楼D203电力电池机房__8#UPS蓄电池组1__未知组__105节电池电压.png
单体XX电压__2-203电池室（8、10）.xlsx__Sheet1__咸阳秦都西咸数据中心2号楼D203电力电池机房__8#UPS蓄电池组1__未知组__127节电池电压.png,2-203电池室（8、10）.xlsx,Sheet1,咸阳秦都西咸数据中心2号楼D203电力电池机房,8#UPS蓄电池组1,未知组,127节电池电压,0.40428790199081166,0.9591346153800043,0.0032051282051127955,0.9848328754531406,0.9559294871748916,0.9816277472480278,1.0268830069487664,0.19318181818181818,0.2345360824742268,0.0070921985815602835,0.9406364468819247,-0.003147893772878718,discharge_like,放电型异常,存在内部谷底，且谷底后有持续回升，形态接近放电曲线,/mnt/nvme/projects/battery/output_ups_型号1/plots/单体XX电压/单体XX电压__2-203电池室（8、10）.xlsx__Sheet1__咸阳秦都西咸数据中心2号楼D203电力电池机房__8#UPS蓄电池组1__未知组__127节电池电压.png,/mnt/nvme/projects/battery/output_ups_型号1/plots_三分类/单体XX电压/放电型异常/单体XX电压__2-203电池室（8、10）.xlsx__Sheet1__咸阳秦都西咸数据中心2号楼D203电力电池机房__8#UPS蓄电池组1__未知组__127节电池电压.png
单体XX电压__2-203电池室（8、10）.xlsx__Sheet1__咸阳秦都西咸数据中心2号楼D203电力电池机房__8#UPS蓄电池组1__未知组__146节电池电压.png,2-203电池室（8、10）.xlsx,Sheet1,咸阳秦都西咸数据中心2号楼D203电力电池机房,8#UPS蓄电池组1,未知组,146节电池电压,0.13935681470137826,0.4894682431982582,0.0010337920785653924,0.9025327905900429,0.4884344511196928,0.9014989985114775,1.8456908487908252,0.3516483516483517,0.17825311942959002,0.017543859649122806,0.622446210504223,0.07834205595378374,discharge_like,放电型异常,存在内部谷底，且谷底后有持续回升，形态接近放电曲线,/mnt/nvme/projects/battery/output_ups_型号1/plots/单体XX电压/单体XX电压__2-203电池室（8、10）.xlsx__Sheet1__咸阳秦都西咸数据中心2号楼D203电力电池机房__8#UPS蓄电池组1__未知组__146节电池电压.png,/mnt/nvme/projects/battery/output_ups_型号1/plots_三分类/单体XX电压/放电型异常/单体XX电压__2-203电池室（8、10）.xlsx__Sheet1__咸阳秦都西咸数据中心2号楼D203电力电池机房__8#UPS蓄电池组1__未知组__146节电池电压.png
单体XX电压__2-203电池室（8、10）.xlsx__Sheet1__咸阳秦都西咸数据中心2号楼D203电力电池机房__8#UPS蓄电池组1__未知组__154节电池电压.png,2-203电池室（8、10）.xlsx,Sheet1,咸阳秦都西咸数据中心2号楼D203电力电池机房,8#UPS蓄电池组1,未知组,154节电池电压,0.3721286370597244,0.9652935248122272,0.0021415973796812867,0.9844419249129068,0.9631519274325459,0.9823003275332255,1.0198809746784625,0.1728395061728395,0.23471882640586797,0.0072992700729927005,0.9469387755051939,-0.003086419753070224,discharge_like,放电型异常,存在内部谷底，且谷底后有持续回升，形态接近放电曲线,/mnt/nvme/projects/battery/output_ups_型号1/plots/单体XX电压/单体XX电压__2-203电池室（8、10）.xlsx__Sheet1__咸阳秦都西咸数据中心2号楼D203电力电池机房__8#UPS蓄电池组1__未知组__154节电池电压.png,/mnt/nvme/projects/battery/output_ups_型号1/plots_三分类/单体XX电压/放电型异常/单体XX电压__2-203电池室（8、10）.xlsx__Sheet1__咸阳秦都西咸数据中心2号楼D203电力电池机房__8#UPS蓄电池组1__未知组__154节电池电压.png
单体XX电压__2-203电池室（8、10）.xlsx__Sheet1__咸阳秦都西咸数据中心2号楼D203电力电池机房__8#UPS蓄电池组1__未知组__164节电池电压.png,2-203电池室（8、10）.xlsx,Sheet1,咸阳秦都西咸数据中心2号楼D203电力电池机房,8#UPS蓄电池组1,未知组,164节电池电压,0.15160796324655437,0.5496598639440826,0.0010366051182349506,0.9172659539981519,0.5486232588258476,0.9162293488799169,1.6700519572771313,0.36363636363636365,0.20433996383363473,0.029940119760479042,0.6616520894053912,0.08182701652067148,discharge_like,放电型异常,存在内部谷底，且谷底后有持续回升，形态接近放电曲线,/mnt/nvme/projects/battery/output_ups_型号1/plots/单体XX电压/单体XX电压__2-203电池室（8、10）.xlsx__Sheet1__咸阳秦都西咸数据中心2号楼D203电力电池机房__8#UPS蓄电池组1__未知组__164节电池电压.png,/mnt/nvme/projects/battery/output_ups_型号1/plots_三分类/单体XX电压/放电型异常/单体XX电压__2-203电池室（8、10）.xlsx__Sheet1__咸阳秦都西咸数据中心2号楼D203电力电池机房__8#UPS蓄电池组1__未知组__164节电池电压.png
单体XX电压__2-203电池室（8、10）.xlsx__Sheet1__咸阳秦都西咸数据中心2号楼D203电力电池机房__8#UPS蓄电池组1__未知组__202节电池电压.png,2-203电池室（8、10）.xlsx,Sheet1,咸阳秦都西咸数据中心2号楼D203电力电池机房,8#UPS蓄电池组1,未知组,202节电池电压,0.1546707503828484,0.5727002967342056,0.009184682775159972,0.9667585134915497,0.5635156139590457,0.9575738307163898,1.6992853530526975,0.33663366336633666,0.23593466424682397,0.006134969325153374,0.4419528048595056,-0.02165465592758864,discharge_like,放电型异常,存在内部谷底，且谷底后有持续回升，形态接近放电曲线,/mnt/nvme/projects/battery/output_ups_型号1/plots/单体XX电压/单体XX电压__2-203电池室（8、10）.xlsx__Sheet1__咸阳秦都西咸数据中心2号楼D203电力电池机房__8#UPS蓄电池组1__未知组__202节电池电压.png,/mnt/nvme/projects/battery/output_ups_型号1/plots_三分类/单体XX电压/放电型异常/单体XX电压__2-203电池室（8、10）.xlsx__Sheet1__咸阳秦都西咸数据中心2号楼D203电力电池机房__8#UPS蓄电池组1__未知组__202节电池电压.png
单体XX电压__2-203电池室（8、10）.xlsx__Sheet1__咸阳秦都西咸数据中心2号楼D203电力电池机房__8#UPS蓄电池组1__未知组__212节电池电压.png,2-203电池室（8、10）.xlsx,Sheet1,咸阳秦都西咸数据中心2号楼D203电力电池机房,8#UPS蓄电池组1,未知组,212节电池电压,0.39203675344563554,0.975500345061523,0.002464754017538843,0.7713201222486055,0.9730355910439842,0.7688553682310666,0.7901616081853582,0.171875,0.1414141414141414,0.010101010101010102,0.9711130829103041,0.22641230405111812,discharge_like,放电型异常,存在内部谷底，且谷底后有持续回升，形态接近放电曲线,/mnt/nvme/projects/battery/output_ups_型号1/plots/单体XX电压/单体XX电压__2-203电池室（8、10）.xlsx__Sheet1__咸阳秦都西咸数据中心2号楼D203电力电池机房__8#UPS蓄电池组1__未知组__212节电池电压.png,/mnt/nvme/projects/battery/output_ups_型号1/plots_三分类/单体XX电压/放电型异常/单体XX电压__2-203电池室（8、10）.xlsx__Sheet1__咸阳秦都西咸数据中心2号楼D203电力电池机房__8#UPS蓄电池组1__未知组__212节电池电压.png
单体XX电压__2-203电池室（8、10）.xlsx__Sheet1__咸阳秦都西咸数据中心2号楼D203电力电池机房__8#UPS蓄电池组1__未知组__84节电池电压.png,2-203电池室（8、10）.xlsx,Sheet1,咸阳秦都西咸数据中心2号楼D203电力电池机房,8#UPS蓄电池组1,未知组,84节电池电压,0.13782542113323124,0.5156301741822864,0.008543612159721914,0.9938075369202106,0.5070865620225645,0.9852639247604887,1.9429896128339061,0.35555555555555557,0.21352313167259787,0.006622516556291391,0.6232863103499453,0.005331478905872822,discharge_like,放电型异常,存在内部谷底，且谷底后有持续回升，形态接近放电曲线,/mnt/nvme/projects/battery/output_ups_型号1/plots/单体XX电压/单体XX电压__2-203电池室（8、10）.xlsx__Sheet1__咸阳秦都西咸数据中心2号楼D203电力电池机房__8#UPS蓄电池组1__未知组__84节电池电压.png,/mnt/nvme/projects/battery/output_ups_型号1/plots_三分类/单体XX电压/放电型异常/单体XX电压__2-203电池室（8、10）.xlsx__Sheet1__咸阳秦都西咸数据中心2号楼D203电力电池机房__8#UPS蓄电池组1__未知组__84节电池电压.png
单体XX电压__2-203电池室（8、10）.xlsx__Sheet1__咸阳秦都西咸数据中心2号楼D203电力电池机房__8#UPS蓄电池组2__未知组__137节电池电压.png,2-203电池室（8、10）.xlsx,Sheet1,咸阳秦都西咸数据中心2号楼D203电力电池机房,8#UPS蓄电池组2,未知组,137节电池电压,0.10413476263399694,0.5725482447458311,0.015346110781752978,0.9602186656102001,0.5572021339640781,0.9448725548284471,1.695744677807743,0.45588235294117646,0.24143835616438356,0.010362694300518135,0.6448923137701978,0.0332608838831987,discharge_like,放电型异常,存在内部谷底，且谷底后有持续回升，形态接近放电曲线,/mnt/nvme/projects/battery/output_ups_型号1/plots/单体XX电压/单体XX电压__2-203电池室（8、10）.xlsx__Sheet1__咸阳秦都西咸数据中心2号楼D203电力电池机房__8#UPS蓄电池组2__未知组__137节电池电压.png,/mnt/nvme/projects/battery/output_ups_型号1/plots_三分类/单体XX电压/放电型异常/单体XX电压__2-203电池室（8、10）.xlsx__Sheet1__咸阳秦都西咸数据中心2号楼D203电力电池机房__8#UPS蓄电池组2__未知组__137节电池电压.png
单体XX电压__2-203电池室（8、10）.xlsx__Sheet1__咸阳秦都西咸数据中心2号楼D203电力电池机房__8#UPS蓄电池组2__未知组__140节电池电压.png,2-203电池室（8、10）.xlsx,Sheet1,咸阳秦都西咸数据中心2号楼D203电力电池机房,8#UPS蓄电池组2,未知组,140节电池电压,0.4885145482388974,0.8761528326711088,0.0009410878976059171,0.713768115939208,0.8752117447735028,0.712827028041602,0.8144623646608091,0.23824451410658307,0.16516516516516516,0.019867549668874173,0.9309994353435816,0.2777620929783863,discharge_like,放电型异常,存在内部谷底，且谷底后有持续回升，形态接近放电曲线,/mnt/nvme/projects/battery/output_ups_型号1/plots/单体XX电压/单体XX电压__2-203电池室（8、10）.xlsx__Sheet1__咸阳秦都西咸数据中心2号楼D203电力电池机房__8#UPS蓄电池组2__未知组__140节电池电压.png,/mnt/nvme/projects/battery/output_ups_型号1/plots_三分类/单体XX电压/放电型异常/单体XX电压__2-203电池室（8、10）.xlsx__Sheet1__咸阳秦都西咸数据中心2号楼D203电力电池机房__8#UPS蓄电池组2__未知组__140节电池电压.png
单体XX电压__2-D203电池室（2、4、6、12#UPS）.xlsx__Sheet1__咸阳秦都西咸数据中心2号楼D203电力电池机房__12#UPS蓄电池组1__未知组__179节电池电压.png,2-D203电池室（2、4、6、12#UPS）.xlsx,Sheet1,咸阳秦都西咸数据中心2号楼D203电力电池机房,12#UPS蓄电池组1,未知组,179节电池电压,0.7258805513016845,0.8493533215729223,0.0010288065843589646,0.7890579071110275,0.8483245149885633,0.7880291005266685,0.9289241153291063,0.2109704641350211,0.3707865168539326,0.006060606060606061,0.7774544385631503,0.19940476190414635,discharge_like,放电型异常,存在内部谷底，且谷底后有持续回升，形态接近放电曲线,/mnt/nvme/projects/battery/output_ups_型号1/plots/单体XX电压/单体XX电压__2-D203电池室（2、4、6、12#UPS）.xlsx__Sheet1__咸阳秦都西咸数据中心2号楼D203电力电池机房__12#UPS蓄电池组1__未知组__179节电池电压.png,/mnt/nvme/projects/battery/output_ups_型号1/plots_三分类/单体XX电压/放电型异常/单体XX电压__2-D203电池室（2、4、6、12#UPS）.xlsx__Sheet1__咸阳秦都西咸数据中心2号楼D203电力电池机房__12#UPS蓄电池组1__未知组__179节电池电压.png
单体XX电压__2-D203电池室（2、4、6、12#UPS）.xlsx__Sheet1__咸阳秦都西咸数据中心2号楼D203电力电池机房__12#UPS蓄电池组1__未知组__19节电池电压.png,2-D203电池室（2、4、6、12#UPS）.xlsx,Sheet1,咸阳秦都西咸数据中心2号楼D203电力电池机房,12#UPS蓄电池组1,未知组,19节电池电压,0.8422664624808576,0.8452201933379522,0.0012173290368742479,0.5070533476533263,0.844002864301078,0.5058360186164521,0.5993297409434827,0.09818181818181818,0.8823529411764706,0.006993006993006993,0.8547368421026925,0.466595059074859,discharge_like,放电型异常,存在内部谷底，且谷底后有持续回升，形态接近放电曲线,/mnt/nvme/projects/battery/output_ups_型号1/plots/单体XX电压/单体XX电压__2-D203电池室（2、4、6、12#UPS）.xlsx__Sheet1__咸阳秦都西咸数据中心2号楼D203电力电池机房__12#UPS蓄电池组1__未知组__19节电池电压.png,/mnt/nvme/projects/battery/output_ups_型号1/plots_三分类/单体XX电压/放电型异常/单体XX电压__2-D203电池室（2、4、6、12#UPS）.xlsx__Sheet1__咸阳秦都西咸数据中心2号楼D203电力电池机房__12#UPS蓄电池组1__未知组__19节电池电压.png
单体XX电压__2-D203电池室（2、4、6、12#UPS）.xlsx__Sheet1__咸阳秦都西咸数据中心2号楼D203电力电池机房__12#UPS蓄电池组1__未知组__3节电池电压.png,2-D203电池室（2、4、6、12#UPS）.xlsx,Sheet1,咸阳秦都西咸数据中心2号楼D203电力电池机房,12#UPS蓄电池组1,未知组,3节电池电压,0.5267993874425727,0.9148609779457701,0.003131991051445731,0.5120166187266536,0.9117289868943245,0.5088846276752079,0.5581533925454075,0.21511627906976744,0.24675324675324675,0.017543859649122806,0.8517098114390692,0.46343879833688295,discharge_like,放电型异常,存在内部谷底，且谷底后有持续回升，形态接近放电曲线,/mnt/nvme/projects/battery/output_ups_型号1/plots/单体XX电压/单体XX电压__2-D203电池室（2、4、6、12#UPS）.xlsx__Sheet1__咸阳秦都西咸数据中心2号楼D203电力电池机房__12#UPS蓄电池组1__未知组__3节电池电压.png,/mnt/nvme/projects/battery/output_ups_型号1/plots_三分类/单体XX电压/放电型异常/单体XX电压__2-D203电池室（2、4、6、12#UPS）.xlsx__Sheet1__咸阳秦都西咸数据中心2号楼D203电力电池机房__12#UPS蓄电池组1__未知组__3节电池电压.png
单体XX电压__2-D203电池室（2、4、6、12#UPS）.xlsx__Sheet1__咸阳秦都西咸数据中心2号楼D203电力电池机房__12#UPS蓄电池组1__未知组__4节电池电压.png,2-D203电池室（2、4、6、12#UPS）.xlsx,Sheet1,咸阳秦都西咸数据中心2号楼D203电力电池机房,12#UPS蓄电池组1,未知组,4节电池电压,0.7519142419601837,0.8877105427297924,0.0,0.45931240035909815,0.8877105427297924,0.45931240035909815,0.5174123520367996,0.15071283095723015,0.5900621118012422,0.014634146341463415,0.893588410616377,0.5088722534122566,discharge_like,放电型异常,存在内部谷底，且谷底后有持续回升，形态接近放电曲线,/mnt/nvme/projects/battery/output_ups_型号1/plots/单体XX电压/单体XX电压__2-D203电池室（2、4、6、12#UPS）.xlsx__Sheet1__咸阳秦都西咸数据中心2号楼D203电力电池机房__12#UPS蓄电池组1__未知组__4节电池电压.png,/mnt/nvme/projects/battery/output_ups_型号1/plots_三分类/单体XX电压/放电型异常/单体XX电压__2-D203电池室（2、4、6、12#UPS）.xlsx__Sheet1__咸阳秦都西咸数据中心2号楼D203电力电池机房__12#UPS蓄电池组1__未知组__4节电池电压.png
单体XX电压__2-D203电池室（2、4、6、12#UPS）.xlsx__Sheet1__咸阳秦都西咸数据中心2号楼D203电力电池机房__12#UPS蓄电池组1__未知组__79节电池电压.png,2-D203电池室（2、4、6、12#UPS）.xlsx,Sheet1,咸阳秦都西咸数据中心2号楼D203电力电池机房,12#UPS蓄电池组1,未知组,79节电池电压,0.6569678407350689,0.8409159842254081,0.002729754322102316,0.799590536849137,0.8381862299033058,0.7968607825270346,0.9506965792891454,0.2517482517482518,0.26905829596412556,0.005988023952095809,0.7765392781291618,0.18903548680558535,discharge_like,放电型异常,存在内部谷底，且谷底后有持续回升，形态接近放电曲线,/mnt/nvme/projects/battery/output_ups_型号1/plots/单体XX电压/单体XX电压__2-D203电池室（2、4、6、12#UPS）.xlsx__Sheet1__咸阳秦都西咸数据中心2号楼D203电力电池机房__12#UPS蓄电池组1__未知组__79节电池电压.png,/mnt/nvme/projects/battery/output_ups_型号1/plots_三分类/单体XX电压/放电型异常/单体XX电压__2-D203电池室（2、4、6、12#UPS）.xlsx__Sheet1__咸阳秦都西咸数据中心2号楼D203电力电池机房__12#UPS蓄电池组1__未知组__79节电池电压.png
单体XX电压__2-D203电池室（2、4、6、12#UPS）.xlsx__Sheet1__咸阳秦都西咸数据中心2号楼D203电力电池机房__12#UPS蓄电池组2__未知组__24节电池电压.png,2-D203电池室（2、4、6、12#UPS）.xlsx,Sheet1,咸阳秦都西咸数据中心2号楼D203电力电池机房,12#UPS蓄电池组2,未知组,24节电池电压,0.8254211332312404,0.8393739703431982,0.0018043461206498955,0.5257707695911129,0.8375696242225482,0.523966423470463,0.6255795431111072,0.10018552875695733,0.8849557522123894,0.006535947712418301,0.869914489680981,0.4458303914631896,discharge_like,放电型异常,存在内部谷底，且谷底后有持续回升，形态接近放电曲线,/mnt/nvme/projects/battery/output_ups_型号1/plots/单体XX电压/单体XX电压__2-D203电池室（2、4、6、12#UPS）.xlsx__Sheet1__咸阳秦都西咸数据中心2号楼D203电力电池机房__12#UPS蓄电池组2__未知组__24节电池电压.png,/mnt/nvme/projects/battery/output_ups_型号1/plots_三分类/单体XX电压/放电型异常/单体XX电压__2-D203电池室（2、4、6、12#UPS）.xlsx__Sheet1__咸阳秦都西咸数据中心2号楼D203电力电池机房__12#UPS蓄电池组2__未知组__24节电池电压.png
单体XX电压__2-D203电池室（2、4、6、12#UPS）.xlsx__Sheet1__咸阳秦都西咸数据中心2号楼D203电力电池机房__2#UPS蓄电池组1__未知组__10节电池电压.png,2-D203电池室（2、4、6、12#UPS）.xlsx,Sheet1,咸阳秦都西咸数据中心2号楼D203电力电池机房,2#UPS蓄电池组1,未知组,10节电池电压,0.20673813169984687,0.8169206349184565,0.004317460317448804,0.68044444444263,0.8126031746010076,0.6761269841251811,0.8320506299093803,0.5777777777777777,0.11798839458413926,0.016304347826086956,0.7725968253947653,0.2770158730151344,discharge_like,放电型异常,存在内部谷底，且谷底后有持续回升，形态接近放电曲线,/mnt/nvme/projects/battery/output_ups_型号1/plots/单体XX电压/单体XX电压__2-D203电池室（2、4、6、12#UPS）.xlsx__Sheet1__咸阳秦都西咸数据中心2号楼D203电力电池机房__2#UPS蓄电池组1__未知组__10节电池电压.png,/mnt/nvme/projects/battery/output_ups_型号1/plots_三分类/单体XX电压/放电型异常/单体XX电压__2-D203电池室（2、4、6、12#UPS）.xlsx__Sheet1__咸阳秦都西咸数据中心2号楼D203电力电池机房__2#UPS蓄电池组1__未知组__10节电池电压.png
单体XX电压__2-D203电池室（2、4、6、12#UPS）.xlsx__Sheet1__咸阳秦都西咸数据中心2号楼D203电力电池机房__2#UPS蓄电池组1__未知组__112节电池电压.png,2-D203电池室（2、4、6、12#UPS）.xlsx,Sheet1,咸阳秦都西咸数据中心2号楼D203电力电池机房,2#UPS蓄电池组1,未知组,112节电池电压,0.24042879019908117,0.9899920514457997,0.0036129778163052424,0.7246910903945056,0.9863790736294945,0.7210781125782004,0.7310354924642467,0.36942675159235666,0.12323232323232323,0.02027027027027027,0.9325673820334439,0.27191271045513243,discharge_like,放电型异常,存在内部谷底，且谷底后有持续回升，形态接近放电曲线,/mnt/nvme/projects/battery/output_ups_型号1/plots/单体XX电压/单体XX电压__2-D203电池室（2、4、6、12#UPS）.xlsx__Sheet1__咸阳秦都西咸数据中心2号楼D203电力电池机房__2#UPS蓄电池组1__未知组__112节电池电压.png,/mnt/nvme/projects/battery/output_ups_型号1/plots_三分类/单体XX电压/放电型异常/单体XX电压__2-D203电池室（2、4、6、12#UPS）.xlsx__Sheet1__咸阳秦都西咸数据中心2号楼D203电力电池机房__2#UPS蓄电池组1__未知组__112节电池电压.png
单体XX电压__2-D203电池室（2、4、6、12#UPS）.xlsx__Sheet1__咸阳秦都西咸数据中心2号楼D203电力电池机房__2#UPS蓄电池组1__未知组__12节电池电压.png,2-D203电池室（2、4、6、12#UPS）.xlsx,Sheet1,咸阳秦都西咸数据中心2号楼D203电力电池机房,2#UPS蓄电池组1,未知组,12节电池电压,0.13935681470137826,0.8783308195046404,0.00797241973710157,0.795554119081131,0.8703583997675388,0.7875816993440294,0.9048935457502203,0.7252747252747253,0.09982174688057041,0.021897810218978103,0.7463046757141889,0.1706887883353323,discharge_like,放电型异常,存在内部谷底，且谷底后有持续回升，形态接近放电曲线,/mnt/nvme/projects/battery/output_ups_型号1/plots/单体XX电压/单体XX电压__2-D203电池室（2、4、6、12#UPS）.xlsx__Sheet1__咸阳秦都西咸数据中心2号楼D203电力电池机房__2#UPS蓄电池组1__未知组__12节电池电压.png,/mnt/nvme/projects/battery/output_ups_型号1/plots_三分类/单体XX电压/放电型异常/单体XX电压__2-D203电池室（2、4、6、12#UPS）.xlsx__Sheet1__咸阳秦都西咸数据中心2号楼D203电力电池机房__2#UPS蓄电池组1__未知组__12节电池电压.png
单体XX电压__2-D203电池室（2、4、6、12#UPS）.xlsx__Sheet1__咸阳秦都西咸数据中心2号楼D203电力电池机房__2#UPS蓄电池组1__未知组__130节电池电压.png,2-D203电池室（2、4、6、12#UPS）.xlsx,Sheet1,咸阳秦都西咸数据中心2号楼D203电力电池机房,2#UPS蓄电池组1,未知组,130节电池电压,0.7580398162327718,0.8263679592770272,0.0007367222557075251,0.617440225033425,0.8256312370213197,0.6167035027777175,0.7469478798497118,0.12727272727272726,0.3375796178343949,0.023529411764705882,0.8312370236397489,0.3497421472095177,discharge_like,放电型异常,存在内部谷底，且谷底后有持续回升，形态接近放电曲线,/mnt/nvme/projects/battery/output_ups_型号1/plots/单体XX电压/单体XX电压__2-D203电池室（2、4、6、12#UPS）.xlsx__Sheet1__咸阳秦都西咸数据中心2号楼D203电力电池机房__2#UPS蓄电池组1__未知组__130节电池电压.png,/mnt/nvme/projects/battery/output_ups_型号1/plots_三分类/单体XX电压/放电型异常/单体XX电压__2-D203电池室（2、4、6、12#UPS）.xlsx__Sheet1__咸阳秦都西咸数据中心2号楼D203电力电池机房__2#UPS蓄电池组1__未知组__130节电池电压.png
单体XX电压__2-D203电池室（2、4、6、12#UPS）.xlsx__Sheet1__咸阳秦都西咸数据中心2号楼D203电力电池机房__2#UPS蓄电池组1__未知组__136节电池电压.png,2-D203电池室（2、4、6、12#UPS）.xlsx,Sheet1,咸阳秦都西咸数据中心2号楼D203电力电池机房,2#UPS蓄电池组1,未知组,136节电池电压,0.7580398162327718,0.8602408799752067,0.0026455026454949107,0.7250069618469472,0.8575953773297118,0.7223614592014523,0.8423103452450424,0.10505050505050505,0.37579617834394907,0.025210084033613446,0.8534809245310606,0.24248120300680986,discharge_like,放电型异常,存在内部谷底，且谷底后有持续回升，形态接近放电曲线,/mnt/nvme/projects/battery/output_ups_型号1/plots/单体XX电压/单体XX电压__2-D203电池室（2、4、6、12#UPS）.xlsx__Sheet1__咸阳秦都西咸数据中心2号楼D203电力电池机房__2#UPS蓄电池组1__未知组__136节电池电压.png,/mnt/nvme/projects/battery/output_ups_型号1/plots_三分类/单体XX电压/放电型异常/单体XX电压__2-D203电池室（2、4、6、12#UPS）.xlsx__Sheet1__咸阳秦都西咸数据中心2号楼D203电力电池机房__2#UPS蓄电池组1__未知组__136节电池电压.png
单体XX电压__2-D203电池室（2、4、6、12#UPS）.xlsx__Sheet1__咸阳秦都西咸数据中心2号楼D203电力电池机房__2#UPS蓄电池组1__未知组__21节电池电压.png,2-D203电池室（2、4、6、12#UPS）.xlsx,Sheet1,咸阳秦都西咸数据中心2号楼D203电力电池机房,2#UPS蓄电池组1,未知组,21节电池电压,0.55895865237366,0.829566453444574,0.0,0.7395522388037623,0.829566453444574,0.7395522388037623,0.891492459514796,0.2054794520547945,0.21254355400696864,0.016574585635359115,0.820867093103449,0.22064676616849577,discharge_like,放电型异常,存在内部谷底，且谷底后有持续回升，形态接近放电曲线,/mnt/nvme/projects/battery/output_ups_型号1/plots/单体XX电压/单体XX电压__2-D203电池室（2、4、6、12#UPS）.xlsx__Sheet1__咸阳秦都西咸数据中心2号楼D203电力电池机房__2#UPS蓄电池组1__未知组__21节电池电压.png,/mnt/nvme/projects/battery/output_ups_型号1/plots_三分类/单体XX电压/放电型异常/单体XX电压__2-D203电池室（2、4、6、12#UPS）.xlsx__Sheet1__咸阳秦都西咸数据中心2号楼D203电力电池机房__2#UPS蓄电池组1__未知组__21节电池电压.png
单体XX电压__2-D203电池室（2、4、6、12#UPS）.xlsx__Sheet1__咸阳秦都西咸数据中心2号楼D203电力电池机房__2#UPS蓄电池组1__未知组__23节电池电压.png,2-D203电池室（2、4、6、12#UPS）.xlsx,Sheet1,咸阳秦都西咸数据中心2号楼D203电力电池机房,2#UPS蓄电池组1,未知组,23节电池电压,0.6064318529862175,0.83250276854686,0.0008997785160549702,0.7379914174950861,0.8316029900308051,0.7370916389790312,0.886350394273326,0.20707070707070707,0.21875,0.017341040462427744,0.7920404208171882,0.22103405315550373,discharge_like,放电型异常,存在内部谷底，且谷底后有持续回升，形态接近放电曲线,/mnt/nvme/projects/battery/output_ups_型号1/plots/单体XX电压/单体XX电压__2-D203电池室（2、4、6、12#UPS）.xlsx__Sheet1__咸阳秦都西咸数据中心2号楼D203电力电池机房__2#UPS蓄电池组1__未知组__23节电池电压.png,/mnt/nvme/projects/battery/output_ups_型号1/plots_三分类/单体XX电压/放电型异常/单体XX电压__2-D203电池室（2、4、6、12#UPS）.xlsx__Sheet1__咸阳秦都西咸数据中心2号楼D203电力电池机房__2#UPS蓄电池组1__未知组__23节电池电压.png
单体XX电压__2-D203电池室（2、4、6、12#UPS）.xlsx__Sheet1__咸阳秦都西咸数据中心2号楼D203电力电池机房__2#UPS蓄电池组1__未知组__25节电池电压.png,2-D203电池室（2、4、6、12#UPS）.xlsx,Sheet1,咸阳秦都西咸数据中心2号楼D203电力电池机房,2#UPS蓄电池组1,未知组,25节电池电压,0.10566615620214395,0.9234817115229592,0.0026455026454962555,0.6153956751767973,0.920836208877463,0.612750172531301,0.6654279729213088,0.8260869565217391,0.1097770154373928,0.008333333333333333,0.5980906372196273,0.37988842880055484,discharge_like,放电型异常,存在内部谷底，且谷底后有持续回升，形态接近放电曲线,/mnt/nvme/projects/battery/output_ups_型号1/plots/单体XX电压/单体XX电压__2-D203电池室（2、4、6、12#UPS）.xlsx__Sheet1__咸阳秦都西咸数据中心2号楼D203电力电池机房__2#UPS蓄电池组1__未知组__25节电池电压.png,/mnt/nvme/projects/battery/output_ups_型号1/plots_三分类/单体XX电压/放电型异常/单体XX电压__2-D203电池室（2、4、6、12#UPS）.xlsx__Sheet1__咸阳秦都西咸数据中心2号楼D203电力电池机房__2#UPS蓄电池组1__未知组__25节电池电压.png
单体XX电压__2-D203电池室（2、4、6、12#UPS）.xlsx__Sheet1__咸阳秦都西咸数据中心2号楼D203电力电池机房__2#UPS蓄电池组1__未知组__26节电池电压.png,2-D203电池室（2、4、6、12#UPS）.xlsx,Sheet1,咸阳秦都西咸数据中心2号楼D203电力电池机房,2#UPS蓄电池组1,未知组,26节电池电压,0.10566615620214395,0.9430579460677219,0.002294893861153391,0.631325301203298,0.9407630522065684,0.6290304073421447,0.6686385112575474,0.6521739130434783,0.10634648370497427,0.009433962264150943,0.6156970740088432,0.36528973034909107,discharge_like,放电型异常,存在内部谷底，且谷底后有持续回升，形态接近放电曲线,/mnt/nvme/projects/battery/output_ups_型号1/plots/单体XX电压/单体XX电压__2-D203电池室（2、4、6、12#UPS）.xlsx__Sheet1__咸阳秦都西咸数据中心2号楼D203电力电池机房__2#UPS蓄电池组1__未知组__26节电池电压.png,/mnt/nvme/projects/battery/output_ups_型号1/plots_三分类/单体XX电压/放电型异常/单体XX电压__2-D203电池室（2、4、6、12#UPS）.xlsx__Sheet1__咸阳秦都西咸数据中心2号楼D203电力电池机房__2#UPS蓄电池组1__未知组__26节电池电压.png
单体XX电压__2-D203电池室（2、4、6、12#UPS）.xlsx__Sheet1__咸阳秦都西咸数据中心2号楼D203电力电池机房__2#UPS蓄电池组1__未知组__27节电池电压.png,2-D203电池室（2、4、6、12#UPS）.xlsx,Sheet1,咸阳秦都西咸数据中心2号楼D203电力电池机房,2#UPS蓄电池组1,未知组,27节电池电压,0.0995405819295559,0.927106668962092,0.002929519214192484,0.6255097937833147,0.9241771497478996,0.6225802745691222,0.6736590209629106,0.7384615384615385,0.09540034071550256,0.009708737864077669,0.6055718306608401,0.37035441438247163,discharge_like,放电型异常,存在内部谷底，且谷底后有持续回升，形态接近放电曲线,/mnt/nvme/projects/battery/output_ups_型号1/plots/单体XX电压/单体XX电压__2-D203电池室（2、4、6、12#UPS）.xlsx__Sheet1__咸阳秦都西咸数据中心2号楼D203电力电池机房__2#UPS蓄电池组1__未知组__27节电池电压.png,/mnt/nvme/projects/battery/output_ups_型号1/plots_三分类/单体XX电压/放电型异常/单体XX电压__2-D203电池室（2、4、6、12#UPS）.xlsx__Sheet1__咸阳秦都西咸数据中心2号楼D203电力电池机房__2#UPS蓄电池组1__未知组__27节电池电压.png
单体XX电压__2-D203电池室（2、4、6、12#UPS）.xlsx__Sheet1__咸阳秦都西咸数据中心2号楼D203电力电池机房__2#UPS蓄电池组1__未知组__28节电池电压.png,2-D203电池室（2、4、6、12#UPS）.xlsx,Sheet1,咸阳秦都西咸数据中心2号楼D203电力电池机房,2#UPS蓄电池组1,未知组,28节电池电压,0.10566615620214395,0.9395496406087456,0.0028638814016104957,0.61273023360143,0.936685759207135,0.6098663521998194,0.6510895949405231,0.8695652173913043,0.09605488850771869,0.008695652173913044,0.5997079964046954,0.3826650943387202,discharge_like,放电型异常,存在内部谷底，且谷底后有持续回升，形态接近放电曲线,/mnt/nvme/projects/battery/output_ups_型号1/plots/单体XX电压/单体XX电压__2-D203电池室（2、4、6、12#UPS）.xlsx__Sheet1__咸阳秦都西咸数据中心2号楼D203电力电池机房__2#UPS蓄电池组1__未知组__28节电池电压.png,/mnt/nvme/projects/battery/output_ups_型号1/plots_三分类/单体XX电压/放电型异常/单体XX电压__2-D203电池室（2、4、6、12#UPS）.xlsx__Sheet1__咸阳秦都西咸数据中心2号楼D203电力电池机房__2#UPS蓄电池组1__未知组__28节电池电压.png
单体XX电压__2-D203电池室（2、4、6、12#UPS）.xlsx__Sheet1__咸阳秦都西咸数据中心2号楼D203电力电池机房__2#UPS蓄电池组1__未知组__31节电池电压.png,2-D203电池室（2、4、6、12#UPS）.xlsx,Sheet1,咸阳秦都西咸数据中心2号楼D203电力电池机房,2#UPS蓄电池组1,未知组,31节电池电压,0.7580398162327718,0.8273893007390136,0.0013357376611196085,0.692613370732045,0.826053563077894,0.6912776330709254,0.8368435936022912,0.15151515151515152,0.36942675159235666,0.015873015873015872,0.825138582780027,0.26778200761295345,discharge_like,放电型异常,存在内部谷底，且谷底后有持续回升，形态接近放电曲线,/mnt/nvme/projects/battery/output_ups_型号1/plots/单体XX电压/单体XX电压__2-D203电池室（2、4、6、12#UPS）.xlsx__Sheet1__咸阳秦都西咸数据中心2号楼D203电力电池机房__2#UPS蓄电池组1__未知组__31节电池电压.png,/mnt/nvme/projects/battery/output_ups_型号1/plots_三分类/单体XX电压/放电型异常/单体XX电压__2-D203电池室（2、4、6、12#UPS）.xlsx__Sheet1__咸阳秦都西咸数据中心2号楼D203电力电池机房__2#UPS蓄电池组1__未知组__31节电池电压.png
单体XX电压__2-D203电池室（2、4、6、12#UPS）.xlsx__Sheet1__咸阳秦都西咸数据中心2号楼D203电力电池机房__2#UPS蓄电池组1__未知组__32节电池电压.png,2-D203电池室（2、4、6、12#UPS）.xlsx,Sheet1,咸阳秦都西咸数据中心2号楼D203电力电池机房,2#UPS蓄电池组1,未知组,32节电池电压,0.2557427258805513,0.8259552806215162,0.003092982795274831,0.6833558863310327,0.8228622978262414,0.6802629035357579,0.8267032096452929,0.47904191616766467,0.11752577319587629,0.015544041450777202,0.8178490882122335,0.27649977446925633,discharge_like,放电型异常,存在内部谷底，且谷底后有持续回升，形态接近放电曲线,/mnt/nvme/projects/battery/output_ups_型号1/plots/单体XX电压/单体XX电压__2-D203电池室（2、4、6、12#UPS）.xlsx__Sheet1__咸阳秦都西咸数据中心2号楼D203电力电池机房__2#UPS蓄电池组1__未知组__32节电池电压.png,/mnt/nvme/projects/battery/output_ups_型号1/plots_三分类/单体XX电压/放电型异常/单体XX电压__2-D203电池室（2、4、6、12#UPS）.xlsx__Sheet1__咸阳秦都西咸数据中心2号楼D203电力电池机房__2#UPS蓄电池组1__未知组__32节电池电压.png
单体XX电压__2-D203电池室（2、4、6、12#UPS）.xlsx__Sheet1__咸阳秦都西咸数据中心2号楼D203电力电池机房__2#UPS蓄电池组1__未知组__33节电池电压.png,2-D203电池室（2、4、6、12#UPS）.xlsx,Sheet1,咸阳秦都西咸数据中心2号楼D203电力电池机房,2#UPS蓄电池组1,未知组,33节电池电压,0.20673813169984687,0.9081748740420815,0.005607020965363604,0.8534861043364336,0.9025678530767179,0.84787908337107,0.9394075797640812,0.5333333333333333,0.11411992263056092,0.018072289156626505,0.839021615469264,0.12441085649234318,discharge_like,放电型异常,存在内部谷底，且谷底后有持续回升，形态接近放电曲线,/mnt/nvme/projects/battery/output_ups_型号1/plots/单体XX电压/单体XX电压__2-D203电池室（2、4、6、12#UPS）.xlsx__Sheet1__咸阳秦都西咸数据中心2号楼D203电力电池机房__2#UPS蓄电池组1__未知组__33节电池电压.png,/mnt/nvme/projects/battery/output_ups_型号1/plots_三分类/单体XX电压/放电型异常/单体XX电压__2-D203电池室（2、4、6、12#UPS）.xlsx__Sheet1__咸阳秦都西咸数据中心2号楼D203电力电池机房__2#UPS蓄电池组1__未知组__33节电池电压.png
单体XX电压__2-D203电池室（2、4、6、12#UPS）.xlsx__Sheet1__咸阳秦都西咸数据中心2号楼D203电力电池机房__2#UPS蓄电池组1__未知组__34节电池电压.png,2-D203电池室（2、4、6、12#UPS）.xlsx,Sheet1,咸阳秦都西咸数据中心2号楼D203电力电池机房,2#UPS蓄电池组1,未知组,34节电池电压,0.22970903522205208,0.8820936639089298,0.0034632034631920153,0.8048012593440534,0.8786304604457378,0.8013380558808614,0.9120308150508508,0.4866666666666667,0.11752988047808766,0.01694915254237288,0.8436993309692692,0.16702085792939647,discharge_like,放电型异常,存在内部谷底，且谷底后有持续回升，形态接近放电曲线,/mnt/nvme/projects/battery/output_ups_型号1/plots/单体XX电压/单体XX电压__2-D203电池室（2、4、6、12#UPS）.xlsx__Sheet1__咸阳秦都西咸数据中心2号楼D203电力电池机房__2#UPS蓄电池组1__未知组__34节电池电压.png,/mnt/nvme/projects/battery/output_ups_型号1/plots_三分类/单体XX电压/放电型异常/单体XX电压__2-D203电池室（2、4、6、12#UPS）.xlsx__Sheet1__咸阳秦都西咸数据中心2号楼D203电力电池机房__2#UPS蓄电池组1__未知组__34节电池电压.png
单体XX电压__2-D203电池室（2、4、6、12#UPS）.xlsx__Sheet1__咸阳秦都西咸数据中心2号楼D203电力电池机房__2#UPS蓄电池组1__未知组__36节电池电压.png,2-D203电池室（2、4、6、12#UPS）.xlsx,Sheet1,咸阳秦都西咸数据中心2号楼D203电力电池机房,2#UPS蓄电池组1,未知组,36节电池电压,0.22358346094946402,0.8457617651141236,0.005166876134602919,0.7388632872482171,0.8405948889795207,0.7336964111136143,0.8728299682282024,0.5136986301369864,0.116600790513834,0.016666666666666666,0.8057952799864654,0.2237117720982129,discharge_like,放电型异常,存在内部谷底，且谷底后有持续回升，形态接近放电曲线,/mnt/nvme/projects/battery/output_ups_型号1/plots/单体XX电压/单体XX电压__2-D203电池室（2、4、6、12#UPS）.xlsx__Sheet1__咸阳秦都西咸数据中心2号楼D203电力电池机房__2#UPS蓄电池组1__未知组__36节电池电压.png,/mnt/nvme/projects/battery/output_ups_型号1/plots_三分类/单体XX电压/放电型异常/单体XX电压__2-D203电池室（2、4、6、12#UPS）.xlsx__Sheet1__咸阳秦都西咸数据中心2号楼D203电力电池机房__2#UPS蓄电池组1__未知组__36节电池电压.png
单体XX电压__2-D203电池室（2、4、6、12#UPS）.xlsx__Sheet1__咸阳秦都西咸数据中心2号楼D203电力电池机房__2#UPS蓄电池组1__未知组__38节电池电压.png,2-D203电池室（2、4、6、12#UPS）.xlsx,Sheet1,咸阳秦都西咸数据中心2号楼D203电力电池机房,2#UPS蓄电池组1,未知组,38节电池电压,0.7580398162327718,0.8347295708381056,0.0010288065843589646,0.7401528512616778,0.8337007642537466,0.7391240446773188,0.8865579539828752,0.1494949494949495,0.3630573248407643,0.017241379310344827,0.8158142269228202,0.2214138741909687,discharge_like,放电型异常,存在内部谷底，且谷底后有持续回升，形态接近放电曲线,/mnt/nvme/projects/battery/output_ups_型号1/plots/单体XX电压/单体XX电压__2-D203电池室（2、4、6、12#UPS）.xlsx__Sheet1__咸阳秦都西咸数据中心2号楼D203电力电池机房__2#UPS蓄电池组1__未知组__38节电池电压.png,/mnt/nvme/projects/battery/output_ups_型号1/plots_三分类/单体XX电压/放电型异常/单体XX电压__2-D203电池室（2、4、6、12#UPS）.xlsx__Sheet1__咸阳秦都西咸数据中心2号楼D203电力电池机房__2#UPS蓄电池组1__未知组__38节电池电压.png
单体XX电压__2-D203电池室（2、4、6、12#UPS）.xlsx__Sheet1__咸阳秦都西咸数据中心2号楼D203电力电池机房__2#UPS蓄电池组1__未知组__39节电池电压.png,2-D203电池室（2、4、6、12#UPS）.xlsx,Sheet1,咸阳秦都西咸数据中心2号楼D203电力电池机房,2#UPS蓄电池组1,未知组,39节电池电压,0.24042879019908117,0.8894084638736377,0.005299664874115612,0.8199672667730933,0.8841087989995221,0.8146676018989777,0.921456275403455,0.46496815286624205,0.13333333333333333,0.016574585635359115,0.8495674538199922,0.15150806640118775,discharge_like,放电型异常,存在内部谷底，且谷底后有持续回升，形态接近放电曲线,/mnt/nvme/projects/battery/output_ups_型号1/plots/单体XX电压/单体XX电压__2-D203电池室（2、4、6、12#UPS）.xlsx__Sheet1__咸阳秦都西咸数据中心2号楼D203电力电池机房__2#UPS蓄电池组1__未知组__39节电池电压.png,/mnt/nvme/projects/battery/output_ups_型号1/plots_三分类/单体XX电压/放电型异常/单体XX电压__2-D203电池室（2、4、6、12#UPS）.xlsx__Sheet1__咸阳秦都西咸数据中心2号楼D203电力电池机房__2#UPS蓄电池组1__未知组__39节电池电压.png
单体XX电压__2-D203电池室（2、4、6、12#UPS）.xlsx__Sheet1__咸阳秦都西咸数据中心2号楼D203电力电池机房__2#UPS蓄电池组1__未知组__41节电池电压.png,2-D203电池室（2、4、6、12#UPS）.xlsx,Sheet1,咸阳秦都西咸数据中心2号楼D203电力电池机房,2#UPS蓄电池组1,未知组,41节电池电压,0.2542113323124043,0.8298360887357035,0.003320616080250145,0.7354104846664627,0.8265154726554533,0.7320898685862126,0.8857545828493423,0.46987951807228917,0.12551440329218108,0.016483516483516484,0.7980217606306688,0.22502472799141926,discharge_like,放电型异常,存在内部谷底，且谷底后有持续回升，形态接近放电曲线,/mnt/nvme/projects/battery/output_ups_型号1/plots/单体XX电压/单体XX电压__2-D203电池室（2、4、6、12#UPS）.xlsx__Sheet1__咸阳秦都西咸数据中心2号楼D203电力电池机房__2#UPS蓄电池组1__未知组__41节电池电压.png,/mnt/nvme/projects/battery/output_ups_型号1/plots_三分类/单体XX电压/放电型异常/单体XX电压__2-D203电池室（2、4、6、12#UPS）.xlsx__Sheet1__咸阳秦都西咸数据中心2号楼D203电力电池机房__2#UPS蓄电池组1__未知组__41节电池电压.png
单体XX电压__2-D203电池室（2、4、6、12#UPS）.xlsx__Sheet1__咸阳秦都西咸数据中心2号楼D203电力电池机房__2#UPS蓄电池组1__未知组__44节电池电压.png,2-D203电池室（2、4、6、12#UPS）.xlsx,Sheet1,咸阳秦都西咸数据中心2号楼D203电力电池机房,2#UPS蓄电池组1,未知组,44节电池电压,0.23583460949464014,0.8489549665994645,0.004093945270403509,0.7359764418565746,0.8448610213290609,0.7318824965861711,0.8662756089380979,0.5,0.1144578313253012,0.016666666666666666,0.8118796236418805,0.2273216979092474,discharge_like,放电型异常,存在内部谷底，且谷底后有持续回升，形态接近放电曲线,/mnt/nvme/projects/battery/output_ups_型号1/plots/单体XX电压/单体XX电压__2-D203电池室（2、4、6、12#UPS）.xlsx__Sheet1__咸阳秦都西咸数据中心2号楼D203电力电池机房__2#UPS蓄电池组1__未知组__44节电池电压.png,/mnt/nvme/projects/battery/output_ups_型号1/plots_三分类/单体XX电压/放电型异常/单体XX电压__2-D203电池室（2、4、6、12#UPS）.xlsx__Sheet1__咸阳秦都西咸数据中心2号楼D203电力电池机房__2#UPS蓄电池组1__未知组__44节电池电压.png
单体XX电压__2-D203电池室（2、4、6、12#UPS）.xlsx__Sheet1__咸阳秦都西咸数据中心2号楼D203电力电池机房__2#UPS蓄电池组1__未知组__46节电池电压.png,2-D203电池室（2、4、6、12#UPS）.xlsx,Sheet1,咸阳秦都西咸数据中心2号楼D203电力电池机房,2#UPS蓄电池组1,未知组,46节电池电压,0.2572741194486983,0.8340946843829573,0.004429678848270622,0.7102713178273925,0.8296650055346867,0.7058416389791219,0.8507549835411939,0.44642857142857145,0.12190082644628099,0.01675977653631285,0.8102990033199036,0.2512458471753495,discharge_like,放电型异常,存在内部谷底，且谷底后有持续回升，形态接近放电曲线,/mnt/nvme/projects/battery/output_ups_型号1/plots/单体XX电压/单体XX电压__2-D203电池室（2、4、6、12#UPS）.xlsx__Sheet1__咸阳秦都西咸数据中心2号楼D203电力电池机房__2#UPS蓄电池组1__未知组__46节电池电压.png,/mnt/nvme/projects/battery/output_ups_型号1/plots_三分类/单体XX电压/放电型异常/单体XX电压__2-D203电池室（2、4、6、12#UPS）.xlsx__Sheet1__咸阳秦都西咸数据中心2号楼D203电力电池机房__2#UPS蓄电池组1__未知组__46节电池电压.png
单体XX电压__2-D203电池室（2、4、6、12#UPS）.xlsx__Sheet1__咸阳秦都西咸数据中心2号楼D203电力电池机房__2#UPS蓄电池组1__未知组__5节电池电压.png,2-D203电池室（2、4、6、12#UPS）.xlsx,Sheet1,咸阳秦都西咸数据中心2号楼D203电力电池机房,2#UPS蓄电池组1,未知组,5节电池电压,0.6615620214395099,0.829386131108069,0.0,0.7086017430826224,0.829386131108069,0.7086017430826224,0.8543689310087133,0.1736111111111111,0.2863636363636364,0.016483516483516484,0.8187823670560572,0.25192623468418696,discharge_like,放电型异常,存在内部谷底，且谷底后有持续回升，形态接近放电曲线,/mnt/nvme/projects/battery/output_ups_型号1/plots/单体XX电压/单体XX电压__2-D203电池室（2、4、6、12#UPS）.xlsx__Sheet1__咸阳秦都西咸数据中心2号楼D203电力电池机房__2#UPS蓄电池组1__未知组__5节电池电压.png,/mnt/nvme/projects/battery/output_ups_型号1/plots_三分类/单体XX电压/放电型异常/单体XX电压__2-D203电池室（2、4、6、12#UPS）.xlsx__Sheet1__咸阳秦都西咸数据中心2号楼D203电力电池机房__2#UPS蓄电池组1__未知组__5节电池电压.png
单体XX电压__2-D203电池室（2、4、6、12#UPS）.xlsx__Sheet1__咸阳秦都西咸数据中心2号楼D203电力电池机房__2#UPS蓄电池组1__未知组__6节电池电压.png,2-D203电池室（2、4、6、12#UPS）.xlsx,Sheet1,咸阳秦都西咸数据中心2号楼D203电力电池机房,2#UPS蓄电池组1,未知组,6节电池电压,0.333843797856049,0.8675619998386468,0.0005546311702699236,0.8084145471805759,0.8670073686683769,0.807859916010306,0.9317797567502867,0.3348623853211009,0.1336405529953917,0.01935483870967742,0.8185088344794884,0.15537596069990267,discharge_like,放电型异常,存在内部谷底，且谷底后有持续回升，形态接近放电曲线,/mnt/nvme/projects/battery/output_ups_型号1/plots/单体XX电压/单体XX电压__2-D203电池室（2、4、6、12#UPS）.xlsx__Sheet1__咸阳秦都西咸数据中心2号楼D203电力电池机房__2#UPS蓄电池组1__未知组__6节电池电压.png,/mnt/nvme/projects/battery/output_ups_型号1/plots_三分类/单体XX电压/放电型异常/单体XX电压__2-D203电池室（2、4、6、12#UPS）.xlsx__Sheet1__咸阳秦都西咸数据中心2号楼D203电力电池机房__2#UPS蓄电池组1__未知组__6节电池电压.png
单体XX电压__2-D203电池室（2、4、6、12#UPS）.xlsx__Sheet1__咸阳秦都西咸数据中心2号楼D203电力电池机房__2#UPS蓄电池组1__未知组__82节电池电压.png,2-D203电池室（2、4、6、12#UPS）.xlsx,Sheet1,咸阳秦都西咸数据中心2号楼D203电力电池机房,2#UPS蓄电池组1,未知组,82节电池电压,0.17304747320061256,0.9215797430053887,0.0037037037036919455,0.7571050642455177,0.9178760393016967,0.7534013605418257,0.8208094856623452,0.48672566371681414,0.1038961038961039,0.0234375,0.871972789112878,0.22755102040744113,discharge_like,放电型异常,存在内部谷底，且谷底后有持续回升，形态接近放电曲线,/mnt/nvme/projects/battery/output_ups_型号1/plots/单体XX电压/单体XX电压__2-D203电池室（2、4、6、12#UPS）.xlsx__Sheet1__咸阳秦都西咸数据中心2号楼D203电力电池机房__2#UPS蓄电池组1__未知组__82节电池电压.png,/mnt/nvme/projects/battery/output_ups_型号1/plots_三分类/单体XX电压/放电型异常/单体XX电压__2-D203电池室（2、4、6、12#UPS）.xlsx__Sheet1__咸阳秦都西咸数据中心2号楼D203电力电池机房__2#UPS蓄电池组1__未知组__82节电池电压.png
单体XX电压__2-D203电池室（2、4、6、12#UPS）.xlsx__Sheet1__咸阳秦都西咸数据中心2号楼D203电力电池机房__2#UPS蓄电池组1__未知组__8节电池电压.png,2-D203电池室（2、4、6、12#UPS）.xlsx,Sheet1,咸阳秦都西咸数据中心2号楼D203电力电池机房,2#UPS蓄电池组1,未知组,8节电池电压,0.17304747320061256,0.862918752404297,0.005775895263750315,0.7224361442670809,0.8571428571405467,0.7166602490033306,0.8361036228640185,0.6637168141592921,0.1150278293135436,0.018633540372670808,0.7807983570765764,0.24162495186688804,discharge_like,放电型异常,存在内部谷底，且谷底后有持续回升，形态接近放电曲线,/mnt/nvme/projects/battery/output_ups_型号1/plots/单体XX电压/单体XX电压__2-D203电池室（2、4、6、12#UPS）.xlsx__Sheet1__咸阳秦都西咸数据中心2号楼D203电力电池机房__2#UPS蓄电池组1__未知组__8节电池电压.png,/mnt/nvme/projects/battery/output_ups_型号1/plots_三分类/单体XX电压/放电型异常/单体XX电压__2-D203电池室（2、4、6、12#UPS）.xlsx__Sheet1__咸阳秦都西咸数据中心2号楼D203电力电池机房__2#UPS蓄电池组1__未知组__8节电池电压.png
单体XX电压__2-D203电池室（2、4、6、12#UPS）.xlsx__Sheet1__咸阳秦都西咸数据中心2号楼D203电力电池机房__2#UPS蓄电池组1__未知组__9节电池电压.png,2-D203电池室（2、4、6、12#UPS）.xlsx,Sheet1,咸阳秦都西咸数据中心2号楼D203电力电池机房,2#UPS蓄电池组1,未知组,9节电池电压,0.18989280245022971,0.8541829300002682,0.005594587561785391,0.7067395264097265,0.8485883424384828,0.701144938847941,0.8262486095518345,0.6290322580645161,0.11553030303030302,0.017142857142857144,0.7887587821992503,0.255919854279811,discharge_like,放电型异常,存在内部谷底，且谷底后有持续回升，形态接近放电曲线,/mnt/nvme/projects/battery/output_ups_型号1/plots/单体XX电压/单体XX电压__2-D203电池室（2、4、6、12#UPS）.xlsx__Sheet1__咸阳秦都西咸数据中心2号楼D203电力电池机房__2#UPS蓄电池组1__未知组__9节电池电压.png,/mnt/nvme/projects/battery/output_ups_型号1/plots_三分类/单体XX电压/放电型异常/单体XX电压__2-D203电池室（2、4、6、12#UPS）.xlsx__Sheet1__咸阳秦都西咸数据中心2号楼D203电力电池机房__2#UPS蓄电池组1__未知组__9节电池电压.png
单体XX电压__2-D203电池室（2、4、6、12#UPS）.xlsx__Sheet1__咸阳秦都西咸数据中心2号楼D203电力电池机房__2#UPS蓄电池组2__未知组__103节电池电压.png,2-D203电池室（2、4、6、12#UPS）.xlsx,Sheet1,咸阳秦都西咸数据中心2号楼D203电力电池机房,2#UPS蓄电池组2,未知组,103节电池电压,0.6906584992343032,0.9940753906508365,0.0004443457009539612,0.8371843294056754,0.9936310449498825,0.8367399837047215,0.8421033009338212,0.12195121951219512,0.31343283582089554,0.02127659574468085,0.9472413537702897,0.15985336591818744,discharge_like,放电型异常,存在内部谷底，且谷底后有持续回升，形态接近放电曲线,/mnt/nvme/projects/battery/output_ups_型号1/plots/单体XX电压/单体XX电压__2-D203电池室（2、4、6、12#UPS）.xlsx__Sheet1__咸阳秦都西咸数据中心2号楼D203电力电池机房__2#UPS蓄电池组2__未知组__103节电池电压.png,/mnt/nvme/projects/battery/output_ups_型号1/plots_三分类/单体XX电压/放电型异常/单体XX电压__2-D203电池室（2、4、6、12#UPS）.xlsx__Sheet1__咸阳秦都西咸数据中心2号楼D203电力电池机房__2#UPS蓄电池组2__未知组__103节电池电压.png
单体XX电压__2-D203电池室（2、4、6、12#UPS）.xlsx__Sheet1__咸阳秦都西咸数据中心2号楼D203电力电池机房__2#UPS蓄电池组2__未知组__10节电池电压.png,2-D203电池室（2、4、6、12#UPS）.xlsx,Sheet1,咸阳秦都西咸数据中心2号楼D203电力电池机房,2#UPS蓄电池组2,未知组,10节电池电压,0.24042879019908117,0.9667041128352618,0.004368719965038789,0.5889346564298361,0.9623353928702231,0.5845659364647974,0.6074451175632741,0.21656050955414013,0.10909090909090909,0.011494252873563218,0.9483617300106202,0.4082568807328748,discharge_like,放电型异常,存在内部谷底，且谷底后有持续回升，形态接近放电曲线,/mnt/nvme/projects/battery/output_ups_型号1/plots/单体XX电压/单体XX电压__2-D203电池室（2、4、6、12#UPS）.xlsx__Sheet1__咸阳秦都西咸数据中心2号楼D203电力电池机房__2#UPS蓄电池组2__未知组__10节电池电压.png,/mnt/nvme/projects/battery/output_ups_型号1/plots_三分类/单体XX电压/放电型异常/单体XX电压__2-D203电池室（2、4、6、12#UPS）.xlsx__Sheet1__咸阳秦都西咸数据中心2号楼D203电力电池机房__2#UPS蓄电池组2__未知组__10节电池电压.png
单体XX电压__2-D203电池室（2、4、6、12#UPS）.xlsx__Sheet1__咸阳秦都西咸数据中心2号楼D203电力电池机房__2#UPS蓄电池组2__未知组__123节电池电压.png,2-D203电池室（2、4、6、12#UPS）.xlsx,Sheet1,咸阳秦都西咸数据中心2号楼D203电力电池机房,2#UPS蓄电池组2,未知组,123节电池电压,0.17584097859327216,0.8798736322979692,0.001541069502229564,0.757358606870719,0.8783325627957397,0.7558175373684894,0.8605140792027589,0.48695652173913045,0.11895910780669144,0.018633540372670808,0.8630836800711782,0.22206811527128012,discharge_like,放电型异常,存在内部谷底，且谷底后有持续回升，形态接近放电曲线,/mnt/nvme/projects/battery/output_ups_型号1/plots/单体XX电压/单体XX电压__2-D203电池室（2、4、6、12#UPS）.xlsx__Sheet1__咸阳秦都西咸数据中心2号楼D203电力电池机房__2#UPS蓄电池组2__未知组__123节电池电压.png,/mnt/nvme/projects/battery/output_ups_型号1/plots_三分类/单体XX电压/放电型异常/单体XX电压__2-D203电池室（2、4、6、12#UPS）.xlsx__Sheet1__咸阳秦都西咸数据中心2号楼D203电力电池机房__2#UPS蓄电池组2__未知组__123节电池电压.png
单体XX电压__2-D203电池室（2、4、6、12#UPS）.xlsx__Sheet1__咸阳秦都西咸数据中心2号楼D203电力电池机房__2#UPS蓄电池组2__未知组__126节电池电压.png,2-D203电池室（2、4、6、12#UPS）.xlsx,Sheet1,咸阳秦都西咸数据中心2号楼D203电力电池机房,2#UPS蓄电池组2,未知组,126节电池电压,0.17457886676875958,0.8582383873768591,0.00124160093484866,0.714358749632632,0.8569967864420104,0.7131171486977833,0.8321118108579107,0.4824561403508772,0.11338289962825279,0.0189873417721519,0.8385042360476764,0.2595676307324788,discharge_like,放电型异常,存在内部谷底，且谷底后有持续回升，形态接近放电曲线,/mnt/nvme/projects/battery/output_ups_型号1/plots/单体XX电压/单体XX电压__2-D203电池室（2、4、6、12#UPS）.xlsx__Sheet1__咸阳秦都西咸数据中心2号楼D203电力电池机房__2#UPS蓄电池组2__未知组__126节电池电压.png,/mnt/nvme/projects/battery/output_ups_型号1/plots_三分类/单体XX电压/放电型异常/单体XX电压__2-D203电池室（2、4、6、12#UPS）.xlsx__Sheet1__咸阳秦都西咸数据中心2号楼D203电力电池机房__2#UPS蓄电池组2__未知组__126节电池电压.png
单体XX电压__2-D203电池室（2、4、6、12#UPS）.xlsx__Sheet1__咸阳秦都西咸数据中心2号楼D203电力电池机房__2#UPS蓄电池组2__未知组__12节电池电压.png,2-D203电池室（2、4、6、12#UPS）.xlsx,Sheet1,咸阳秦都西咸数据中心2号楼D203电力电池机房,2#UPS蓄电池组2,未知组,12节电池电压,0.24042879019908117,0.9664531573472701,0.002523291925458982,0.5686141304332375,0.9639298654218111,0.5660908385077785,0.5872738860236331,0.21656050955414013,0.09696969696969697,0.012345679012345678,0.9554994823990598,0.4278273809512181,discharge_like,放电型异常,存在内部谷底，且谷底后有持续回升，形态接近放电曲线,/mnt/nvme/projects/battery/output_ups_型号1/plots/单体XX电压/单体XX电压__2-D203电池室（2、4、6、12#UPS）.xlsx__Sheet1__咸阳秦都西咸数据中心2号楼D203电力电池机房__2#UPS蓄电池组2__未知组__12节电池电压.png,/mnt/nvme/projects/battery/output_ups_型号1/plots_三分类/单体XX电压/放电型异常/单体XX电压__2-D203电池室（2、4、6、12#UPS）.xlsx__Sheet1__咸阳秦都西咸数据中心2号楼D203电力电池机房__2#UPS蓄电池组2__未知组__12节电池电压.png
单体XX电压__2-D203电池室（2、4、6、12#UPS）.xlsx__Sheet1__咸阳秦都西咸数据中心2号楼D203电力电池机房__2#UPS蓄电池组2__未知组__139节电池电压.png,2-D203电池室（2、4、6、12#UPS）.xlsx,Sheet1,咸阳秦都西咸数据中心2号楼D203电力电池机房,2#UPS蓄电池组2,未知组,139节电池电压,0.17304747320061256,0.8903863432134775,0.0017152658662033778,0.784162378499311,0.8886710773472741,0.7824471126331076,0.8804687490092298,0.5132743362831859,0.12430426716141002,0.017964071856287425,0.8638078902200212,0.18749489504142158,discharge_like,放电型异常,存在内部谷底，且谷底后有持续回升，形态接近放电曲线,/mnt/nvme/projects/battery/output_ups_型号1/plots/单体XX电压/单体XX电压__2-D203电池室（2、4、6、12#UPS）.xlsx__Sheet1__咸阳秦都西咸数据中心2号楼D203电力电池机房__2#UPS蓄电池组2__未知组__139节电池电压.png,/mnt/nvme/projects/battery/output_ups_型号1/plots_三分类/单体XX电压/放电型异常/单体XX电压__2-D203电池室（2、4、6、12#UPS）.xlsx__Sheet1__咸阳秦都西咸数据中心2号楼D203电力电池机房__2#UPS蓄电池组2__未知组__139节电池电压.png
单体XX电压__2-D203电池室（2、4、6、12#UPS）.xlsx__Sheet1__咸阳秦都西咸数据中心2号楼D203电力电池机房__2#UPS蓄电池组2__未知组__142节电池电压.png,2-D203电池室（2、4、6、12#UPS）.xlsx,Sheet1,咸阳秦都西咸数据中心2号楼D203电力电池机房,2#UPS蓄电池组2,未知组,142节电池电压,0.18989280245022971,0.886894724159861,0.0012045290291455401,0.7856741347439977,0.8856901951307155,0.7844696057148521,0.8857155799419908,0.47580645161290325,0.12121212121212122,0.00819672131147541,0.8701678310417936,0.1866216975822822,discharge_like,放电型异常,存在内部谷底，且谷底后有持续回升，形态接近放电曲线,/mnt/nvme/projects/battery/output_ups_型号1/plots/单体XX电压/单体XX电压__2-D203电池室（2、4、6、12#UPS）.xlsx__Sheet1__咸阳秦都西咸数据中心2号楼D203电力电池机房__2#UPS蓄电池组2__未知组__142节电池电压.png,/mnt/nvme/projects/battery/output_ups_型号1/plots_三分类/单体XX电压/放电型异常/单体XX电压__2-D203电池室（2、4、6、12#UPS）.xlsx__Sheet1__咸阳秦都西咸数据中心2号楼D203电力电池机房__2#UPS蓄电池组2__未知组__142节电池电压.png
单体XX电压__2-D203电池室（2、4、6、12#UPS）.xlsx__Sheet1__咸阳秦都西咸数据中心2号楼D203电力电池机房__2#UPS蓄电池组2__未知组__155节电池电压.png,2-D203电池室（2、4、6、12#UPS）.xlsx,Sheet1,咸阳秦都西咸数据中心2号楼D203电力电池机房,2#UPS蓄电池组2,未知组,155节电池电压,0.20673813169984687,0.8543179983831622,0.0010272213662012517,0.6826986572728245,0.853290777016961,0.6816714359066233,0.7988735533868311,0.4666666666666667,0.11992263056092843,0.0223463687150838,0.8584048719615489,0.28985985765557465,discharge_like,放电型异常,存在内部谷底，且谷底后有持续回升，形态接近放电曲线,/mnt/nvme/projects/battery/output_ups_型号1/plots/单体XX电压/单体XX电压__2-D203电池室（2、4、6、12#UPS）.xlsx__Sheet1__咸阳秦都西咸数据中心2号楼D203电力电池机房__2#UPS蓄电池组2__未知组__155节电池电压.png,/mnt/nvme/projects/battery/output_ups_型号1/plots_三分类/单体XX电压/放电型异常/单体XX电压__2-D203电池室（2、4、6、12#UPS）.xlsx__Sheet1__咸阳秦都西咸数据中心2号楼D203电力电池机房__2#UPS蓄电池组2__未知组__155节电池电压.png
单体XX电压__2-D203电池室（2、4、6、12#UPS）.xlsx__Sheet1__咸阳秦都西咸数据中心2号楼D203电力电池机房__2#UPS蓄电池组2__未知组__192节电池电压.png,2-D203电池室（2、4、6、12#UPS）.xlsx,Sheet1,咸阳秦都西咸数据中心2号楼D203电力电池机房,2#UPS蓄电池组2,未知组,192节电池电压,0.22358346094946402,0.8604831818506844,0.0,0.7667210440431753,0.8604831818506844,0.7667210440431753,0.8910354778847791,0.4452054794520548,0.1225296442687747,0.015706806282722512,0.8812398042385605,0.20974131903916682,discharge_like,放电型异常,存在内部谷底，且谷底后有持续回升，形态接近放电曲线,/mnt/nvme/projects/battery/output_ups_型号1/plots/单体XX电压/单体XX电压__2-D203电池室（2、4、6、12#UPS）.xlsx__Sheet1__咸阳秦都西咸数据中心2号楼D203电力电池机房__2#UPS蓄电池组2__未知组__192节电池电压.png,/mnt/nvme/projects/battery/output_ups_型号1/plots_三分类/单体XX电压/放电型异常/单体XX电压__2-D203电池室（2、4、6、12#UPS）.xlsx__Sheet1__咸阳秦都西咸数据中心2号楼D203电力电池机房__2#UPS蓄电池组2__未知组__192节电池电压.png
单体XX电压__2-D203电池室（2、4、6、12#UPS）.xlsx__Sheet1__咸阳秦都西咸数据中心2号楼D203电力电池机房__2#UPS蓄电池组2__未知组__193节电池电压.png,2-D203电池室（2、4、6、12#UPS）.xlsx,Sheet1,咸阳秦都西咸数据中心2号楼D203电力电池机房,2#UPS蓄电池组2,未知组,193节电池电压,0.22358346094946402,0.865259740256931,0.0013914656771754448,0.7168367346915501,0.8638682745797556,0.7154452690143747,0.8281879185043902,0.4794520547945205,0.12055335968379446,0.016304347826086956,0.8798701298672732,0.25888991960336494,discharge_like,放电型异常,存在内部谷底，且谷底后有持续回升，形态接近放电曲线,/mnt/nvme/projects/battery/output_ups_型号1/plots/单体XX电压/单体XX电压__2-D203电池室（2、4、6、12#UPS）.xlsx__Sheet1__咸阳秦都西咸数据中心2号楼D203电力电池机房__2#UPS蓄电池组2__未知组__193节电池电压.png,/mnt/nvme/projects/battery/output_ups_型号1/plots_三分类/单体XX电压/放电型异常/单体XX电压__2-D203电池室（2、4、6、12#UPS）.xlsx__Sheet1__咸阳秦都西咸数据中心2号楼D203电力电池机房__2#UPS蓄电池组2__未知组__193节电池电压.png
单体XX电压__2-D203电池室（2、4、6、12#UPS）.xlsx__Sheet1__咸阳秦都西咸数据中心2号楼D203电力电池机房__2#UPS蓄电池组2__未知组__194节电池电压.png,2-D203电池室（2、4、6、12#UPS）.xlsx,Sheet1,咸阳秦都西咸数据中心2号楼D203电力电池机房,2#UPS蓄电池组2,未知组,194节电池电压,0.22358346094946402,0.8603982133366541,0.0,0.7282913165242948,0.8603982133366541,0.7282913165242948,0.8464584240052027,0.4931506849315068,0.1225296442687747,0.02097902097902098,0.8800817624319056,0.24770989476793093,discharge_like,放电型异常,存在内部谷底，且谷底后有持续回升，形态接近放电曲线,/mnt/nvme/projects/battery/output_ups_型号1/plots/单体XX电压/单体XX电压__2-D203电池室（2、4、6、12#UPS）.xlsx__Sheet1__咸阳秦都西咸数据中心2号楼D203电力电池机房__2#UPS蓄电池组2__未知组__194节电池电压.png,/mnt/nvme/projects/battery/output_ups_型号1/plots_三分类/单体XX电压/放电型异常/单体XX电压__2-D203电池室（2、4、6、12#UPS）.xlsx__Sheet1__咸阳秦都西咸数据中心2号楼D203电力电池机房__2#UPS蓄电池组2__未知组__194节电池电压.png
单体XX电压__2-D203电池室（2、4、6、12#UPS）.xlsx__Sheet1__咸阳秦都西咸数据中心2号楼D203电力电池机房__2#UPS蓄电池组2__未知组__204节电池电压.png,2-D203电池室（2、4、6、12#UPS）.xlsx,Sheet1,咸阳秦都西咸数据中心2号楼D203电力电池机房,2#UPS蓄电池组2,未知组,204节电池电压,0.22052067381316998,0.8843106862966381,0.004047188495636789,0.7687935933839416,0.8802634978010013,0.7647464048883048,0.8687698693970144,0.4791666666666667,0.12401574803149606,0.022222222222222223,0.8640833548578066,0.20347885989765357,discharge_like,放电型异常,存在内部谷底，且谷底后有持续回升，形态接近放电曲线,/mnt/nvme/projects/battery/output_ups_型号1/plots/单体XX电压/单体XX电压__2-D203电池室（2、4、6、12#UPS）.xlsx__Sheet1__咸阳秦都西咸数据中心2号楼D203电力电池机房__2#UPS蓄电池组2__未知组__204节电池电压.png,/mnt/nvme/projects/battery/output_ups_型号1/plots_三分类/单体XX电压/放电型异常/单体XX电压__2-D203电池室（2、4、6、12#UPS）.xlsx__Sheet1__咸阳秦都西咸数据中心2号楼D203电力电池机房__2#UPS蓄电池组2__未知组__204节电池电压.png
单体XX电压__2-D203电池室（2、4、6、12#UPS）.xlsx__Sheet1__咸阳秦都西咸数据中心2号楼D203电力电池机房__2#UPS蓄电池组2__未知组__211节电池电压.png,2-D203电池室（2、4、6、12#UPS）.xlsx,Sheet1,咸阳秦都西咸数据中心2号楼D203电力电池机房,2#UPS蓄电池组2,未知组,211节电池电压,0.22358346094946402,0.8888888888858343,0.0010636557028273054,0.7615774832243506,0.887825233183007,0.7605138275215233,0.8566030770924888,0.541095890410959,0.116600790513834,0.015789473684210527,0.8942726231355296,0.2143675339544262,discharge_like,放电型异常,存在内部谷底，且谷底后有持续回升，形态接近放电曲线,/mnt/nvme/projects/battery/output_ups_型号1/plots/单体XX电压/单体XX电压__2-D203电池室（2、4、6、12#UPS）.xlsx__Sheet1__咸阳秦都西咸数据中心2号楼D203电力电池机房__2#UPS蓄电池组2__未知组__211节电池电压.png,/mnt/nvme/projects/battery/output_ups_型号1/plots_三分类/单体XX电压/放电型异常/单体XX电压__2-D203电池室（2、4、6、12#UPS）.xlsx__Sheet1__咸阳秦都西咸数据中心2号楼D203电力电池机房__2#UPS蓄电池组2__未知组__211节电池电压.png
单体XX电压__2-D203电池室（2、4、6、12#UPS）.xlsx__Sheet1__咸阳秦都西咸数据中心2号楼D203电力电池机房__2#UPS蓄电池组2__未知组__213节电池电压.png,2-D203电池室（2、4、6、12#UPS）.xlsx,Sheet1,咸阳秦都西咸数据中心2号楼D203电力电池机房,2#UPS蓄电池组2,未知组,213节电池电压,0.776416539050536,0.9349629961845505,0.002466920834260027,0.7420198848746979,0.9324960753502904,0.7395529640404379,0.7930896255724579,0.15581854043392504,0.4,0.01764705882352941,0.9326904388099595,0.24714061448677727,discharge_like,放电型异常,存在内部谷底，且谷底后有持续回升，形态接近放电曲线,/mnt/nvme/projects/battery/output_ups_型号1/plots/单体XX电压/单体XX电压__2-D203电池室（2、4、6、12#UPS）.xlsx__Sheet1__咸阳秦都西咸数据中心2号楼D203电力电池机房__2#UPS蓄电池组2__未知组__213节电池电压.png,/mnt/nvme/projects/battery/output_ups_型号1/plots_三分类/单体XX电压/放电型异常/单体XX电压__2-D203电池室（2、4、6、12#UPS）.xlsx__Sheet1__咸阳秦都西咸数据中心2号楼D203电力电池机房__2#UPS蓄电池组2__未知组__213节电池电压.png
单体XX电压__2-D203电池室（2、4、6、12#UPS）.xlsx__Sheet1__咸阳秦都西咸数据中心2号楼D203电力电池机房__2#UPS蓄电池组2__未知组__219节电池电压.png,2-D203电池室（2、4、6、12#UPS）.xlsx,Sheet1,咸阳秦都西咸数据中心2号楼D203电力电池机房,2#UPS蓄电池组2,未知组,219节电池电压,0.2572741194486983,0.9552964042724515,0.0017669405424441905,0.6901669758787006,0.9535294637300074,0.6884000353362564,0.7219494108985688,0.44642857142857145,0.13016528925619836,0.016042780748663103,0.9186677268275835,0.294725682479691,discharge_like,放电型异常,存在内部谷底，且谷底后有持续回升，形态接近放电曲线,/mnt/nvme/projects/battery/output_ups_型号1/plots/单体XX电压/单体XX电压__2-D203电池室（2、4、6、12#UPS）.xlsx__Sheet1__咸阳秦都西咸数据中心2号楼D203电力电池机房__2#UPS蓄电池组2__未知组__219节电池电压.png,/mnt/nvme/projects/battery/output_ups_型号1/plots_三分类/单体XX电压/放电型异常/单体XX电压__2-D203电池室（2、4、6、12#UPS）.xlsx__Sheet1__咸阳秦都西咸数据中心2号楼D203电力电池机房__2#UPS蓄电池组2__未知组__219节电池电压.png
单体XX电压__2-D203电池室（2、4、6、12#UPS）.xlsx__Sheet1__咸阳秦都西咸数据中心2号楼D203电力电池机房__2#UPS蓄电池组2__未知组__221节电池电压.png,2-D203电池室（2、4、6、12#UPS）.xlsx,Sheet1,咸阳秦都西咸数据中心2号楼D203电力电池机房,2#UPS蓄电池组2,未知组,221节电池电压,0.774885145482389,0.8777724779364919,0.0007949757532368718,0.7499403768160031,0.8769775021832551,0.7491454010627663,0.854235597086033,0.13636363636363635,0.4315068493150685,0.02,0.892884967005525,0.2325701566094468,discharge_like,放电型异常,存在内部谷底，且谷底后有持续回升，形态接近放电曲线,/mnt/nvme/projects/battery/output_ups_型号1/plots/单体XX电压/单体XX电压__2-D203电池室（2、4、6、12#UPS）.xlsx__Sheet1__咸阳秦都西咸数据中心2号楼D203电力电池机房__2#UPS蓄电池组2__未知组__221节电池电压.png,/mnt/nvme/projects/battery/output_ups_型号1/plots_三分类/单体XX电压/放电型异常/单体XX电压__2-D203电池室（2、4、6、12#UPS）.xlsx__Sheet1__咸阳秦都西咸数据中心2号楼D203电力电池机房__2#UPS蓄电池组2__未知组__221节电池电压.png
单体XX电压__2-D203电池室（2、4、6、12#UPS）.xlsx__Sheet1__咸阳秦都西咸数据中心2号楼D203电力电池机房__2#UPS蓄电池组2__未知组__222节电池电压.png,2-D203电池室（2、4、6、12#UPS）.xlsx,Sheet1,咸阳秦都西咸数据中心2号楼D203电力电池机房,2#UPS蓄电池组2,未知组,222节电池电压,0.7580398162327718,0.8821809862703736,0.002796136248083593,0.7742755465147841,0.8793848500222899,0.7714794102667005,0.8772944057085488,0.14747474747474748,0.35668789808917195,0.016574585635359115,0.874800881203462,0.19683104558479336,discharge_like,放电型异常,存在内部谷底，且谷底后有持续回升，形态接近放电曲线,/mnt/nvme/projects/battery/output_ups_型号1/plots/单体XX电压/单体XX电压__2-D203电池室（2、4、6、12#UPS）.xlsx__Sheet1__咸阳秦都西咸数据中心2号楼D203电力电池机房__2#UPS蓄电池组2__未知组__222节电池电压.png,/mnt/nvme/projects/battery/output_ups_型号1/plots_三分类/单体XX电压/放电型异常/单体XX电压__2-D203电池室（2、4、6、12#UPS）.xlsx__Sheet1__咸阳秦都西咸数据中心2号楼D203电力电池机房__2#UPS蓄电池组2__未知组__222节电池电压.png
单体XX电压__2-D203电池室（2、4、6、12#UPS）.xlsx__Sheet1__咸阳秦都西咸数据中心2号楼D203电力电池机房__2#UPS蓄电池组2__未知组__227节电池电压.png,2-D203电池室（2、4、6、12#UPS）.xlsx,Sheet1,咸阳秦都西咸数据中心2号楼D203电力电池机房,2#UPS蓄电池组2,未知组,227节电池电压,0.7580398162327718,0.875065893512849,0.0013178703215554954,0.7865489369150382,0.8737480231912935,0.7852310665934827,0.8986928094289672,0.14747474747474748,0.39490445859872614,0.016042780748663103,0.8708838516924463,0.18322790370693243,discharge_like,放电型异常,存在内部谷底，且谷底后有持续回升，形态接近放电曲线,/mnt/nvme/projects/battery/output_ups_型号1/plots/单体XX电压/单体XX电压__2-D203电池室（2、4、6、12#UPS）.xlsx__Sheet1__咸阳秦都西咸数据中心2号楼D203电力电池机房__2#UPS蓄电池组2__未知组__227节电池电压.png,/mnt/nvme/projects/battery/output_ups_型号1/plots_三分类/单体XX电压/放电型异常/单体XX电压__2-D203电池室（2、4、6、12#UPS）.xlsx__Sheet1__咸阳秦都西咸数据中心2号楼D203电力电池机房__2#UPS蓄电池组2__未知组__227节电池电压.png
单体XX电压__2-D203电池室（2、4、6、12#UPS）.xlsx__Sheet1__咸阳秦都西咸数据中心2号楼D203电力电池机房__2#UPS蓄电池组2__未知组__23节电池电压.png,2-D203电池室（2、4、6、12#UPS）.xlsx,Sheet1,咸阳秦都西咸数据中心2号楼D203电力电池机房,2#UPS蓄电池组2,未知组,23节电池电压,0.24042879019908117,0.8684741719390334,0.0011010184420546614,0.7389210019239347,0.8673731534969787,0.73781998348188,0.8506373291086795,0.4840764331210191,0.24646464646464647,0.01195219123505976,0.8641893751687039,0.22951646939997805,discharge_like,放电型异常,存在内部谷底，且谷底后有持续回升，形态接近放电曲线,/mnt/nvme/projects/battery/output_ups_型号1/plots/单体XX电压/单体XX电压__2-D203电池室（2、4、6、12#UPS）.xlsx__Sheet1__咸阳秦都西咸数据中心2号楼D203电力电池机房__2#UPS蓄电池组2__未知组__23节电池电压.png,/mnt/nvme/projects/battery/output_ups_型号1/plots_三分类/单体XX电压/放电型异常/单体XX电压__2-D203电池室（2、4、6、12#UPS）.xlsx__Sheet1__咸阳秦都西咸数据中心2号楼D203电力电池机房__2#UPS蓄电池组2__未知组__23节电池电压.png
单体XX电压__2-D203电池室（2、4、6、12#UPS）.xlsx__Sheet1__咸阳秦都西咸数据中心2号楼D203电力电池机房__2#UPS蓄电池组2__未知组__36节电池电压.png,2-D203电池室（2、4、6、12#UPS）.xlsx,Sheet1,咸阳秦都西咸数据中心2号楼D203电力电池机房,2#UPS蓄电池组2,未知组,36节电池电压,0.27411944869831545,0.8459808165660359,0.0,0.6854681266421536,0.8459808165660359,0.6854681266421536,0.8102643847342876,0.48044692737430167,0.21775898520084566,0.016260162601626018,0.8689924454599359,0.28108819285189657,discharge_like,放电型异常,存在内部谷底，且谷底后有持续回升，形态接近放电曲线,/mnt/nvme/projects/battery/output_ups_型号1/plots/单体XX电压/单体XX电压__2-D203电池室（2、4、6、12#UPS）.xlsx__Sheet1__咸阳秦都西咸数据中心2号楼D203电力电池机房__2#UPS蓄电池组2__未知组__36节电池电压.png,/mnt/nvme/projects/battery/output_ups_型号1/plots_三分类/单体XX电压/放电型异常/单体XX电压__2-D203电池室（2、4、6、12#UPS）.xlsx__Sheet1__咸阳秦都西咸数据中心2号楼D203电力电池机房__2#UPS蓄电池组2__未知组__36节电池电压.png
单体XX电压__2-D203电池室（2、4、6、12#UPS）.xlsx__Sheet1__咸阳秦都西咸数据中心2号楼D203电力电池机房__2#UPS蓄电池组2__未知组__64节电池电压.png,2-D203电池室（2、4、6、12#UPS）.xlsx,Sheet1,咸阳秦都西咸数据中心2号楼D203电力电池机房,2#UPS蓄电池组2,未知组,64节电池电压,0.40428790199081166,0.9117390545928578,0.0008721437292833916,0.9010116867226722,0.9108669108635744,0.9001395429933888,0.9882229020173342,0.25757575757575757,0.16752577319587628,0.020134228187919462,0.8856096284635274,0.07186464329295128,discharge_like,放电型异常,存在内部谷底，且谷底后有持续回升，形态接近放电曲线,/mnt/nvme/projects/battery/output_ups_型号1/plots/单体XX电压/单体XX电压__2-D203电池室（2、4、6、12#UPS）.xlsx__Sheet1__咸阳秦都西咸数据中心2号楼D203电力电池机房__2#UPS蓄电池组2__未知组__64节电池电压.png,/mnt/nvme/projects/battery/output_ups_型号1/plots_三分类/单体XX电压/放电型异常/单体XX电压__2-D203电池室（2、4、6、12#UPS）.xlsx__Sheet1__咸阳秦都西咸数据中心2号楼D203电力电池机房__2#UPS蓄电池组2__未知组__64节电池电压.png
单体XX电压__2-D203电池室（2、4、6、12#UPS）.xlsx__Sheet1__咸阳秦都西咸数据中心2号楼D203电力电池机房__2#UPS蓄电池组2__未知组__85节电池电压.png,2-D203电池室（2、4、6、12#UPS）.xlsx,Sheet1,咸阳秦都西咸数据中心2号楼D203电力电池机房,2#UPS蓄电池组2,未知组,85节电池电压,0.17151607963246554,0.9761242466361351,0.004106232200796579,0.7533611497429205,0.9720180144353385,0.7492549175421239,0.7708241057719023,0.35714285714285715,0.10555555555555556,0.010416666666666666,0.9422478309795632,0.24134048612423764,discharge_like,放电型异常,存在内部谷底，且谷底后有持续回升，形态接近放电曲线,/mnt/nvme/projects/battery/output_ups_型号1/plots/单体XX电压/单体XX电压__2-D203电池室（2、4、6、12#UPS）.xlsx__Sheet1__咸阳秦都西咸数据中心2号楼D203电力电池机房__2#UPS蓄电池组2__未知组__85节电池电压.png,/mnt/nvme/projects/battery/output_ups_型号1/plots_三分类/单体XX电压/放电型异常/单体XX电压__2-D203电池室（2、4、6、12#UPS）.xlsx__Sheet1__咸阳秦都西咸数据中心2号楼D203电力电池机房__2#UPS蓄电池组2__未知组__85节电池电压.png
单体XX电压__2-D203电池室（2、4、6、12#UPS）.xlsx__Sheet1__咸阳秦都西咸数据中心2号楼D203电力电池机房__2#UPS蓄电池组2__未知组__88节电池电压.png,2-D203电池室（2、4、6、12#UPS）.xlsx,Sheet1,咸阳秦都西咸数据中心2号楼D203电力电池机房,2#UPS蓄电池组2,未知组,88节电池电压,0.1562021439509954,0.9814923237027566,0.003382773874567911,0.7213114754078651,0.9781095498281888,0.7179287015332972,0.733996208221676,0.3333333333333333,0.10727272727272727,0.010869565217391304,0.9516913869346882,0.27504553733986814,discharge_like,放电型异常,存在内部谷底，且谷底后有持续回升，形态接近放电曲线,/mnt/nvme/projects/battery/output_ups_型号1/plots/单体XX电压/单体XX电压__2-D203电池室（2、4、6、12#UPS）.xlsx__Sheet1__咸阳秦都西咸数据中心2号楼D203电力电池机房__2#UPS蓄电池组2__未知组__88节电池电压.png,/mnt/nvme/projects/battery/output_ups_型号1/plots_三分类/单体XX电压/放电型异常/单体XX电压__2-D203电池室（2、4、6、12#UPS）.xlsx__Sheet1__咸阳秦都西咸数据中心2号楼D203电力电池机房__2#UPS蓄电池组2__未知组__88节电池电压.png
单体XX电压__2-D203电池室（2、4、6、12#UPS）.xlsx__Sheet1__咸阳秦都西咸数据中心2号楼D203电力电池机房__2#UPS蓄电池组2__未知组__90节电池电压.png,2-D203电池室（2、4、6、12#UPS）.xlsx,Sheet1,咸阳秦都西咸数据中心2号楼D203电力电池机房,2#UPS蓄电池组2,未知组,90节电池电压,0.16998468606431852,0.9797782126522405,0.0022178734507440866,0.677527723416278,0.9775603392014964,0.6753098499655339,0.6908114232890604,0.35135135135135137,0.10720887245841035,0.010416666666666666,0.9522243966053496,0.3184931506840588,discharge_like,放电型异常,存在内部谷底，且谷底后有持续回升，形态接近放电曲线,/mnt/nvme/projects/battery/output_ups_型号1/plots/单体XX电压/单体XX电压__2-D203电池室（2、4、6、12#UPS）.xlsx__Sheet1__咸阳秦都西咸数据中心2号楼D203电力电池机房__2#UPS蓄电池组2__未知组__90节电池电压.png,/mnt/nvme/projects/battery/output_ups_型号1/plots_三分类/单体XX电压/放电型异常/单体XX电压__2-D203电池室（2、4、6、12#UPS）.xlsx__Sheet1__咸阳秦都西咸数据中心2号楼D203电力电池机房__2#UPS蓄电池组2__未知组__90节电池电压.png
单体XX电压__2-D203电池室（2、4、6、12#UPS）.xlsx__Sheet1__咸阳秦都西咸数据中心2号楼D203电力电池机房__2#UPS蓄电池组2__未知组__9节电池电压.png,2-D203电池室（2、4、6、12#UPS）.xlsx,Sheet1,咸阳秦都西咸数据中心2号楼D203电力电池机房,2#UPS蓄电池组2,未知组,9节电池电压,0.24042879019908117,0.9759540695683223,0.0031746031745941683,0.6271529888533375,0.9727794663937281,0.6239783856787433,0.6414386884115748,0.21656050955414013,0.09898989898989899,0.012195121951219513,0.9545558932765896,0.37001013171120944,discharge_like,放电型异常,存在内部谷底，且谷底后有持续回升，形态接近放电曲线,/mnt/nvme/projects/battery/output_ups_型号1/plots/单体XX电压/单体XX电压__2-D203电池室（2、4、6、12#UPS）.xlsx__Sheet1__咸阳秦都西咸数据中心2号楼D203电力电池机房__2#UPS蓄电池组2__未知组__9节电池电压.png,/mnt/nvme/projects/battery/output_ups_型号1/plots_三分类/单体XX电压/放电型异常/单体XX电压__2-D203电池室（2、4、6、12#UPS）.xlsx__Sheet1__咸阳秦都西咸数据中心2号楼D203电力电池机房__2#UPS蓄电池组2__未知组__9节电池电压.png
单体XX电压__2-D203电池室（2、4、6、12#UPS）.xlsx__Sheet1__咸阳秦都西咸数据中心2号楼D203电力电池机房__4#UPS蓄电池组2__未知组__107节电池电压.png,2-D203电池室（2、4、6、12#UPS）.xlsx,Sheet1,咸阳秦都西咸数据中心2号楼D203电力电池机房,4#UPS蓄电池组2,未知组,107节电池电压,0.4211332312404288,0.9504749406299262,0.003749531308576586,0.6968503936989583,0.9467254093213496,0.6931008623903817,0.7321033689748758,0.18181818181818182,0.14323607427055704,0.024390243902439025,0.8846644169455595,0.29333833270764154,discharge_like,放电型异常,存在内部谷底，且谷底后有持续回升，形态接近放电曲线,/mnt/nvme/projects/battery/output_ups_型号1/plots/单体XX电压/单体XX电压__2-D203电池室（2、4、6、12#UPS）.xlsx__Sheet1__咸阳秦都西咸数据中心2号楼D203电力电池机房__4#UPS蓄电池组2__未知组__107节电池电压.png,/mnt/nvme/projects/battery/output_ups_型号1/plots_三分类/单体XX电压/放电型异常/单体XX电压__2-D203电池室（2、4、6、12#UPS）.xlsx__Sheet1__咸阳秦都西咸数据中心2号楼D203电力电池机房__4#UPS蓄电池组2__未知组__107节电池电压.png
单体XX电压__2-D203电池室（2、4、6、12#UPS）.xlsx__Sheet1__咸阳秦都西咸数据中心2号楼D203电力电池机房__6#UPS蓄电池组2__未知组__13节电池电压.png,2-D203电池室（2、4、6、12#UPS）.xlsx,Sheet1,咸阳秦都西咸数据中心2号楼D203电力电池机房,6#UPS蓄电池组2,未知组,13节电池电压,0.840625,0.8745492975235155,0.0034812880765792485,0.6501305483011746,0.8710680094469363,0.6466492602245953,0.7423636874149541,0.17472118959107807,0.900990099009901,0.021367521367521368,0.8363732438123133,0.312134775580436,discharge_like,放电型异常,存在内部谷底，且谷底后有持续回升，形态接近放电曲线,/mnt/nvme/projects/battery/output_ups_型号1/plots/单体XX电压/单体XX电压__2-D203电池室（2、4、6、12#UPS）.xlsx__Sheet1__咸阳秦都西咸数据中心2号楼D203电力电池机房__6#UPS蓄电池组2__未知组__13节电池电压.png,/mnt/nvme/projects/battery/output_ups_型号1/plots_三分类/单体XX电压/放电型异常/单体XX电压__2-D203电池室（2、4、6、12#UPS）.xlsx__Sheet1__咸阳秦都西咸数据中心2号楼D203电力电池机房__6#UPS蓄电池组2__未知组__13节电池电压.png
单体XX电压__2-D203电池室（2、4、6、12#UPS）.xlsx__Sheet1__咸阳秦都西咸数据中心2号楼D203电力电池机房__6#UPS蓄电池组2__未知组__1节电池电压.png,2-D203电池室（2、4、6、12#UPS）.xlsx,Sheet1,咸阳秦都西咸数据中心2号楼D203电力电池机房,6#UPS蓄电池组2,未知组,1节电池电压,0.559375,0.8624273383808219,0.0007633139569002374,0.6464682050362779,0.8616640244239216,0.6457048910793777,0.7493696754505953,0.27932960893854747,0.3167259786476868,0.02092050209205021,0.8396336092986164,0.31295872232909727,discharge_like,放电型异常,存在内部谷底，且谷底后有持续回升，形态接近放电曲线,/mnt/nvme/projects/battery/output_ups_型号1/plots/单体XX电压/单体XX电压__2-D203电池室（2、4、6、12#UPS）.xlsx__Sheet1__咸阳秦都西咸数据中心2号楼D203电力电池机房__6#UPS蓄电池组2__未知组__1节电池电压.png,/mnt/nvme/projects/battery/output_ups_型号1/plots_三分类/单体XX电压/放电型异常/单体XX电压__2-D203电池室（2、4、6、12#UPS）.xlsx__Sheet1__咸阳秦都西咸数据中心2号楼D203电力电池机房__6#UPS蓄电池组2__未知组__1节电池电压.png
单体XX电压__2-D203电池室（2、4、6、12#UPS）.xlsx__Sheet1__咸阳秦都西咸数据中心2号楼D203电力电池机房__6#UPS蓄电池组2__未知组__6节电池电压.png,2-D203电池室（2、4、6、12#UPS）.xlsx,Sheet1,咸阳秦都西咸数据中心2号楼D203电力电池机房,6#UPS蓄电池组2,未知组,6节电池电压,0.5609375,0.8562488825295927,0.0010131712259346473,0.6153525239867785,0.855235711303658,0.6143393527608438,0.7183275252924868,0.2590529247910863,0.29285714285714287,0.022321428571428572,0.8292270099508418,0.3429882591325819,discharge_like,放电型异常,存在内部谷底，且谷底后有持续回升，形态接近放电曲线,/mnt/nvme/projects/battery/output_ups_型号1/plots/单体XX电压/单体XX电压__2-D203电池室（2、4、6、12#UPS）.xlsx__Sheet1__咸阳秦都西咸数据中心2号楼D203电力电池机房__6#UPS蓄电池组2__未知组__6节电池电压.png,/mnt/nvme/projects/battery/output_ups_型号1/plots_三分类/单体XX电压/放电型异常/单体XX电压__2-D203电池室（2、4、6、12#UPS）.xlsx__Sheet1__咸阳秦都西咸数据中心2号楼D203电力电池机房__6#UPS蓄电池组2__未知组__6节电池电压.png
单体XX电压__2-D203（1、3、5、11#UPS）.xlsx__Sheet1__咸阳秦都西咸数据中心2号楼D203电力电池机房__1#UPS蓄电池组1__未知组__123节电池电压.png,2-D203（1、3、5、11#UPS）.xlsx,Sheet1,咸阳秦都西咸数据中心2号楼D203电力电池机房,1#UPS蓄电池组1,未知组,123节电池电压,0.13782542113323124,0.8343492063469813,0.001396825396821672,0.5191111111097269,0.8329523809501597,0.5177142857129052,0.6215412752657007,0.7,0.099644128113879,0.00847457627118644,0.5336634920620691,0.4693968253955736,discharge_like,放电型异常,存在内部谷底，且谷底后有持续回升，形态接近放电曲线,/mnt/nvme/projects/battery/output_ups_型号1/plots/单体XX电压/单体XX电压__2-D203（1、3、5、11#UPS）.xlsx__Sheet1__咸阳秦都西咸数据中心2号楼D203电力电池机房__1#UPS蓄电池组1__未知组__123节电池电压.png,/mnt/nvme/projects/battery/output_ups_型号1/plots_三分类/单体XX电压/放电型异常/单体XX电压__2-D203（1、3、5、11#UPS）.xlsx__Sheet1__咸阳秦都西咸数据中心2号楼D203电力电池机房__1#UPS蓄电池组1__未知组__123节电池电压.png
单体XX电压__2-D203（1、3、5、11#UPS）.xlsx__Sheet1__咸阳秦都西咸数据中心2号楼D203电力电池机房__1#UPS蓄电池组1__未知组__145节电池电压.png,2-D203（1、3、5、11#UPS）.xlsx,Sheet1,咸阳秦都西咸数据中心2号楼D203电力电池机房,1#UPS蓄电池组1,未知组,145节电池电压,0.13782542113323124,0.8323289613591541,0.003072196620576094,0.5602918586775651,0.829256764738578,0.557219662056989,0.6719506973943119,0.6555555555555556,0.09786476868327403,0.008849557522123894,0.5623655913964541,0.40697743116996965,discharge_like,放电型异常,存在内部谷底，且谷底后有持续回升，形态接近放电曲线,/mnt/nvme/projects/battery/output_ups_型号1/plots/单体XX电压/单体XX电压__2-D203（1、3、5、11#UPS）.xlsx__Sheet1__咸阳秦都西咸数据中心2号楼D203电力电池机房__1#UPS蓄电池组1__未知组__145节电池电压.png,/mnt/nvme/projects/battery/output_ups_型号1/plots_三分类/单体XX电压/放电型异常/单体XX电压__2-D203（1、3、5、11#UPS）.xlsx__Sheet1__咸阳秦都西咸数据中心2号楼D203电力电池机房__1#UPS蓄电池组1__未知组__145节电池电压.png
单体XX电压__2-D203（1、3、5、11#UPS）.xlsx__Sheet1__咸阳秦都西咸数据中心2号楼D203电力电池机房__1#UPS蓄电池组1__未知组__178节电池电压.png,2-D203（1、3、5、11#UPS）.xlsx,Sheet1,咸阳秦都西咸数据中心2号楼D203电力电池机房,1#UPS蓄电池组1,未知组,178节电池电压,0.7067082683307332,0.7315005138719832,0.0009421034600856828,0.7927372387775525,0.7305584104118975,0.7917951353174668,1.083821803909179,0.16114790286975716,0.43315508021390375,0.006535947712418301,0.7618191161329225,0.18756423432614977,discharge_like,放电型异常,存在内部谷底，且谷底后有持续回升，形态接近放电曲线,/mnt/nvme/projects/battery/output_ups_型号1/plots/单体XX电压/单体XX电压__2-D203（1、3、5、11#UPS）.xlsx__Sheet1__咸阳秦都西咸数据中心2号楼D203电力电池机房__1#UPS蓄电池组1__未知组__178节电池电压.png,/mnt/nvme/projects/battery/output_ups_型号1/plots_三分类/单体XX电压/放电型异常/单体XX电压__2-D203（1、3、5、11#UPS）.xlsx__Sheet1__咸阳秦都西咸数据中心2号楼D203电力电池机房__1#UPS蓄电池组1__未知组__178节电池电压.png
单体XX电压__2-D203（1、3、5、11#UPS）.xlsx__Sheet1__咸阳秦都西咸数据中心2号楼D203电力电池机房__1#UPS蓄电池组1__未知组__189节电池电压.png,2-D203（1、3、5、11#UPS）.xlsx,Sheet1,咸阳秦都西咸数据中心2号楼D203电力电池机房,1#UPS蓄电池组1,未知组,189节电池电压,0.16875,0.8719023323592919,0.0014577259475181473,0.5643221574329627,0.8704446064117738,0.5628644314854445,0.6466401499793255,0.48148148148148145,0.09981167608286252,0.009615384615384616,0.8420675413000871,0.4045796890174326,discharge_like,放电型异常,存在内部谷底，且谷底后有持续回升，形态接近放电曲线,/mnt/nvme/projects/battery/output_ups_型号1/plots/单体XX电压/单体XX电压__2-D203（1、3、5、11#UPS）.xlsx__Sheet1__咸阳秦都西咸数据中心2号楼D203电力电池机房__1#UPS蓄电池组1__未知组__189节电池电压.png,/mnt/nvme/projects/battery/output_ups_型号1/plots_三分类/单体XX电压/放电型异常/单体XX电压__2-D203（1、3、5、11#UPS）.xlsx__Sheet1__咸阳秦都西咸数据中心2号楼D203电力电池机房__1#UPS蓄电池组1__未知组__189节电池电压.png
单体XX电压__2-D203（1、3、5、11#UPS）.xlsx__Sheet1__咸阳秦都西咸数据中心2号楼D203电力电池机房__1#UPS蓄电池组2__未知组__117节电池电压.png,2-D203（1、3、5、11#UPS）.xlsx,Sheet1,咸阳秦都西咸数据中心2号楼D203电力电池机房,1#UPS蓄电池组2,未知组,117节电池电压,0.5099540581929556,0.9987959294615127,0.00046609182008703677,0.5956653460712329,0.9983298376414257,0.5951992542511458,0.5961949960958004,0.10510510510510511,0.16927899686520376,0.011363636363636364,0.9885341412225963,0.4043346539255044,discharge_like,放电型异常,存在内部谷底，且谷底后有持续回升，形态接近放电曲线,/mnt/nvme/projects/battery/output_ups_型号1/plots/单体XX电压/单体XX电压__2-D203（1、3、5、11#UPS）.xlsx__Sheet1__咸阳秦都西咸数据中心2号楼D203电力电池机房__1#UPS蓄电池组2__未知组__117节电池电压.png,/mnt/nvme/projects/battery/output_ups_型号1/plots_三分类/单体XX电压/放电型异常/单体XX电压__2-D203（1、3、5、11#UPS）.xlsx__Sheet1__咸阳秦都西咸数据中心2号楼D203电力电池机房__1#UPS蓄电池组2__未知组__117节电池电压.png
单体XX电压__2-D203（1、3、5、11#UPS）.xlsx__Sheet1__咸阳秦都西咸数据中心2号楼D203电力电池机房__11#UPS蓄电池组1__未知组__142节电池电压.png,2-D203（1、3、5、11#UPS）.xlsx,Sheet1,咸阳秦都西咸数据中心2号楼D203电力电池机房,11#UPS蓄电池组1,未知组,142节电池电压,0.6753445635528331,0.9985207100562177,0.015074668920778165,0.8565793181152455,0.9834460411354395,0.8415046491944673,0.8556693637886195,0.16326530612244897,0.2985781990521327,0.007462686567164179,0.9083122006172059,0.14292758523485483,discharge_like,放电型异常,存在内部谷底，且谷底后有持续回升，形态接近放电曲线,/mnt/nvme/projects/battery/output_ups_型号1/plots/单体XX电压/单体XX电压__2-D203（1、3、5、11#UPS）.xlsx__Sheet1__咸阳秦都西咸数据中心2号楼D203电力电池机房__11#UPS蓄电池组1__未知组__142节电池电压.png,/mnt/nvme/projects/battery/output_ups_型号1/plots_三分类/单体XX电压/放电型异常/单体XX电压__2-D203（1、3、5、11#UPS）.xlsx__Sheet1__咸阳秦都西咸数据中心2号楼D203电力电池机房__11#UPS蓄电池组1__未知组__142节电池电压.png
单体XX电压__2-D203（1、3、5、11#UPS）.xlsx__Sheet1__咸阳秦都西咸数据中心2号楼D203电力电池机房__11#UPS蓄电池组1__未知组__180节电池电压.png,2-D203（1、3、5、11#UPS）.xlsx,Sheet1,咸阳秦都西咸数据中心2号楼D203电力电池机房,11#UPS蓄电池组1,未知组,180节电池电压,0.8606431852986217,0.9986929489867216,0.011374876360005812,0.7089162074304243,0.9873180726267158,0.6975413310704185,0.7065011263372701,0.07829181494661921,0.7666666666666667,0.008928571428571428,0.9295746785333447,0.2908718383487203,discharge_like,放电型异常,存在内部谷底，且谷底后有持续回升，形态接近放电曲线,/mnt/nvme/projects/battery/output_ups_型号1/plots/单体XX电压/单体XX电压__2-D203（1、3、5、11#UPS）.xlsx__Sheet1__咸阳秦都西咸数据中心2号楼D203电力电池机房__11#UPS蓄电池组1__未知组__180节电池电压.png,/mnt/nvme/projects/battery/output_ups_型号1/plots_三分类/单体XX电压/放电型异常/单体XX电压__2-D203（1、3、5、11#UPS）.xlsx__Sheet1__咸阳秦都西咸数据中心2号楼D203电力电池机房__11#UPS蓄电池组1__未知组__180节电池电压.png
单体XX电压__2-D203（1、3、5、11#UPS）.xlsx__Sheet1__咸阳秦都西咸数据中心2号楼D203电力电池机房__11#UPS蓄电池组2__未知组__117节电池电压.png,2-D203（1、3、5、11#UPS）.xlsx,Sheet1,咸阳秦都西咸数据中心2号楼D203电力电池机房,11#UPS蓄电池组2,未知组,117节电池电压,0.8177641653905053,0.9805919456545931,0.001178346156508665,0.48825119567335507,0.9794135994980844,0.4870728495168464,0.4973106859748973,0.23220973782771537,0.6186440677966102,0.03832752613240418,0.9854994108240527,0.5103625147278411,discharge_like,放电型异常,存在内部谷底，且谷底后有持续回升，形态接近放电曲线,/mnt/nvme/projects/battery/output_ups_型号1/plots/单体XX电压/单体XX电压__2-D203（1、3、5、11#UPS）.xlsx__Sheet1__咸阳秦都西咸数据中心2号楼D203电力电池机房__11#UPS蓄电池组2__未知组__117节电池电压.png,/mnt/nvme/projects/battery/output_ups_型号1/plots_三分类/单体XX电压/放电型异常/单体XX电压__2-D203（1、3、5、11#UPS）.xlsx__Sheet1__咸阳秦都西咸数据中心2号楼D203电力电池机房__11#UPS蓄电池组2__未知组__117节电池电压.png
单体XX电压__2-D203（1、3、5、11#UPS）.xlsx__Sheet1__咸阳秦都西咸数据中心2号楼D203电力电池机房__11#UPS蓄电池组2__未知组__124节电池电压.png,2-D203（1、3、5、11#UPS）.xlsx,Sheet1,咸阳秦都西咸数据中心2号楼D203电力电池机房,11#UPS蓄电池组2,未知组,124节电池电压,0.7580398162327718,0.9969650986312687,0.005274947611805654,0.7991184334103936,0.991690151019463,0.7938434857985879,0.8004954815594537,0.08484848484848485,0.3630573248407643,0.01020408163265306,0.9528289616272838,0.20088156658657164,discharge_like,放电型异常,存在内部谷底，且谷底后有持续回升，形态接近放电曲线,/mnt/nvme/projects/battery/output_ups_型号1/plots/单体XX电压/单体XX电压__2-D203（1、3、5、11#UPS）.xlsx__Sheet1__咸阳秦都西咸数据中心2号楼D203电力电池机房__11#UPS蓄电池组2__未知组__124节电池电压.png,/mnt/nvme/projects/battery/output_ups_型号1/plots_三分类/单体XX电压/放电型异常/单体XX电压__2-D203（1、3、5、11#UPS）.xlsx__Sheet1__咸阳秦都西咸数据中心2号楼D203电力电池机房__11#UPS蓄电池组2__未知组__124节电池电压.png
单体XX电压__2-D203（1、3、5、11#UPS）.xlsx__Sheet1__咸阳秦都西咸数据中心2号楼D203电力电池机房__11#UPS蓄电池组2__未知组__128节电池电压.png,2-D203（1、3、5、11#UPS）.xlsx,Sheet1,咸阳秦都西咸数据中心2号楼D203电力电池机房,11#UPS蓄电池组2,未知组,128节电池电压,0.7595712098009189,0.9984848484818227,0.006060606060587696,0.804761904759466,0.9924242424212351,0.7987012986988783,0.8047982543689928,0.08669354838709678,0.3717948717948718,0.01,0.9502164502135707,0.1940836940831061,discharge_like,放电型异常,存在内部谷底，且谷底后有持续回升，形态接近放电曲线,/mnt/nvme/projects/battery/output_ups_型号1/plots/单体XX电压/单体XX电压__2-D203（1、3、5、11#UPS）.xlsx__Sheet1__咸阳秦都西咸数据中心2号楼D203电力电池机房__11#UPS蓄电池组2__未知组__128节电池电压.png,/mnt/nvme/projects/battery/output_ups_型号1/plots_三分类/单体XX电压/放电型异常/单体XX电压__2-D203（1、3、5、11#UPS）.xlsx__Sheet1__咸阳秦都西咸数据中心2号楼D203电力电池机房__11#UPS蓄电池组2__未知组__128节电池电压.png
单体XX电压__2-D203（1、3、5、11#UPS）.xlsx__Sheet1__咸阳秦都西咸数据中心2号楼D203电力电池机房__11#UPS蓄电池组2__未知组__12节电池电压.png,2-D203（1、3、5、11#UPS）.xlsx,Sheet1,咸阳秦都西咸数据中心2号楼D203电力电池机房,11#UPS蓄电池组2,未知组,12节电池电压,0.8667687595712098,0.9999999999968893,0.010590239206069408,0.6936976968059589,0.9894097607908199,0.6831074575998896,0.6904191609788377,0.0706713780918728,0.813953488372093,0.009174311926605505,0.9294527142087654,0.3063023031909303,discharge_like,放电型异常,存在内部谷底，且谷底后有持续回升，形态接近放电曲线,/mnt/nvme/projects/battery/output_ups_型号1/plots/单体XX电压/单体XX电压__2-D203（1、3、5、11#UPS）.xlsx__Sheet1__咸阳秦都西咸数据中心2号楼D203电力电池机房__11#UPS蓄电池组2__未知组__12节电池电压.png,/mnt/nvme/projects/battery/output_ups_型号1/plots_三分类/单体XX电压/放电型异常/单体XX电压__2-D203（1、3、5、11#UPS）.xlsx__Sheet1__咸阳秦都西咸数据中心2号楼D203电力电池机房__11#UPS蓄电池组2__未知组__12节电池电压.png
单体XX电压__2-D203（1、3、5、11#UPS）.xlsx__Sheet1__咸阳秦都西咸数据中心2号楼D203电力电池机房__3#UPS蓄电池组1__未知组__186节电池电压.png,2-D203（1、3、5、11#UPS）.xlsx,Sheet1,咸阳秦都西咸数据中心2号楼D203电力电池机房,3#UPS蓄电池组1,未知组,186节电池电压,0.5222052067381318,0.9024589002240715,0.002551020408155673,0.6249999999981399,0.8999078798159158,0.6224489795899842,0.691680774065042,0.15542521994134897,0.20257234726688103,0.0273972602739726,0.8181972789091313,0.31554705215325585,discharge_like,放电型异常,存在内部谷底，且谷底后有持续回升，形态接近放电曲线,/mnt/nvme/projects/battery/output_ups_型号1/plots/单体XX电压/单体XX电压__2-D203（1、3、5、11#UPS）.xlsx__Sheet1__咸阳秦都西咸数据中心2号楼D203电力电池机房__3#UPS蓄电池组1__未知组__186节电池电压.png,/mnt/nvme/projects/battery/output_ups_型号1/plots_三分类/单体XX电压/放电型异常/单体XX电压__2-D203（1、3、5、11#UPS）.xlsx__Sheet1__咸阳秦都西咸数据中心2号楼D203电力电池机房__3#UPS蓄电池组1__未知组__186节电池电压.png
单体XX电压__2-D203（1、3、5、11#UPS）.xlsx__Sheet1__咸阳秦都西咸数据中心2号楼D203电力电池机房__3#UPS蓄电池组2__未知组__228节电池电压.png,2-D203（1、3、5、11#UPS）.xlsx,Sheet1,咸阳秦都西咸数据中心2号楼D203电力电池机房,3#UPS蓄电池组2,未知组,228节电池电压,0.5222052067381318,0.9244887636361854,0.0015897102391743067,0.6394609437078649,0.9228990533970111,0.6378712334686906,0.6911603500184023,0.16715542521994134,0.21221864951768488,0.02702702702702703,0.8062576775754144,0.33062359997009283,discharge_like,放电型异常,存在内部谷底，且谷底后有持续回升，形态接近放电曲线,/mnt/nvme/projects/battery/output_ups_型号1/plots/单体XX电压/单体XX电压__2-D203（1、3、5、11#UPS）.xlsx__Sheet1__咸阳秦都西咸数据中心2号楼D203电力电池机房__3#UPS蓄电池组2__未知组__228节电池电压.png,/mnt/nvme/projects/battery/output_ups_型号1/plots_三分类/单体XX电压/放电型异常/单体XX电压__2-D203（1、3、5、11#UPS）.xlsx__Sheet1__咸阳秦都西咸数据中心2号楼D203电力电池机房__3#UPS蓄电池组2__未知组__228节电池电压.png
单体XX电压__2-D203（1、3、5、11#UPS）.xlsx__Sheet1__咸阳秦都西咸数据中心2号楼D203电力电池机房__3#UPS蓄电池组2__未知组__236节电池电压.png,2-D203（1、3、5、11#UPS）.xlsx,Sheet1,咸阳秦都西咸数据中心2号楼D203电力电池机房,3#UPS蓄电池组2,未知组,236节电池电压,0.555895865237366,0.9591628381798085,0.0016772405746320687,0.6408152847643174,0.9574855976051765,0.6391380441896853,0.6675171356318611,0.12947658402203857,0.22491349480968859,0.03007518796992481,0.9290600160403251,0.3514548238886632,discharge_like,放电型异常,存在内部谷底，且谷底后有持续回升，形态接近放电曲线,/mnt/nvme/projects/battery/output_ups_型号1/plots/单体XX电压/单体XX电压__2-D203（1、3、5、11#UPS）.xlsx__Sheet1__咸阳秦都西咸数据中心2号楼D203电力电池机房__3#UPS蓄电池组2__未知组__236节电池电压.png,/mnt/nvme/projects/battery/output_ups_型号1/plots_三分类/单体XX电压/放电型异常/单体XX电压__2-D203（1、3、5、11#UPS）.xlsx__Sheet1__咸阳秦都西咸数据中心2号楼D203电力电池机房__3#UPS蓄电池组2__未知组__236节电池电压.png
单体XX电压__2-D203（1、3、5、11#UPS）.xlsx__Sheet1__咸阳秦都西咸数据中心2号楼D203电力电池机房__5#UPS蓄电池组1__未知组__119节电池电压.png,2-D203（1、3、5、11#UPS）.xlsx,Sheet1,咸阳秦都西咸数据中心2号楼D203电力电池机房,5#UPS蓄电池组1,未知组,119节电池电压,0.43950995405819293,0.9527162977840364,0.0024815560026757734,0.6694164989920779,0.9502347417813607,0.6669349429894021,0.701863353298646,0.3902439024390244,0.15342465753424658,0.048458149779735685,0.9534406438604934,0.32830315224588946,discharge_like,放电型异常,存在内部谷底，且谷底后有持续回升，形态接近放电曲线,/mnt/nvme/projects/battery/output_ups_型号1/plots/单体XX电压/单体XX电压__2-D203（1、3、5、11#UPS）.xlsx__Sheet1__咸阳秦都西咸数据中心2号楼D203电力电池机房__5#UPS蓄电池组1__未知组__119节电池电压.png,/mnt/nvme/projects/battery/output_ups_型号1/plots_三分类/单体XX电压/放电型异常/单体XX电压__2-D203（1、3、5、11#UPS）.xlsx__Sheet1__咸阳秦都西咸数据中心2号楼D203电力电池机房__5#UPS蓄电池组1__未知组__119节电池电压.png
单体XX电压__2-D203（1、3、5、11#UPS）.xlsx__Sheet1__咸阳秦都西咸数据中心2号楼D203电力电池机房__5#UPS蓄电池组2__未知组__225节电池电压.png,2-D203（1、3、5、11#UPS）.xlsx,Sheet1,咸阳秦都西咸数据中心2号楼D203电力电池机房,5#UPS蓄电池组2,未知组,225节电池电压,0.5084226646248086,0.9749176400089139,0.004342617550151064,0.5102949985009408,0.9705750224587628,0.5059523809507898,0.5212913672018538,0.3614457831325301,0.28125,0.039568345323741004,0.9553908355765104,0.48094489367923043,discharge_like,放电型异常,存在内部谷底，且谷底后有持续回升，形态接近放电曲线,/mnt/nvme/projects/battery/output_ups_型号1/plots/单体XX电压/单体XX电压__2-D203（1、3、5、11#UPS）.xlsx__Sheet1__咸阳秦都西咸数据中心2号楼D203电力电池机房__5#UPS蓄电池组2__未知组__225节电池电压.png,/mnt/nvme/projects/battery/output_ups_型号1/plots_三分类/单体XX电压/放电型异常/单体XX电压__2-D203（1、3、5、11#UPS）.xlsx__Sheet1__咸阳秦都西咸数据中心2号楼D203电力电池机房__5#UPS蓄电池组2__未知组__225节电池电压.png
单体XX电压__2-D203（1、3、5、11#UPS）.xlsx__Sheet1__咸阳秦都西咸数据中心2号楼D203电力电池机房__5#UPS蓄电池组2__未知组__228节电池电压.png,2-D203（1、3、5、11#UPS）.xlsx,Sheet1,咸阳秦都西咸数据中心2号楼D203电力电池机房,5#UPS蓄电池组2,未知组,228节电池电压,0.5084226646248086,0.9757215007185438,0.003968253968241942,0.5362914862898611,0.9717532467503018,0.5323232323216192,0.5477967102801009,0.37349397590361444,0.284375,0.03806228373702422,0.9528860028831152,0.4532467532453798,discharge_like,放电型异常,存在内部谷底，且谷底后有持续回升，形态接近放电曲线,/mnt/nvme/projects/battery/output_ups_型号1/plots/单体XX电压/单体XX电压__2-D203（1、3、5、11#UPS）.xlsx__Sheet1__咸阳秦都西咸数据中心2号楼D203电力电池机房__5#UPS蓄电池组2__未知组__228节电池电压.png,/mnt/nvme/projects/battery/output_ups_型号1/plots_三分类/单体XX电压/放电型异常/单体XX电压__2-D203（1、3、5、11#UPS）.xlsx__Sheet1__咸阳秦都西咸数据中心2号楼D203电力电池机房__5#UPS蓄电池组2__未知组__228节电池电压.png
单体XX电压__2-D203（1、3、5、11#UPS）.xlsx__Sheet1__咸阳秦都西咸数据中心2号楼D203电力电池机房__5#UPS蓄电池组2__未知组__4节电池电压.png,2-D203（1、3、5、11#UPS）.xlsx,Sheet1,咸阳秦都西咸数据中心2号楼D203电力电池机房,5#UPS蓄电池组2,未知组,4节电池电压,0.5099540581929556,0.8781903363375371,0.001818054681485465,0.46510733515002206,0.8763722816560516,0.46328928046853657,0.5286443782366437,0.4084084084084084,0.27586206896551724,0.030470914127423823,0.8866233130524273,0.5033564086412738,discharge_like,放电型异常,存在内部谷底，且谷底后有持续回升，形态接近放电曲线,/mnt/nvme/projects/battery/output_ups_型号1/plots/单体XX电压/单体XX电压__2-D203（1、3、5、11#UPS）.xlsx__Sheet1__咸阳秦都西咸数据中心2号楼D203电力电池机房__5#UPS蓄电池组2__未知组__4节电池电压.png,/mnt/nvme/projects/battery/output_ups_型号1/plots_三分类/单体XX电压/放电型异常/单体XX电压__2-D203（1、3、5、11#UPS）.xlsx__Sheet1__咸阳秦都西咸数据中心2号楼D203电力电池机房__5#UPS蓄电池组2__未知组__4节电池电压.png
单体XX电压__2-203电池室（7、9）.xlsx__Sheet1__咸阳秦都西咸数据中心2号楼D203电力电池机房__7#UPS蓄电池组2__未知组__239节电池电压.png,2-203电池室（7、9）.xlsx,Sheet1,咸阳秦都西咸数据中心2号楼D203电力电池机房,7#UPS蓄电池组2,未知组,239节电池电压,0.998468606431853,0.9055106319228787,0.13417190775639148,0.8062294100004596,0.7713387241664873,0.672057502244068,0.8712871275832933,0.03834355828220859,0.0,0.0196078431372549,0.1676400119791075,0.1911500449230289,invalid_or_bad_collection,疑似操作或采集异常,最低点贴近尾部，缺少谷底后的回升段,/mnt/nvme/projects/battery/output_ups_型号1/plots/单体XX电压/单体XX电压__2-203电池室（7、9）.xlsx__Sheet1__咸阳秦都西咸数据中心2号楼D203电力电池机房__7#UPS蓄电池组2__未知组__239节电池电压.png,/mnt/nvme/projects/battery/output_ups_型号1/plots_三分类/单体XX电压/疑似操作或采集异常/单体XX电压__2-203电池室（7、9）.xlsx__Sheet1__咸阳秦都西咸数据中心2号楼D203电力电池机房__7#UPS蓄电池组2__未知组__239节电池电压.png
单体XX电压__2-203电池室（7、9）.xlsx__Sheet1__咸阳秦都西咸数据中心2号楼D203电力电池机房__7#UPS蓄电池组2__未知组__40节电池电压.png,2-203电池室（7、9）.xlsx,Sheet1,咸阳秦都西咸数据中心2号楼D203电力电池机房,7#UPS蓄电池组2,未知组,40节电池电压,0.998468606431853,0.9431279620808382,0.15267433987740778,0.9077522004019267,0.7904536222034304,0.755077860524519,0.9552462514681812,0.1687116564417178,0.0,0.029787234042553193,0.12491536899060651,0.07385466034720145,invalid_or_bad_collection,疑似操作或采集异常,最低点贴近尾部，缺少谷底后的回升段,/mnt/nvme/projects/battery/output_ups_型号1/plots/单体XX电压/单体XX电压__2-203电池室（7、9）.xlsx__Sheet1__咸阳秦都西咸数据中心2号楼D203电力电池机房__7#UPS蓄电池组2__未知组__40节电池电压.png,/mnt/nvme/projects/battery/output_ups_型号1/plots_三分类/单体XX电压/疑似操作或采集异常/单体XX电压__2-203电池室（7、9）.xlsx__Sheet1__咸阳秦都西咸数据中心2号楼D203电力电池机房__7#UPS蓄电池组2__未知组__40节电池电压.png
单体XX电压__2-203电池室（7、9）.xlsx__Sheet1__咸阳秦都西咸数据中心2号楼D203电力电池机房__7#UPS蓄电池组2__未知组__6节电池电压.png,2-203电池室（7、9）.xlsx,Sheet1,咸阳秦都西咸数据中心2号楼D203电力电池机房,7#UPS蓄电池组2,未知组,6节电池电压,0.998468606431853,0.8453031485787574,0.1478011969809864,0.8852892705319471,0.6975019515977711,0.7374880735509607,1.0573276114916461,0.06748466257668712,0.0,0.0,0.03665539075361823,0.08808222742616889,invalid_or_bad_collection,疑似操作或采集异常,整体动态范围过小，更像平线或轻微波动,/mnt/nvme/projects/battery/output_ups_型号1/plots/单体XX电压/单体XX电压__2-203电池室（7、9）.xlsx__Sheet1__咸阳秦都西咸数据中心2号楼D203电力电池机房__7#UPS蓄电池组2__未知组__6节电池电压.png,/mnt/nvme/projects/battery/output_ups_型号1/plots_三分类/单体XX电压/疑似操作或采集异常/单体XX电压__2-203电池室（7、9）.xlsx__Sheet1__咸阳秦都西咸数据中心2号楼D203电力电池机房__7#UPS蓄电池组2__未知组__6节电池电压.png
单体XX电压__2-203电池室（7、9）.xlsx__Sheet1__咸阳秦都西咸数据中心2号楼D203电力电池机房__9#UPS蓄电池组1__未知组__1节电池电压.png,2-203电池室（7、9）.xlsx,Sheet1,咸阳秦都西咸数据中心2号楼D203电力电池机房,9#UPS蓄电池组1,未知组,1节电池电压,0.998468606431853,0.9171508715662513,0.11727776664630163,0.7767314499410523,0.7998731049199497,0.6594536832947506,0.8244478760619162,0.10429447852760736,0.0,0.0,0.06459627329174422,0.2172577305811043,invalid_or_bad_collection,疑似操作或采集异常,整体动态范围过小，更像平线或轻微波动,/mnt/nvme/projects/battery/output_ups_型号1/plots/单体XX电压/单体XX电压__2-203电池室（7、9）.xlsx__Sheet1__咸阳秦都西咸数据中心2号楼D203电力电池机房__9#UPS蓄电池组1__未知组__1节电池电压.png,/mnt/nvme/projects/battery/output_ups_型号1/plots_三分类/单体XX电压/疑似操作或采集异常/单体XX电压__2-203电池室（7、9）.xlsx__Sheet1__咸阳秦都西咸数据中心2号楼D203电力电池机房__9#UPS蓄电池组1__未知组__1节电池电压.png
单体XX电压__2-203电池室（7、9）.xlsx__Sheet1__咸阳秦都西咸数据中心2号楼D203电力电池机房__9#UPS蓄电池组1__未知组__6节电池电压.png,2-203电池室（7、9）.xlsx,Sheet1,咸阳秦都西咸数据中心2号楼D203电力电池机房,9#UPS蓄电池组1,未知组,6节电池电压,0.998468606431853,0.9145547838033656,0.11263375258089414,0.751767724170479,0.8019210312224715,0.6391339715895848,0.7970036274248439,0.10429447852760736,0.0,0.0,0.08309867968190432,0.24209999374193303,invalid_or_bad_collection,疑似操作或采集异常,整体动态范围过小，更像平线或轻微波动,/mnt/nvme/projects/battery/output_ups_型号1/plots/单体XX电压/单体XX电压__2-203电池室（7、9）.xlsx__Sheet1__咸阳秦都西咸数据中心2号楼D203电力电池机房__9#UPS蓄电池组1__未知组__6节电池电压.png,/mnt/nvme/projects/battery/output_ups_型号1/plots_三分类/单体XX电压/疑似操作或采集异常/单体XX电压__2-203电池室（7、9）.xlsx__Sheet1__咸阳秦都西咸数据中心2号楼D203电力电池机房__9#UPS蓄电池组1__未知组__6节电池电压.png
单体XX电压__2-203电池室（7、9）.xlsx__Sheet1__咸阳秦都西咸数据中心2号楼D203电力电池机房__9#UPS蓄电池组2__未知组__121节电池电压.png,2-203电池室（7、9）.xlsx,Sheet1,咸阳秦都西咸数据中心2号楼D203电力电池机房,9#UPS蓄电池组2,未知组,121节电池电压,0.998468606431853,0.8617826617797155,0.14643874643824578,0.8695156695126968,0.7153439153414698,0.7230769230744509,1.0108101943083974,0.19785276073619631,0.0,0.029197080291970802,0.1313634513630022,0.0927146927143756,invalid_or_bad_collection,疑似操作或采集异常,最低点贴近尾部，缺少谷底后的回升段,/mnt/nvme/projects/battery/output_ups_型号1/plots/单体XX电压/单体XX电压__2-203电池室（7、9）.xlsx__Sheet1__咸阳秦都西咸数据中心2号楼D203电力电池机房__9#UPS蓄电池组2__未知组__121节电池电压.png,/mnt/nvme/projects/battery/output_ups_型号1/plots_三分类/单体XX电压/疑似操作或采集异常/单体XX电压__2-203电池室（7、9）.xlsx__Sheet1__咸阳秦都西咸数据中心2号楼D203电力电池机房__9#UPS蓄电池组2__未知组__121节电池电压.png
单体XX电压__2-203电池室（8、10）.xlsx__Sheet1__咸阳秦都西咸数据中心2号楼D203电力电池机房__10#UPS蓄电池组1__未知组__227节电池电压.png,2-203电池室（8、10）.xlsx,Sheet1,咸阳秦都西咸数据中心2号楼D203电力电池机房,10#UPS蓄电池组1,未知组,227节电池电压,0.998468606431853,0.4236111111081695,0.00231481481479874,0.020667989417845888,0.4212962962933708,0.018353174603047147,0.043563579174461305,0.04754601226993865,0.0,0.0,0.335681216928886,0.8993055555493105,invalid_or_bad_collection,疑似操作或采集异常,最低点贴近尾部，缺少谷底后的回升段,/mnt/nvme/projects/battery/output_ups_型号1/plots/单体XX电压/单体XX电压__2-203电池室（8、10）.xlsx__Sheet1__咸阳秦都西咸数据中心2号楼D203电力电池机房__10#UPS蓄电池组1__未知组__227节电池电压.png,/mnt/nvme/projects/battery/output_ups_型号1/plots_三分类/单体XX电压/疑似操作或采集异常/单体XX电压__2-203电池室（8、10）.xlsx__Sheet1__咸阳秦都西咸数据中心2号楼D203电力电池机房__10#UPS蓄电池组1__未知组__227节电池电压.png
单体XX电压__2-203电池室（8、10）.xlsx__Sheet1__咸阳秦都西咸数据中心2号楼D203电力电池机房__10#UPS蓄电池组2__未知组__101节电池电压.png,2-203电池室（8、10）.xlsx,Sheet1,咸阳秦都西咸数据中心2号楼D203电力电池机房,10#UPS蓄电池组2,未知组,101节电池电压,0.998468606431853,0.8219738276927437,0.1334060341683746,0.8361504907242607,0.6885677935243691,0.7027444565558861,1.0205886219835616,0.09662576687116564,0.0,0.01904761904761905,0.14158487822501864,0.16112322791589062,invalid_or_bad_collection,疑似操作或采集异常,最低点贴近尾部，缺少谷底后的回升段,/mnt/nvme/projects/battery/output_ups_型号1/plots/单体XX电压/单体XX电压__2-203电池室（8、10）.xlsx__Sheet1__咸阳秦都西咸数据中心2号楼D203电力电池机房__10#UPS蓄电池组2__未知组__101节电池电压.png,/mnt/nvme/projects/battery/output_ups_型号1/plots_三分类/单体XX电压/疑似操作或采集异常/单体XX电压__2-203电池室（8、10）.xlsx__Sheet1__咸阳秦都西咸数据中心2号楼D203电力电池机房__10#UPS蓄电池组2__未知组__101节电池电压.png
单体XX电压__2-203电池室（8、10）.xlsx__Sheet1__咸阳秦都西咸数据中心2号楼D203电力电池机房__10#UPS蓄电池组2__未知组__121节电池电压.png,2-203电池室（8、10）.xlsx,Sheet1,咸阳秦都西咸数据中心2号楼D203电力电池机房,10#UPS蓄电池组2,未知组,121节电池电压,0.998468606431853,0.9903047091357877,0.16264345073119232,0.9806753726366985,0.8276612584045954,0.8180319219055061,0.9883656056270939,0.03834355828220859,0.0,0.0,0.17417227278626612,0.018796992481098895,invalid_or_bad_collection,疑似操作或采集异常,最低点贴近尾部，缺少谷底后的回升段,/mnt/nvme/projects/battery/output_ups_型号1/plots/单体XX电压/单体XX电压__2-203电池室（8、10）.xlsx__Sheet1__咸阳秦都西咸数据中心2号楼D203电力电池机房__10#UPS蓄电池组2__未知组__121节电池电压.png,/mnt/nvme/projects/battery/output_ups_型号1/plots_三分类/单体XX电压/疑似操作或采集异常/单体XX电压__2-203电池室（8、10）.xlsx__Sheet1__咸阳秦都西咸数据中心2号楼D203电力电池机房__10#UPS蓄电池组2__未知组__121节电池电压.png
单体XX电压__2-203电池室（8、10）.xlsx__Sheet1__咸阳秦都西咸数据中心2号楼D203电力电池机房__10#UPS蓄电池组2__未知组__122节电池电压.png,2-203电池室（8、10）.xlsx,Sheet1,咸阳秦都西咸数据中心2号楼D203电力电池机房,10#UPS蓄电池组2,未知组,122节电池电压,0.998468606431853,0.9866549088722589,0.15814226925259942,0.9678424456154441,0.8285126396196595,0.8097001763628446,0.9772936907242059,0.03834355828220859,0.0,0.0,0.15905937683636917,0.030981775426066727,invalid_or_bad_collection,疑似操作或采集异常,最低点贴近尾部，缺少谷底后的回升段,/mnt/nvme/projects/battery/output_ups_型号1/plots/单体XX电压/单体XX电压__2-203电池室（8、10）.xlsx__Sheet1__咸阳秦都西咸数据中心2号楼D203电力电池机房__10#UPS蓄电池组2__未知组__122节电池电压.png,/mnt/nvme/projects/battery/output_ups_型号1/plots_三分类/单体XX电压/疑似操作或采集异常/单体XX电压__2-203电池室（8、10）.xlsx__Sheet1__咸阳秦都西咸数据中心2号楼D203电力电池机房__10#UPS蓄电池组2__未知组__122节电池电压.png
单体XX电压__2-203电池室（8、10）.xlsx__Sheet1__咸阳秦都西咸数据中心2号楼D203电力电池机房__10#UPS蓄电池组2__未知组__123节电池电压.png,2-203电池室（8、10）.xlsx,Sheet1,咸阳秦都西咸数据中心2号楼D203电力电池机房,10#UPS蓄电池组2,未知组,123节电池电压,0.998468606431853,0.9742014741966869,0.159939159938374,0.9808119808071609,0.814262314258313,0.820872820868787,1.0081183980722195,0.03834355828220859,0.0,0.0,0.1466011466004261,0.015678015677938806,invalid_or_bad_collection,疑似操作或采集异常,最低点贴近尾部，缺少谷底后的回升段,/mnt/nvme/projects/battery/output_ups_型号1/plots/单体XX电压/单体XX电压__2-203电池室（8、10）.xlsx__Sheet1__咸阳秦都西咸数据中心2号楼D203电力电池机房__10#UPS蓄电池组2__未知组__123节电池电压.png,/mnt/nvme/projects/battery/output_ups_型号1/plots_三分类/单体XX电压/疑似操作或采集异常/单体XX电压__2-203电池室（8、10）.xlsx__Sheet1__咸阳秦都西咸数据中心2号楼D203电力电池机房__10#UPS蓄电池组2__未知组__123节电池电压.png
单体XX电压__2-203电池室（8、10）.xlsx__Sheet1__咸阳秦都西咸数据中心2号楼D203电力电池机房__10#UPS蓄电池组2__未知组__130节电池电压.png,2-203电池室（8、10）.xlsx,Sheet1,咸阳秦都西咸数据中心2号楼D203电力电池机房,10#UPS蓄电池组2,未知组,130节电池电压,0.998468606431853,0.8285200872757286,0.1350275959433101,0.8108715184143171,0.6934924913324185,0.6758439224710071,0.974551173867717,0.07822085889570553,0.0,0.0,0.14747785906736055,0.18373764600080633,invalid_or_bad_collection,疑似操作或采集异常,最低点贴近尾部，缺少谷底后的回升段,/mnt/nvme/projects/battery/output_ups_型号1/plots/单体XX电压/单体XX电压__2-203电池室（8、10）.xlsx__Sheet1__咸阳秦都西咸数据中心2号楼D203电力电池机房__10#UPS蓄电池组2__未知组__130节电池电压.png,/mnt/nvme/projects/battery/output_ups_型号1/plots_三分类/单体XX电压/疑似操作或采集异常/单体XX电压__2-203电池室（8、10）.xlsx__Sheet1__咸阳秦都西咸数据中心2号楼D203电力电池机房__10#UPS蓄电池组2__未知组__130节电池电压.png
单体XX电压__2-203电池室（8、10）.xlsx__Sheet1__咸阳秦都西咸数据中心2号楼D203电力电池机房__10#UPS蓄电池组2__未知组__144节电池电压.png,2-203电池室（8、10）.xlsx,Sheet1,咸阳秦都西咸数据中心2号楼D203电力电池机房,10#UPS蓄电池组2,未知组,144节电池电压,0.998468606431853,0.8543774450241622,0.14029407797033694,0.8089167678356974,0.7140833670538254,0.6686226898653604,0.9363370157851958,0.0736196319018405,0.0,0.04081632653061224,0.1121543234851331,0.17435586132371206,invalid_or_bad_collection,疑似操作或采集异常,整体动态范围过小，更像平线或轻微波动,/mnt/nvme/projects/battery/output_ups_型号1/plots/单体XX电压/单体XX电压__2-203电池室（8、10）.xlsx__Sheet1__咸阳秦都西咸数据中心2号楼D203电力电池机房__10#UPS蓄电池组2__未知组__144节电池电压.png,/mnt/nvme/projects/battery/output_ups_型号1/plots_三分类/单体XX电压/疑似操作或采集异常/单体XX电压__2-203电池室（8、10）.xlsx__Sheet1__咸阳秦都西咸数据中心2号楼D203电力电池机房__10#UPS蓄电池组2__未知组__144节电池电压.png
单体XX电压__2-203电池室（8、10）.xlsx__Sheet1__咸阳秦都西咸数据中心2号楼D203电力电池机房__10#UPS蓄电池组2__未知组__171节电池电压.png,2-203电池室（8、10）.xlsx,Sheet1,咸阳秦都西咸数据中心2号楼D203电力电池机房,10#UPS蓄电池组2,未知组,171节电池电压,0.998468606431853,0.9954022988459983,0.0031746031745885795,0.020306513409868325,0.9922276956714097,0.017131910235279747,0.017266107661327683,0.06288343558282208,0.0,0.0,0.9477394635971751,0.9796934865855342,invalid_or_bad_collection,疑似操作或采集异常,最低点贴近尾部，缺少谷底后的回升段,/mnt/nvme/projects/battery/output_ups_型号1/plots/单体XX电压/单体XX电压__2-203电池室（8、10）.xlsx__Sheet1__咸阳秦都西咸数据中心2号楼D203电力电池机房__10#UPS蓄电池组2__未知组__171节电池电压.png,/mnt/nvme/projects/battery/output_ups_型号1/plots_三分类/单体XX电压/疑似操作或采集异常/单体XX电压__2-203电池室（8、10）.xlsx__Sheet1__咸阳秦都西咸数据中心2号楼D203电力电池机房__10#UPS蓄电池组2__未知组__171节电池电压.png
单体XX电压__2-203电池室（8、10）.xlsx__Sheet1__咸阳秦都西咸数据中心2号楼D203电力电池机房__10#UPS蓄电池组2__未知组__184节电池电压.png,2-203电池室（8、10）.xlsx,Sheet1,咸阳秦都西咸数据中心2号楼D203电力电池机房,10#UPS蓄电池组2,未知组,184节电池电压,0.998468606431853,0.9976470588188348,0.0013445378151197233,0.0179831932772263,0.9963025210037151,0.016638655462106577,0.016700404841537213,0.08128834355828221,0.0,0.0,0.9538151260459315,0.9820168067180678,invalid_or_bad_collection,疑似操作或采集异常,最低点贴近尾部，缺少谷底后的回升段,/mnt/nvme/projects/battery/output_ups_型号1/plots/单体XX电压/单体XX电压__2-203电池室（8、10）.xlsx__Sheet1__咸阳秦都西咸数据中心2号楼D203电力电池机房__10#UPS蓄电池组2__未知组__184节电池电压.png,/mnt/nvme/projects/battery/output_ups_型号1/plots_三分类/单体XX电压/疑似操作或采集异常/单体XX电压__2-203电池室（8、10）.xlsx__Sheet1__咸阳秦都西咸数据中心2号楼D203电力电池机房__10#UPS蓄电池组2__未知组__184节电池电压.png
单体XX电压__2-203电池室（8、10）.xlsx__Sheet1__咸阳秦都西咸数据中心2号楼D203电力电池机房__10#UPS蓄电池组2__未知组__187节电池电压.png,2-203电池室（8、10）.xlsx,Sheet1,咸阳秦都西咸数据中心2号楼D203电力电池机房,10#UPS蓄电池组2,未知组,187节电池电压,0.998468606431853,0.9999999999954128,0.001856705985137835,0.019604630843073022,0.9981432940102749,0.017747924857935186,0.0177809388157564,0.09202453987730061,0.0,0.0,0.9513543031848015,0.9803953691523397,invalid_or_bad_collection,疑似操作或采集异常,最低点贴近尾部，缺少谷底后的回升段,/mnt/nvme/projects/battery/output_ups_型号1/plots/单体XX电压/单体XX电压__2-203电池室（8、10）.xlsx__Sheet1__咸阳秦都西咸数据中心2号楼D203电力电池机房__10#UPS蓄电池组2__未知组__187节电池电压.png,/mnt/nvme/projects/battery/output_ups_型号1/plots_三分类/单体XX电压/疑似操作或采集异常/单体XX电压__2-203电池室（8、10）.xlsx__Sheet1__咸阳秦都西咸数据中心2号楼D203电力电池机房__10#UPS蓄电池组2__未知组__187节电池电压.png
单体XX电压__2-203电池室（8、10）.xlsx__Sheet1__咸阳秦都西咸数据中心2号楼D203电力电池机房__10#UPS蓄电池组2__未知组__188节电池电压.png,2-203电池室（8、10）.xlsx,Sheet1,咸阳秦都西咸数据中心2号楼D203电力电池机房,10#UPS蓄电池组2,未知组,188节电池电压,0.998468606431853,0.9999999999954546,0.003354978354963105,0.022294372294270955,0.9966450216404915,0.01893939393930785,0.019003149074211193,0.09202453987730061,0.0,0.0,0.9452813852770886,0.9777056277011836,invalid_or_bad_collection,疑似操作或采集异常,最低点贴近尾部，缺少谷底后的回升段,/mnt/nvme/projects/battery/output_ups_型号1/plots/单体XX电压/单体XX电压__2-203电池室（8、10）.xlsx__Sheet1__咸阳秦都西咸数据中心2号楼D203电力电池机房__10#UPS蓄电池组2__未知组__188节电池电压.png,/mnt/nvme/projects/battery/output_ups_型号1/plots_三分类/单体XX电压/疑似操作或采集异常/单体XX电压__2-203电池室（8、10）.xlsx__Sheet1__咸阳秦都西咸数据中心2号楼D203电力电池机房__10#UPS蓄电池组2__未知组__188节电池电压.png
单体XX电压__2-203电池室（8、10）.xlsx__Sheet1__咸阳秦都西咸数据中心2号楼D203电力电池机房__10#UPS蓄电池组2__未知组__50节电池电压.png,2-203电池室（8、10）.xlsx,Sheet1,咸阳秦都西咸数据中心2号楼D203电力电池机房,10#UPS蓄电池组2,未知组,50节电池电压,0.998468606431853,0.8628765791995878,0.14091350825987187,0.9745383867793072,0.721963070939716,0.8336248785194353,1.1546641523917764,0.07822085889570553,0.0,0.0,0.1095043731773957,0.019339164237044293,invalid_or_bad_collection,疑似操作或采集异常,整体动态范围过小，更像平线或轻微波动,/mnt/nvme/projects/battery/output_ups_型号1/plots/单体XX电压/单体XX电压__2-203电池室（8、10）.xlsx__Sheet1__咸阳秦都西咸数据中心2号楼D203电力电池机房__10#UPS蓄电池组2__未知组__50节电池电压.png,/mnt/nvme/projects/battery/output_ups_型号1/plots_三分类/单体XX电压/疑似操作或采集异常/单体XX电压__2-203电池室（8、10）.xlsx__Sheet1__咸阳秦都西咸数据中心2号楼D203电力电池机房__10#UPS蓄电池组2__未知组__50节电池电压.png
单体XX电压__2-203电池室（8、10）.xlsx__Sheet1__咸阳秦都西咸数据中心2号楼D203电力电池机房__10#UPS蓄电池组2__未知组__51节电池电压.png,2-203电池室（8、10）.xlsx,Sheet1,咸阳秦都西咸数据中心2号楼D203电力电池机房,10#UPS蓄电池组2,未知组,51节电池电压,0.998468606431853,0.765068265062915,0.12554112554024766,0.748251748246516,0.6395271395226674,0.6227106227062683,0.9737047628617366,0.06901840490797546,0.0,0.0,0.03180153180130918,0.2109557109542356,invalid_or_bad_collection,疑似操作或采集异常,整体动态范围过小，更像平线或轻微波动,/mnt/nvme/projects/battery/output_ups_型号1/plots/单体XX电压/单体XX电压__2-203电池室（8、10）.xlsx__Sheet1__咸阳秦都西咸数据中心2号楼D203电力电池机房__10#UPS蓄电池组2__未知组__51节电池电压.png,/mnt/nvme/projects/battery/output_ups_型号1/plots_三分类/单体XX电压/疑似操作或采集异常/单体XX电压__2-203电池室（8、10）.xlsx__Sheet1__咸阳秦都西咸数据中心2号楼D203电力电池机房__10#UPS蓄电池组2__未知组__51节电池电压.png
单体XX电压__2-203电池室（8、10）.xlsx__Sheet1__咸阳秦都西咸数据中心2号楼D203电力电池机房__10#UPS蓄电池组2__未知组__73节电池电压.png,2-203电池室（8、10）.xlsx,Sheet1,咸阳秦都西咸数据中心2号楼D203电力电池机房,10#UPS蓄电池组2,未知组,73节电池电压,0.998468606431853,0.9313797313749553,0.007081807081770765,0.09920634920584047,0.9242979242931846,0.0921245421240697,0.09966974890141408,0.18558282208588958,0.0,0.0,0.4186080586059121,0.8983516483470414,invalid_or_bad_collection,疑似操作或采集异常,最低点贴近尾部，缺少谷底后的回升段,/mnt/nvme/projects/battery/output_ups_型号1/plots/单体XX电压/单体XX电压__2-203电池室（8、10）.xlsx__Sheet1__咸阳秦都西咸数据中心2号楼D203电力电池机房__10#UPS蓄电池组2__未知组__73节电池电压.png,/mnt/nvme/projects/battery/output_ups_型号1/plots_三分类/单体XX电压/疑似操作或采集异常/单体XX电压__2-203电池室（8、10）.xlsx__Sheet1__咸阳秦都西咸数据中心2号楼D203电力电池机房__10#UPS蓄电池组2__未知组__73节电池电压.png
单体XX电压__2-203电池室（8、10）.xlsx__Sheet1__咸阳秦都西咸数据中心2号楼D203电力电池机房__10#UPS蓄电池组2__未知组__75节电池电压.png,2-203电池室（8、10）.xlsx,Sheet1,咸阳秦都西咸数据中心2号楼D203电力电池机房,10#UPS蓄电池组2,未知组,75节电池电压,0.998468606431853,0.8485558157633661,0.16518345042826887,0.9433255269258985,0.6833723653350973,0.7781420764976297,1.138679459151647,0.1687116564417178,0.0,0.034782608695652174,0.15003903200526092,0.014207650273130978,invalid_or_bad_collection,疑似操作或采集异常,最低点贴近尾部，缺少谷底后的回升段,/mnt/nvme/projects/battery/output_ups_型号1/plots/单体XX电压/单体XX电压__2-203电池室（8、10）.xlsx__Sheet1__咸阳秦都西咸数据中心2号楼D203电力电池机房__10#UPS蓄电池组2__未知组__75节电池电压.png,/mnt/nvme/projects/battery/output_ups_型号1/plots_三分类/单体XX电压/疑似操作或采集异常/单体XX电压__2-203电池室（8、10）.xlsx__Sheet1__咸阳秦都西咸数据中心2号楼D203电力电池机房__10#UPS蓄电池组2__未知组__75节电池电压.png
单体XX电压__2-203电池室（8、10）.xlsx__Sheet1__咸阳秦都西咸数据中心2号楼D203电力电池机房__10#UPS蓄电池组2__未知组__89节电池电压.png,2-203电池室（8、10）.xlsx,Sheet1,咸阳秦都西咸数据中心2号楼D203电力电池机房,10#UPS蓄电池组2,未知组,89节电池电压,0.998468606431853,0.8392226148350586,0.11980481238347102,0.9411913175097542,0.7194178024515876,0.8213865051262832,1.1417378068564263,0.14877300613496933,0.0,0.027906976744186046,0.17513040551786052,0.03508329126678933,invalid_or_bad_collection,疑似操作或采集异常,最低点贴近尾部，缺少谷底后的回升段,/mnt/nvme/projects/battery/output_ups_型号1/plots/单体XX电压/单体XX电压__2-203电池室（8、10）.xlsx__Sheet1__咸阳秦都西咸数据中心2号楼D203电力电池机房__10#UPS蓄电池组2__未知组__89节电池电压.png,/mnt/nvme/projects/battery/output_ups_型号1/plots_三分类/单体XX电压/疑似操作或采集异常/单体XX电压__2-203电池室（8、10）.xlsx__Sheet1__咸阳秦都西咸数据中心2号楼D203电力电池机房__10#UPS蓄电池组2__未知组__89节电池电压.png
单体XX电压__2-203电池室（8、10）.xlsx__Sheet1__咸阳秦都西咸数据中心2号楼D203电力电池机房__10#UPS蓄电池组2__未知组__90节电池电压.png,2-203电池室（8、10）.xlsx,Sheet1,咸阳秦都西咸数据中心2号楼D203电力电池机房,10#UPS蓄电池组2,未知组,90节电池电压,0.998468606431853,0.8448427341353922,0.12458267439725312,0.9630996309892024,0.7202600597381391,0.8385169565919492,1.1641863853072982,0.14877300613496933,0.0,0.03,0.18404498330561803,0.03408891231744282,invalid_or_bad_collection,疑似操作或采集异常,最低点贴近尾部，缺少谷底后的回升段,/mnt/nvme/projects/battery/output_ups_型号1/plots/单体XX电压/单体XX电压__2-203电池室（8、10）.xlsx__Sheet1__咸阳秦都西咸数据中心2号楼D203电力电池机房__10#UPS蓄电池组2__未知组__90节电池电压.png,/mnt/nvme/projects/battery/output_ups_型号1/plots_三分类/单体XX电压/疑似操作或采集异常/单体XX电压__2-203电池室（8、10）.xlsx__Sheet1__咸阳秦都西咸数据中心2号楼D203电力电池机房__10#UPS蓄电池组2__未知组__90节电池电压.png
单体XX电压__2-203电池室（8、10）.xlsx__Sheet1__咸阳秦都西咸数据中心2号楼D203电力电池机房__10#UPS蓄电池组2__未知组__98节电池电压.png,2-203电池室（8、10）.xlsx,Sheet1,咸阳秦都西咸数据中心2号楼D203电力电池机房,10#UPS蓄电池组2,未知组,98节电池电压,0.998468606431853,0.9610544217618426,0.12823129251609086,0.9471088435306498,0.8328231292457517,0.818877551014559,0.9832550529341354,0.1549079754601227,0.0,0.02912621359223301,0.15850340135941177,0.0413265306119498,invalid_or_bad_collection,疑似操作或采集异常,最低点贴近尾部，缺少谷底后的回升段,/mnt/nvme/projects/battery/output_ups_型号1/plots/单体XX电压/单体XX电压__2-203电池室（8、10）.xlsx__Sheet1__咸阳秦都西咸数据中心2号楼D203电力电池机房__10#UPS蓄电池组2__未知组__98节电池电压.png,/mnt/nvme/projects/battery/output_ups_型号1/plots_三分类/单体XX电压/疑似操作或采集异常/单体XX电压__2-203电池室（8、10）.xlsx__Sheet1__咸阳秦都西咸数据中心2号楼D203电力电池机房__10#UPS蓄电池组2__未知组__98节电池电压.png
单体XX电压__2-203电池室（8、10）.xlsx__Sheet1__咸阳秦都西咸数据中心2号楼D203电力电池机房__8#UPS蓄电池组1__未知组__101节电池电压.png,2-203电池室（8、10）.xlsx,Sheet1,咸阳秦都西咸数据中心2号楼D203电力电池机房,8#UPS蓄电池组1,未知组,101节电池电压,0.998468606431853,0.9759642574323052,0.14251781472616382,0.8503562945327774,0.8334464427061414,0.7078384798066135,0.8492908994356271,0.03680981595092025,0.0,0.018518518518518517,0.12772310824506639,0.14579798665240107,invalid_or_bad_collection,疑似操作或采集异常,最低点贴近尾部，缺少谷底后的回升段,/mnt/nvme/projects/battery/output_ups_型号1/plots/单体XX电压/单体XX电压__2-203电池室（8、10）.xlsx__Sheet1__咸阳秦都西咸数据中心2号楼D203电力电池机房__8#UPS蓄电池组1__未知组__101节电池电压.png,/mnt/nvme/projects/battery/output_ups_型号1/plots_三分类/单体XX电压/疑似操作或采集异常/单体XX电压__2-203电池室（8、10）.xlsx__Sheet1__咸阳秦都西咸数据中心2号楼D203电力电池机房__8#UPS蓄电池组1__未知组__101节电池电压.png
单体XX电压__2-203电池室（8、10）.xlsx__Sheet1__咸阳秦都西咸数据中心2号楼D203电力电池机房__8#UPS蓄电池组1__未知组__112节电池电压.png,2-203电池室（8、10）.xlsx,Sheet1,咸阳秦都西咸数据中心2号楼D203电力电池机房,8#UPS蓄电池组1,未知组,112节电池电压,0.9984709480122325,0.9522173130355107,0.16134838815140293,0.7731958762833457,0.7908689248841078,0.6118474881319428,0.7736395603708441,0.11791730474732007,0.0,0.01764705882352941,0.18433971526628345,0.2222222222206951,invalid_or_bad_collection,疑似操作或采集异常,最低点贴近尾部，缺少谷底后的回升段,/mnt/nvme/projects/battery/output_ups_型号1/plots/单体XX电压/单体XX电压__2-203电池室（8、10）.xlsx__Sheet1__咸阳秦都西咸数据中心2号楼D203电力电池机房__8#UPS蓄电池组1__未知组__112节电池电压.png,/mnt/nvme/projects/battery/output_ups_型号1/plots_三分类/单体XX电压/疑似操作或采集异常/单体XX电压__2-203电池室（8、10）.xlsx__Sheet1__咸阳秦都西咸数据中心2号楼D203电力电池机房__8#UPS蓄电池组1__未知组__112节电池电压.png
单体XX电压__2-203电池室（8、10）.xlsx__Sheet1__咸阳秦都西咸数据中心2号楼D203电力电池机房__8#UPS蓄电池组1__未知组__119节电池电压.png,2-203电池室（8、10）.xlsx,Sheet1,咸阳秦都西咸数据中心2号楼D203电力电池机房,8#UPS蓄电池组1,未知组,119节电池电压,0.998468606431853,0.997067448674504,0.15235302331987172,0.806661080849898,0.8447144253546324,0.6543080575300262,0.7745908405444129,0.03374233128834356,0.0,0.03125,0.17235023041373554,0.19333891914423695,invalid_or_bad_collection,疑似操作或采集异常,最低点贴近尾部，缺少谷底后的回升段,/mnt/nvme/projects/battery/output_ups_型号1/plots/单体XX电压/单体XX电压__2-203电池室（8、10）.xlsx__Sheet1__咸阳秦都西咸数据中心2号楼D203电力电池机房__8#UPS蓄电池组1__未知组__119节电池电压.png,/mnt/nvme/projects/battery/output_ups_型号1/plots_三分类/单体XX电压/疑似操作或采集异常/单体XX电压__2-203电池室（8、10）.xlsx__Sheet1__咸阳秦都西咸数据中心2号楼D203电力电池机房__8#UPS蓄电池组1__未知组__119节电池电压.png
单体XX电压__2-203电池室（8、10）.xlsx__Sheet1__咸阳秦都西咸数据中心2号楼D203电力电池机房__8#UPS蓄电池组1__未知组__160节电池电压.png,2-203电池室（8、10）.xlsx,Sheet1,咸阳秦都西咸数据中心2号楼D203电力电池机房,8#UPS蓄电池组1,未知组,160节电池电压,0.998468606431853,0.87771358542772,0.13778011204380486,0.7773984593780374,0.7399334733839151,0.6396183473342325,0.8644268295427407,0.17331288343558282,0.0,0.030456852791878174,0.17489495798190724,0.2157738095222227,invalid_or_bad_collection,疑似操作或采集异常,最低点贴近尾部，缺少谷底后的回升段,/mnt/nvme/projects/battery/output_ups_型号1/plots/单体XX电压/单体XX电压__2-203电池室（8、10）.xlsx__Sheet1__咸阳秦都西咸数据中心2号楼D203电力电池机房__8#UPS蓄电池组1__未知组__160节电池电压.png,/mnt/nvme/projects/battery/output_ups_型号1/plots_三分类/单体XX电压/疑似操作或采集异常/单体XX电压__2-203电池室（8、10）.xlsx__Sheet1__咸阳秦都西咸数据中心2号楼D203电力电池机房__8#UPS蓄电池组1__未知组__160节电池电压.png
单体XX电压__2-203电池室（8、10）.xlsx__Sheet1__咸阳秦都西咸数据中心2号楼D203电力电池机房__8#UPS蓄电池组1__未知组__201节电池电压.png,2-203电池室（8、10）.xlsx,Sheet1,咸阳秦都西咸数据中心2号楼D203电力电池机房,8#UPS蓄电池组1,未知组,201节电池电压,0.998468606431853,0.9117174959803296,0.14909934010945922,0.7730515427086735,0.7626181558708703,0.6239522025992142,0.8181711869533477,0.17177914110429449,0.0,0.030303030303030304,0.175708935258181,0.19359728910145668,invalid_or_bad_collection,疑似操作或采集异常,最低点贴近尾部，缺少谷底后的回升段,/mnt/nvme/projects/battery/output_ups_型号1/plots/单体XX电压/单体XX电压__2-203电池室（8、10）.xlsx__Sheet1__咸阳秦都西咸数据中心2号楼D203电力电池机房__8#UPS蓄电池组1__未知组__201节电池电压.png,/mnt/nvme/projects/battery/output_ups_型号1/plots_三分类/单体XX电压/疑似操作或采集异常/单体XX电压__2-203电池室（8、10）.xlsx__Sheet1__咸阳秦都西咸数据中心2号楼D203电力电池机房__8#UPS蓄电池组1__未知组__201节电池电压.png
单体XX电压__2-203电池室（8、10）.xlsx__Sheet1__咸阳秦都西咸数据中心2号楼D203电力电池机房__8#UPS蓄电池组1__未知组__21节电池电压.png,2-203电池室（8、10）.xlsx,Sheet1,咸阳秦都西咸数据中心2号楼D203电力电池机房,8#UPS蓄电池组1,未知组,21节电池电压,0.998468606431853,0.7390074803811277,0.1711366538939632,0.8247582557864186,0.5678708264871646,0.6536216018924554,1.151004014037381,0.1411042944785276,0.0,0.02843601895734597,0.16953110746084288,0.052271483305565636,invalid_or_bad_collection,疑似操作或采集异常,最低点贴近尾部，缺少谷底后的回升段,/mnt/nvme/projects/battery/output_ups_型号1/plots/单体XX电压/单体XX电压__2-203电池室（8、10）.xlsx__Sheet1__咸阳秦都西咸数据中心2号楼D203电力电池机房__8#UPS蓄电池组1__未知组__21节电池电压.png,/mnt/nvme/projects/battery/output_ups_型号1/plots_三分类/单体XX电压/疑似操作或采集异常/单体XX电压__2-203电池室（8、10）.xlsx__Sheet1__咸阳秦都西咸数据中心2号楼D203电力电池机房__8#UPS蓄电池组1__未知组__21节电池电压.png
单体XX电压__2-203电池室（8、10）.xlsx__Sheet1__咸阳秦都西咸数据中心2号楼D203电力电池机房__8#UPS蓄电池组1__未知组__27节电池电压.png,2-203电池室（8、10）.xlsx,Sheet1,咸阳秦都西咸数据中心2号楼D203电力电池机房,8#UPS蓄电池组1,未知组,27节电池电压,0.998468606431853,0.9976133651503697,0.001477440618245022,0.01801341061475661,0.9961359245321246,0.01653596999651159,0.01660011407346669,0.06748466257668712,0.0,0.0,0.9523582225207414,0.9810773951538582,invalid_or_bad_collection,疑似操作或采集异常,最低点贴近尾部，缺少谷底后的回升段,/mnt/nvme/projects/battery/output_ups_型号1/plots/单体XX电压/单体XX电压__2-203电池室（8、10）.xlsx__Sheet1__咸阳秦都西咸数据中心2号楼D203电力电池机房__8#UPS蓄电池组1__未知组__27节电池电压.png,/mnt/nvme/projects/battery/output_ups_型号1/plots_三分类/单体XX电压/疑似操作或采集异常/单体XX电压__2-203电池室（8、10）.xlsx__Sheet1__咸阳秦都西咸数据中心2号楼D203电力电池机房__8#UPS蓄电池组1__未知组__27节电池电压.png
单体XX电压__2-203电池室（8、10）.xlsx__Sheet1__咸阳秦都西咸数据中心2号楼D203电力电池机房__8#UPS蓄电池组1__未知组__28节电池电压.png,2-203电池室（8、10）.xlsx,Sheet1,咸阳秦都西咸数据中心2号楼D203电力电池机房,8#UPS蓄电池组1,未知组,28节电池电压,0.998468606431853,0.7518889474553543,0.10437532946681011,0.9463187488947908,0.6475136179885441,0.8419434194279807,1.300271368412525,0.15184049079754602,0.0,0.027149321266968326,0.26086803724987584,0.049464066068866996,invalid_or_bad_collection,疑似操作或采集异常,最低点贴近尾部，缺少谷底后的回升段,/mnt/nvme/projects/battery/output_ups_型号1/plots/单体XX电压/单体XX电压__2-203电池室（8、10）.xlsx__Sheet1__咸阳秦都西咸数据中心2号楼D203电力电池机房__8#UPS蓄电池组1__未知组__28节电池电压.png,/mnt/nvme/projects/battery/output_ups_型号1/plots_三分类/单体XX电压/疑似操作或采集异常/单体XX电压__2-203电池室（8、10）.xlsx__Sheet1__咸阳秦都西咸数据中心2号楼D203电力电池机房__8#UPS蓄电池组1__未知组__28节电池电压.png
单体XX电压__2-203电池室（8、10）.xlsx__Sheet1__咸阳秦都西咸数据中心2号楼D203电力电池机房__8#UPS蓄电池组1__未知组__38节电池电压.png,2-203电池室（8、10）.xlsx,Sheet1,咸阳秦都西咸数据中心2号楼D203电力电池机房,8#UPS蓄电池组1,未知组,38节电池电压,0.998468606431853,0.8638761627049449,0.14355129806941147,0.8821324448095171,0.7203248646355335,0.7385811467401057,1.025344510477873,0.06595092024539877,0.0,0.0,0.11553519366863052,0.11384145494866271,invalid_or_bad_collection,疑似操作或采集异常,整体动态范围过小，更像平线或轻微波动,/mnt/nvme/projects/battery/output_ups_型号1/plots/单体XX电压/单体XX电压__2-203电池室（8、10）.xlsx__Sheet1__咸阳秦都西咸数据中心2号楼D203电力电池机房__8#UPS蓄电池组1__未知组__38节电池电压.png,/mnt/nvme/projects/battery/output_ups_型号1/plots_三分类/单体XX电压/疑似操作或采集异常/单体XX电压__2-203电池室（8、10）.xlsx__Sheet1__咸阳秦都西咸数据中心2号楼D203电力电池机房__8#UPS蓄电池组1__未知组__38节电池电压.png
单体XX电压__2-203电池室（8、10）.xlsx__Sheet1__咸阳秦都西咸数据中心2号楼D203电力电池机房__8#UPS蓄电池组1__未知组__5节电池电压.png,2-203电池室（8、10）.xlsx,Sheet1,咸阳秦都西咸数据中心2号楼D203电力电池机房,8#UPS蓄电池组1,未知组,5节电池电压,0.998468606431853,0.9974683544253291,0.0013261000602705609,0.01832429174192048,0.9961422543650585,0.01699819168164992,0.017064020314468593,0.06288343558282208,0.0,0.0,0.9524773960168773,0.9816757082530163,invalid_or_bad_collection,疑似操作或采集异常,最低点贴近尾部，缺少谷底后的回升段,/mnt/nvme/projects/battery/output_ups_型号1/plots/单体XX电压/单体XX电压__2-203电池室（8、10）.xlsx__Sheet1__咸阳秦都西咸数据中心2号楼D203电力电池机房__8#UPS蓄电池组1__未知组__5节电池电压.png,/mnt/nvme/projects/battery/output_ups_型号1/plots_三分类/单体XX电压/疑似操作或采集异常/单体XX电压__2-203电池室（8、10）.xlsx__Sheet1__咸阳秦都西咸数据中心2号楼D203电力电池机房__8#UPS蓄电池组1__未知组__5节电池电压.png
单体XX电压__2-203电池室（8、10）.xlsx__Sheet1__咸阳秦都西咸数据中心2号楼D203电力电池机房__8#UPS蓄电池组2__未知组__181节电池电压.png,2-203电池室（8、10）.xlsx,Sheet1,咸阳秦都西咸数据中心2号楼D203电力电池机房,8#UPS蓄电池组2,未知组,181节电池电压,0.998468606431853,0.8104256854195458,0.16251803751680632,0.8668831168765496,0.6479076479027395,0.7043650793597434,1.0871380829545956,0.1687116564417178,0.0,0.031746031746031744,0.24372294372109737,0.13059163059064116,invalid_or_bad_collection,疑似操作或采集异常,最低点贴近尾部，缺少谷底后的回升段,/mnt/nvme/projects/battery/output_ups_型号1/plots/单体XX电压/单体XX电压__2-203电池室（8、10）.xlsx__Sheet1__咸阳秦都西咸数据中心2号楼D203电力电池机房__8#UPS蓄电池组2__未知组__181节电池电压.png,/mnt/nvme/projects/battery/output_ups_型号1/plots_三分类/单体XX电压/疑似操作或采集异常/单体XX电压__2-203电池室（8、10）.xlsx__Sheet1__咸阳秦都西咸数据中心2号楼D203电力电池机房__8#UPS蓄电池组2__未知组__181节电池电压.png
单体XX电压__2-203电池室（8、10）.xlsx__Sheet1__咸阳秦都西咸数据中心2号楼D203电力电池机房__8#UPS蓄电池组2__未知组__60节电池电压.png,2-203电池室（8、10）.xlsx,Sheet1,咸阳秦都西咸数据中心2号楼D203电力电池机房,8#UPS蓄电池组2,未知组,60节电池电压,0.998468606431853,0.8044408774685596,0.1400035669688104,0.7885678615956626,0.6644373104997492,0.6485642946268522,0.9761105877135815,0.17638036809815952,0.0,0.031746031746031744,0.19689673622110426,0.19484572855213433,invalid_or_bad_collection,疑似操作或采集异常,最低点贴近尾部，缺少谷底后的回升段,/mnt/nvme/projects/battery/output_ups_型号1/plots/单体XX电压/单体XX电压__2-203电池室（8、10）.xlsx__Sheet1__咸阳秦都西咸数据中心2号楼D203电力电池机房__8#UPS蓄电池组2__未知组__60节电池电压.png,/mnt/nvme/projects/battery/output_ups_型号1/plots_三分类/单体XX电压/疑似操作或采集异常/单体XX电压__2-203电池室（8、10）.xlsx__Sheet1__咸阳秦都西咸数据中心2号楼D203电力电池机房__8#UPS蓄电池组2__未知组__60节电池电压.png
单体XX电压__2-D203电池室（2、4、6、12#UPS）.xlsx__Sheet1__咸阳秦都西咸数据中心2号楼D203电力电池机房__12#UPS蓄电池组1__未知组__123节电池电压.png,2-D203电池室（2、4、6、12#UPS）.xlsx,Sheet1,咸阳秦都西咸数据中心2号楼D203电力电池机房,12#UPS蓄电池组1,未知组,123节电池电压,0.998468606431853,0.858820492964507,0.05594270228401409,0.8444315395512023,0.8028777906804929,0.7884888372671882,0.9820782757196617,0.09202453987730061,0.0,0.013513513513513514,0.10154858691416568,0.13550135501318294,invalid_or_bad_collection,疑似操作或采集异常,整体动态范围过小，更像平线或轻微波动,/mnt/nvme/projects/battery/output_ups_型号1/plots/单体XX电压/单体XX电压__2-D203电池室（2、4、6、12#UPS）.xlsx__Sheet1__咸阳秦都西咸数据中心2号楼D203电力电池机房__12#UPS蓄电池组1__未知组__123节电池电压.png,/mnt/nvme/projects/battery/output_ups_型号1/plots_三分类/单体XX电压/疑似操作或采集异常/单体XX电压__2-D203电池室（2、4、6、12#UPS）.xlsx__Sheet1__咸阳秦都西咸数据中心2号楼D203电力电池机房__12#UPS蓄电池组1__未知组__123节电池电压.png
单体XX电压__2-D203电池室（2、4、6、12#UPS）.xlsx__Sheet1__咸阳秦都西咸数据中心2号楼D203电力电池机房__12#UPS蓄电池组1__未知组__214节电池电压.png,2-D203电池室（2、4、6、12#UPS）.xlsx,Sheet1,咸阳秦都西咸数据中心2号楼D203电力电池机房,12#UPS蓄电池组1,未知组,214节电池电压,0.998468606431853,0.8636995827514222,0.15623551228514726,0.931651102719443,0.7074640704662749,0.7754155904342956,1.096049427396625,0.10122699386503067,0.0,0.0,0.10082786939504407,0.03768461487505248,invalid_or_bad_collection,疑似操作或采集异常,整体动态范围过小，更像平线或轻微波动,/mnt/nvme/projects/battery/output_ups_型号1/plots/单体XX电压/单体XX电压__2-D203电池室（2、4、6、12#UPS）.xlsx__Sheet1__咸阳秦都西咸数据中心2号楼D203电力电池机房__12#UPS蓄电池组1__未知组__214节电池电压.png,/mnt/nvme/projects/battery/output_ups_型号1/plots_三分类/单体XX电压/疑似操作或采集异常/单体XX电压__2-D203电池室（2、4、6、12#UPS）.xlsx__Sheet1__咸阳秦都西咸数据中心2号楼D203电力电池机房__12#UPS蓄电池组1__未知组__214节电池电压.png
单体XX电压__2-D203电池室（2、4、6、12#UPS）.xlsx__Sheet1__咸阳秦都西咸数据中心2号楼D203电力电池机房__12#UPS蓄电池组1__未知组__228节电池电压.png,2-D203电池室（2、4、6、12#UPS）.xlsx,Sheet1,咸阳秦都西咸数据中心2号楼D203电力电池机房,12#UPS蓄电池组1,未知组,228节电池电压,0.998468606431853,0.9203990660129726,0.16245666171323686,0.9773933347455563,0.7579424042997358,0.8149366730323195,1.075196040403683,0.09969325153374232,0.0,0.03305785123966942,0.07341682586831622,0.011497912686585732,invalid_or_bad_collection,疑似操作或采集异常,整体动态范围过小，更像平线或轻微波动,/mnt/nvme/projects/battery/output_ups_型号1/plots/单体XX电压/单体XX电压__2-D203电池室（2、4、6、12#UPS）.xlsx__Sheet1__咸阳秦都西咸数据中心2号楼D203电力电池机房__12#UPS蓄电池组1__未知组__228节电池电压.png,/mnt/nvme/projects/battery/output_ups_型号1/plots_三分类/单体XX电压/疑似操作或采集异常/单体XX电压__2-D203电池室（2、4、6、12#UPS）.xlsx__Sheet1__咸阳秦都西咸数据中心2号楼D203电力电池机房__12#UPS蓄电池组1__未知组__228节电池电压.png
单体XX电压__2-D203电池室（2、4、6、12#UPS）.xlsx__Sheet1__咸阳秦都西咸数据中心2号楼D203电力电池机房__12#UPS蓄电池组1__未知组__24节电池电压.png,2-D203电池室（2、4、6、12#UPS）.xlsx,Sheet1,咸阳秦都西咸数据中心2号楼D203电力电池机房,12#UPS蓄电池组1,未知组,24节电池电压,0.998468606431853,0.8930211202913874,0.06808343171960779,0.8655057064124131,0.8249376885717796,0.7974222746928052,0.9666454627703367,0.11809815950920245,0.0,0.0,0.09050242686581389,0.11088154269941908,invalid_or_bad_collection,疑似操作或采集异常,整体动态范围过小，更像平线或轻微波动,/mnt/nvme/projects/battery/output_ups_型号1/plots/单体XX电压/单体XX电压__2-D203电池室（2、4、6、12#UPS）.xlsx__Sheet1__咸阳秦都西咸数据中心2号楼D203电力电池机房__12#UPS蓄电池组1__未知组__24节电池电压.png,/mnt/nvme/projects/battery/output_ups_型号1/plots_三分类/单体XX电压/疑似操作或采集异常/单体XX电压__2-D203电池室（2、4、6、12#UPS）.xlsx__Sheet1__咸阳秦都西咸数据中心2号楼D203电力电池机房__12#UPS蓄电池组1__未知组__24节电池电压.png
单体XX电压__2-D203电池室（2、4、6、12#UPS）.xlsx__Sheet1__咸阳秦都西咸数据中心2号楼D203电力电池机房__12#UPS蓄电池组2__未知组__100节电池电压.png,2-D203电池室（2、4、6、12#UPS）.xlsx,Sheet1,咸阳秦都西咸数据中心2号楼D203电力电池机房,12#UPS蓄电池组2,未知组,100节电池电压,0.998468606431853,0.9914429420575059,0.02292768959429336,0.5080998105675524,0.9685152524632126,0.485172120973259,0.5009442228590439,0.0705521472392638,0.0,0.0,0.12695799856258894,0.4913122999529276,invalid_or_bad_collection,疑似操作或采集异常,最低点贴近尾部，缺少谷底后的回升段,/mnt/nvme/projects/battery/output_ups_型号1/plots/单体XX电压/单体XX电压__2-D203电池室（2、4、6、12#UPS）.xlsx__Sheet1__咸阳秦都西咸数据中心2号楼D203电力电池机房__12#UPS蓄电池组2__未知组__100节电池电压.png,/mnt/nvme/projects/battery/output_ups_型号1/plots_三分类/单体XX电压/疑似操作或采集异常/单体XX电压__2-D203电池室（2、4、6、12#UPS）.xlsx__Sheet1__咸阳秦都西咸数据中心2号楼D203电力电池机房__12#UPS蓄电池组2__未知组__100节电池电压.png
单体XX电压__2-D203电池室（2、4、6、12#UPS）.xlsx__Sheet1__咸阳秦都西咸数据中心2号楼D203电力电池机房__12#UPS蓄电池组2__未知组__151节电池电压.png,2-D203电池室（2、4、6、12#UPS）.xlsx,Sheet1,咸阳秦都西咸数据中心2号楼D203电力电池机房,12#UPS蓄电池组2,未知组,151节电池电压,0.998468606431853,0.8685243328076612,0.06979330193596733,0.9154565672397665,0.7987310308716938,0.8456632653037992,1.0587584951120874,0.05368098159509203,0.0,0.0,0.12267137624246816,0.0845434327574861,invalid_or_bad_collection,疑似操作或采集异常,最低点贴近尾部，缺少谷底后的回升段,/mnt/nvme/projects/battery/output_ups_型号1/plots/单体XX电压/单体XX电压__2-D203电池室（2、4、6、12#UPS）.xlsx__Sheet1__咸阳秦都西咸数据中心2号楼D203电力电池机房__12#UPS蓄电池组2__未知组__151节电池电压.png,/mnt/nvme/projects/battery/output_ups_型号1/plots_三分类/单体XX电压/疑似操作或采集异常/单体XX电压__2-D203电池室（2、4、6、12#UPS）.xlsx__Sheet1__咸阳秦都西咸数据中心2号楼D203电力电池机房__12#UPS蓄电池组2__未知组__151节电池电压.png
单体XX电压__2-D203电池室（2、4、6、12#UPS）.xlsx__Sheet1__咸阳秦都西咸数据中心2号楼D203电力电池机房__12#UPS蓄电池组2__未知组__207节电池电压.png,2-D203电池室（2、4、6、12#UPS）.xlsx,Sheet1,咸阳秦都西咸数据中心2号楼D203电力电池机房,12#UPS蓄电池组2,未知组,207节电池电压,0.998468606431853,0.8942884084301503,0.07563817606229023,0.8635414561839923,0.8186502323678602,0.7879032801217021,0.9624418927730984,0.1165644171779141,0.0,0.0,0.07363103657283665,0.11941806425506729,invalid_or_bad_collection,疑似操作或采集异常,整体动态范围过小，更像平线或轻微波动,/mnt/nvme/projects/battery/output_ups_型号1/plots/单体XX电压/单体XX电压__2-D203电池室（2、4、6、12#UPS）.xlsx__Sheet1__咸阳秦都西咸数据中心2号楼D203电力电池机房__12#UPS蓄电池组2__未知组__207节电池电压.png,/mnt/nvme/projects/battery/output_ups_型号1/plots_三分类/单体XX电压/疑似操作或采集异常/单体XX电压__2-D203电池室（2、4、6、12#UPS）.xlsx__Sheet1__咸阳秦都西咸数据中心2号楼D203电力电池机房__12#UPS蓄电池组2__未知组__207节电池电压.png
单体XX电压__2-D203电池室（2、4、6、12#UPS）.xlsx__Sheet1__咸阳秦都西咸数据中心2号楼D203电力电池机房__12#UPS蓄电池组2__未知组__38节电池电压.png,2-D203电池室（2、4、6、12#UPS）.xlsx,Sheet1,咸阳秦都西咸数据中心2号楼D203电力电池机房,12#UPS蓄电池组2,未知组,38节电池电压,0.998468606431853,0.8910790489712508,0.04579015105317867,0.8540269592876875,0.8452888979180722,0.8082368082345088,0.9561663583527619,0.11503067484662577,0.0,0.0,0.09771726613804099,0.12253606990414245,invalid_or_bad_collection,疑似操作或采集异常,整体动态范围过小，更像平线或轻微波动,/mnt/nvme/projects/battery/output_ups_型号1/plots/单体XX电压/单体XX电压__2-D203电池室（2、4、6、12#UPS）.xlsx__Sheet1__咸阳秦都西咸数据中心2号楼D203电力电池机房__12#UPS蓄电池组2__未知组__38节电池电压.png,/mnt/nvme/projects/battery/output_ups_型号1/plots_三分类/单体XX电压/疑似操作或采集异常/单体XX电压__2-D203电池室（2、4、6、12#UPS）.xlsx__Sheet1__咸阳秦都西咸数据中心2号楼D203电力电池机房__12#UPS蓄电池组2__未知组__38节电池电压.png
单体XX电压__2-D203电池室（2、4、6、12#UPS）.xlsx__Sheet1__咸阳秦都西咸数据中心2号楼D203电力电池机房__2#UPS蓄电池组1__未知组__11节电池电压.png,2-D203电池室（2、4、6、12#UPS）.xlsx,Sheet1,咸阳秦都西咸数据中心2号楼D203电力电池机房,2#UPS蓄电池组1,未知组,11节电池电压,0.998468606431853,0.8320338698830528,0.0008383635144169005,0.005868544600918302,0.8311955063686359,0.005030181086501401,0.006051742390217843,0.12269938650306748,0.0,0.0,0.9097417840343555,0.9692320590173786,invalid_or_bad_collection,疑似操作或采集异常,最低点贴近尾部，缺少谷底后的回升段,/mnt/nvme/projects/battery/output_ups_型号1/plots/单体XX电压/单体XX电压__2-D203电池室（2、4、6、12#UPS）.xlsx__Sheet1__咸阳秦都西咸数据中心2号楼D203电力电池机房__2#UPS蓄电池组1__未知组__11节电池电压.png,/mnt/nvme/projects/battery/output_ups_型号1/plots_三分类/单体XX电压/疑似操作或采集异常/单体XX电压__2-D203电池室（2、4、6、12#UPS）.xlsx__Sheet1__咸阳秦都西咸数据中心2号楼D203电力电池机房__2#UPS蓄电池组1__未知组__11节电池电压.png
单体XX电压__2-D203电池室（2、4、6、12#UPS）.xlsx__Sheet1__咸阳秦都西咸数据中心2号楼D203电力电池机房__2#UPS蓄电池组1__未知组__135节电池电压.png,2-D203电池室（2、4、6、12#UPS）.xlsx,Sheet1,咸阳秦都西咸数据中心2号楼D203电力电池机房,2#UPS蓄电池组1,未知组,135节电池电压,0.998468606431853,0.7394557823107014,0.012960973863190523,0.3460078768339039,0.7264948084475109,0.3330469029707134,0.4584298451134026,0.0843558282208589,0.0,0.0,0.20641604009962966,0.6467597565322476,invalid_or_bad_collection,疑似操作或采集异常,最低点贴近尾部，缺少谷底后的回升段,/mnt/nvme/projects/battery/output_ups_型号1/plots/单体XX电压/单体XX电压__2-D203电池室（2、4、6、12#UPS）.xlsx__Sheet1__咸阳秦都西咸数据中心2号楼D203电力电池机房__2#UPS蓄电池组1__未知组__135节电池电压.png,/mnt/nvme/projects/battery/output_ups_型号1/plots_三分类/单体XX电压/疑似操作或采集异常/单体XX电压__2-D203电池室（2、4、6、12#UPS）.xlsx__Sheet1__咸阳秦都西咸数据中心2号楼D203电力电池机房__2#UPS蓄电池组1__未知组__135节电池电压.png
单体XX电压__2-D203电池室（2、4、6、12#UPS）.xlsx__Sheet1__咸阳秦都西咸数据中心2号楼D203电力电池机房__2#UPS蓄电池组1__未知组__17节电池电压.png,2-D203电池室（2、4、6、12#UPS）.xlsx,Sheet1,咸阳秦都西咸数据中心2号楼D203电力电池机房,2#UPS蓄电池组1,未知组,17节电池电压,0.998468606431853,0.7588356916694534,0.011048652839667633,0.19528978484149367,0.7477870388297858,0.18424113200182604,0.24638182020881738,0.17024539877300612,0.0,0.0,0.1700458745230249,0.7680752083716316,invalid_or_bad_collection,疑似操作或采集异常,最低点贴近尾部，缺少谷底后的回升段,/mnt/nvme/projects/battery/output_ups_型号1/plots/单体XX电压/单体XX电压__2-D203电池室（2、4、6、12#UPS）.xlsx__Sheet1__咸阳秦都西咸数据中心2号楼D203电力电池机房__2#UPS蓄电池组1__未知组__17节电池电压.png,/mnt/nvme/projects/battery/output_ups_型号1/plots_三分类/单体XX电压/疑似操作或采集异常/单体XX电压__2-D203电池室（2、4、6、12#UPS）.xlsx__Sheet1__咸阳秦都西咸数据中心2号楼D203电力电池机房__2#UPS蓄电池组1__未知组__17节电池电压.png
单体XX电压__2-D203电池室（2、4、6、12#UPS）.xlsx__Sheet1__咸阳秦都西咸数据中心2号楼D203电力电池机房__2#UPS蓄电池组1__未知组__193节电池电压.png,2-D203电池室（2、4、6、12#UPS）.xlsx,Sheet1,咸阳秦都西咸数据中心2号楼D203电力电池机房,2#UPS蓄电池组1,未知组,193节电池电压,0.998468606431853,0.8372885338318323,0.0007048872180427941,0.005404135338328088,0.8365836466137895,0.0046992481202852935,0.00561718859039271,0.1303680981595092,0.0,0.0,0.9156015037563868,0.967888471174761,invalid_or_bad_collection,疑似操作或采集异常,最低点贴近尾部，缺少谷底后的回升段,/mnt/nvme/projects/battery/output_ups_型号1/plots/单体XX电压/单体XX电压__2-D203电池室（2、4、6、12#UPS）.xlsx__Sheet1__咸阳秦都西咸数据中心2号楼D203电力电池机房__2#UPS蓄电池组1__未知组__193节电池电压.png,/mnt/nvme/projects/battery/output_ups_型号1/plots_三分类/单体XX电压/疑似操作或采集异常/单体XX电压__2-D203电池室（2、4、6、12#UPS）.xlsx__Sheet1__咸阳秦都西咸数据中心2号楼D203电力电池机房__2#UPS蓄电池组1__未知组__193节电池电压.png
单体XX电压__2-D203电池室（2、4、6、12#UPS）.xlsx__Sheet1__咸阳秦都西咸数据中心2号楼D203电力电池机房__2#UPS蓄电池组1__未知组__1节电池电压.png,2-D203电池室（2、4、6、12#UPS）.xlsx,Sheet1,咸阳秦都西咸数据中心2号楼D203电力电池机房,2#UPS蓄电池组1,未知组,1节电池电压,0.998468606431853,0.7655557635878328,0.010796979342167293,0.20573550521071954,0.7547587842456656,0.19493852586855226,0.25827924057233986,0.1273006134969325,0.0,0.0,0.17262684890424707,0.7840292080114255,invalid_or_bad_collection,疑似操作或采集异常,最低点贴近尾部，缺少谷底后的回升段,/mnt/nvme/projects/battery/output_ups_型号1/plots/单体XX电压/单体XX电压__2-D203电池室（2、4、6、12#UPS）.xlsx__Sheet1__咸阳秦都西咸数据中心2号楼D203电力电池机房__2#UPS蓄电池组1__未知组__1节电池电压.png,/mnt/nvme/projects/battery/output_ups_型号1/plots_三分类/单体XX电压/疑似操作或采集异常/单体XX电压__2-D203电池室（2、4、6、12#UPS）.xlsx__Sheet1__咸阳秦都西咸数据中心2号楼D203电力电池机房__2#UPS蓄电池组1__未知组__1节电池电压.png
单体XX电压__2-D203电池室（2、4、6、12#UPS）.xlsx__Sheet1__咸阳秦都西咸数据中心2号楼D203电力电池机房__2#UPS蓄电池组1__未知组__20节电池电压.png,2-D203电池室（2、4、6、12#UPS）.xlsx,Sheet1,咸阳秦都西咸数据中心2号楼D203电力电池机房,2#UPS蓄电池组1,未知组,20节电池电压,0.998468606431853,0.8060200668869364,0.000716674629715711,0.006330625895822114,0.8053033922572207,0.005613951266106403,0.006971225147083492,0.10122699386503067,0.0,0.014084507042253521,0.8912884217202236,0.9730450708679035,invalid_or_bad_collection,疑似操作或采集异常,最低点贴近尾部，缺少谷底后的回升段,/mnt/nvme/projects/battery/output_ups_型号1/plots/单体XX电压/单体XX电压__2-D203电池室（2、4、6、12#UPS）.xlsx__Sheet1__咸阳秦都西咸数据中心2号楼D203电力电池机房__2#UPS蓄电池组1__未知组__20节电池电压.png,/mnt/nvme/projects/battery/output_ups_型号1/plots_三分类/单体XX电压/疑似操作或采集异常/单体XX电压__2-D203电池室（2、4、6、12#UPS）.xlsx__Sheet1__咸阳秦都西咸数据中心2号楼D203电力电池机房__2#UPS蓄电池组1__未知组__20节电池电压.png
单体XX电压__2-D203电池室（2、4、6、12#UPS）.xlsx__Sheet1__咸阳秦都西咸数据中心2号楼D203电力电池机房__2#UPS蓄电池组1__未知组__24节电池电压.png,2-D203电池室（2、4、6、12#UPS）.xlsx,Sheet1,咸阳秦都西咸数据中心2号楼D203电力电池机房,2#UPS蓄电池组1,未知组,24节电池电压,0.998468606431853,0.7353035553824362,0.01193685021175065,0.36455525606370737,0.7233667051706856,0.3526184058519567,0.48746839306252626,0.14570552147239263,0.0,0.0,0.2024772173014694,0.6244705429324717,invalid_or_bad_collection,疑似操作或采集异常,最低点贴近尾部，缺少谷底后的回升段,/mnt/nvme/projects/battery/output_ups_型号1/plots/单体XX电压/单体XX电压__2-D203电池室（2、4、6、12#UPS）.xlsx__Sheet1__咸阳秦都西咸数据中心2号楼D203电力电池机房__2#UPS蓄电池组1__未知组__24节电池电压.png,/mnt/nvme/projects/battery/output_ups_型号1/plots_三分类/单体XX电压/疑似操作或采集异常/单体XX电压__2-D203电池室（2、4、6、12#UPS）.xlsx__Sheet1__咸阳秦都西咸数据中心2号楼D203电力电池机房__2#UPS蓄电池组1__未知组__24节电池电压.png
单体XX电压__2-D203电池室（2、4、6、12#UPS）.xlsx__Sheet1__咸阳秦都西咸数据中心2号楼D203电力电池机房__2#UPS蓄电池组1__未知组__3节电池电压.png,2-D203电池室（2、4、6、12#UPS）.xlsx,Sheet1,咸阳秦都西咸数据中心2号楼D203电力电池机房,2#UPS蓄电池组1,未知组,3节电池电压,0.998468606431853,0.812347374844771,0.0006105006104986537,0.006524725274704362,0.8117368742342724,0.005914224664205709,0.007285888869467494,0.12269938650306748,0.0,0.024096385542168676,0.8857448107419719,0.9560057997527356,invalid_or_bad_collection,疑似操作或采集异常,最低点贴近尾部，缺少谷底后的回升段,/mnt/nvme/projects/battery/output_ups_型号1/plots/单体XX电压/单体XX电压__2-D203电池室（2、4、6、12#UPS）.xlsx__Sheet1__咸阳秦都西咸数据中心2号楼D203电力电池机房__2#UPS蓄电池组1__未知组__3节电池电压.png,/mnt/nvme/projects/battery/output_ups_型号1/plots_三分类/单体XX电压/疑似操作或采集异常/单体XX电压__2-D203电池室（2、4、6、12#UPS）.xlsx__Sheet1__咸阳秦都西咸数据中心2号楼D203电力电池机房__2#UPS蓄电池组1__未知组__3节电池电压.png
单体XX电压__2-D203电池室（2、4、6、12#UPS）.xlsx__Sheet1__咸阳秦都西咸数据中心2号楼D203电力电池机房__2#UPS蓄电池组1__未知组__4节电池电压.png,2-D203电池室（2、4、6、12#UPS）.xlsx,Sheet1,咸阳秦都西咸数据中心2号楼D203电力电池机房,2#UPS蓄电池组1,未知组,4节电池电压,0.998468606431853,0.7619982547973072,0.010595861381173957,0.2069621042128713,0.7514023934161332,0.19636624283169735,0.26133300118677555,0.1273006134969325,0.0,0.0,0.18166292695040964,0.7817564198433787,invalid_or_bad_collection,疑似操作或采集异常,最低点贴近尾部，缺少谷底后的回升段,/mnt/nvme/projects/battery/output_ups_型号1/plots/单体XX电压/单体XX电压__2-D203电池室（2、4、6、12#UPS）.xlsx__Sheet1__咸阳秦都西咸数据中心2号楼D203电力电池机房__2#UPS蓄电池组1__未知组__4节电池电压.png,/mnt/nvme/projects/battery/output_ups_型号1/plots_三分类/单体XX电压/疑似操作或采集异常/单体XX电压__2-D203电池室（2、4、6、12#UPS）.xlsx__Sheet1__咸阳秦都西咸数据中心2号楼D203电力电池机房__2#UPS蓄电池组1__未知组__4节电池电压.png
单体XX电压__2-D203电池室（2、4、6、12#UPS）.xlsx__Sheet1__咸阳秦都西咸数据中心2号楼D203电力电池机房__2#UPS蓄电池组1__未知组__54节电池电压.png,2-D203电池室（2、4、6、12#UPS）.xlsx,Sheet1,咸阳秦都西咸数据中心2号楼D203电力电池机房,2#UPS蓄电池组1,未知组,54节电池电压,0.998468606431853,0.8277216610522075,0.0008818342151645794,0.008417508417480075,0.8268398268370428,0.007535674202315496,0.009113825856730089,0.09049079754601227,0.0,0.0,0.9051948051917573,0.9801186467820133,invalid_or_bad_collection,疑似操作或采集异常,最低点贴近尾部，缺少谷底后的回升段,/mnt/nvme/projects/battery/output_ups_型号1/plots/单体XX电压/单体XX电压__2-D203电池室（2、4、6、12#UPS）.xlsx__Sheet1__咸阳秦都西咸数据中心2号楼D203电力电池机房__2#UPS蓄电池组1__未知组__54节电池电压.png,/mnt/nvme/projects/battery/output_ups_型号1/plots_三分类/单体XX电压/疑似操作或采集异常/单体XX电压__2-D203电池室（2、4、6、12#UPS）.xlsx__Sheet1__咸阳秦都西咸数据中心2号楼D203电力电池机房__2#UPS蓄电池组1__未知组__54节电池电压.png
单体XX电压__2-D203电池室（2、4、6、12#UPS）.xlsx__Sheet1__咸阳秦都西咸数据中心2号楼D203电力电池机房__2#UPS蓄电池组1__未知组__7节电池电压.png,2-D203电池室（2、4、6、12#UPS）.xlsx,Sheet1,咸阳秦都西咸数据中心2号楼D203电力电池机房,2#UPS蓄电池组1,未知组,7节电池电压,0.998468606431853,0.8550930305868878,0.0008672343109400486,0.007056133711739487,0.8542257962759477,0.006188899400799438,0.007245039216253248,0.1273006134969325,0.0,0.0,0.9143014821792494,0.9668479974739348,invalid_or_bad_collection,疑似操作或采集异常,最低点贴近尾部，缺少谷底后的回升段,/mnt/nvme/projects/battery/output_ups_型号1/plots/单体XX电压/单体XX电压__2-D203电池室（2、4、6、12#UPS）.xlsx__Sheet1__咸阳秦都西咸数据中心2号楼D203电力电池机房__2#UPS蓄电池组1__未知组__7节电池电压.png,/mnt/nvme/projects/battery/output_ups_型号1/plots_三分类/单体XX电压/疑似操作或采集异常/单体XX电压__2-D203电池室（2、4、6、12#UPS）.xlsx__Sheet1__咸阳秦都西咸数据中心2号楼D203电力电池机房__2#UPS蓄电池组1__未知组__7节电池电压.png
单体XX电压__2-D203电池室（2、4、6、12#UPS）.xlsx__Sheet1__咸阳秦都西咸数据中心2号楼D203电力电池机房__2#UPS蓄电池组2__未知组__15节电池电压.png,2-D203电池室（2、4、6、12#UPS）.xlsx,Sheet1,咸阳秦都西咸数据中心2号楼D203电力电池机房,2#UPS蓄电池组2,未知组,15节电池电压,0.998468606431853,0.8816760746825134,0.09002750036157323,0.7213779128650819,0.7916485743209402,0.6313504125035087,0.7975134828576614,0.13190184049079753,0.0,0.0,0.22285424808153387,0.2668982486603553,invalid_or_bad_collection,疑似操作或采集异常,最低点贴近尾部，缺少谷底后的回升段,/mnt/nvme/projects/battery/output_ups_型号1/plots/单体XX电压/单体XX电压__2-D203电池室（2、4、6、12#UPS）.xlsx__Sheet1__咸阳秦都西咸数据中心2号楼D203电力电池机房__2#UPS蓄电池组2__未知组__15节电池电压.png,/mnt/nvme/projects/battery/output_ups_型号1/plots_三分类/单体XX电压/疑似操作或采集异常/单体XX电压__2-D203电池室（2、4、6、12#UPS）.xlsx__Sheet1__咸阳秦都西咸数据中心2号楼D203电力电池机房__2#UPS蓄电池组2__未知组__15节电池电压.png
单体XX电压__2-D203电池室（2、4、6、12#UPS）.xlsx__Sheet1__咸阳秦都西咸数据中心2号楼D203电力电池机房__2#UPS蓄电池组2__未知组__166节电池电压.png,2-D203电池室（2、4、6、12#UPS）.xlsx,Sheet1,咸阳秦都西咸数据中心2号楼D203电力电池机房,2#UPS蓄电池组2,未知组,166节电池电压,0.998468606431853,0.768832494710691,0.011813607525669352,0.17235469991925625,0.7570188871850216,0.1605410923935869,0.21207012783853996,0.13190184049079753,0.0,0.0,0.18718004812893907,0.8204987967596835,invalid_or_bad_collection,疑似操作或采集异常,最低点贴近尾部，缺少谷底后的回升段,/mnt/nvme/projects/battery/output_ups_型号1/plots/单体XX电压/单体XX电压__2-D203电池室（2、4、6、12#UPS）.xlsx__Sheet1__咸阳秦都西咸数据中心2号楼D203电力电池机房__2#UPS蓄电池组2__未知组__166节电池电压.png,/mnt/nvme/projects/battery/output_ups_型号1/plots_三分类/单体XX电压/疑似操作或采集异常/单体XX电压__2-D203电池室（2、4、6、12#UPS）.xlsx__Sheet1__咸阳秦都西咸数据中心2号楼D203电力电池机房__2#UPS蓄电池组2__未知组__166节电池电压.png
单体XX电压__2-D203电池室（2、4、6、12#UPS）.xlsx__Sheet1__咸阳秦都西咸数据中心2号楼D203电力电池机房__2#UPS蓄电池组2__未知组__167节电池电压.png,2-D203电池室（2、4、6、12#UPS）.xlsx,Sheet1,咸阳秦都西咸数据中心2号楼D203电力电池机房,2#UPS蓄电池组2,未知组,167节电池电压,0.998468606431853,0.7821539830861259,0.010977599762612294,0.1685951639217415,0.7711763833235137,0.15761756415912923,0.20438588027743287,0.13190184049079753,0.0,0.0,0.18047767393505543,0.8253968253942541,invalid_or_bad_collection,疑似操作或采集异常,最低点贴近尾部，缺少谷底后的回升段,/mnt/nvme/projects/battery/output_ups_型号1/plots/单体XX电压/单体XX电压__2-D203电池室（2、4、6、12#UPS）.xlsx__Sheet1__咸阳秦都西咸数据中心2号楼D203电力电池机房__2#UPS蓄电池组2__未知组__167节电池电压.png,/mnt/nvme/projects/battery/output_ups_型号1/plots_三分类/单体XX电压/疑似操作或采集异常/单体XX电压__2-D203电池室（2、4、6、12#UPS）.xlsx__Sheet1__咸阳秦都西咸数据中心2号楼D203电力电池机房__2#UPS蓄电池组2__未知组__167节电池电压.png
单体XX电压__2-D203电池室（2、4、6、12#UPS）.xlsx__Sheet1__咸阳秦都西咸数据中心2号楼D203电力电池机房__2#UPS蓄电池组2__未知组__77节电池电压.png,2-D203电池室（2、4、6、12#UPS）.xlsx,Sheet1,咸阳秦都西咸数据中心2号楼D203电力电池机房,2#UPS蓄电池组2,未知组,77节电池电压,0.998468606431853,0.772984011119876,0.051268682655356855,0.8133037886657838,0.7217153284645191,0.7620351060104269,1.055866592962385,0.12576687116564417,0.0,0.0,0.1642683350706553,0.16045359749680754,invalid_or_bad_collection,疑似操作或采集异常,最低点贴近尾部，缺少谷底后的回升段,/mnt/nvme/projects/battery/output_ups_型号1/plots/单体XX电压/单体XX电压__2-D203电池室（2、4、6、12#UPS）.xlsx__Sheet1__咸阳秦都西咸数据中心2号楼D203电力电池机房__2#UPS蓄电池组2__未知组__77节电池电压.png,/mnt/nvme/projects/battery/output_ups_型号1/plots_三分类/单体XX电压/疑似操作或采集异常/单体XX电压__2-D203电池室（2、4、6、12#UPS）.xlsx__Sheet1__咸阳秦都西咸数据中心2号楼D203电力电池机房__2#UPS蓄电池组2__未知组__77节电池电压.png
单体XX电压__2-D203电池室（2、4、6、12#UPS）.xlsx__Sheet1__咸阳秦都西咸数据中心2号楼D203电力电池机房__4#UPS蓄电池组1__未知组__28节电池电压.png,2-D203电池室（2、4、6、12#UPS）.xlsx,Sheet1,咸阳秦都西咸数据中心2号楼D203电力电池机房,4#UPS蓄电池组1,未知组,28节电池电压,0.998468606431853,0.8094385725631325,0.01647914535738765,0.2425843845885789,0.7929594272057447,0.22610523923119125,0.28514099358501477,0.1334355828220859,0.0,0.0,0.153540175019522,0.7500852369569552,invalid_or_bad_collection,疑似操作或采集异常,最低点贴近尾部，缺少谷底后的回升段,/mnt/nvme/projects/battery/output_ups_型号1/plots/单体XX电压/单体XX电压__2-D203电池室（2、4、6、12#UPS）.xlsx__Sheet1__咸阳秦都西咸数据中心2号楼D203电力电池机房__4#UPS蓄电池组1__未知组__28节电池电压.png,/mnt/nvme/projects/battery/output_ups_型号1/plots_三分类/单体XX电压/疑似操作或采集异常/单体XX电压__2-D203电池室（2、4、6、12#UPS）.xlsx__Sheet1__咸阳秦都西咸数据中心2号楼D203电力电池机房__4#UPS蓄电池组1__未知组__28节电池电压.png
单体XX电压__2-D203电池室（2、4、6、12#UPS）.xlsx__Sheet1__咸阳秦都西咸数据中心2号楼D203电力电池机房__6#UPS蓄电池组1__未知组__10节电池电压.png,2-D203电池室（2、4、6、12#UPS）.xlsx,Sheet1,咸阳秦都西咸数据中心2号楼D203电力电池机房,6#UPS蓄电池组1,未知组,10节电池电压,0.998468606431853,0.8889871738113907,0.14610054548044576,0.8790358248508152,0.742886628330945,0.7329352793703694,0.9866044836887993,0.11196319018404909,0.0,0.016129032258064516,0.12755417956577353,0.10047176765380827,invalid_or_bad_collection,疑似操作或采集异常,最低点贴近尾部，缺少谷底后的回升段,/mnt/nvme/projects/battery/output_ups_型号1/plots/单体XX电压/单体XX电压__2-D203电池室（2、4、6、12#UPS）.xlsx__Sheet1__咸阳秦都西咸数据中心2号楼D203电力电池机房__6#UPS蓄电池组1__未知组__10节电池电压.png,/mnt/nvme/projects/battery/output_ups_型号1/plots_三分类/单体XX电压/疑似操作或采集异常/单体XX电压__2-D203电池室（2、4、6、12#UPS）.xlsx__Sheet1__咸阳秦都西咸数据中心2号楼D203电力电池机房__6#UPS蓄电池组1__未知组__10节电池电压.png
单体XX电压__2-D203电池室（2、4、6、12#UPS）.xlsx__Sheet1__咸阳秦都西咸数据中心2号楼D203电力电池机房__6#UPS蓄电池组1__未知组__18节电池电压.png,2-D203电池室（2、4、6、12#UPS）.xlsx,Sheet1,咸阳秦都西咸数据中心2号楼D203电力电池机房,6#UPS蓄电池组1,未知组,18节电池电压,0.998468606431853,0.9009940676546669,0.14830848164081628,0.8969857303130233,0.7526855860138506,0.7486772486722071,0.9946746179137748,0.11196319018404909,0.0,0.015789473684210527,0.12727272727187044,0.08409491742768449,invalid_or_bad_collection,疑似操作或采集异常,最低点贴近尾部，缺少谷底后的回升段,/mnt/nvme/projects/battery/output_ups_型号1/plots/单体XX电压/单体XX电压__2-D203电池室（2、4、6、12#UPS）.xlsx__Sheet1__咸阳秦都西咸数据中心2号楼D203电力电池机房__6#UPS蓄电池组1__未知组__18节电池电压.png,/mnt/nvme/projects/battery/output_ups_型号1/plots_三分类/单体XX电压/疑似操作或采集异常/单体XX电压__2-D203电池室（2、4、6、12#UPS）.xlsx__Sheet1__咸阳秦都西咸数据中心2号楼D203电力电池机房__6#UPS蓄电池组1__未知组__18节电池电压.png
单体XX电压__2-D203电池室（2、4、6、12#UPS）.xlsx__Sheet1__咸阳秦都西咸数据中心2号楼D203电力电池机房__6#UPS蓄电池组1__未知组__1节电池电压.png,2-D203电池室（2、4、6、12#UPS）.xlsx,Sheet1,咸阳秦都西咸数据中心2号楼D203电力电池机房,6#UPS蓄电池组1,未知组,1节电池电压,0.998468606431853,0.8918158279818241,0.14983676685733505,0.8913092423688578,0.7419790611244891,0.7414724755115227,0.9993172494497138,0.11503067484662577,0.0,0.008064516129032258,0.10858944050382069,0.0862884160752424,invalid_or_bad_collection,疑似操作或采集异常,整体动态范围过小，更像平线或轻微波动,/mnt/nvme/projects/battery/output_ups_型号1/plots/单体XX电压/单体XX电压__2-D203电池室（2、4、6、12#UPS）.xlsx__Sheet1__咸阳秦都西咸数据中心2号楼D203电力电池机房__6#UPS蓄电池组1__未知组__1节电池电压.png,/mnt/nvme/projects/battery/output_ups_型号1/plots_三分类/单体XX电压/疑似操作或采集异常/单体XX电压__2-D203电池室（2、4、6、12#UPS）.xlsx__Sheet1__咸阳秦都西咸数据中心2号楼D203电力电池机房__6#UPS蓄电池组1__未知组__1节电池电压.png
单体XX电压__2-D203电池室（2、4、6、12#UPS）.xlsx__Sheet1__咸阳秦都西咸数据中心2号楼D203电力电池机房__6#UPS蓄电池组1__未知组__23节电池电压.png,2-D203电池室（2、4、6、12#UPS）.xlsx,Sheet1,咸阳秦都西咸数据中心2号楼D203电力电池机房,6#UPS蓄电池组1,未知组,23节电池电压,0.998468606431853,0.9044566544508565,0.14560439560346225,0.8807234432177977,0.7588522588473943,0.7351190476143354,0.9687248579350194,0.11196319018404909,0.0,0.015957446808510637,0.12533577533497198,0.10248778998713282,invalid_or_bad_collection,疑似操作或采集异常,最低点贴近尾部，缺少谷底后的回升段,/mnt/nvme/projects/battery/output_ups_型号1/plots/单体XX电压/单体XX电压__2-D203电池室（2、4、6、12#UPS）.xlsx__Sheet1__咸阳秦都西咸数据中心2号楼D203电力电池机房__6#UPS蓄电池组1__未知组__23节电池电压.png,/mnt/nvme/projects/battery/output_ups_型号1/plots_三分类/单体XX电压/疑似操作或采集异常/单体XX电压__2-D203电池室（2、4、6、12#UPS）.xlsx__Sheet1__咸阳秦都西咸数据中心2号楼D203电力电池机房__6#UPS蓄电池组1__未知组__23节电池电压.png
单体XX电压__2-D203电池室（2、4、6、12#UPS）.xlsx__Sheet1__咸阳秦都西咸数据中心2号楼D203电力电池机房__6#UPS蓄电池组1__未知组__25节电池电压.png,2-D203电池室（2、4、6、12#UPS）.xlsx,Sheet1,咸阳秦都西咸数据中心2号楼D203电力电池机房,6#UPS蓄电池组1,未知组,25节电池电压,0.998468606431853,0.7457757296306593,0.01792114695301962,0.13159242191217263,0.7278545826776397,0.11367127495915301,0.1561730564157538,0.41411042944785276,0.0,0.0091324200913242,0.5195084485295345,0.8330773169303689,invalid_or_bad_collection,疑似操作或采集异常,最低点贴近尾部，缺少谷底后的回升段,/mnt/nvme/projects/battery/output_ups_型号1/plots/单体XX电压/单体XX电压__2-D203电池室（2、4、6、12#UPS）.xlsx__Sheet1__咸阳秦都西咸数据中心2号楼D203电力电池机房__6#UPS蓄电池组1__未知组__25节电池电压.png,/mnt/nvme/projects/battery/output_ups_型号1/plots_三分类/单体XX电压/疑似操作或采集异常/单体XX电压__2-D203电池室（2、4、6、12#UPS）.xlsx__Sheet1__咸阳秦都西咸数据中心2号楼D203电力电池机房__6#UPS蓄电池组1__未知组__25节电池电压.png
单体XX电压__2-D203电池室（2、4、6、12#UPS）.xlsx__Sheet1__咸阳秦都西咸数据中心2号楼D203电力电池机房__6#UPS蓄电池组1__未知组__39节电池电压.png,2-D203电池室（2、4、6、12#UPS）.xlsx,Sheet1,咸阳秦都西咸数据中心2号楼D203电力电池机房,6#UPS蓄电池组1,未知组,39节电池电压,0.998468606431853,0.9677077308617078,0.10323886639634317,0.622566030458247,0.8644688644653646,0.5193271640619038,0.6007471001079228,0.03680981595092025,0.0,0.0,0.2830923462490953,0.37396375554118866,invalid_or_bad_collection,疑似操作或采集异常,最低点贴近尾部，缺少谷底后的回升段,/mnt/nvme/projects/battery/output_ups_型号1/plots/单体XX电压/单体XX电压__2-D203电池室（2、4、6、12#UPS）.xlsx__Sheet1__咸阳秦都西咸数据中心2号楼D203电力电池机房__6#UPS蓄电池组1__未知组__39节电池电压.png,/mnt/nvme/projects/battery/output_ups_型号1/plots_三分类/单体XX电压/疑似操作或采集异常/单体XX电压__2-D203电池室（2、4、6、12#UPS）.xlsx__Sheet1__咸阳秦都西咸数据中心2号楼D203电力电池机房__6#UPS蓄电池组1__未知组__39节电池电压.png
单体XX电压__2-D203电池室（2、4、6、12#UPS）.xlsx__Sheet1__咸阳秦都西咸数据中心2号楼D203电力电池机房__6#UPS蓄电池组1__未知组__3节电池电压.png,2-D203电池室（2、4、6、12#UPS）.xlsx,Sheet1,咸阳秦都西咸数据中心2号楼D203电力电池机房,6#UPS蓄电池组1,未知组,3节电池电压,0.998468606431853,0.8148429584556456,0.13905775075913873,0.8430851063784944,0.6757852076965069,0.7040273556193557,1.0417916026562994,0.11503067484662577,0.0,0.014285714285714285,0.163095238094371,0.11398176291732665,invalid_or_bad_collection,疑似操作或采集异常,最低点贴近尾部，缺少谷底后的回升段,/mnt/nvme/projects/battery/output_ups_型号1/plots/单体XX电压/单体XX电压__2-D203电池室（2、4、6、12#UPS）.xlsx__Sheet1__咸阳秦都西咸数据中心2号楼D203电力电池机房__6#UPS蓄电池组1__未知组__3节电池电压.png,/mnt/nvme/projects/battery/output_ups_型号1/plots_三分类/单体XX电压/疑似操作或采集异常/单体XX电压__2-D203电池室（2、4、6、12#UPS）.xlsx__Sheet1__咸阳秦都西咸数据中心2号楼D203电力电池机房__6#UPS蓄电池组1__未知组__3节电池电压.png
单体XX电压__2-D203电池室（2、4、6、12#UPS）.xlsx__Sheet1__咸阳秦都西咸数据中心2号楼D203电力电池机房__6#UPS蓄电池组1__未知组__40节电池电压.png,2-D203电池室（2、4、6、12#UPS）.xlsx,Sheet1,咸阳秦都西咸数据中心2号楼D203电力电池机房,6#UPS蓄电池组1,未知组,40节电池电压,0.998468606431853,0.9679067460277132,0.10138888888846644,0.6122023809498301,0.8665178571392468,0.5108134920613637,0.5895014018040902,0.03680981595092025,0.0,0.0,0.2933333333321111,0.3842261904745896,invalid_or_bad_collection,疑似操作或采集异常,最低点贴近尾部，缺少谷底后的回升段,/mnt/nvme/projects/battery/output_ups_型号1/plots/单体XX电压/单体XX电压__2-D203电池室（2、4、6、12#UPS）.xlsx__Sheet1__咸阳秦都西咸数据中心2号楼D203电力电池机房__6#UPS蓄电池组1__未知组__40节电池电压.png,/mnt/nvme/projects/battery/output_ups_型号1/plots_三分类/单体XX电压/疑似操作或采集异常/单体XX电压__2-D203电池室（2、4、6、12#UPS）.xlsx__Sheet1__咸阳秦都西咸数据中心2号楼D203电力电池机房__6#UPS蓄电池组1__未知组__40节电池电压.png
单体XX电压__2-D203电池室（2、4、6、12#UPS）.xlsx__Sheet1__咸阳秦都西咸数据中心2号楼D203电力电池机房__6#UPS蓄电池组1__未知组__6节电池电压.png,2-D203电池室（2、4、6、12#UPS）.xlsx,Sheet1,咸阳秦都西咸数据中心2号楼D203电力电池机房,6#UPS蓄电池组1,未知组,6节电池电压,0.998468606431853,0.8993913354770526,0.14822771213674357,0.8851294903882115,0.7511636233403091,0.736901778251468,0.9810136625008085,0.1165644171779141,0.0,0.023622047244094488,0.11065759637132744,0.09577515216564947,invalid_or_bad_collection,疑似操作或采集异常,整体动态范围过小，更像平线或轻微波动,/mnt/nvme/projects/battery/output_ups_型号1/plots/单体XX电压/单体XX电压__2-D203电池室（2、4、6、12#UPS）.xlsx__Sheet1__咸阳秦都西咸数据中心2号楼D203电力电池机房__6#UPS蓄电池组1__未知组__6节电池电压.png,/mnt/nvme/projects/battery/output_ups_型号1/plots_三分类/单体XX电压/疑似操作或采集异常/单体XX电压__2-D203电池室（2、4、6、12#UPS）.xlsx__Sheet1__咸阳秦都西咸数据中心2号楼D203电力电池机房__6#UPS蓄电池组1__未知组__6节电池电压.png
单体XX电压__2-D203电池室（2、4、6、12#UPS）.xlsx__Sheet1__咸阳秦都西咸数据中心2号楼D203电力电池机房__6#UPS蓄电池组1__未知组__86节电池电压.png,2-D203电池室（2、4、6、12#UPS）.xlsx,Sheet1,咸阳秦都西咸数据中心2号楼D203电力电池机房,6#UPS蓄电池组1,未知组,86节电池电压,0.998468606431853,0.9871536185039732,0.13142319074448217,0.8005784234552564,0.855730427759491,0.6691552327107743,0.7819696603296141,0.03680981595092025,0.0,0.0,0.1619854721540488,0.198210922786074,invalid_or_bad_collection,疑似操作或采集异常,最低点贴近尾部，缺少谷底后的回升段,/mnt/nvme/projects/battery/output_ups_型号1/plots/单体XX电压/单体XX电压__2-D203电池室（2、4、6、12#UPS）.xlsx__Sheet1__咸阳秦都西咸数据中心2号楼D203电力电池机房__6#UPS蓄电池组1__未知组__86节电池电压.png,/mnt/nvme/projects/battery/output_ups_型号1/plots_三分类/单体XX电压/疑似操作或采集异常/单体XX电压__2-D203电池室（2、4、6、12#UPS）.xlsx__Sheet1__咸阳秦都西咸数据中心2号楼D203电力电池机房__6#UPS蓄电池组1__未知组__86节电池电压.png
单体XX电压__2-D203电池室（2、4、6、12#UPS）.xlsx__Sheet1__咸阳秦都西咸数据中心2号楼D203电力电池机房__6#UPS蓄电池组2__未知组__126节电池电压.png,2-D203电池室（2、4、6、12#UPS）.xlsx,Sheet1,咸阳秦都西咸数据中心2号楼D203电力电池机房,6#UPS蓄电池组2,未知组,126节电池电压,0.9984375,0.7660942939734362,0.10532837670358036,0.8146574614955913,0.6607659172698559,0.7093290847920108,1.0734952653873437,0.1189358372456964,0.0,0.020618556701030927,0.11809169764530869,0.13371098129429282,invalid_or_bad_collection,疑似操作或采集异常,整体动态范围过小，更像平线或轻微波动,/mnt/nvme/projects/battery/output_ups_型号1/plots/单体XX电压/单体XX电压__2-D203电池室（2、4、6、12#UPS）.xlsx__Sheet1__咸阳秦都西咸数据中心2号楼D203电力电池机房__6#UPS蓄电池组2__未知组__126节电池电压.png,/mnt/nvme/projects/battery/output_ups_型号1/plots_三分类/单体XX电压/疑似操作或采集异常/单体XX电压__2-D203电池室（2、4、6、12#UPS）.xlsx__Sheet1__咸阳秦都西咸数据中心2号楼D203电力电池机房__6#UPS蓄电池组2__未知组__126节电池电压.png
单体XX电压__2-D203电池室（2、4、6、12#UPS）.xlsx__Sheet1__咸阳秦都西咸数据中心2号楼D203电力电池机房__6#UPS蓄电池组2__未知组__131节电池电压.png,2-D203电池室（2、4、6、12#UPS）.xlsx,Sheet1,咸阳秦都西咸数据中心2号楼D203电力电池机房,6#UPS蓄电池组2,未知组,131节电池电压,0.9984350547730829,0.7958310410151338,0.12457974203770203,0.8314077877599537,0.6712512989774317,0.7068280457222517,1.0530006358959991,0.11755485893416928,0.0,0.021505376344086023,0.10289137477814536,0.12207347637354793,invalid_or_bad_collection,疑似操作或采集异常,整体动态范围过小，更像平线或轻微波动,/mnt/nvme/projects/battery/output_ups_型号1/plots/单体XX电压/单体XX电压__2-D203电池室（2、4、6、12#UPS）.xlsx__Sheet1__咸阳秦都西咸数据中心2号楼D203电力电池机房__6#UPS蓄电池组2__未知组__131节电池电压.png,/mnt/nvme/projects/battery/output_ups_型号1/plots_三分类/单体XX电压/疑似操作或采集异常/单体XX电压__2-D203电池室（2、4、6、12#UPS）.xlsx__Sheet1__咸阳秦都西咸数据中心2号楼D203电力电池机房__6#UPS蓄电池组2__未知组__131节电池电压.png
单体XX电压__2-D203电池室（2、4、6、12#UPS）.xlsx__Sheet1__咸阳秦都西咸数据中心2号楼D203电力电池机房__6#UPS蓄电池组2__未知组__136节电池电压.png,2-D203电池室（2、4、6、12#UPS）.xlsx,Sheet1,咸阳秦都西咸数据中心2号楼D203电力电池机房,6#UPS蓄电池组2,未知组,136节电池电压,0.9984375,0.9775575301867706,0.07547277284101334,0.6634768740016025,0.9020847573457573,0.5880041011605892,0.6518279970042625,0.051643192488262914,0.0,0.0,0.23489974937287184,0.33435862383150805,invalid_or_bad_collection,疑似操作或采集异常,最低点贴近尾部，缺少谷底后的回升段,/mnt/nvme/projects/battery/output_ups_型号1/plots/单体XX电压/单体XX电压__2-D203电池室（2、4、6、12#UPS）.xlsx__Sheet1__咸阳秦都西咸数据中心2号楼D203电力电池机房__6#UPS蓄电池组2__未知组__136节电池电压.png,/mnt/nvme/projects/battery/output_ups_型号1/plots_三分类/单体XX电压/疑似操作或采集异常/单体XX电压__2-D203电池室（2、4、6、12#UPS）.xlsx__Sheet1__咸阳秦都西咸数据中心2号楼D203电力电池机房__6#UPS蓄电池组2__未知组__136节电池电压.png
单体XX电压__2-D203电池室（2、4、6、12#UPS）.xlsx__Sheet1__咸阳秦都西咸数据中心2号楼D203电力电池机房__6#UPS蓄电池组2__未知组__148节电池电压.png,2-D203电池室（2、4、6、12#UPS）.xlsx,Sheet1,咸阳秦都西咸数据中心2号楼D203电力电池机房,6#UPS蓄电池组2,未知组,148节电池电压,0.9984350547730829,0.8701029400846817,0.15529882248340943,0.8432940827937925,0.7148041176012723,0.687995260310383,0.9624948183799658,0.10344827586206896,0.0,0.0,0.07644227208744658,0.12641635192140221,invalid_or_bad_collection,疑似操作或采集异常,整体动态范围过小，更像平线或轻微波动,/mnt/nvme/projects/battery/output_ups_型号1/plots/单体XX电压/单体XX电压__2-D203电池室（2、4、6、12#UPS）.xlsx__Sheet1__咸阳秦都西咸数据中心2号楼D203电力电池机房__6#UPS蓄电池组2__未知组__148节电池电压.png,/mnt/nvme/projects/battery/output_ups_型号1/plots_三分类/单体XX电压/疑似操作或采集异常/单体XX电压__2-D203电池室（2、4、6、12#UPS）.xlsx__Sheet1__咸阳秦都西咸数据中心2号楼D203电力电池机房__6#UPS蓄电池组2__未知组__148节电池电压.png
单体XX电压__2-D203电池室（2、4、6、12#UPS）.xlsx__Sheet1__咸阳秦都西咸数据中心2号楼D203电力电池机房__6#UPS蓄电池组2__未知组__190节电池电压.png,2-D203电池室（2、4、6、12#UPS）.xlsx,Sheet1,咸阳秦都西咸数据中心2号楼D203电力电池机房,6#UPS蓄电池组2,未知组,190节电池电压,0.9984375,0.8726551226524784,0.1778499278493889,0.9632034632005446,0.6948051948030894,0.7853535353511557,1.1303219090689243,0.06729264475743349,0.0,0.0,0.0840909090906542,0.027777777777693524,invalid_or_bad_collection,疑似操作或采集异常,整体动态范围过小，更像平线或轻微波动,/mnt/nvme/projects/battery/output_ups_型号1/plots/单体XX电压/单体XX电压__2-D203电池室（2、4、6、12#UPS）.xlsx__Sheet1__咸阳秦都西咸数据中心2号楼D203电力电池机房__6#UPS蓄电池组2__未知组__190节电池电压.png,/mnt/nvme/projects/battery/output_ups_型号1/plots_三分类/单体XX电压/疑似操作或采集异常/单体XX电压__2-D203电池室（2、4、6、12#UPS）.xlsx__Sheet1__咸阳秦都西咸数据中心2号楼D203电力电池机房__6#UPS蓄电池组2__未知组__190节电池电压.png
单体XX电压__2-D203电池室（2、4、6、12#UPS）.xlsx__Sheet1__咸阳秦都西咸数据中心2号楼D203电力电池机房__6#UPS蓄电池组2__未知组__205节电池电压.png,2-D203电池室（2、4、6、12#UPS）.xlsx,Sheet1,咸阳秦都西咸数据中心2号楼D203电力电池机房,6#UPS蓄电池组2,未知组,205节电池电压,0.9984399375975039,0.9808383233509441,0.03769603649834141,0.6536641003691214,0.9431422868526027,0.61596806387078,0.6531019463386053,0.0546875,0.0,0.0,0.20553179355525364,0.3430852580544963,invalid_or_bad_collection,疑似操作或采集异常,最低点贴近尾部，缺少谷底后的回升段,/mnt/nvme/projects/battery/output_ups_型号1/plots/单体XX电压/单体XX电压__2-D203电池室（2、4、6、12#UPS）.xlsx__Sheet1__咸阳秦都西咸数据中心2号楼D203电力电池机房__6#UPS蓄电池组2__未知组__205节电池电压.png,/mnt/nvme/projects/battery/output_ups_型号1/plots_三分类/单体XX电压/疑似操作或采集异常/单体XX电压__2-D203电池室（2、4、6、12#UPS）.xlsx__Sheet1__咸阳秦都西咸数据中心2号楼D203电力电池机房__6#UPS蓄电池组2__未知组__205节电池电压.png
单体XX电压__2-D203电池室（2、4、6、12#UPS）.xlsx__Sheet1__咸阳秦都西咸数据中心2号楼D203电力电池机房__6#UPS蓄电池组2__未知组__24节电池电压.png,2-D203电池室（2、4、6、12#UPS）.xlsx,Sheet1,咸阳秦都西咸数据中心2号楼D203电力电池机房,6#UPS蓄电池组2,未知组,24节电池电压,0.9984350547730829,0.804359383304186,0.1547049441781349,0.842560947821418,0.649654439126051,0.687856003643283,1.058802897598637,0.14420062695924765,0.0,0.017391304347826087,0.13166248955680637,0.11027568922270603,invalid_or_bad_collection,疑似操作或采集异常,最低点贴近尾部，缺少谷底后的回升段,/mnt/nvme/projects/battery/output_ups_型号1/plots/单体XX电压/单体XX电压__2-D203电池室（2、4、6、12#UPS）.xlsx__Sheet1__咸阳秦都西咸数据中心2号楼D203电力电池机房__6#UPS蓄电池组2__未知组__24节电池电压.png,/mnt/nvme/projects/battery/output_ups_型号1/plots_三分类/单体XX电压/疑似操作或采集异常/单体XX电压__2-D203电池室（2、4、6、12#UPS）.xlsx__Sheet1__咸阳秦都西咸数据中心2号楼D203电力电池机房__6#UPS蓄电池组2__未知组__24节电池电压.png
单体XX电压__2-D203电池室（2、4、6、12#UPS）.xlsx__Sheet1__咸阳秦都西咸数据中心2号楼D203电力电池机房__6#UPS蓄电池组2__未知组__2节电池电压.png,2-D203电池室（2、4、6、12#UPS）.xlsx,Sheet1,咸阳秦都西咸数据中心2号楼D203电力电池机房,6#UPS蓄电池组2,未知组,2节电池电压,0.9984375,0.8417818740373524,0.16370419135345804,0.8830370857993501,0.6780776826838943,0.7193328944458921,1.060841422383737,0.11424100156494522,0.0,0.01818181818181818,0.12688172042971746,0.09501865262204712,invalid_or_bad_collection,疑似操作或采集异常,最低点贴近尾部，缺少谷底后的回升段,/mnt/nvme/projects/battery/output_ups_型号1/plots/单体XX电压/单体XX电压__2-D203电池室（2、4、6、12#UPS）.xlsx__Sheet1__咸阳秦都西咸数据中心2号楼D203电力电池机房__6#UPS蓄电池组2__未知组__2节电池电压.png,/mnt/nvme/projects/battery/output_ups_型号1/plots_三分类/单体XX电压/疑似操作或采集异常/单体XX电压__2-D203电池室（2、4、6、12#UPS）.xlsx__Sheet1__咸阳秦都西咸数据中心2号楼D203电力电池机房__6#UPS蓄电池组2__未知组__2节电池电压.png
单体XX电压__2-D203电池室（2、4、6、12#UPS）.xlsx__Sheet1__咸阳秦都西咸数据中心2号楼D203电力电池机房__6#UPS蓄电池组2__未知组__30节电池电压.png,2-D203电池室（2、4、6、12#UPS）.xlsx,Sheet1,咸阳秦都西咸数据中心2号楼D203电力电池机房,6#UPS蓄电池组2,未知组,30节电池电压,0.9984375,0.8499880753608633,0.16153907305773235,0.8721678988761722,0.6884490023031309,0.7106288258184399,1.0322170885699475,0.107981220657277,0.0,0.0,0.08239923682300165,0.09643055886763252,invalid_or_bad_collection,疑似操作或采集异常,整体动态范围过小，更像平线或轻微波动,/mnt/nvme/projects/battery/output_ups_型号1/plots/单体XX电压/单体XX电压__2-D203电池室（2、4、6、12#UPS）.xlsx__Sheet1__咸阳秦都西咸数据中心2号楼D203电力电池机房__6#UPS蓄电池组2__未知组__30节电池电压.png,/mnt/nvme/projects/battery/output_ups_型号1/plots_三分类/单体XX电压/疑似操作或采集异常/单体XX电压__2-D203电池室（2、4、6、12#UPS）.xlsx__Sheet1__咸阳秦都西咸数据中心2号楼D203电力电池机房__6#UPS蓄电池组2__未知组__30节电池电压.png
单体XX电压__2-D203电池室（2、4、6、12#UPS）.xlsx__Sheet1__咸阳秦都西咸数据中心2号楼D203电力电池机房__6#UPS蓄电池组2__未知组__32节电池电压.png,2-D203电池室（2、4、6、12#UPS）.xlsx,Sheet1,咸阳秦都西咸数据中心2号楼D203电力电池机房,6#UPS蓄电池组2,未知组,32节电池电压,0.9984350547730829,0.8385940300806468,0.16327643987165008,0.8822383290439519,0.6753175902089967,0.7189618891723019,1.064627811464485,0.1426332288401254,0.0,0.017857142857142856,0.11744992596017967,0.07809212064505644,invalid_or_bad_collection,疑似操作或采集异常,整体动态范围过小，更像平线或轻微波动,/mnt/nvme/projects/battery/output_ups_型号1/plots/单体XX电压/单体XX电压__2-D203电池室（2、4、6、12#UPS）.xlsx__Sheet1__咸阳秦都西咸数据中心2号楼D203电力电池机房__6#UPS蓄电池组2__未知组__32节电池电压.png,/mnt/nvme/projects/battery/output_ups_型号1/plots_三分类/单体XX电压/疑似操作或采集异常/单体XX电压__2-D203电池室（2、4、6、12#UPS）.xlsx__Sheet1__咸阳秦都西咸数据中心2号楼D203电力电池机房__6#UPS蓄电池组2__未知组__32节电池电压.png
单体XX电压__2-D203电池室（2、4、6、12#UPS）.xlsx__Sheet1__咸阳秦都西咸数据中心2号楼D203电力电池机房__6#UPS蓄电池组2__未知组__4节电池电压.png,2-D203电池室（2、4、6、12#UPS）.xlsx,Sheet1,咸阳秦都西咸数据中心2号楼D203电力电池机房,6#UPS蓄电池组2,未知组,4节电池电压,0.9984350547730829,0.8626885536796634,0.16289559301931072,0.8793995859185938,0.6997929606603526,0.7165039928992831,1.02387996472454,0.10658307210031348,0.0,0.0,0.08905649216180556,0.0966430050277981,invalid_or_bad_collection,疑似操作或采集异常,整体动态范围过小，更像平线或轻微波动,/mnt/nvme/projects/battery/output_ups_型号1/plots/单体XX电压/单体XX电压__2-D203电池室（2、4、6、12#UPS）.xlsx__Sheet1__咸阳秦都西咸数据中心2号楼D203电力电池机房__6#UPS蓄电池组2__未知组__4节电池电压.png,/mnt/nvme/projects/battery/output_ups_型号1/plots_三分类/单体XX电压/疑似操作或采集异常/单体XX电压__2-D203电池室（2、4、6、12#UPS）.xlsx__Sheet1__咸阳秦都西咸数据中心2号楼D203电力电池机房__6#UPS蓄电池组2__未知组__4节电池电压.png
单体XX电压__2-D203电池室（2、4、6、12#UPS）.xlsx__Sheet1__咸阳秦都西咸数据中心2号楼D203电力电池机房__6#UPS蓄电池组2__未知组__59节电池电压.png,2-D203电池室（2、4、6、12#UPS）.xlsx,Sheet1,咸阳秦都西咸数据中心2号楼D203电力电池机房,6#UPS蓄电池组2,未知组,59节电池电压,0.9984350547730829,0.8025160418748982,0.16810199256948155,0.916666666663416,0.6344140493054167,0.7485646740939345,1.1799307939878758,0.06896551724137931,0.0,0.0,0.10401891252918216,0.04500168861855036,invalid_or_bad_collection,疑似操作或采集异常,整体动态范围过小，更像平线或轻微波动,/mnt/nvme/projects/battery/output_ups_型号1/plots/单体XX电压/单体XX电压__2-D203电池室（2、4、6、12#UPS）.xlsx__Sheet1__咸阳秦都西咸数据中心2号楼D203电力电池机房__6#UPS蓄电池组2__未知组__59节电池电压.png,/mnt/nvme/projects/battery/output_ups_型号1/plots_三分类/单体XX电压/疑似操作或采集异常/单体XX电压__2-D203电池室（2、4、6、12#UPS）.xlsx__Sheet1__咸阳秦都西咸数据中心2号楼D203电力电池机房__6#UPS蓄电池组2__未知组__59节电池电压.png
单体XX电压__2-D203电池室（2、4、6、12#UPS）.xlsx__Sheet1__咸阳秦都西咸数据中心2号楼D203电力电池机房__6#UPS蓄电池组2__未知组__66节电池电压.png,2-D203电池室（2、4、6、12#UPS）.xlsx,Sheet1,咸阳秦都西咸数据中心2号楼D203电力电池机房,6#UPS蓄电池组2,未知组,66节电池电压,0.9984350547730829,0.7998749218231399,0.17251853837154957,0.9399624765443154,0.6273563834515903,0.7674439381727658,1.2232982036894937,0.06896551724137931,0.0,0.0,0.12699008308716753,0.020459215581089762,invalid_or_bad_collection,疑似操作或采集异常,最低点贴近尾部，缺少谷底后的回升段,/mnt/nvme/projects/battery/output_ups_型号1/plots/单体XX电压/单体XX电压__2-D203电池室（2、4、6、12#UPS）.xlsx__Sheet1__咸阳秦都西咸数据中心2号楼D203电力电池机房__6#UPS蓄电池组2__未知组__66节电池电压.png,/mnt/nvme/projects/battery/output_ups_型号1/plots_三分类/单体XX电压/疑似操作或采集异常/单体XX电压__2-D203电池室（2、4、6、12#UPS）.xlsx__Sheet1__咸阳秦都西咸数据中心2号楼D203电力电池机房__6#UPS蓄电池组2__未知组__66节电池电压.png
单体XX电压__2-D203电池室（2、4、6、12#UPS）.xlsx__Sheet1__咸阳秦都西咸数据中心2号楼D203电力电池机房__6#UPS蓄电池组2__未知组__90节电池电压.png,2-D203电池室（2、4、6、12#UPS）.xlsx,Sheet1,咸阳秦都西咸数据中心2号楼D203电力电池机房,6#UPS蓄电池组2,未知组,90节电池电压,0.9984375,0.7917340521084231,0.17816711590229262,0.9716981132038807,0.6135669362061305,0.793530997301588,1.2933079492759532,0.07042253521126761,0.0,0.0,0.16619047618984906,8.98472596582156e-05,invalid_or_bad_collection,疑似操作或采集异常,最低点贴近尾部，缺少谷底后的回升段,/mnt/nvme/projects/battery/output_ups_型号1/plots/单体XX电压/单体XX电压__2-D203电池室（2、4、6、12#UPS）.xlsx__Sheet1__咸阳秦都西咸数据中心2号楼D203电力电池机房__6#UPS蓄电池组2__未知组__90节电池电压.png,/mnt/nvme/projects/battery/output_ups_型号1/plots_三分类/单体XX电压/疑似操作或采集异常/单体XX电压__2-D203电池室（2、4、6、12#UPS）.xlsx__Sheet1__咸阳秦都西咸数据中心2号楼D203电力电池机房__6#UPS蓄电池组2__未知组__90节电池电压.png
单体XX电压__2-D203（1、3、5、11#UPS）.xlsx__Sheet1__咸阳秦都西咸数据中心2号楼D203电力电池机房__1#UPS蓄电池组2__未知组__166节电池电压.png,2-D203（1、3、5、11#UPS）.xlsx,Sheet1,咸阳秦都西咸数据中心2号楼D203电力电池机房,1#UPS蓄电池组2,未知组,166节电池电压,0.9984544049459042,0.8066228790348178,0.006239737274205689,0.08379857690183252,0.8003831417606121,0.07755883962762683,0.09690214034258345,0.13003095975232198,0.0,0.0,0.4043787629985227,0.9144499178960919,invalid_or_bad_collection,疑似操作或采集异常,最低点贴近尾部，缺少谷底后的回升段,/mnt/nvme/projects/battery/output_ups_型号1/plots/单体XX电压/单体XX电压__2-D203（1、3、5、11#UPS）.xlsx__Sheet1__咸阳秦都西咸数据中心2号楼D203电力电池机房__1#UPS蓄电池组2__未知组__166节电池电压.png,/mnt/nvme/projects/battery/output_ups_型号1/plots_三分类/单体XX电压/疑似操作或采集异常/单体XX电压__2-D203（1、3、5、11#UPS）.xlsx__Sheet1__咸阳秦都西咸数据中心2号楼D203电力电池机房__1#UPS蓄电池组2__未知组__166节电池电压.png
单体XX电压__2-D203（1、3、5、11#UPS）.xlsx__Sheet1__咸阳秦都西咸数据中心2号楼D203电力电池机房__11#UPS蓄电池组1__未知组__147节电池电压.png,2-D203（1、3、5、11#UPS）.xlsx,Sheet1,咸阳秦都西咸数据中心2号楼D203电力电池机房,11#UPS蓄电池组1,未知组,147节电池电压,0.9984709480122325,0.9240880995874631,0.14494646121649796,0.8524854182958299,0.7791416383709651,0.707538957079332,0.9081005574937042,0.21439509954058192,0.0,0.03684210526315789,0.13799077217673927,0.1224427613819844,invalid_or_bad_collection,疑似操作或采集异常,最低点贴近尾部，缺少谷底后的回升段,/mnt/nvme/projects/battery/output_ups_型号1/plots/单体XX电压/单体XX电压__2-D203（1、3、5、11#UPS）.xlsx__Sheet1__咸阳秦都西咸数据中心2号楼D203电力电池机房__11#UPS蓄电池组1__未知组__147节电池电压.png,/mnt/nvme/projects/battery/output_ups_型号1/plots_三分类/单体XX电压/疑似操作或采集异常/单体XX电压__2-D203（1、3、5、11#UPS）.xlsx__Sheet1__咸阳秦都西咸数据中心2号楼D203电力电池机房__11#UPS蓄电池组1__未知组__147节电池电压.png
单体XX电压__2-D203（1、3、5、11#UPS）.xlsx__Sheet1__咸阳秦都西咸数据中心2号楼D203电力电池机房__11#UPS蓄电池组1__未知组__165节电池电压.png,2-D203（1、3、5、11#UPS）.xlsx,Sheet1,咸阳秦都西咸数据中心2号楼D203电力电池机房,11#UPS蓄电池组1,未知组,165节电池电压,0.998468606431853,0.8642415596741868,0.14109095849426492,0.830514231367782,0.7231506011799219,0.6894232728735171,0.9533605735724557,0.03680981595092025,0.0,0.0,0.14466408531987807,0.16887439711927899,invalid_or_bad_collection,疑似操作或采集异常,最低点贴近尾部，缺少谷底后的回升段,/mnt/nvme/projects/battery/output_ups_型号1/plots/单体XX电压/单体XX电压__2-D203（1、3、5、11#UPS）.xlsx__Sheet1__咸阳秦都西咸数据中心2号楼D203电力电池机房__11#UPS蓄电池组1__未知组__165节电池电压.png,/mnt/nvme/projects/battery/output_ups_型号1/plots_三分类/单体XX电压/疑似操作或采集异常/单体XX电压__2-D203（1、3、5、11#UPS）.xlsx__Sheet1__咸阳秦都西咸数据中心2号楼D203电力电池机房__11#UPS蓄电池组1__未知组__165节电池电压.png
单体XX电压__2-D203（1、3、5、11#UPS）.xlsx__Sheet1__咸阳秦都西咸数据中心2号楼D203电力电池机房__11#UPS蓄电池组1__未知组__172节电池电压.png,2-D203（1、3、5、11#UPS）.xlsx,Sheet1,咸阳秦都西咸数据中心2号楼D203电力电池机房,11#UPS蓄电池组1,未知组,172节电池电压,0.998468606431853,0.8516909447111533,0.1508646392361925,0.897521083564384,0.7008263054749607,0.7466564443281914,1.0653944314444312,0.10736196319018405,0.0,0.0,0.1468438538200727,0.08169350029785938,invalid_or_bad_collection,疑似操作或采集异常,最低点贴近尾部，缺少谷底后的回升段,/mnt/nvme/projects/battery/output_ups_型号1/plots/单体XX电压/单体XX电压__2-D203（1、3、5、11#UPS）.xlsx__Sheet1__咸阳秦都西咸数据中心2号楼D203电力电池机房__11#UPS蓄电池组1__未知组__172节电池电压.png,/mnt/nvme/projects/battery/output_ups_型号1/plots_三分类/单体XX电压/疑似操作或采集异常/单体XX电压__2-D203（1、3、5、11#UPS）.xlsx__Sheet1__咸阳秦都西咸数据中心2号楼D203电力电池机房__11#UPS蓄电池组1__未知组__172节电池电压.png
单体XX电压__2-D203（1、3、5、11#UPS）.xlsx__Sheet1__咸阳秦都西咸数据中心2号楼D203电力电池机房__11#UPS蓄电池组1__未知组__181节电池电压.png,2-D203（1、3、5、11#UPS）.xlsx,Sheet1,咸阳秦都西咸数据中心2号楼D203电力电池机房,11#UPS蓄电池组1,未知组,181节电池电压,0.998468606431853,0.7720238095203,0.1533549783542813,0.9295454545412293,0.6186688311660187,0.776190476186948,1.254613835110185,0.14877300613496933,0.0,0.01694915254237288,0.18528138528054328,0.05844155844129295,invalid_or_bad_collection,疑似操作或采集异常,最低点贴近尾部，缺少谷底后的回升段,/mnt/nvme/projects/battery/output_ups_型号1/plots/单体XX电压/单体XX电压__2-D203（1、3、5、11#UPS）.xlsx__Sheet1__咸阳秦都西咸数据中心2号楼D203电力电池机房__11#UPS蓄电池组1__未知组__181节电池电压.png,/mnt/nvme/projects/battery/output_ups_型号1/plots_三分类/单体XX电压/疑似操作或采集异常/单体XX电压__2-D203（1、3、5、11#UPS）.xlsx__Sheet1__咸阳秦都西咸数据中心2号楼D203电力电池机房__11#UPS蓄电池组1__未知组__181节电池电压.png
单体XX电压__2-D203（1、3、5、11#UPS）.xlsx__Sheet1__咸阳秦都西咸数据中心2号楼D203电力电池机房__11#UPS蓄电池组1__未知组__20节电池电压.png,2-D203（1、3、5、11#UPS）.xlsx,Sheet1,咸阳秦都西咸数据中心2号楼D203电力电池机房,11#UPS蓄电池组1,未知组,20节电池电压,0.998468606431853,0.5660094546265684,0.004266113224930339,0.033494753833574684,0.5617433414016381,0.029228640608644343,0.052032019611807534,0.03680981595092025,0.0,0.0,0.4542372881333935,0.8954802259843638,invalid_or_bad_collection,疑似操作或采集异常,最低点贴近尾部，缺少谷底后的回升段,/mnt/nvme/projects/battery/output_ups_型号1/plots/单体XX电压/单体XX电压__2-D203（1、3、5、11#UPS）.xlsx__Sheet1__咸阳秦都西咸数据中心2号楼D203电力电池机房__11#UPS蓄电池组1__未知组__20节电池电压.png,/mnt/nvme/projects/battery/output_ups_型号1/plots_三分类/单体XX电压/疑似操作或采集异常/单体XX电压__2-D203（1、3、5、11#UPS）.xlsx__Sheet1__咸阳秦都西咸数据中心2号楼D203电力电池机房__11#UPS蓄电池组1__未知组__20节电池电压.png
单体XX电压__2-D203（1、3、5、11#UPS）.xlsx__Sheet1__咸阳秦都西咸数据中心2号楼D203电力电池机房__11#UPS蓄电池组1__未知组__28节电池电压.png,2-D203（1、3、5、11#UPS）.xlsx,Sheet1,咸阳秦都西咸数据中心2号楼D203电力电池机房,11#UPS蓄电池组1,未知组,28节电池电压,0.998468606431853,0.8708683473355204,0.13295985060638804,0.779131652658009,0.7379084967291324,0.646171802051621,0.8756801202861528,0.2223926380368098,0.0,0.02786377708978328,0.1616993464045946,0.20424836601227103,invalid_or_bad_collection,疑似操作或采集异常,最低点贴近尾部，缺少谷底后的回升段,/mnt/nvme/projects/battery/output_ups_型号1/plots/单体XX电压/单体XX电压__2-D203（1、3、5、11#UPS）.xlsx__Sheet1__咸阳秦都西咸数据中心2号楼D203电力电池机房__11#UPS蓄电池组1__未知组__28节电池电压.png,/mnt/nvme/projects/battery/output_ups_型号1/plots_三分类/单体XX电压/疑似操作或采集异常/单体XX电压__2-D203（1、3、5、11#UPS）.xlsx__Sheet1__咸阳秦都西咸数据中心2号楼D203电力电池机房__11#UPS蓄电池组1__未知组__28节电池电压.png
单体XX电压__2-D203（1、3、5、11#UPS）.xlsx__Sheet1__咸阳秦都西咸数据中心2号楼D203电力电池机房__11#UPS蓄电池组1__未知组__31节电池电压.png,2-D203（1、3、5、11#UPS）.xlsx,Sheet1,咸阳秦都西咸数据中心2号楼D203电力电池机房,11#UPS蓄电池组1,未知组,31节电池电压,0.998468606431853,0.8998937865075416,0.1394937157013756,0.8231545406235997,0.760400070806166,0.6836608249222241,0.899080431828913,0.22392638036809817,0.0,0.030612244897959183,0.1421667551773791,0.16286068330617431,invalid_or_bad_collection,疑似操作或采集异常,最低点贴近尾部，缺少谷底后的回升段,/mnt/nvme/projects/battery/output_ups_型号1/plots/单体XX电压/单体XX电压__2-D203（1、3、5、11#UPS）.xlsx__Sheet1__咸阳秦都西咸数据中心2号楼D203电力电池机房__11#UPS蓄电池组1__未知组__31节电池电压.png,/mnt/nvme/projects/battery/output_ups_型号1/plots_三分类/单体XX电压/疑似操作或采集异常/单体XX电压__2-D203（1、3、5、11#UPS）.xlsx__Sheet1__咸阳秦都西咸数据中心2号楼D203电力电池机房__11#UPS蓄电池组1__未知组__31节电池电压.png
单体XX电压__2-D203（1、3、5、11#UPS）.xlsx__Sheet1__咸阳秦都西咸数据中心2号楼D203电力电池机房__11#UPS蓄电池组1__未知组__52节电池电压.png,2-D203（1、3、5、11#UPS）.xlsx,Sheet1,咸阳秦都西咸数据中心2号楼D203电力电池机房,11#UPS蓄电池组1,未知组,52节电池电压,0.998468606431853,0.9385254101601221,0.14675870348077594,0.8531412564990164,0.7917667066793462,0.7063825530182405,0.8921599584410853,0.2254601226993865,0.0,0.017699115044247787,0.1388155262099009,0.1309523809518306,invalid_or_bad_collection,疑似操作或采集异常,最低点贴近尾部，缺少谷底后的回升段,/mnt/nvme/projects/battery/output_ups_型号1/plots/单体XX电压/单体XX电压__2-D203（1、3、5、11#UPS）.xlsx__Sheet1__咸阳秦都西咸数据中心2号楼D203电力电池机房__11#UPS蓄电池组1__未知组__52节电池电压.png,/mnt/nvme/projects/battery/output_ups_型号1/plots_三分类/单体XX电压/疑似操作或采集异常/单体XX电压__2-D203（1、3、5、11#UPS）.xlsx__Sheet1__咸阳秦都西咸数据中心2号楼D203电力电池机房__11#UPS蓄电池组1__未知组__52节电池电压.png
单体XX电压__2-D203（1、3、5、11#UPS）.xlsx__Sheet1__咸阳秦都西咸数据中心2号楼D203电力电池机房__11#UPS蓄电池组1__未知组__54节电池电压.png,2-D203（1、3、5、11#UPS）.xlsx,Sheet1,咸阳秦都西咸数据中心2号楼D203电力电池机房,11#UPS蓄电池组1,未知组,54节电池电压,0.998468606431853,0.9468932554399213,0.14816781731224793,0.8680297397737249,0.7987254381276734,0.719861922461477,0.9012632967439637,0.21779141104294478,0.0,0.012578616352201259,0.12395114179454725,0.12294211364797625,invalid_or_bad_collection,疑似操作或采集异常,最低点贴近尾部，缺少谷底后的回升段,/mnt/nvme/projects/battery/output_ups_型号1/plots/单体XX电压/单体XX电压__2-D203（1、3、5、11#UPS）.xlsx__Sheet1__咸阳秦都西咸数据中心2号楼D203电力电池机房__11#UPS蓄电池组1__未知组__54节电池电压.png,/mnt/nvme/projects/battery/output_ups_型号1/plots_三分类/单体XX电压/疑似操作或采集异常/单体XX电压__2-D203（1、3、5、11#UPS）.xlsx__Sheet1__咸阳秦都西咸数据中心2号楼D203电力电池机房__11#UPS蓄电池组1__未知组__54节电池电压.png
单体XX电压__2-D203（1、3、5、11#UPS）.xlsx__Sheet1__咸阳秦都西咸数据中心2号楼D203电力电池机房__11#UPS蓄电池组1__未知组__72节电池电压.png,2-D203（1、3、5、11#UPS）.xlsx,Sheet1,咸阳秦都西咸数据中心2号楼D203电力电池机房,11#UPS蓄电池组1,未知组,72节电池电压,0.998468606431853,0.7059074976464352,0.00666837650677267,0.07403607762647606,0.6992391211396626,0.06736770111970339,0.09634429623096474,0.19785276073619631,0.0,0.0,0.5142857142838676,0.8773189706730917,invalid_or_bad_collection,疑似操作或采集异常,最低点贴近尾部，缺少谷底后的回升段,/mnt/nvme/projects/battery/output_ups_型号1/plots/单体XX电压/单体XX电压__2-D203（1、3、5、11#UPS）.xlsx__Sheet1__咸阳秦都西咸数据中心2号楼D203电力电池机房__11#UPS蓄电池组1__未知组__72节电池电压.png,/mnt/nvme/projects/battery/output_ups_型号1/plots_三分类/单体XX电压/疑似操作或采集异常/单体XX电压__2-D203（1、3、5、11#UPS）.xlsx__Sheet1__咸阳秦都西咸数据中心2号楼D203电力电池机房__11#UPS蓄电池组1__未知组__72节电池电压.png
单体XX电压__2-D203（1、3、5、11#UPS）.xlsx__Sheet1__咸阳秦都西咸数据中心2号楼D203电力电池机房__11#UPS蓄电池组2__未知组__138节电池电压.png,2-D203（1、3、5、11#UPS）.xlsx,Sheet1,咸阳秦都西咸数据中心2号楼D203电力电池机房,11#UPS蓄电池组2,未知组,138节电池电压,0.998468606431853,0.7784090909061423,0.12752525252476948,0.7555916305887683,0.6508838383813729,0.6280663780639988,0.9649438810171401,0.2254601226993865,0.0,0.03076923076923077,0.19909812409736982,0.2247474747466235,invalid_or_bad_collection,疑似操作或采集异常,最低点贴近尾部，缺少谷底后的回升段,/mnt/nvme/projects/battery/output_ups_型号1/plots/单体XX电压/单体XX电压__2-D203（1、3、5、11#UPS）.xlsx__Sheet1__咸阳秦都西咸数据中心2号楼D203电力电池机房__11#UPS蓄电池组2__未知组__138节电池电压.png,/mnt/nvme/projects/battery/output_ups_型号1/plots_三分类/单体XX电压/疑似操作或采集异常/单体XX电压__2-D203（1、3、5、11#UPS）.xlsx__Sheet1__咸阳秦都西咸数据中心2号楼D203电力电池机房__11#UPS蓄电池组2__未知组__138节电池电压.png
单体XX电压__2-D203（1、3、5、11#UPS）.xlsx__Sheet1__咸阳秦都西咸数据中心2号楼D203电力电池机房__11#UPS蓄电池组2__未知组__156节电池电压.png,2-D203（1、3、5、11#UPS）.xlsx,Sheet1,咸阳秦都西咸数据中心2号楼D203电力电池机房,11#UPS蓄电池组2,未知组,156节电池电压,0.998468606431853,0.9278700023350502,0.14168809913444386,0.8438547268306879,0.7861819032006063,0.7021666276962439,0.893135067017614,0.21319018404907975,0.0,0.005917159763313609,0.12379393655948889,0.13182916374362597,invalid_or_bad_collection,疑似操作或采集异常,最低点贴近尾部，缺少谷底后的回升段,/mnt/nvme/projects/battery/output_ups_型号1/plots/单体XX电压/单体XX电压__2-D203（1、3、5、11#UPS）.xlsx__Sheet1__咸阳秦都西咸数据中心2号楼D203电力电池机房__11#UPS蓄电池组2__未知组__156节电池电压.png,/mnt/nvme/projects/battery/output_ups_型号1/plots_三分类/单体XX电压/疑似操作或采集异常/单体XX电压__2-D203（1、3、5、11#UPS）.xlsx__Sheet1__咸阳秦都西咸数据中心2号楼D203电力电池机房__11#UPS蓄电池组2__未知组__156节电池电压.png
单体XX电压__2-D203（1、3、5、11#UPS）.xlsx__Sheet1__咸阳秦都西咸数据中心2号楼D203电力电池机房__11#UPS蓄电池组2__未知组__159节电池电压.png,2-D203（1、3、5、11#UPS）.xlsx,Sheet1,咸阳秦都西咸数据中心2号楼D203电力电池机房,11#UPS蓄电池组2,未知组,159节电池电压,0.998468606431853,0.9308826766425198,0.14109619194321477,0.8302516692321615,0.789786484699305,0.6891554772889468,0.872584539957966,0.22085889570552147,0.0,0.03167420814479638,0.13480079242749554,0.14707608775360048,invalid_or_bad_collection,疑似操作或采集异常,最低点贴近尾部，缺少谷底后的回升段,/mnt/nvme/projects/battery/output_ups_型号1/plots/单体XX电压/单体XX电压__2-D203（1、3、5、11#UPS）.xlsx__Sheet1__咸阳秦都西咸数据中心2号楼D203电力电池机房__11#UPS蓄电池组2__未知组__159节电池电压.png,/mnt/nvme/projects/battery/output_ups_型号1/plots_三分类/单体XX电压/疑似操作或采集异常/单体XX电压__2-D203（1、3、5、11#UPS）.xlsx__Sheet1__咸阳秦都西咸数据中心2号楼D203电力电池机房__11#UPS蓄电池组2__未知组__159节电池电压.png
单体XX电压__2-D203（1、3、5、11#UPS）.xlsx__Sheet1__咸阳秦都西咸数据中心2号楼D203电力电池机房__11#UPS蓄电池组2__未知组__162节电池电压.png,2-D203（1、3、5、11#UPS）.xlsx,Sheet1,咸阳秦都西咸数据中心2号楼D203电力电池机房,11#UPS蓄电池组2,未知组,162节电池电压,0.9984709480122325,0.9354354354326263,0.14378664378621198,0.8543543543517886,0.7916487916464143,0.7105677105655767,0.8975794786349759,0.20980091883614088,0.0,0.027624309392265192,0.11515086515051931,0.1245531245527507,invalid_or_bad_collection,疑似操作或采集异常,整体动态范围过小，更像平线或轻微波动,/mnt/nvme/projects/battery/output_ups_型号1/plots/单体XX电压/单体XX电压__2-D203（1、3、5、11#UPS）.xlsx__Sheet1__咸阳秦都西咸数据中心2号楼D203电力电池机房__11#UPS蓄电池组2__未知组__162节电池电压.png,/mnt/nvme/projects/battery/output_ups_型号1/plots_三分类/单体XX电压/疑似操作或采集异常/单体XX电压__2-D203（1、3、5、11#UPS）.xlsx__Sheet1__咸阳秦都西咸数据中心2号楼D203电力电池机房__11#UPS蓄电池组2__未知组__162节电池电压.png
单体XX电压__2-D203（1、3、5、11#UPS）.xlsx__Sheet1__咸阳秦都西咸数据中心2号楼D203电力电池机房__11#UPS蓄电池组2__未知组__173节电池电压.png,2-D203（1、3、5、11#UPS）.xlsx,Sheet1,咸阳秦都西咸数据中心2号楼D203电力电池机房,11#UPS蓄电池组2,未知组,173节电池电压,0.998468606431853,0.8616207951043988,0.0733216834132023,0.8254696373937187,0.7882991116911965,0.7521479539805164,0.9541403026736099,0.12116564417177914,0.0,0.0,0.10901412552755363,0.16149701470752975,invalid_or_bad_collection,疑似操作或采集异常,整体动态范围过小，更像平线或轻微波动,/mnt/nvme/projects/battery/output_ups_型号1/plots/单体XX电压/单体XX电压__2-D203（1、3、5、11#UPS）.xlsx__Sheet1__咸阳秦都西咸数据中心2号楼D203电力电池机房__11#UPS蓄电池组2__未知组__173节电池电压.png,/mnt/nvme/projects/battery/output_ups_型号1/plots_三分类/单体XX电压/疑似操作或采集异常/单体XX电压__2-D203（1、3、5、11#UPS）.xlsx__Sheet1__咸阳秦都西咸数据中心2号楼D203电力电池机房__11#UPS蓄电池组2__未知组__173节电池电压.png
单体XX电压__2-D203（1、3、5、11#UPS）.xlsx__Sheet1__咸阳秦都西咸数据中心2号楼D203电力电池机房__11#UPS蓄电池组2__未知组__189节电池电压.png,2-D203（1、3、5、11#UPS）.xlsx,Sheet1,咸阳秦都西咸数据中心2号楼D203电力电池机房,11#UPS蓄电池组2,未知组,189节电池电压,0.998468606431853,0.9911258047652906,0.0020880459370055276,0.016327359201862665,0.989037758828285,0.014239313264857138,0.014397138151054357,0.05674846625766871,0.0,0.0,0.9375094252050704,0.982106606342947,invalid_or_bad_collection,疑似操作或采集异常,最低点贴近尾部，缺少谷底后的回升段,/mnt/nvme/projects/battery/output_ups_型号1/plots/单体XX电压/单体XX电压__2-D203（1、3、5、11#UPS）.xlsx__Sheet1__咸阳秦都西咸数据中心2号楼D203电力电池机房__11#UPS蓄电池组2__未知组__189节电池电压.png,/mnt/nvme/projects/battery/output_ups_型号1/plots_三分类/单体XX电压/疑似操作或采集异常/单体XX电压__2-D203（1、3、5、11#UPS）.xlsx__Sheet1__咸阳秦都西咸数据中心2号楼D203电力电池机房__11#UPS蓄电池组2__未知组__189节电池电压.png
单体XX电压__2-D203（1、3、5、11#UPS）.xlsx__Sheet1__咸阳秦都西咸数据中心2号楼D203电力电池机房__11#UPS蓄电池组2__未知组__43节电池电压.png,2-D203（1、3、5、11#UPS）.xlsx,Sheet1,咸阳秦都西咸数据中心2号楼D203电力电池机房,11#UPS蓄电池组2,未知组,43节电池电压,0.998468606431853,0.883317025437288,0.14187866927544368,0.8255870841459008,0.7414383561618443,0.6837084148704571,0.9221379070373809,0.22085889570552147,0.0,0.03864734299516908,0.14517286366551718,0.16095890410903768,invalid_or_bad_collection,疑似操作或采集异常,最低点贴近尾部，缺少谷底后的回升段,/mnt/nvme/projects/battery/output_ups_型号1/plots/单体XX电压/单体XX电压__2-D203（1、3、5、11#UPS）.xlsx__Sheet1__咸阳秦都西咸数据中心2号楼D203电力电池机房__11#UPS蓄电池组2__未知组__43节电池电压.png,/mnt/nvme/projects/battery/output_ups_型号1/plots_三分类/单体XX电压/疑似操作或采集异常/单体XX电压__2-D203（1、3、5、11#UPS）.xlsx__Sheet1__咸阳秦都西咸数据中心2号楼D203电力电池机房__11#UPS蓄电池组2__未知组__43节电池电压.png
单体XX电压__2-D203（1、3、5、11#UPS）.xlsx__Sheet1__咸阳秦都西咸数据中心2号楼D203电力电池机房__11#UPS蓄电池组2__未知组__80节电池电压.png,2-D203（1、3、5、11#UPS）.xlsx,Sheet1,咸阳秦都西咸数据中心2号楼D203电力电池机房,11#UPS蓄电池组2,未知组,80节电池电压,0.998468606431853,0.9388272200740484,0.15138352638301494,0.9171090733559751,0.7874436936910334,0.7657255469729602,0.9724194277451232,0.2254601226993865,0.0,0.03278688524590164,0.14720077220027483,0.07106660231636208,invalid_or_bad_collection,疑似操作或采集异常,最低点贴近尾部，缺少谷底后的回升段,/mnt/nvme/projects/battery/output_ups_型号1/plots/单体XX电压/单体XX电压__2-D203（1、3、5、11#UPS）.xlsx__Sheet1__咸阳秦都西咸数据中心2号楼D203电力电池机房__11#UPS蓄电池组2__未知组__80节电池电压.png,/mnt/nvme/projects/battery/output_ups_型号1/plots_三分类/单体XX电压/疑似操作或采集异常/单体XX电压__2-D203（1、3、5、11#UPS）.xlsx__Sheet1__咸阳秦都西咸数据中心2号楼D203电力电池机房__11#UPS蓄电池组2__未知组__80节电池电压.png
单体XX电压__2-D203（1、3、5、11#UPS）.xlsx__Sheet1__咸阳秦都西咸数据中心2号楼D203电力电池机房__3#UPS蓄电池组1__未知组__229节电池电压.png,2-D203（1、3、5、11#UPS）.xlsx,Sheet1,咸阳秦都西咸数据中心2号楼D203电力电池机房,3#UPS蓄电池组1,未知组,229节电池电压,0.998468606431853,0.8296910832298094,0.010589504923752545,0.1429920410086331,0.8191015783060569,0.13240253608488056,0.16164360981583265,0.17484662576687116,0.0,0.0,0.1777148253063895,0.8556589774695844,invalid_or_bad_collection,疑似操作或采集异常,最低点贴近尾部，缺少谷底后的回升段,/mnt/nvme/projects/battery/output_ups_型号1/plots/单体XX电压/单体XX电压__2-D203（1、3、5、11#UPS）.xlsx__Sheet1__咸阳秦都西咸数据中心2号楼D203电力电池机房__3#UPS蓄电池组1__未知组__229节电池电压.png,/mnt/nvme/projects/battery/output_ups_型号1/plots_三分类/单体XX电压/疑似操作或采集异常/单体XX电压__2-D203（1、3、5、11#UPS）.xlsx__Sheet1__咸阳秦都西咸数据中心2号楼D203电力电池机房__3#UPS蓄电池组1__未知组__229节电池电压.png
单体XX电压__2-D203（1、3、5、11#UPS）.xlsx__Sheet1__咸阳秦都西咸数据中心2号楼D203电力电池机房__3#UPS蓄电池组1__未知组__232节电池电压.png,2-D203（1、3、5、11#UPS）.xlsx,Sheet1,咸阳秦都西咸数据中心2号楼D203电力电池机房,3#UPS蓄电池组1,未知组,232节电池电压,0.998468606431853,0.8306726702118373,0.010574430345173686,0.14555191704147133,0.8200982398666636,0.13497748669629764,0.1645869725969124,0.17791411042944785,0.0,0.0,0.18788374948779563,0.8534929731180351,invalid_or_bad_collection,疑似操作或采集异常,最低点贴近尾部，缺少谷底后的回升段,/mnt/nvme/projects/battery/output_ups_型号1/plots/单体XX电压/单体XX电压__2-D203（1、3、5、11#UPS）.xlsx__Sheet1__咸阳秦都西咸数据中心2号楼D203电力电池机房__3#UPS蓄电池组1__未知组__232节电池电压.png,/mnt/nvme/projects/battery/output_ups_型号1/plots_三分类/单体XX电压/疑似操作或采集异常/单体XX电压__2-D203（1、3、5、11#UPS）.xlsx__Sheet1__咸阳秦都西咸数据中心2号楼D203电力电池机房__3#UPS蓄电池组1__未知组__232节电池电压.png
单体XX电压__2-D203（1、3、5、11#UPS）.xlsx__Sheet1__咸阳秦都西咸数据中心2号楼D203电力电池机房__3#UPS蓄电池组1__未知组__234节电池电压.png,2-D203（1、3、5、11#UPS）.xlsx,Sheet1,咸阳秦都西咸数据中心2号楼D203电力电池机房,3#UPS蓄电池组1,未知组,234节电池电压,0.998468606431853,0.8796615031528294,0.0002868617326440011,0.003370625358567013,0.8793746414201854,0.0030837636259230116,0.003506768875477215,0.09969325153374232,0.0,0.02247191011235955,0.9560527825559272,0.9920395869161169,invalid_or_bad_collection,疑似操作或采集异常,最低点贴近尾部，缺少谷底后的回升段,/mnt/nvme/projects/battery/output_ups_型号1/plots/单体XX电压/单体XX电压__2-D203（1、3、5、11#UPS）.xlsx__Sheet1__咸阳秦都西咸数据中心2号楼D203电力电池机房__3#UPS蓄电池组1__未知组__234节电池电压.png,/mnt/nvme/projects/battery/output_ups_型号1/plots_三分类/单体XX电压/疑似操作或采集异常/单体XX电压__2-D203（1、3、5、11#UPS）.xlsx__Sheet1__咸阳秦都西咸数据中心2号楼D203电力电池机房__3#UPS蓄电池组1__未知组__234节电池电压.png
单体XX电压__2-D203（1、3、5、11#UPS）.xlsx__Sheet1__咸阳秦都西咸数据中心2号楼D203电力电池机房__3#UPS蓄电池组1__未知组__239节电池电压.png,2-D203（1、3、5、11#UPS）.xlsx,Sheet1,咸阳秦都西咸数据中心2号楼D203电力电池机房,3#UPS蓄电池组1,未知组,239节电池电压,0.998468606431853,0.8946255378080965,0.011448990009444989,0.1560198351924048,0.8831765477986515,0.14457084518295982,0.16369416214641744,0.147239263803681,0.0,0.007575757575757576,0.17769999270710568,0.8432509297720837,invalid_or_bad_collection,疑似操作或采集异常,最低点贴近尾部，缺少谷底后的回升段,/mnt/nvme/projects/battery/output_ups_型号1/plots/单体XX电压/单体XX电压__2-D203（1、3、5、11#UPS）.xlsx__Sheet1__咸阳秦都西咸数据中心2号楼D203电力电池机房__3#UPS蓄电池组1__未知组__239节电池电压.png,/mnt/nvme/projects/battery/output_ups_型号1/plots_三分类/单体XX电压/疑似操作或采集异常/单体XX电压__2-D203（1、3、5、11#UPS）.xlsx__Sheet1__咸阳秦都西咸数据中心2号楼D203电力电池机房__3#UPS蓄电池组1__未知组__239节电池电压.png
单体XX电压__2-D203（1、3、5、11#UPS）.xlsx__Sheet1__咸阳秦都西咸数据中心2号楼D203电力电池机房__3#UPS蓄电池组1__未知组__240节电池电压.png,2-D203（1、3、5、11#UPS）.xlsx,Sheet1,咸阳秦都西咸数据中心2号楼D203电力电池机房,3#UPS蓄电池组1,未知组,240节电池电压,0.998468606431853,0.8497882772427241,0.011663323675767785,0.16150360300075897,0.8381249535669563,0.1498402793249912,0.17878035787922686,0.147239263803681,0.0,0.0,0.18058093752265192,0.8373077780227941,invalid_or_bad_collection,疑似操作或采集异常,最低点贴近尾部，缺少谷底后的回升段,/mnt/nvme/projects/battery/output_ups_型号1/plots/单体XX电压/单体XX电压__2-D203（1、3、5、11#UPS）.xlsx__Sheet1__咸阳秦都西咸数据中心2号楼D203电力电池机房__3#UPS蓄电池组1__未知组__240节电池电压.png,/mnt/nvme/projects/battery/output_ups_型号1/plots_三分类/单体XX电压/疑似操作或采集异常/单体XX电压__2-D203（1、3、5、11#UPS）.xlsx__Sheet1__咸阳秦都西咸数据中心2号楼D203电力电池机房__3#UPS蓄电池组1__未知组__240节电池电压.png
单体XX电压__2-D203（1、3、5、11#UPS）.xlsx__Sheet1__咸阳秦都西咸数据中心2号楼D203电力电池机房__3#UPS蓄电池组2__未知组__157节电池电压.png,2-D203（1、3、5、11#UPS）.xlsx,Sheet1,咸阳秦都西咸数据中心2号楼D203电力电池机房,3#UPS蓄电池组2,未知组,157节电池电压,0.998468606431853,0.8038258038235137,0.008004341337651866,0.11141636141604398,0.7958214624858618,0.10341202007839212,0.12994374344394558,0.18251533742331288,0.0,0.0,0.474358974357623,0.8847171347146143,invalid_or_bad_collection,疑似操作或采集异常,最低点贴近尾部，缺少谷底后的回升段,/mnt/nvme/projects/battery/output_ups_型号1/plots/单体XX电压/单体XX电压__2-D203（1、3、5、11#UPS）.xlsx__Sheet1__咸阳秦都西咸数据中心2号楼D203电力电池机房__3#UPS蓄电池组2__未知组__157节电池电压.png,/mnt/nvme/projects/battery/output_ups_型号1/plots_三分类/单体XX电压/疑似操作或采集异常/单体XX电压__2-D203（1、3、5、11#UPS）.xlsx__Sheet1__咸阳秦都西咸数据中心2号楼D203电力电池机房__3#UPS蓄电池组2__未知组__157节电池电压.png
单体XX电压__2-D203（1、3、5、11#UPS）.xlsx__Sheet1__咸阳秦都西咸数据中心2号楼D203电力电池机房__3#UPS蓄电池组2__未知组__206节电池电压.png,2-D203（1、3、5、11#UPS）.xlsx,Sheet1,咸阳秦都西咸数据中心2号楼D203电力电池机房,3#UPS蓄电池组2,未知组,206节电池电压,0.998468606431853,0.8466326530588056,0.009047619047593197,0.12221088435339231,0.8375850340112124,0.11316326530579911,0.13510659882346662,0.15644171779141106,0.0,0.0,0.1787619047613942,0.8716666666641761,invalid_or_bad_collection,疑似操作或采集异常,最低点贴近尾部，缺少谷底后的回升段,/mnt/nvme/projects/battery/output_ups_型号1/plots/单体XX电压/单体XX电压__2-D203（1、3、5、11#UPS）.xlsx__Sheet1__咸阳秦都西咸数据中心2号楼D203电力电池机房__3#UPS蓄电池组2__未知组__206节电池电压.png,/mnt/nvme/projects/battery/output_ups_型号1/plots_三分类/单体XX电压/疑似操作或采集异常/单体XX电压__2-D203（1、3、5、11#UPS）.xlsx__Sheet1__咸阳秦都西咸数据中心2号楼D203电力电池机房__3#UPS蓄电池组2__未知组__206节电池电压.png
单体XX电压__2-D203（1、3、5、11#UPS）.xlsx__Sheet1__咸阳秦都西咸数据中心2号楼D203电力电池机房__3#UPS蓄电池组2__未知组__211节电池电压.png,2-D203（1、3、5、11#UPS）.xlsx,Sheet1,咸阳秦都西咸数据中心2号楼D203电力电池机房,3#UPS蓄电池组2,未知组,211节电池电压,0.998468606431853,0.8835073687301261,0.0002962304673026408,0.0035917944160445197,0.8832111382628235,0.003295563948741879,0.0037313432793573435,0.09969325153374232,0.0,0.014925373134328358,0.8853291861040375,0.9830778345522262,invalid_or_bad_collection,疑似操作或采集异常,最低点贴近尾部，缺少谷底后的回升段,/mnt/nvme/projects/battery/output_ups_型号1/plots/单体XX电压/单体XX电压__2-D203（1、3、5、11#UPS）.xlsx__Sheet1__咸阳秦都西咸数据中心2号楼D203电力电池机房__3#UPS蓄电池组2__未知组__211节电池电压.png,/mnt/nvme/projects/battery/output_ups_型号1/plots_三分类/单体XX电压/疑似操作或采集异常/单体XX电压__2-D203（1、3、5、11#UPS）.xlsx__Sheet1__咸阳秦都西咸数据中心2号楼D203电力电池机房__3#UPS蓄电池组2__未知组__211节电池电压.png
单体XX电压__2-D203（1、3、5、11#UPS）.xlsx__Sheet1__咸阳秦都西咸数据中心2号楼D203电力电池机房__3#UPS蓄电池组2__未知组__230节电池电压.png,2-D203（1、3、5、11#UPS）.xlsx,Sheet1,咸阳秦都西咸数据中心2号楼D203电力电池机房,3#UPS蓄电池组2,未知组,230节电池电压,0.998468606431853,0.8217278531501389,0.006983240223444181,0.097732109603345,0.8147446129266946,0.09074886937990082,0.11138320871190908,0.17638036809815952,0.0,0.0,0.6034051609453749,0.869147379619812,invalid_or_bad_collection,疑似操作或采集异常,最低点贴近尾部，缺少谷底后的回升段,/mnt/nvme/projects/battery/output_ups_型号1/plots/单体XX电压/单体XX电压__2-D203（1、3、5、11#UPS）.xlsx__Sheet1__咸阳秦都西咸数据中心2号楼D203电力电池机房__3#UPS蓄电池组2__未知组__230节电池电压.png,/mnt/nvme/projects/battery/output_ups_型号1/plots_三分类/单体XX电压/疑似操作或采集异常/单体XX电压__2-D203（1、3、5、11#UPS）.xlsx__Sheet1__咸阳秦都西咸数据中心2号楼D203电力电池机房__3#UPS蓄电池组2__未知组__230节电池电压.png
单体XX电压__2-D203（1、3、5、11#UPS）.xlsx__Sheet1__咸阳秦都西咸数据中心2号楼D203电力电池机房__5#UPS蓄电池组1__未知组__178节电池电压.png,2-D203（1、3、5、11#UPS）.xlsx,Sheet1,咸阳秦都西咸数据中心2号楼D203电力电池机房,5#UPS蓄电池组1,未知组,178节电池电压,0.998468606431853,0.8096646942776836,0.04733727810636883,0.7722950126773431,0.7623274161713148,0.7249577345709743,0.9509794849842813,0.19631901840490798,0.0,0.03488372093023256,0.15064806987839363,0.20354325161957254,invalid_or_bad_collection,疑似操作或采集异常,最低点贴近尾部，缺少谷底后的回升段,/mnt/nvme/projects/battery/output_ups_型号1/plots/单体XX电压/单体XX电压__2-D203（1、3、5、11#UPS）.xlsx__Sheet1__咸阳秦都西咸数据中心2号楼D203电力电池机房__5#UPS蓄电池组1__未知组__178节电池电压.png,/mnt/nvme/projects/battery/output_ups_型号1/plots_三分类/单体XX电压/疑似操作或采集异常/单体XX电压__2-D203（1、3、5、11#UPS）.xlsx__Sheet1__咸阳秦都西咸数据中心2号楼D203电力电池机房__5#UPS蓄电池组1__未知组__178节电池电压.png
单体XX电压__2-D203（1、3、5、11#UPS）.xlsx__Sheet1__咸阳秦都西咸数据中心2号楼D203电力电池机房__5#UPS蓄电池组1__未知组__182节电池电压.png,2-D203（1、3、5、11#UPS）.xlsx,Sheet1,咸阳秦都西咸数据中心2号楼D203电力电池机房,5#UPS蓄电池组1,未知组,182节电池电压,0.998468606431853,0.8335787923388144,0.03763704794619696,0.7525773195850426,0.7959417443926174,0.7149402716388457,0.8982319067662221,0.16104294478527606,0.0,0.0,0.15283914252933883,0.22688594338000911,invalid_or_bad_collection,疑似操作或采集异常,最低点贴近尾部，缺少谷底后的回升段,/mnt/nvme/projects/battery/output_ups_型号1/plots/单体XX电压/单体XX电压__2-D203（1、3、5、11#UPS）.xlsx__Sheet1__咸阳秦都西咸数据中心2号楼D203电力电池机房__5#UPS蓄电池组1__未知组__182节电池电压.png,/mnt/nvme/projects/battery/output_ups_型号1/plots_三分类/单体XX电压/疑似操作或采集异常/单体XX电压__2-D203（1、3、5、11#UPS）.xlsx__Sheet1__咸阳秦都西咸数据中心2号楼D203电力电池机房__5#UPS蓄电池组1__未知组__182节电池电压.png
单体XX电压__2-D203（1、3、5、11#UPS）.xlsx__Sheet1__咸阳秦都西咸数据中心2号楼D203电力电池机房__5#UPS蓄电池组1__未知组__185节电池电压.png,2-D203（1、3、5、11#UPS）.xlsx,Sheet1,咸阳秦都西咸数据中心2号楼D203电力电池机房,5#UPS蓄电池组1,未知组,185节电池电压,0.998468606431853,0.7893835616411323,0.13551859099757896,0.7440883887776213,0.6538649706435533,0.6085697977800424,0.930727021896192,0.2469325153374233,0.0,0.0345821325648415,0.1584637964769524,0.211391063273901,invalid_or_bad_collection,疑似操作或采集异常,最低点贴近尾部，缺少谷底后的回升段,/mnt/nvme/projects/battery/output_ups_型号1/plots/单体XX电压/单体XX电压__2-D203（1、3、5、11#UPS）.xlsx__Sheet1__咸阳秦都西咸数据中心2号楼D203电力电池机房__5#UPS蓄电池组1__未知组__185节电池电压.png,/mnt/nvme/projects/battery/output_ups_型号1/plots_三分类/单体XX电压/疑似操作或采集异常/单体XX电压__2-D203（1、3、5、11#UPS）.xlsx__Sheet1__咸阳秦都西咸数据中心2号楼D203电力电池机房__5#UPS蓄电池组1__未知组__185节电池电压.png
单体XX电压__2-D203（1、3、5、11#UPS）.xlsx__Sheet1__咸阳秦都西咸数据中心2号楼D203电力电池机房__5#UPS蓄电池组1__未知组__192节电池电压.png,2-D203（1、3、5、11#UPS）.xlsx,Sheet1,咸阳秦都西咸数据中心2号楼D203电力电池机房,5#UPS蓄电池组1,未知组,192节电池电压,0.998468606431853,0.8294573643388159,0.037456843202294754,0.7981239007208962,0.7920005211365211,0.7606670575186014,0.9604375707564009,0.1901840490797546,0.0,0.03428571428571429,0.14520226695289562,0.18923848609159355,invalid_or_bad_collection,疑似操作或采集异常,最低点贴近尾部，缺少谷底后的回升段,/mnt/nvme/projects/battery/output_ups_型号1/plots/单体XX电压/单体XX电压__2-D203（1、3、5、11#UPS）.xlsx__Sheet1__咸阳秦都西咸数据中心2号楼D203电力电池机房__5#UPS蓄电池组1__未知组__192节电池电压.png,/mnt/nvme/projects/battery/output_ups_型号1/plots_三分类/单体XX电压/疑似操作或采集异常/单体XX电压__2-D203（1、3、5、11#UPS）.xlsx__Sheet1__咸阳秦都西咸数据中心2号楼D203电力电池机房__5#UPS蓄电池组1__未知组__192节电池电压.png
单体XX电压__2-D203（1、3、5、11#UPS）.xlsx__Sheet1__咸阳秦都西咸数据中心2号楼D203电力电池机房__5#UPS蓄电池组1__未知组__198节电池电压.png,2-D203（1、3、5、11#UPS）.xlsx,Sheet1,咸阳秦都西咸数据中心2号楼D203电力电池机房,5#UPS蓄电池组1,未知组,198节电池电压,0.998468606431853,0.8479918657824423,0.04041687849502648,0.7899508557843434,0.8075749872874158,0.7495339772893169,0.9281292612576033,0.1579754601226994,0.0,0.031496062992125984,0.15221148957749597,0.1891204880521995,invalid_or_bad_collection,疑似操作或采集异常,最低点贴近尾部，缺少谷底后的回升段,/mnt/nvme/projects/battery/output_ups_型号1/plots/单体XX电压/单体XX电压__2-D203（1、3、5、11#UPS）.xlsx__Sheet1__咸阳秦都西咸数据中心2号楼D203电力电池机房__5#UPS蓄电池组1__未知组__198节电池电压.png,/mnt/nvme/projects/battery/output_ups_型号1/plots_三分类/单体XX电压/疑似操作或采集异常/单体XX电压__2-D203（1、3、5、11#UPS）.xlsx__Sheet1__咸阳秦都西咸数据中心2号楼D203电力电池机房__5#UPS蓄电池组1__未知组__198节电池电压.png
单体XX电压__2-D203（1、3、5、11#UPS）.xlsx__Sheet1__咸阳秦都西咸数据中心2号楼D203电力电池机房__5#UPS蓄电池组1__未知组__199节电池电压.png,2-D203（1、3、5、11#UPS）.xlsx,Sheet1,咸阳秦都西咸数据中心2号楼D203电力电池机房,5#UPS蓄电池组1,未知组,199节电池电压,0.998468606431853,0.8759055759025813,0.03850223850210687,0.8116402116374368,0.8374033374004745,0.77313797313533,0.9232563779983277,0.16104294478527606,0.0,0.014705882352941176,0.13777777777730682,0.18396418396355496,invalid_or_bad_collection,疑似操作或采集异常,最低点贴近尾部，缺少谷底后的回升段,/mnt/nvme/projects/battery/output_ups_型号1/plots/单体XX电压/单体XX电压__2-D203（1、3、5、11#UPS）.xlsx__Sheet1__咸阳秦都西咸数据中心2号楼D203电力电池机房__5#UPS蓄电池组1__未知组__199节电池电压.png,/mnt/nvme/projects/battery/output_ups_型号1/plots_三分类/单体XX电压/疑似操作或采集异常/单体XX电压__2-D203（1、3、5、11#UPS）.xlsx__Sheet1__咸阳秦都西咸数据中心2号楼D203电力电池机房__5#UPS蓄电池组1__未知组__199节电池电压.png
单体XX电压__2-D203（1、3、5、11#UPS）.xlsx__Sheet1__咸阳秦都西咸数据中心2号楼D203电力电池机房__5#UPS蓄电池组1__未知组__210节电池电压.png,2-D203（1、3、5、11#UPS）.xlsx,Sheet1,咸阳秦都西咸数据中心2号楼D203电力电池机房,5#UPS蓄电池组1,未知组,210节电池电压,0.998468606431853,0.9076305220852291,0.1531022047367896,0.9194328333711487,0.7545283173484395,0.7663306286343591,1.0156419712804858,0.20245398773006135,0.0,0.04329004329004329,0.13379231210510456,0.07401032702212051,invalid_or_bad_collection,疑似操作或采集异常,最低点贴近尾部，缺少谷底后的回升段,/mnt/nvme/projects/battery/output_ups_型号1/plots/单体XX电压/单体XX电压__2-D203（1、3、5、11#UPS）.xlsx__Sheet1__咸阳秦都西咸数据中心2号楼D203电力电池机房__5#UPS蓄电池组1__未知组__210节电池电压.png,/mnt/nvme/projects/battery/output_ups_型号1/plots_三分类/单体XX电压/疑似操作或采集异常/单体XX电压__2-D203（1、3、5、11#UPS）.xlsx__Sheet1__咸阳秦都西咸数据中心2号楼D203电力电池机房__5#UPS蓄电池组1__未知组__210节电池电压.png
单体XX电压__2-D203（1、3、5、11#UPS）.xlsx__Sheet1__咸阳秦都西咸数据中心2号楼D203电力电池机房__5#UPS蓄电池组1__未知组__222节电池电压.png,2-D203（1、3、5、11#UPS）.xlsx,Sheet1,咸阳秦都西咸数据中心2号楼D203电力电池机房,5#UPS蓄电池组1,未知组,222节电池电压,0.998468606431853,0.9369605275880755,0.1587624866640803,0.9534962661196735,0.7781980409239951,0.7947337794555932,1.0212487524264589,0.21012269938650308,0.0,0.04838709677419355,0.11110464552374488,0.0450489768206872,invalid_or_bad_collection,疑似操作或采集异常,整体动态范围过小，更像平线或轻微波动,/mnt/nvme/projects/battery/output_ups_型号1/plots/单体XX电压/单体XX电压__2-D203（1、3、5、11#UPS）.xlsx__Sheet1__咸阳秦都西咸数据中心2号楼D203电力电池机房__5#UPS蓄电池组1__未知组__222节电池电压.png,/mnt/nvme/projects/battery/output_ups_型号1/plots_三分类/单体XX电压/疑似操作或采集异常/单体XX电压__2-D203（1、3、5、11#UPS）.xlsx__Sheet1__咸阳秦都西咸数据中心2号楼D203电力电池机房__5#UPS蓄电池组1__未知组__222节电池电压.png
单体XX电压__2-D203（1、3、5、11#UPS）.xlsx__Sheet1__咸阳秦都西咸数据中心2号楼D203电力电池机房__5#UPS蓄电池组1__未知组__240节电池电压.png,2-D203（1、3、5、11#UPS）.xlsx,Sheet1,咸阳秦都西咸数据中心2号楼D203电力电池机房,5#UPS蓄电池组1,未知组,240节电池电压,0.998468606431853,0.9766381766348377,0.16223036222980758,0.9702889702856533,0.8144078144050301,0.8080586080558457,0.9922038968326616,0.19938650306748465,0.0,0.04081632653061224,0.12154660154618602,0.027594627594533128,invalid_or_bad_collection,疑似操作或采集异常,最低点贴近尾部，缺少谷底后的回升段,/mnt/nvme/projects/battery/output_ups_型号1/plots/单体XX电压/单体XX电压__2-D203（1、3、5、11#UPS）.xlsx__Sheet1__咸阳秦都西咸数据中心2号楼D203电力电池机房__5#UPS蓄电池组1__未知组__240节电池电压.png,/mnt/nvme/projects/battery/output_ups_型号1/plots_三分类/单体XX电压/疑似操作或采集异常/单体XX电压__2-D203（1、3、5、11#UPS）.xlsx__Sheet1__咸阳秦都西咸数据中心2号楼D203电力电池机房__5#UPS蓄电池组1__未知组__240节电池电压.png
单体XX电压__2-D203（1、3、5、11#UPS）.xlsx__Sheet1__咸阳秦都西咸数据中心2号楼D203电力电池机房__5#UPS蓄电池组1__未知组__2节电池电压.png,2-D203（1、3、5、11#UPS）.xlsx,Sheet1,咸阳秦都西咸数据中心2号楼D203电力电池机房,5#UPS蓄电池组1,未知组,2节电池电压,0.998468606431853,0.761447765283614,0.13051823416456615,0.7699479023825668,0.6309295311190479,0.6394296682180007,1.0134724016965955,0.1901840490797546,0.0,0.01818181818181818,0.21001736587068642,0.198702129603478,invalid_or_bad_collection,疑似操作或采集异常,最低点贴近尾部，缺少谷底后的回升段,/mnt/nvme/projects/battery/output_ups_型号1/plots/单体XX电压/单体XX电压__2-D203（1、3、5、11#UPS）.xlsx__Sheet1__咸阳秦都西咸数据中心2号楼D203电力电池机房__5#UPS蓄电池组1__未知组__2节电池电压.png,/mnt/nvme/projects/battery/output_ups_型号1/plots_三分类/单体XX电压/疑似操作或采集异常/单体XX电压__2-D203（1、3、5、11#UPS）.xlsx__Sheet1__咸阳秦都西咸数据中心2号楼D203电力电池机房__5#UPS蓄电池组1__未知组__2节电池电压.png
单体XX电压__2-D203（1、3、5、11#UPS）.xlsx__Sheet1__咸阳秦都西咸数据中心2号楼D203电力电池机房__5#UPS蓄电池组1__未知组__49节电池电压.png,2-D203（1、3、5、11#UPS）.xlsx,Sheet1,咸阳秦都西咸数据中心2号楼D203电力电池机房,5#UPS蓄电池组1,未知组,49节电池电压,0.998468606431853,0.8664645103297102,0.15536088649247343,0.9328766097604687,0.7111036238372368,0.7775157232679952,1.0933929966198097,0.13803680981595093,0.0,0.0,0.0957921533390218,0.05364630128764181,invalid_or_bad_collection,疑似操作或采集异常,整体动态范围过小，更像平线或轻微波动,/mnt/nvme/projects/battery/output_ups_型号1/plots/单体XX电压/单体XX电压__2-D203（1、3、5、11#UPS）.xlsx__Sheet1__咸阳秦都西咸数据中心2号楼D203电力电池机房__5#UPS蓄电池组1__未知组__49节电池电压.png,/mnt/nvme/projects/battery/output_ups_型号1/plots_三分类/单体XX电压/疑似操作或采集异常/单体XX电压__2-D203（1、3、5、11#UPS）.xlsx__Sheet1__咸阳秦都西咸数据中心2号楼D203电力电池机房__5#UPS蓄电池组1__未知组__49节电池电压.png
单体XX电压__2-D203（1、3、5、11#UPS）.xlsx__Sheet1__咸阳秦都西咸数据中心2号楼D203电力电池机房__5#UPS蓄电池组1__未知组__54节电池电压.png,2-D203（1、3、5、11#UPS）.xlsx,Sheet1,咸阳秦都西咸数据中心2号楼D203电力电池机房,5#UPS蓄电池组1,未知组,54节电池电压,0.998468606431853,0.8065764023179628,0.15565994289338328,0.8888274845687272,0.6509164594245795,0.7331675416753439,1.1263619623278749,0.21012269938650308,0.0,0.02040816326530612,0.16186791931410183,0.08335635995178192,invalid_or_bad_collection,疑似操作或采集异常,最低点贴近尾部，缺少谷底后的回升段,/mnt/nvme/projects/battery/output_ups_型号1/plots/单体XX电压/单体XX电压__2-D203（1、3、5、11#UPS）.xlsx__Sheet1__咸阳秦都西咸数据中心2号楼D203电力电池机房__5#UPS蓄电池组1__未知组__54节电池电压.png,/mnt/nvme/projects/battery/output_ups_型号1/plots_三分类/单体XX电压/疑似操作或采集异常/单体XX电压__2-D203（1、3、5、11#UPS）.xlsx__Sheet1__咸阳秦都西咸数据中心2号楼D203电力电池机房__5#UPS蓄电池组1__未知组__54节电池电压.png
单体XX电压__2-D203（1、3、5、11#UPS）.xlsx__Sheet1__咸阳秦都西咸数据中心2号楼D203电力电池机房__5#UPS蓄电池组1__未知组__55节电池电压.png,2-D203（1、3、5、11#UPS）.xlsx,Sheet1,咸阳秦都西咸数据中心2号楼D203电力电池机房,5#UPS蓄电池组1,未知组,55节电池电压,0.998468606431853,0.8958374497768804,0.11967331884311228,0.9486596851715838,0.7761641309337681,0.8289863663284716,1.068055495250856,0.11042944785276074,0.0,0.028985507246376812,0.1301323849038093,0.04363432786657229,invalid_or_bad_collection,疑似操作或采集异常,最低点贴近尾部，缺少谷底后的回升段,/mnt/nvme/projects/battery/output_ups_型号1/plots/单体XX电压/单体XX电压__2-D203（1、3、5、11#UPS）.xlsx__Sheet1__咸阳秦都西咸数据中心2号楼D203电力电池机房__5#UPS蓄电池组1__未知组__55节电池电压.png,/mnt/nvme/projects/battery/output_ups_型号1/plots_三分类/单体XX电压/疑似操作或采集异常/单体XX电压__2-D203（1、3、5、11#UPS）.xlsx__Sheet1__咸阳秦都西咸数据中心2号楼D203电力电池机房__5#UPS蓄电池组1__未知组__55节电池电压.png
单体XX电压__2-D203（1、3、5、11#UPS）.xlsx__Sheet1__咸阳秦都西咸数据中心2号楼D203电力电池机房__5#UPS蓄电池组1__未知组__56节电池电压.png,2-D203（1、3、5、11#UPS）.xlsx,Sheet1,咸阳秦都西咸数据中心2号楼D203电力电池机房,5#UPS蓄电池组1,未知组,56节电池电压,0.998468606431853,0.937469937467232,0.11798254655363463,0.9466433037834288,0.8194873909135973,0.8286607572297942,1.0111940286168113,0.1058282208588957,0.0,0.029850746268656716,0.14248608534281693,0.04861540575812284,invalid_or_bad_collection,疑似操作或采集异常,最低点贴近尾部，缺少谷底后的回升段,/mnt/nvme/projects/battery/output_ups_型号1/plots/单体XX电压/单体XX电压__2-D203（1、3、5、11#UPS）.xlsx__Sheet1__咸阳秦都西咸数据中心2号楼D203电力电池机房__5#UPS蓄电池组1__未知组__56节电池电压.png,/mnt/nvme/projects/battery/output_ups_型号1/plots_三分类/单体XX电压/疑似操作或采集异常/单体XX电压__2-D203（1、3、5、11#UPS）.xlsx__Sheet1__咸阳秦都西咸数据中心2号楼D203电力电池机房__5#UPS蓄电池组1__未知组__56节电池电压.png
单体XX电压__2-D203（1、3、5、11#UPS）.xlsx__Sheet1__咸阳秦都西咸数据中心2号楼D203电力电池机房__5#UPS蓄电池组1__未知组__64节电池电压.png,2-D203（1、3、5、11#UPS）.xlsx,Sheet1,咸阳秦都西咸数据中心2号楼D203电力电池机房,5#UPS蓄电池组1,未知组,64节电池电压,0.998468606431853,0.95165945165683,0.15669683851458865,0.9384428702584667,0.7949626131422414,0.781746031743878,0.9833745862217383,0.03834355828220859,0.0,0.014084507042253521,0.08709169618236534,0.05611307884019712,invalid_or_bad_collection,疑似操作或采集异常,整体动态范围过小，更像平线或轻微波动,/mnt/nvme/projects/battery/output_ups_型号1/plots/单体XX电压/单体XX电压__2-D203（1、3、5、11#UPS）.xlsx__Sheet1__咸阳秦都西咸数据中心2号楼D203电力电池机房__5#UPS蓄电池组1__未知组__64节电池电压.png,/mnt/nvme/projects/battery/output_ups_型号1/plots_三分类/单体XX电压/疑似操作或采集异常/单体XX电压__2-D203（1、3、5、11#UPS）.xlsx__Sheet1__咸阳秦都西咸数据中心2号楼D203电力电池机房__5#UPS蓄电池组1__未知组__64节电池电压.png
单体XX电压__2-D203（1、3、5、11#UPS）.xlsx__Sheet1__咸阳秦都西咸数据中心2号楼D203电力电池机房__5#UPS蓄电池组2__未知组__11节电池电压.png,2-D203（1、3、5、11#UPS）.xlsx,Sheet1,咸阳秦都西咸数据中心2号楼D203电力电池机房,5#UPS蓄电池组2,未知组,11节电池电压,0.998468606431853,0.8538281186809071,0.06322257256021865,0.8663594470016664,0.7906055461206885,0.8031368744414478,1.015850290155941,0.1579754601226994,0.0,0.0,0.13333333333288055,0.11245856576888014,invalid_or_bad_collection,疑似操作或采集异常,最低点贴近尾部，缺少谷底后的回升段,/mnt/nvme/projects/battery/output_ups_型号1/plots/单体XX电压/单体XX电压__2-D203（1、3、5、11#UPS）.xlsx__Sheet1__咸阳秦都西咸数据中心2号楼D203电力电池机房__5#UPS蓄电池组2__未知组__11节电池电压.png,/mnt/nvme/projects/battery/output_ups_型号1/plots_三分类/单体XX电压/疑似操作或采集异常/单体XX电压__2-D203（1、3、5、11#UPS）.xlsx__Sheet1__咸阳秦都西咸数据中心2号楼D203电力电池机房__5#UPS蓄电池组2__未知组__11节电池电压.png
单体XX电压__2-D203（1、3、5、11#UPS）.xlsx__Sheet1__咸阳秦都西咸数据中心2号楼D203电力电池机房__5#UPS蓄电池组2__未知组__12节电池电压.png,2-D203（1、3、5、11#UPS）.xlsx,Sheet1,咸阳秦都西咸数据中心2号楼D203电力电池机房,5#UPS蓄电池组2,未知组,12节电池电压,0.998468606431853,0.8632625741024806,0.1549053356276051,0.8932874354525226,0.7083572384748755,0.7383820998249175,1.0423866075997195,0.1794478527607362,0.0,0.029556650246305417,0.15773570472302312,0.09447313061732954,invalid_or_bad_collection,疑似操作或采集异常,最低点贴近尾部，缺少谷底后的回升段,/mnt/nvme/projects/battery/output_ups_型号1/plots/单体XX电压/单体XX电压__2-D203（1、3、5、11#UPS）.xlsx__Sheet1__咸阳秦都西咸数据中心2号楼D203电力电池机房__5#UPS蓄电池组2__未知组__12节电池电压.png,/mnt/nvme/projects/battery/output_ups_型号1/plots_三分类/单体XX电压/疑似操作或采集异常/单体XX电压__2-D203（1、3、5、11#UPS）.xlsx__Sheet1__咸阳秦都西咸数据中心2号楼D203电力电池机房__5#UPS蓄电池组2__未知组__12节电池电压.png
单体XX电压__2-D203（1、3、5、11#UPS）.xlsx__Sheet1__咸阳秦都西咸数据中心2号楼D203电力电池机房__5#UPS蓄电池组2__未知组__209节电池电压.png,2-D203（1、3、5、11#UPS）.xlsx,Sheet1,咸阳秦都西咸数据中心2号楼D203电力电池机房,5#UPS蓄电池组2,未知组,209节电池电压,0.998468606431853,0.815837346170758,0.13483146067355134,0.7888710540360478,0.6810058854972066,0.6540395933624965,0.9604022613175742,0.2223926380368098,0.0,0.016786570743405275,0.16440877474511473,0.19390048154005968,invalid_or_bad_collection,疑似操作或采集异常,最低点贴近尾部，缺少谷底后的回升段,/mnt/nvme/projects/battery/output_ups_型号1/plots/单体XX电压/单体XX电压__2-D203（1、3、5、11#UPS）.xlsx__Sheet1__咸阳秦都西咸数据中心2号楼D203电力电池机房__5#UPS蓄电池组2__未知组__209节电池电压.png,/mnt/nvme/projects/battery/output_ups_型号1/plots_三分类/单体XX电压/疑似操作或采集异常/单体XX电压__2-D203（1、3、5、11#UPS）.xlsx__Sheet1__咸阳秦都西咸数据中心2号楼D203电力电池机房__5#UPS蓄电池组2__未知组__209节电池电压.png
单体XX电压__2-D203（1、3、5、11#UPS）.xlsx__Sheet1__咸阳秦都西咸数据中心2号楼D203电力电池机房__5#UPS蓄电池组2__未知组__211节电池电压.png,2-D203（1、3、5、11#UPS）.xlsx,Sheet1,咸阳秦都西咸数据中心2号楼D203电力电池机房,5#UPS蓄电池组2,未知组,211节电池电压,0.998468606431853,0.8495575221201346,0.14317319848229948,0.8329646017662258,0.7063843236378351,0.6897914032839263,0.9765100657316879,0.22085889570552147,0.0,0.0,0.14905183312197,0.15470922882358862,invalid_or_bad_collection,疑似操作或采集异常,最低点贴近尾部，缺少谷底后的回升段,/mnt/nvme/projects/battery/output_ups_型号1/plots/单体XX电压/单体XX电压__2-D203（1、3、5、11#UPS）.xlsx__Sheet1__咸阳秦都西咸数据中心2号楼D203电力电池机房__5#UPS蓄电池组2__未知组__211节电池电压.png,/mnt/nvme/projects/battery/output_ups_型号1/plots_三分类/单体XX电压/疑似操作或采集异常/单体XX电压__2-D203（1、3、5、11#UPS）.xlsx__Sheet1__咸阳秦都西咸数据中心2号楼D203电力电池机房__5#UPS蓄电池组2__未知组__211节电池电压.png
单体XX电压__2-D203（1、3、5、11#UPS）.xlsx__Sheet1__咸阳秦都西咸数据中心2号楼D203电力电池机房__5#UPS蓄电池组2__未知组__213节电池电压.png,2-D203（1、3、5、11#UPS）.xlsx,Sheet1,咸阳秦都西咸数据中心2号楼D203电力电池机房,5#UPS蓄电池组2,未知组,213节电池电压,0.998468606431853,0.7934272300444649,0.14404948207720022,0.8243535285763007,0.6493777479672647,0.6803040464991005,1.047624510665817,0.20705521472392638,0.0,0.02857142857142857,0.11780311498584495,0.1534391534386731,invalid_or_bad_collection,疑似操作或采集异常,整体动态范围过小，更像平线或轻微波动,/mnt/nvme/projects/battery/output_ups_型号1/plots/单体XX电压/单体XX电压__2-D203（1、3、5、11#UPS）.xlsx__Sheet1__咸阳秦都西咸数据中心2号楼D203电力电池机房__5#UPS蓄电池组2__未知组__213节电池电压.png,/mnt/nvme/projects/battery/output_ups_型号1/plots_三分类/单体XX电压/疑似操作或采集异常/单体XX电压__2-D203（1、3、5、11#UPS）.xlsx__Sheet1__咸阳秦都西咸数据中心2号楼D203电力电池机房__5#UPS蓄电池组2__未知组__213节电池电压.png
单体XX电压__2-D203（1、3、5、11#UPS）.xlsx__Sheet1__咸阳秦都西咸数据中心2号楼D203电力电池机房__5#UPS蓄电池组2__未知组__220节电池电压.png,2-D203（1、3、5、11#UPS）.xlsx,Sheet1,咸阳秦都西咸数据中心2号楼D203电力电池机房,5#UPS蓄电池组2,未知组,220节电池电压,0.998468606431853,0.9682142857110585,0.06809523809501111,0.8201190476163139,0.9001190476160474,0.7520238095213028,0.835471497550858,0.12576687116564417,0.0,0.0,0.12317460317419282,0.17527777777719356,invalid_or_bad_collection,疑似操作或采集异常,最低点贴近尾部，缺少谷底后的回升段,/mnt/nvme/projects/battery/output_ups_型号1/plots/单体XX电压/单体XX电压__2-D203（1、3、5、11#UPS）.xlsx__Sheet1__咸阳秦都西咸数据中心2号楼D203电力电池机房__5#UPS蓄电池组2__未知组__220节电池电压.png,/mnt/nvme/projects/battery/output_ups_型号1/plots_三分类/单体XX电压/疑似操作或采集异常/单体XX电压__2-D203（1、3、5、11#UPS）.xlsx__Sheet1__咸阳秦都西咸数据中心2号楼D203电力电池机房__5#UPS蓄电池组2__未知组__220节电池电压.png
单体XX电压__2-D203（1、3、5、11#UPS）.xlsx__Sheet1__咸阳秦都西咸数据中心2号楼D203电力电池机房__5#UPS蓄电池组2__未知组__221节电池电压.png,2-D203（1、3、5、11#UPS）.xlsx,Sheet1,咸阳秦都西咸数据中心2号楼D203电力电池机房,5#UPS蓄电池组2,未知组,221节电池电压,0.998468606431853,0.756318169723174,0.1154562383608363,0.8739913097422447,0.6408619313623377,0.7585350713814084,1.1836169899892561,0.12116564417177914,0.0,0.021505376344086023,0.1444355768372736,0.09319854571216502,invalid_or_bad_collection,疑似操作或采集异常,最低点贴近尾部，缺少谷底后的回升段,/mnt/nvme/projects/battery/output_ups_型号1/plots/单体XX电压/单体XX电压__2-D203（1、3、5、11#UPS）.xlsx__Sheet1__咸阳秦都西咸数据中心2号楼D203电力电池机房__5#UPS蓄电池组2__未知组__221节电池电压.png,/mnt/nvme/projects/battery/output_ups_型号1/plots_三分类/单体XX电压/疑似操作或采集异常/单体XX电压__2-D203（1、3、5、11#UPS）.xlsx__Sheet1__咸阳秦都西咸数据中心2号楼D203电力电池机房__5#UPS蓄电池组2__未知组__221节电池电压.png
单体XX电压__2-D203（1、3、5、11#UPS）.xlsx__Sheet1__咸阳秦都西咸数据中心2号楼D203电力电池机房__5#UPS蓄电池组2__未知组__223节电池电压.png,2-D203（1、3、5、11#UPS）.xlsx,Sheet1,咸阳秦都西咸数据中心2号楼D203电力电池机房,5#UPS蓄电池组2,未知组,223节电池电压,0.998468606431853,0.8890144665432987,0.04799578059056542,0.8562763713053072,0.8410186859527333,0.8082805907147418,0.9610732832148932,0.23006134969325154,0.0,0.0,0.10500301386344113,0.1230786618440951,invalid_or_bad_collection,疑似操作或采集异常,整体动态范围过小，更像平线或轻微波动,/mnt/nvme/projects/battery/output_ups_型号1/plots/单体XX电压/单体XX电压__2-D203（1、3、5、11#UPS）.xlsx__Sheet1__咸阳秦都西咸数据中心2号楼D203电力电池机房__5#UPS蓄电池组2__未知组__223节电池电压.png,/mnt/nvme/projects/battery/output_ups_型号1/plots_三分类/单体XX电压/疑似操作或采集异常/单体XX电压__2-D203（1、3、5、11#UPS）.xlsx__Sheet1__咸阳秦都西咸数据中心2号楼D203电力电池机房__5#UPS蓄电池组2__未知组__223节电池电压.png
单体XX电压__2-D203（1、3、5、11#UPS）.xlsx__Sheet1__咸阳秦都西咸数据中心2号楼D203电力电池机房__5#UPS蓄电池组2__未知组__224节电池电压.png,2-D203（1、3、5、11#UPS）.xlsx,Sheet1,咸阳秦都西咸数据中心2号楼D203电力电池机房,5#UPS蓄电池组2,未知组,224节电池电压,0.998468606431853,0.787940379400591,0.019357336430428473,0.639663182343509,0.7685830429701626,0.6203058459130806,0.8070771932579373,0.09969325153374232,0.0,0.0,0.16368563685570292,0.3237514517989163,invalid_or_bad_collection,疑似操作或采集异常,最低点贴近尾部，缺少谷底后的回升段,/mnt/nvme/projects/battery/output_ups_型号1/plots/单体XX电压/单体XX电压__2-D203（1、3、5、11#UPS）.xlsx__Sheet1__咸阳秦都西咸数据中心2号楼D203电力电池机房__5#UPS蓄电池组2__未知组__224节电池电压.png,/mnt/nvme/projects/battery/output_ups_型号1/plots_三分类/单体XX电压/疑似操作或采集异常/单体XX电压__2-D203（1、3、5、11#UPS）.xlsx__Sheet1__咸阳秦都西咸数据中心2号楼D203电力电池机房__5#UPS蓄电池组2__未知组__224节电池电压.png
单体XX电压__2-D203（1、3、5、11#UPS）.xlsx__Sheet1__咸阳秦都西咸数据中心2号楼D203电力电池机房__5#UPS蓄电池组2__未知组__233节电池电压.png,2-D203（1、3、5、11#UPS）.xlsx,Sheet1,咸阳秦都西咸数据中心2号楼D203电力电池机房,5#UPS蓄电池组2,未知组,233节电池电压,0.998468606431853,0.8661937377661139,0.037181996085978344,0.761945531634703,0.8290117416801355,0.7247635355487246,0.8742500235347888,0.200920245398773,0.0,0.024793388429752067,0.12415198956252349,0.23626060012965422,invalid_or_bad_collection,疑似操作或采集异常,最低点贴近尾部，缺少谷底后的回升段,/mnt/nvme/projects/battery/output_ups_型号1/plots/单体XX电压/单体XX电压__2-D203（1、3、5、11#UPS）.xlsx__Sheet1__咸阳秦都西咸数据中心2号楼D203电力电池机房__5#UPS蓄电池组2__未知组__233节电池电压.png,/mnt/nvme/projects/battery/output_ups_型号1/plots_三分类/单体XX电压/疑似操作或采集异常/单体XX电压__2-D203（1、3、5、11#UPS）.xlsx__Sheet1__咸阳秦都西咸数据中心2号楼D203电力电池机房__5#UPS蓄电池组2__未知组__233节电池电压.png
单体XX电压__2-D203（1、3、5、11#UPS）.xlsx__Sheet1__咸阳秦都西咸数据中心2号楼D203电力电池机房__5#UPS蓄电池组2__未知组__24节电池电压.png,2-D203（1、3、5、11#UPS）.xlsx,Sheet1,咸阳秦都西咸数据中心2号楼D203电力电池机房,5#UPS蓄电池组2,未知组,24节电池电压,0.998468606431853,0.8772310137989129,0.0907580027455877,0.8228195678853558,0.7864730110533252,0.7320615651397682,0.9308158753324548,0.18098159509202455,0.0,0.0125,0.15674542958258664,0.16272852084638822,invalid_or_bad_collection,疑似操作或采集异常,最低点贴近尾部，缺少谷底后的回升段,/mnt/nvme/projects/battery/output_ups_型号1/plots/单体XX电压/单体XX电压__2-D203（1、3、5、11#UPS）.xlsx__Sheet1__咸阳秦都西咸数据中心2号楼D203电力电池机房__5#UPS蓄电池组2__未知组__24节电池电压.png,/mnt/nvme/projects/battery/output_ups_型号1/plots_三分类/单体XX电压/疑似操作或采集异常/单体XX电压__2-D203（1、3、5、11#UPS）.xlsx__Sheet1__咸阳秦都西咸数据中心2号楼D203电力电池机房__5#UPS蓄电池组2__未知组__24节电池电压.png
单体XX电压__2-D203（1、3、5、11#UPS）.xlsx__Sheet1__咸阳秦都西咸数据中心2号楼D203电力电池机房__5#UPS蓄电池组2__未知组__25节电池电压.png,2-D203（1、3、5、11#UPS）.xlsx,Sheet1,咸阳秦都西咸数据中心2号楼D203电力电池机房,5#UPS蓄电池组2,未知组,25节电池电压,0.9984709480122325,0.9058408862006873,0.06855128758431311,0.7917565817844011,0.8372895986163742,0.723205294200088,0.8637457034357564,0.33078101071975496,0.0,0.021660649819494584,0.11756581786757758,0.19788519637402457,invalid_or_bad_collection,疑似操作或采集异常,整体动态范围过小，更像平线或轻微波动,/mnt/nvme/projects/battery/output_ups_型号1/plots/单体XX电压/单体XX电压__2-D203（1、3、5、11#UPS）.xlsx__Sheet1__咸阳秦都西咸数据中心2号楼D203电力电池机房__5#UPS蓄电池组2__未知组__25节电池电压.png,/mnt/nvme/projects/battery/output_ups_型号1/plots_三分类/单体XX电压/疑似操作或采集异常/单体XX电压__2-D203（1、3、5、11#UPS）.xlsx__Sheet1__咸阳秦都西咸数据中心2号楼D203电力电池机房__5#UPS蓄电池组2__未知组__25节电池电压.png
单体XX电压__2-D203（1、3、5、11#UPS）.xlsx__Sheet1__咸阳秦都西咸数据中心2号楼D203电力电池机房__5#UPS蓄电池组2__未知组__5节电池电压.png,2-D203（1、3、5、11#UPS）.xlsx,Sheet1,咸阳秦都西咸数据中心2号楼D203电力电池机房,5#UPS蓄电池组2,未知组,5节电池电压,0.998468606431853,0.8572887041467215,0.09144607306907018,0.8161963100682361,0.7658426310776514,0.724750236999166,0.9463435523731475,0.22392638036809817,0.0,0.0,0.11943411361445222,0.15383213009505847,invalid_or_bad_collection,疑似操作或采集异常,整体动态范围过小，更像平线或轻微波动,/mnt/nvme/projects/battery/output_ups_型号1/plots/单体XX电压/单体XX电压__2-D203（1、3、5、11#UPS）.xlsx__Sheet1__咸阳秦都西咸数据中心2号楼D203电力电池机房__5#UPS蓄电池组2__未知组__5节电池电压.png,/mnt/nvme/projects/battery/output_ups_型号1/plots_三分类/单体XX电压/疑似操作或采集异常/单体XX电压__2-D203（1、3、5、11#UPS）.xlsx__Sheet1__咸阳秦都西咸数据中心2号楼D203电力电池机房__5#UPS蓄电池组2__未知组__5节电池电压.png
单体XX电压__2-D203（1、3、5、11#UPS）.xlsx__Sheet1__咸阳秦都西咸数据中心2号楼D203电力电池机房__5#UPS蓄电池组2__未知组__7节电池电压.png,2-D203（1、3、5、11#UPS）.xlsx,Sheet1,咸阳秦都西咸数据中心2号楼D203电力电池机房,5#UPS蓄电池组2,未知组,7节电池电压,0.998468606431853,0.8744286545303145,0.110196958364113,0.9148175849714599,0.7642316961662015,0.8046206266073469,1.0528490634331304,0.1549079754601227,0.0,0.0,0.1405302085925455,0.0841851574832928,invalid_or_bad_collection,疑似操作或采集异常,最低点贴近尾部，缺少谷底后的回升段,/mnt/nvme/projects/battery/output_ups_型号1/plots/单体XX电压/单体XX电压__2-D203（1、3、5、11#UPS）.xlsx__Sheet1__咸阳秦都西咸数据中心2号楼D203电力电池机房__5#UPS蓄电池组2__未知组__7节电池电压.png,/mnt/nvme/projects/battery/output_ups_型号1/plots_三分类/单体XX电压/疑似操作或采集异常/单体XX电压__2-D203（1、3、5、11#UPS）.xlsx__Sheet1__咸阳秦都西咸数据中心2号楼D203电力电池机房__5#UPS蓄电池组2__未知组__7节电池电压.png
单体XX电压__2-D203（1、3、5、11#UPS）.xlsx__Sheet1__咸阳秦都西咸数据中心2号楼D203电力电池机房__5#UPS蓄电池组2__未知组__9节电池电压.png,2-D203（1、3、5、11#UPS）.xlsx,Sheet1,咸阳秦都西咸数据中心2号楼D203电力电池机房,5#UPS蓄电池组2,未知组,9节电池电压,0.998468606431853,0.8777480327705958,0.11089478380752352,0.9180254725368251,0.7668532489630723,0.8071306887293016,1.0525230071961864,0.15644171779141106,0.0,0.0,0.1282063762468253,0.06915713474463347,invalid_or_bad_collection,疑似操作或采集异常,最低点贴近尾部，缺少谷底后的回升段,/mnt/nvme/projects/battery/output_ups_型号1/plots/单体XX电压/单体XX电压__2-D203（1、3、5、11#UPS）.xlsx__Sheet1__咸阳秦都西咸数据中心2号楼D203电力电池机房__5#UPS蓄电池组2__未知组__9节电池电压.png,/mnt/nvme/projects/battery/output_ups_型号1/plots_三分类/单体XX电压/疑似操作或采集异常/单体XX电压__2-D203（1、3、5、11#UPS）.xlsx__Sheet1__咸阳秦都西咸数据中心2号楼D203电力电池机房__5#UPS蓄电池组2__未知组__9节电池电压.png
单体XX电压__2-203电池室（8、10）.xlsx__Sheet1__咸阳秦都西咸数据中心2号楼D203电力电池机房__8#UPS蓄电池组2__未知组__101节电池电压.png,2-203电池室（8、10）.xlsx,Sheet1,咸阳秦都西咸数据中心2号楼D203电力电池机房,8#UPS蓄电池组2,未知组,101节电池电压,0.05206738131699847,0.050113061984430385,0.0013301409949417488,0.9720005320536831,0.04878292098948864,0.9706703910587413,19.897750103363915,0.7058823529411765,0.24757281553398058,0.023809523809523808,0.6223729715332442,0.024142059058192555,uncertain,不确定,形状介于两类之间，建议人工复核,/mnt/nvme/projects/battery/output_ups_型号1/plots/单体XX电压/单体XX电压__2-203电池室（8、10）.xlsx__Sheet1__咸阳秦都西咸数据中心2号楼D203电力电池机房__8#UPS蓄电池组2__未知组__101节电池电压.png,/mnt/nvme/projects/battery/output_ups_型号1/plots_三分类/单体XX电压/不确定/单体XX电压__2-203电池室（8、10）.xlsx__Sheet1__咸阳秦都西咸数据中心2号楼D203电力电池机房__8#UPS蓄电池组2__未知组__101节电池电压.png
单体XX电压__2-203电池室（8、10）.xlsx__Sheet1__咸阳秦都西咸数据中心2号楼D203电力电池机房__8#UPS蓄电池组2__未知组__103节电池电压.png,2-203电池室（8、10）.xlsx,Sheet1,咸阳秦都西咸数据中心2号楼D203电力电池机房,8#UPS蓄电池组2,未知组,103节电池电压,0.03828483920367534,0.06095753592354145,0.008119079837596431,0.9457117082260635,0.05283845608594502,0.9375926283884671,17.744511859296246,0.92,0.16427432216905902,0.022556390977443608,0.6372060055398696,0.051968554674774126,uncertain,不确定,形状介于两类之间，建议人工复核,/mnt/nvme/projects/battery/output_ups_型号1/plots/单体XX电压/单体XX电压__2-203电池室（8、10）.xlsx__Sheet1__咸阳秦都西咸数据中心2号楼D203电力电池机房__8#UPS蓄电池组2__未知组__103节电池电压.png,/mnt/nvme/projects/battery/output_ups_型号1/plots_三分类/单体XX电压/不确定/单体XX电压__2-203电池室（8、10）.xlsx__Sheet1__咸阳秦都西咸数据中心2号楼D203电力电池机房__8#UPS蓄电池组2__未知组__103节电池电压.png
单体XX电压__2-203电池室（8、10）.xlsx__Sheet1__咸阳秦都西咸数据中心2号楼D203电力电池机房__8#UPS蓄电池组2__未知组__109节电池电压.png,2-203电池室（8、10）.xlsx,Sheet1,咸阳秦都西咸数据中心2号楼D203电力电池机房,8#UPS蓄电池组2,未知组,109节电池电压,0.08422664624808576,0.012207425342966838,0.0023204196932912168,0.8697538337331991,0.009887005649675621,0.8674334140399079,87.73468500381429,0.45454545454545453,0.08207705192629816,0.0136986301369863,0.6264527845009775,0.12923728813504565,uncertain,不确定,形状介于两类之间，建议人工复核,/mnt/nvme/projects/battery/output_ups_型号1/plots/单体XX电压/单体XX电压__2-203电池室（8、10）.xlsx__Sheet1__咸阳秦都西咸数据中心2号楼D203电力电池机房__8#UPS蓄电池组2__未知组__109节电池电压.png,/mnt/nvme/projects/battery/output_ups_型号1/plots_三分类/单体XX电压/不确定/单体XX电压__2-203电池室（8、10）.xlsx__Sheet1__咸阳秦都西咸数据中心2号楼D203电力电池机房__8#UPS蓄电池组2__未知组__109节电池电压.png
单体XX电压__2-203电池室（8、10）.xlsx__Sheet1__咸阳秦都西咸数据中心2号楼D203电力电池机房__8#UPS蓄电池组2__未知组__174节电池电压.png,2-203电池室（8、10）.xlsx,Sheet1,咸阳秦都西咸数据中心2号楼D203电力电池机房,8#UPS蓄电池组2,未知组,174节电池电压,0.03828483920367534,0.06867747098810681,0.005602240896335004,0.8240796318492787,0.06307523009177181,0.8184773909529437,12.976209151926744,0.96,0.21052631578947367,0.02575107296137339,0.5107643057201428,0.17181872749027438,uncertain,不确定,形状介于两类之间，建议人工复核,/mnt/nvme/projects/battery/output_ups_型号1/plots/单体XX电压/单体XX电压__2-203电池室（8、10）.xlsx__Sheet1__咸阳秦都西咸数据中心2号楼D203电力电池机房__8#UPS蓄电池组2__未知组__174节电池电压.png,/mnt/nvme/projects/battery/output_ups_型号1/plots_三分类/单体XX电压/不确定/单体XX电压__2-203电池室（8、10）.xlsx__Sheet1__咸阳秦都西咸数据中心2号楼D203电力电池机房__8#UPS蓄电池组2__未知组__174节电池电压.png
单体XX电压__2-203电池室（8、10）.xlsx__Sheet1__咸阳秦都西咸数据中心2号楼D203电力电池机房__8#UPS蓄电池组2__未知组__194节电池电压.png,2-203电池室（8、10）.xlsx,Sheet1,咸阳秦都西咸数据中心2号楼D203电力电池机房,8#UPS蓄电池组2,未知组,194节电池电压,0.03828483920367534,0.04799917064054074,0.006565761282723354,0.9364848987463315,0.041433409357817384,0.9299191374636081,22.44370254422364,0.92,0.17703349282296652,0.020134228187919462,0.6451171470020669,0.05162761766520341,uncertain,不确定,形状介于两类之间，建议人工复核,/mnt/nvme/projects/battery/output_ups_型号1/plots/单体XX电压/单体XX电压__2-203电池室（8、10）.xlsx__Sheet1__咸阳秦都西咸数据中心2号楼D203电力电池机房__8#UPS蓄电池组2__未知组__194节电池电压.png,/mnt/nvme/projects/battery/output_ups_型号1/plots_三分类/单体XX电压/不确定/单体XX电压__2-203电池室（8、10）.xlsx__Sheet1__咸阳秦都西咸数据中心2号楼D203电力电池机房__8#UPS蓄电池组2__未知组__194节电池电压.png
单体XX电压__2-203电池室（8、10）.xlsx__Sheet1__咸阳秦都西咸数据中心2号楼D203电力电池机房__8#UPS蓄电池组2__未知组__230节电池电压.png,2-203电池室（8、10）.xlsx,Sheet1,咸阳秦都西咸数据中心2号楼D203电力电池机房,8#UPS蓄电池组2,未知组,230节电池电压,0.07963246554364471,0.06827731092408285,0.016106442576963136,0.8547418967551121,0.05217086834711971,0.838635454178149,16.074783968008557,0.9038461538461539,0.075,0.01098901098901099,0.5814125650235675,0.14295718287254877,uncertain,不确定,形状介于两类之间，建议人工复核,/mnt/nvme/projects/battery/output_ups_型号1/plots/单体XX电压/单体XX电压__2-203电池室（8、10）.xlsx__Sheet1__咸阳秦都西咸数据中心2号楼D203电力电池机房__8#UPS蓄电池组2__未知组__230节电池电压.png,/mnt/nvme/projects/battery/output_ups_型号1/plots_三分类/单体XX电压/不确定/单体XX电压__2-203电池室（8、10）.xlsx__Sheet1__咸阳秦都西咸数据中心2号楼D203电力电池机房__8#UPS蓄电池组2__未知组__230节电池电压.png
单体XX电压__2-203电池室（8、10）.xlsx__Sheet1__咸阳秦都西咸数据中心2号楼D203电力电池机房__8#UPS蓄电池组2__未知组__65节电池电压.png,2-203电池室（8、10）.xlsx,Sheet1,咸阳秦都西咸数据中心2号楼D203电力电池机房,8#UPS蓄电池组2,未知组,65节电池电压,0.039816232771822356,0.051433014885421,0.0005184033177796214,0.9939643042255984,0.05091461156764138,0.9934459009078188,19.511999616770144,0.9230769230769231,0.23482428115015974,0.016574585635359115,0.6426571872897141,0.0013700659112748648,uncertain,不确定,形状介于两类之间，建议人工复核,/mnt/nvme/projects/battery/output_ups_型号1/plots/单体XX电压/单体XX电压__2-203电池室（8、10）.xlsx__Sheet1__咸阳秦都西咸数据中心2号楼D203电力电池机房__8#UPS蓄电池组2__未知组__65节电池电压.png,/mnt/nvme/projects/battery/output_ups_型号1/plots_三分类/单体XX电压/不确定/单体XX电压__2-203电池室（8、10）.xlsx__Sheet1__咸阳秦都西咸数据中心2号楼D203电力电池机房__8#UPS蓄电池组2__未知组__65节电池电压.png
单体XX电压__2-203电池室（8、10）.xlsx__Sheet1__咸阳秦都西咸数据中心2号楼D203电力电池机房__8#UPS蓄电池组2__未知组__90节电池电压.png,2-203电池室（8、10）.xlsx,Sheet1,咸阳秦都西咸数据中心2号楼D203电力电池机房,8#UPS蓄电池组2,未知组,90节电池电压,0.03828483920367534,0.059197651663242895,0.006849315068474386,0.9690476190449642,0.05234833659476851,0.9621983039764898,18.380685007132836,0.92,0.19298245614035087,0.017857142857142856,0.6439660795807537,0.02175472928891642,uncertain,不确定,形状介于两类之间，建议人工复核,/mnt/nvme/projects/battery/output_ups_型号1/plots/单体XX电压/单体XX电压__2-203电池室（8、10）.xlsx__Sheet1__咸阳秦都西咸数据中心2号楼D203电力电池机房__8#UPS蓄电池组2__未知组__90节电池电压.png,/mnt/nvme/projects/battery/output_ups_型号1/plots_三分类/单体XX电压/不确定/单体XX电压__2-203电池室（8、10）.xlsx__Sheet1__咸阳秦都西咸数据中心2号楼D203电力电池机房__8#UPS蓄电池组2__未知组__90节电池电压.png
单体XX电压__2-203电池室（8、10）.xlsx__Sheet1__咸阳秦都西咸数据中心2号楼D203电力电池机房__8#UPS蓄电池组2__未知组__95节电池电压.png,2-203电池室（8、10）.xlsx,Sheet1,咸阳秦都西咸数据中心2号楼D203电力电池机房,8#UPS蓄电池组2,未知组,95节电池电压,0.03828483920367534,0.053886457089649606,0.005106778087265254,0.9684308263668475,0.04877967900238435,0.9633240482795823,19.748470023429736,0.92,0.2679425837320574,0.01834862385321101,0.6329486669301908,0.02765618782324153,uncertain,不确定,形状介于两类之间，建议人工复核,/mnt/nvme/projects/battery/output_ups_型号1/plots/单体XX电压/单体XX电压__2-203电池室（8、10）.xlsx__Sheet1__咸阳秦都西咸数据中心2号楼D203电力电池机房__8#UPS蓄电池组2__未知组__95节电池电压.png,/mnt/nvme/projects/battery/output_ups_型号1/plots_三分类/单体XX电压/不确定/单体XX电压__2-203电池室（8、10）.xlsx__Sheet1__咸阳秦都西咸数据中心2号楼D203电力电池机房__8#UPS蓄电池组2__未知组__95节电池电压.png
单体XX电压__2-203电池室（8、10）.xlsx__Sheet1__咸阳秦都西咸数据中心2号楼D203电力电池机房__8#UPS蓄电池组2__未知组__96节电池电压.png,2-203电池室（8、10）.xlsx,Sheet1,咸阳秦都西咸数据中心2号楼D203电力电池机房,8#UPS蓄电池组2,未知组,96节电池电压,0.03828483920367534,0.056044480829420526,0.004843771319402139,0.9768385864346413,0.051200709510018386,0.9719948151152391,18.98401028878398,0.92,0.24082934609250398,0.014778325123152709,0.6277527629945174,0.016680311092870825,uncertain,不确定,形状介于两类之间，建议人工复核,/mnt/nvme/projects/battery/output_ups_型号1/plots/单体XX电压/单体XX电压__2-203电池室（8、10）.xlsx__Sheet1__咸阳秦都西咸数据中心2号楼D203电力电池机房__8#UPS蓄电池组2__未知组__96节电池电压.png,/mnt/nvme/projects/battery/output_ups_型号1/plots_三分类/单体XX电压/不确定/单体XX电压__2-203电池室（8、10）.xlsx__Sheet1__咸阳秦都西咸数据中心2号楼D203电力电池机房__8#UPS蓄电池组2__未知组__96节电池电压.png
单体XX电压__2-D203电池室（2、4、6、12#UPS）.xlsx__Sheet1__咸阳秦都西咸数据中心2号楼D203电力电池机房__12#UPS蓄电池组2__未知组__43节电池电压.png,2-D203电池室（2、4、6、12#UPS）.xlsx,Sheet1,咸阳秦都西咸数据中心2号楼D203电力电池机房,12#UPS蓄电池组2,未知组,43节电池电压,0.8254211332312404,0.03326865550962914,0.000727625515398936,0.6849785754686095,0.032541029994230204,0.6842509499532106,21.02732854636763,0.0575139146567718,0.8849557522123894,0.007692307692307693,0.6151507801741584,0.1705473360815618,uncertain,不确定,形状介于两类之间，建议人工复核,/mnt/nvme/projects/battery/output_ups_型号1/plots/单体XX电压/单体XX电压__2-D203电池室（2、4、6、12#UPS）.xlsx__Sheet1__咸阳秦都西咸数据中心2号楼D203电力电池机房__12#UPS蓄电池组2__未知组__43节电池电压.png,/mnt/nvme/projects/battery/output_ups_型号1/plots_三分类/单体XX电压/不确定/单体XX电压__2-D203电池室（2、4、6、12#UPS）.xlsx__Sheet1__咸阳秦都西咸数据中心2号楼D203电力电池机房__12#UPS蓄电池组2__未知组__43节电池电压.png
单体XX电压__2-D203电池室（2、4、6、12#UPS）.xlsx__Sheet1__咸阳秦都西咸数据中心2号楼D203电力电池机房__12#UPS蓄电池组2__未知组__44节电池电压.png,2-D203电池室（2、4、6、12#UPS）.xlsx,Sheet1,咸阳秦都西咸数据中心2号楼D203电力电池机房,12#UPS蓄电池组2,未知组,44节电池电压,0.7917304747320061,0.08414976836002622,0.0010632642211555665,0.5658464342656819,0.08308650413887066,0.5647831700445264,6.79753191087468,0.048355899419729204,0.37777777777777777,0.013333333333333334,0.5030910609841932,0.28476494265877106,uncertain,不确定,形状介于两类之间，建议人工复核,/mnt/nvme/projects/battery/output_ups_型号1/plots/单体XX电压/单体XX电压__2-D203电池室（2、4、6、12#UPS）.xlsx__Sheet1__咸阳秦都西咸数据中心2号楼D203电力电池机房__12#UPS蓄电池组2__未知组__44节电池电压.png,/mnt/nvme/projects/battery/output_ups_型号1/plots_三分类/单体XX电压/不确定/单体XX电压__2-D203电池室（2、4、6、12#UPS）.xlsx__Sheet1__咸阳秦都西咸数据中心2号楼D203电力电池机房__12#UPS蓄电池组2__未知组__44节电池电压.png
单体XX电压__2-D203电池室（2、4、6、12#UPS）.xlsx__Sheet1__咸阳秦都西咸数据中心2号楼D203电力电池机房__2#UPS蓄电池组1__未知组__126节电池电压.png,2-D203电池室（2、4、6、12#UPS）.xlsx,Sheet1,咸阳秦都西咸数据中心2号楼D203电力电池机房,2#UPS蓄电池组1,未知组,126节电池电压,0.7075038284839203,0.05523690028067634,0.0014936966003427895,0.5409571607801444,0.05374320368033355,0.5394634641798016,10.03779859032503,0.05411255411255411,0.3157894736842105,0.011904761904761904,0.5044273167221613,0.30351914918965484,uncertain,不确定,形状介于两类之间，建议人工复核,/mnt/nvme/projects/battery/output_ups_型号1/plots/单体XX电压/单体XX电压__2-D203电池室（2、4、6、12#UPS）.xlsx__Sheet1__咸阳秦都西咸数据中心2号楼D203电力电池机房__2#UPS蓄电池组1__未知组__126节电池电压.png,/mnt/nvme/projects/battery/output_ups_型号1/plots_三分类/单体XX电压/不确定/单体XX电压__2-D203电池室（2、4、6、12#UPS）.xlsx__Sheet1__咸阳秦都西咸数据中心2号楼D203电力电池机房__2#UPS蓄电池组1__未知组__126节电池电压.png
单体XX电压__2-D203电池室（2、4、6、12#UPS）.xlsx__Sheet1__咸阳秦都西咸数据中心2号楼D203电力电池机房__2#UPS蓄电池组1__未知组__173节电池电压.png,2-D203电池室（2、4、6、12#UPS）.xlsx,Sheet1,咸阳秦都西咸数据中心2号楼D203电力电池机房,2#UPS蓄电池组1,未知组,173节电池电压,0.3537519142419602,0.05743016076762564,0.001100311754994424,0.5383580903464386,0.05632984901263122,0.5372577785914441,9.537710085700054,0.10822510822510822,0.12589073634204276,0.012987012987012988,0.49474906779015965,0.30674246592011245,uncertain,不确定,形状介于两类之间，建议人工复核,/mnt/nvme/projects/battery/output_ups_型号1/plots/单体XX电压/单体XX电压__2-D203电池室（2、4、6、12#UPS）.xlsx__Sheet1__咸阳秦都西咸数据中心2号楼D203电力电池机房__2#UPS蓄电池组1__未知组__173节电池电压.png,/mnt/nvme/projects/battery/output_ups_型号1/plots_三分类/单体XX电压/不确定/单体XX电压__2-D203电池室（2、4、6、12#UPS）.xlsx__Sheet1__咸阳秦都西咸数据中心2号楼D203电力电池机房__2#UPS蓄电池组1__未知组__173节电池电压.png
单体XX电压__2-D203电池室（2、4、6、12#UPS）.xlsx__Sheet1__咸阳秦都西咸数据中心2号楼D203电力电池机房__2#UPS蓄电池组1__未知组__225节电池电压.png,2-D203电池室（2、4、6、12#UPS）.xlsx,Sheet1,咸阳秦都西咸数据中心2号楼D203电力电池机房,2#UPS蓄电池组1,未知组,225节电池电压,0.03828483920367534,0.008170795993654122,0.0024014525859485237,0.5410882680242064,0.005769343407705598,0.5386868154382579,93.3705421917232,0.96,0.0861244019138756,0.012987012987012988,0.48373455163004064,0.2939729397286741,uncertain,不确定,形状介于两类之间，建议人工复核,/mnt/nvme/projects/battery/output_ups_型号1/plots/单体XX电压/单体XX电压__2-D203电池室（2、4、6、12#UPS）.xlsx__Sheet1__咸阳秦都西咸数据中心2号楼D203电力电池机房__2#UPS蓄电池组1__未知组__225节电池电压.png,/mnt/nvme/projects/battery/output_ups_型号1/plots_三分类/单体XX电压/不确定/单体XX电压__2-D203电池室（2、4、6、12#UPS）.xlsx__Sheet1__咸阳秦都西咸数据中心2号楼D203电力电池机房__2#UPS蓄电池组1__未知组__225节电池电压.png
单体XX电压__2-D203电池室（2、4、6、12#UPS）.xlsx__Sheet1__咸阳秦都西咸数据中心2号楼D203电力电池机房__2#UPS蓄电池组1__未知组__227节电池电压.png,2-D203电池室（2、4、6、12#UPS）.xlsx,Sheet1,咸阳秦都西咸数据中心2号楼D203电力电池机房,2#UPS蓄电池组1,未知组,227节电池电压,0.03828483920367534,0.004949001146707233,0.0007845977427706589,0.5254692498025186,0.004164403403936574,0.524684652059748,125.99272336850098,1.0,0.0733652312599681,0.014285714285714285,0.47091556521094957,0.3096445168680665,uncertain,不确定,形状介于两类之间，建议人工复核,/mnt/nvme/projects/battery/output_ups_型号1/plots/单体XX电压/单体XX电压__2-D203电池室（2、4、6、12#UPS）.xlsx__Sheet1__咸阳秦都西咸数据中心2号楼D203电力电池机房__2#UPS蓄电池组1__未知组__227节电池电压.png,/mnt/nvme/projects/battery/output_ups_型号1/plots_三分类/单体XX电压/不确定/单体XX电压__2-D203电池室（2、4、6、12#UPS）.xlsx__Sheet1__咸阳秦都西咸数据中心2号楼D203电力电池机房__2#UPS蓄电池组1__未知组__227节电池电压.png
单体XX电压__2-D203电池室（2、4、6、12#UPS）.xlsx__Sheet1__咸阳秦都西咸数据中心2号楼D203电力电池机房__2#UPS蓄电池组1__未知组__228节电池电压.png,2-D203电池室（2、4、6、12#UPS）.xlsx,Sheet1,咸阳秦都西咸数据中心2号楼D203电力电池机房,2#UPS蓄电池组1,未知组,228节电池电压,0.039816232771822356,0.004135498388361388,0.0007906099860102655,0.503132031866379,0.0033448884023511223,0.5023414218803688,150.1817732829292,0.9615384615384616,0.07827476038338659,0.0136986301369863,0.4511098947869035,0.33229945873539135,uncertain,不确定,形状介于两类之间，建议人工复核,/mnt/nvme/projects/battery/output_ups_型号1/plots/单体XX电压/单体XX电压__2-D203电池室（2、4、6、12#UPS）.xlsx__Sheet1__咸阳秦都西咸数据中心2号楼D203电力电池机房__2#UPS蓄电池组1__未知组__228节电池电压.png,/mnt/nvme/projects/battery/output_ups_型号1/plots_三分类/单体XX电压/不确定/单体XX电压__2-D203电池室（2、4、6、12#UPS）.xlsx__Sheet1__咸阳秦都西咸数据中心2号楼D203电力电池机房__2#UPS蓄电池组1__未知组__228节电池电压.png
单体XX电压__2-D203电池室（2、4、6、12#UPS）.xlsx__Sheet1__咸阳秦都西咸数据中心2号楼D203电力电池机房__6#UPS蓄电池组1__未知组__225节电池电压.png,2-D203电池室（2、4、6、12#UPS）.xlsx,Sheet1,咸阳秦都西咸数据中心2号楼D203电力电池机房,6#UPS蓄电池组1,未知组,225节电池电压,0.036753445635528334,0.01688311688301456,0.0057720057719707904,0.9598124098065928,0.011111111111043771,0.954040404034622,85.86362863590979,0.875,0.10031847133757962,0.012048192771084338,0.8612409812357615,-0.008730158730105853,uncertain,不确定,形状介于两类之间，建议人工复核,/mnt/nvme/projects/battery/output_ups_型号1/plots/单体XX电压/单体XX电压__2-D203电池室（2、4、6、12#UPS）.xlsx__Sheet1__咸阳秦都西咸数据中心2号楼D203电力电池机房__6#UPS蓄电池组1__未知组__225节电池电压.png,/mnt/nvme/projects/battery/output_ups_型号1/plots_三分类/单体XX电压/不确定/单体XX电压__2-D203电池室（2、4、6、12#UPS）.xlsx__Sheet1__咸阳秦都西咸数据中心2号楼D203电力电池机房__6#UPS蓄电池组1__未知组__225节电池电压.png
单体XX电压__2-D203（1、3、5、11#UPS）.xlsx__Sheet1__咸阳秦都西咸数据中心2号楼D203电力电池机房__5#UPS蓄电池组2__未知组__54节电池电压.png,2-D203（1、3、5、11#UPS）.xlsx,Sheet1,咸阳秦都西咸数据中心2号楼D203电力电池机房,5#UPS蓄电池组2,未知组,54节电池电压,0.5176110260336907,0.15521562526950833,0.0,0.7195575144732331,0.15521562526950833,0.7195575144732331,4.635857431157292,0.07396449704142012,0.17197452229299362,0.01282051282051282,0.6575576873193659,0.1380174574361941,uncertain,不确定,形状介于两类之间，建议人工复核,/mnt/nvme/projects/battery/output_ups_型号1/plots/单体XX电压/单体XX电压__2-D203（1、3、5、11#UPS）.xlsx__Sheet1__咸阳秦都西咸数据中心2号楼D203电力电池机房__5#UPS蓄电池组2__未知组__54节电池电压.png,/mnt/nvme/projects/battery/output_ups_型号1/plots_三分类/单体XX电压/不确定/单体XX电压__2-D203（1、3、5、11#UPS）.xlsx__Sheet1__咸阳秦都西咸数据中心2号楼D203电力电池机房__5#UPS蓄电池组2__未知组__54节电池电压.png
单体XX电压__2-D203（1、3、5、11#UPS）.xlsx__Sheet1__咸阳秦都西咸数据中心2号楼D203电力电池机房__5#UPS蓄电池组2__未知组__60节电池电压.png,2-D203（1、3、5、11#UPS）.xlsx,Sheet1,咸阳秦都西咸数据中心2号楼D203电力电池机房,5#UPS蓄电池组2,未知组,60节电池电压,0.05359877488514548,0.004752585965874605,0.0,0.7361848849099878,0.004752585965874605,0.7361848849099878,154.90192819112562,0.7142857142857143,0.17828200972447325,0.007462686567164179,0.6558382256986726,0.09896561364233003,uncertain,不确定,形状介于两类之间，建议人工复核,/mnt/nvme/projects/battery/output_ups_型号1/plots/单体XX电压/单体XX电压__2-D203（1、3、5、11#UPS）.xlsx__Sheet1__咸阳秦都西咸数据中心2号楼D203电力电池机房__5#UPS蓄电池组2__未知组__60节电池电压.png,/mnt/nvme/projects/battery/output_ups_型号1/plots_三分类/单体XX电压/不确定/单体XX电压__2-D203（1、3、5、11#UPS）.xlsx__Sheet1__咸阳秦都西咸数据中心2号楼D203电力电池机房__5#UPS蓄电池组2__未知组__60节电池电压.png
