series_id,省,市,站点,楼栋,机房,设备类型,设备,测点类型,监控量,上报时间,上报值,单位,__file,__sheet,监控值,组别,测点编码,n_points,duration_s,window_found,v_min,v_max,v_range,best_shift,valley_x,start_level,valley_level,end_level,drop,recover,recover_ratio,pre_down_ratio,post_up_ratio,sign_change_ratio,dynamic_range,end_drop,shape_class,shape_class_cn,reason,generated_plot
咸阳秦都西咸数据中心2号楼D203电力电池机房|7#UPS蓄电池组2|未知组|1节电池电压|2-203电池室（7、9）.xlsx|Sheet1|Sheet1,陕西省,咸阳,中国移动西咸数据中心,咸阳秦都西咸数据中心2号楼站点,咸阳秦都西咸数据中心2号楼D203电力电池机房,铅酸电池,7#UPS蓄电池组2,单体XX电压,1节电池电压,2026-01-07T04:15:33,2.235,V,2-203电池室（7、9）.xlsx,Sheet1,2.235,未知组,Sheet1,12,15332.0,False,2.003,2.297,0.29400000000000004,2,0.25,0.982140284442405,0.22266221822765697,0.8012434009121746,0.759478066214748,0.5785811826845176,0.7618142085476703,0.4666666666666667,0.36363636363636365,0.05660377358490566,0.48062288165198297,0.19270734059251093,discharge_like,放电型异常,存在内部谷底，且谷底后有持续回升，形态接近放电曲线,/mnt/nvme/projects/battery/output_ups_型号1_原始三分类_v2/单体XX电压/放电型异常/单体XX电压__2-203电池室（7、9）.xlsx__Sheet1__咸阳秦都西咸数据中心2号楼D203电力电池机房__7#UPS蓄电池组2__未知组__1节电池电压.png
咸阳秦都西咸数据中心2号楼D203电力电池机房|7#UPS蓄电池组2|未知组|209节电池电压|2-203电池室（7、9）.xlsx|Sheet1|Sheet1,陕西省,咸阳,中国移动西咸数据中心,咸阳秦都西咸数据中心2号楼站点,咸阳秦都西咸数据中心2号楼D203电力电池机房,铅酸电池,7#UPS蓄电池组2,单体XX电压,209节电池电压,2026-01-07T04:04:31,2.413,V,2-203电池室（7、9）.xlsx,Sheet1,2.413,未知组,Sheet1,52,15918.0,False,2.033,2.555,0.5220000000000002,7,0.25,0.4713596168832417,0.09146553927070095,0.8285496353277811,0.37989407761254074,0.7370840960570801,1.9402358119112524,0.4666666666666667,0.7727272727272727,0.08,0.6095611438363508,0.13207060472505683,discharge_like,放电型异常,存在内部谷底，且谷底后有持续回升，形态接近放电曲线,/mnt/nvme/projects/battery/output_ups_型号1_原始三分类_v2/单体XX电压/放电型异常/单体XX电压__2-203电池室（7、9）.xlsx__Sheet1__咸阳秦都西咸数据中心2号楼D203电力电池机房__7#UPS蓄电池组2__未知组__209节电池电压.png
咸阳秦都西咸数据中心2号楼D203电力电池机房|7#UPS蓄电池组2|未知组|225节电池电压|2-203电池室（7、9）.xlsx|Sheet1|Sheet1,陕西省,咸阳,中国移动西咸数据中心,咸阳秦都西咸数据中心2号楼站点,咸阳秦都西咸数据中心2号楼D203电力电池机房,铅酸电池,7#UPS蓄电池组2,单体XX电压,225节电池电压,2026-01-07T01:15:11,2.171,V,2-203电池室（7、9）.xlsx,Sheet1,2.171,未知组,Sheet1,27,17998.0,False,1.99,2.51,0.5199999999999998,7,0.23333333333333334,0.5053820104146514,0.18544854096675734,0.524152822788816,0.319933469447894,0.3387042818220587,1.0586709835263133,0.5,0.6,0.0392156862745098,0.48772772352135163,0.4124543966699964,discharge_like,放电型异常,存在内部谷底，且谷底后有持续回升，形态接近放电曲线,/mnt/nvme/projects/battery/output_ups_型号1_原始三分类_v2/单体XX电压/放电型异常/单体XX电压__2-203电池室（7、9）.xlsx__Sheet1__咸阳秦都西咸数据中心2号楼D203电力电池机房__7#UPS蓄电池组2__未知组__225节电池电压.png
咸阳秦都西咸数据中心2号楼D203电力电池机房|7#UPS蓄电池组2|未知组|42节电池电压|2-203电池室（7、9）.xlsx|Sheet1|Sheet1,陕西省,咸阳,中国移动西咸数据中心,咸阳秦都西咸数据中心2号楼站点,咸阳秦都西咸数据中心2号楼D203电力电池机房,铅酸电池,7#UPS蓄电池组2,单体XX电压,42节电池电压,2026-01-07T00:00:01,2.253,V,2-203电池室（7、9）.xlsx,Sheet1,2.253,未知组,Sheet1,9,7612.0,False,2.024,2.274,0.25,-1,0.4666666666666667,0.9134841548351581,0.11980275305226731,0.9787283168271921,0.7936814017828908,0.8589255637749248,1.082204472428443,0.2857142857142857,1.0,0.02631578947368421,0.6388422655165286,-0.02836224423041056,discharge_like,放电型异常,存在内部谷底，且谷底后有持续回升，形态接近放电曲线,/mnt/nvme/projects/battery/output_ups_型号1_原始三分类_v2/单体XX电压/放电型异常/单体XX电压__2-203电池室（7、9）.xlsx__Sheet1__咸阳秦都西咸数据中心2号楼D203电力电池机房__7#UPS蓄电池组2__未知组__42节电池电压.png
咸阳秦都西咸数据中心2号楼D203电力电池机房|9#UPS蓄电池组1|未知组|202节电池电压|2-203电池室（7、9）.xlsx|Sheet1|Sheet1,陕西省,咸阳,中国移动西咸数据中心,咸阳秦都西咸数据中心2号楼站点,咸阳秦都西咸数据中心2号楼D203电力电池机房,铅酸电池,9#UPS蓄电池组1,单体XX电压,202节电池电压,2026-01-07T01:18:14,2.212,V,2-203电池室（7、9）.xlsx,Sheet1,2.212,未知组,Sheet1,12,16660.0,False,2.001,2.316,0.31499999999999995,2,0.25,0.9975010370959188,0.2883877990255541,0.8380693380021895,0.7091132380703646,0.5496815389766354,0.7751675031441502,0.4666666666666667,0.4772727272727273,0.041666666666666664,0.4277713047352294,0.1609310768361779,discharge_like,放电型异常,存在内部谷底，且谷底后有持续回升，形态接近放电曲线,/mnt/nvme/projects/battery/output_ups_型号1_原始三分类_v2/单体XX电压/放电型异常/单体XX电压__2-203电池室（7、9）.xlsx__Sheet1__咸阳秦都西咸数据中心2号楼D203电力电池机房__9#UPS蓄电池组1__未知组__202节电池电压.png
咸阳秦都西咸数据中心2号楼D203电力电池机房|9#UPS蓄电池组1|未知组|218节电池电压|2-203电池室（7、9）.xlsx|Sheet1|Sheet1,陕西省,咸阳,中国移动西咸数据中心,咸阳秦都西咸数据中心2号楼站点,咸阳秦都西咸数据中心2号楼D203电力电池机房,铅酸电池,9#UPS蓄电池组1,单体XX电压,218节电池电压,2026-01-07T01:13:20,2.113,V,2-203电池室（7、9）.xlsx,Sheet1,2.113,未知组,Sheet1,12,16348.0,False,2.02,2.336,0.31599999999999984,2,0.25,0.996363525693596,0.2406734372652392,0.7975272809059721,0.7556900884283568,0.5568538436407329,0.7368812313814596,0.4666666666666667,0.5454545454545454,0.041666666666666664,0.4768643453618998,0.20101812937146624,discharge_like,放电型异常,存在内部谷底，且谷底后有持续回升，形态接近放电曲线,/mnt/nvme/projects/battery/output_ups_型号1_原始三分类_v2/单体XX电压/放电型异常/单体XX电压__2-203电池室（7、9）.xlsx__Sheet1__咸阳秦都西咸数据中心2号楼D203电力电池机房__9#UPS蓄电池组1__未知组__218节电池电压.png
咸阳秦都西咸数据中心2号楼D203电力电池机房|9#UPS蓄电池组1|未知组|58节电池电压|2-203电池室（7、9）.xlsx|Sheet1|Sheet1,陕西省,咸阳,中国移动西咸数据中心,咸阳秦都西咸数据中心2号楼站点,咸阳秦都西咸数据中心2号楼D203电力电池机房,铅酸电池,9#UPS蓄电池组1,单体XX电压,58节电池电压,2026-01-07T02:19:40,2.275,V,2-203电池室（7、9）.xlsx,Sheet1,2.275,未知组,Sheet1,11,8379.0,False,1.999,2.275,0.2759999999999998,-3,0.45,0.9301615052554497,0.029936101304233853,0.9824511540608492,0.9002254039512159,0.9525150527566153,1.058085061272219,0.3333333333333333,1.0,0.025,0.7117551774465841,-0.02339846125220102,discharge_like,放电型异常,存在内部谷底，且谷底后有持续回升，形态接近放电曲线,/mnt/nvme/projects/battery/output_ups_型号1_原始三分类_v2/单体XX电压/放电型异常/单体XX电压__2-203电池室（7、9）.xlsx__Sheet1__咸阳秦都西咸数据中心2号楼D203电力电池机房__9#UPS蓄电池组1__未知组__58节电池电压.png
咸阳秦都西咸数据中心2号楼D203电力电池机房|9#UPS蓄电池组2|未知组|116节电池电压|2-203电池室（7、9）.xlsx|Sheet1|Sheet1,陕西省,咸阳,中国移动西咸数据中心,咸阳秦都西咸数据中心2号楼站点,咸阳秦都西咸数据中心2号楼D203电力电池机房,铅酸电池,9#UPS蓄电池组2,单体XX电压,116节电池电压,2026-01-07T01:13:14,1.949,V,2-203电池室（7、9）.xlsx,Sheet1,1.949,未知组,Sheet1,12,7529.0,False,1.949,2.252,0.3029999999999997,0,0.5166666666666667,0.9867565208223298,0.023396906290908924,0.9830011538156465,0.9633596145314208,0.9596042475247375,0.9961018004635666,0.7419354838709677,1.0,0.02,0.8022238491784928,0.00375536700668333,discharge_like,放电型异常,存在内部谷底，且谷底后有持续回升，形态接近放电曲线,/mnt/nvme/projects/battery/output_ups_型号1_原始三分类_v2/单体XX电压/放电型异常/单体XX电压__2-203电池室（7、9）.xlsx__Sheet1__咸阳秦都西咸数据中心2号楼D203电力电池机房__9#UPS蓄电池组2__未知组__116节电池电压.png
咸阳秦都西咸数据中心2号楼D203电力电池机房|9#UPS蓄电池组2|未知组|120节电池电压|2-203电池室（7、9）.xlsx|Sheet1|Sheet1,陕西省,咸阳,中国移动西咸数据中心,咸阳秦都西咸数据中心2号楼站点,咸阳秦都西咸数据中心2号楼D203电力电池机房,铅酸电池,9#UPS蓄电池组2,单体XX电压,120节电池电压,2026-01-07T00:17:01,2.258,V,2-203电池室（7、9）.xlsx,Sheet1,2.258,未知组,Sheet1,12,8395.0,False,1.984,2.283,0.29899999999999993,3,0.43333333333333335,0.9162871528793247,0.004652111938292007,0.9833590304878215,0.9116350409410328,0.9787069185495295,1.073573166368955,0.34615384615384615,0.9696969696969697,0.025,0.7050849547499392,-0.022187959349570407,discharge_like,放电型异常,存在内部谷底，且谷底后有持续回升，形态接近放电曲线,/mnt/nvme/projects/battery/output_ups_型号1_原始三分类_v2/单体XX电压/放电型异常/单体XX电压__2-203电池室（7、9）.xlsx__Sheet1__咸阳秦都西咸数据中心2号楼D203电力电池机房__9#UPS蓄电池组2__未知组__120节电池电压.png
咸阳秦都西咸数据中心2号楼D203电力电池机房|9#UPS蓄电池组2|未知组|134节电池电压|2-203电池室（7、9）.xlsx|Sheet1|Sheet1,陕西省,咸阳,中国移动西咸数据中心,咸阳秦都西咸数据中心2号楼站点,咸阳秦都西咸数据中心2号楼D203电力电池机房,铅酸电池,9#UPS蓄电池组2,单体XX电压,134节电池电压,2026-01-07T01:19:44,2.311,V,2-203电池室（7、9）.xlsx,Sheet1,2.311,未知组,Sheet1,11,7502.0,False,2.113,2.37,0.2570000000000001,-7,0.4666666666666667,0.9885882679475372,0.024871641312763232,0.9488991709426692,0.963716626634774,0.924027529629906,0.9588166304629651,0.25,1.0,0.02702702702702703,0.8020837600852748,0.04930896259327533,discharge_like,放电型异常,存在内部谷底，且谷底后有持续回升，形态接近放电曲线,/mnt/nvme/projects/battery/output_ups_型号1_原始三分类_v2/单体XX电压/放电型异常/单体XX电压__2-203电池室（7、9）.xlsx__Sheet1__咸阳秦都西咸数据中心2号楼D203电力电池机房__9#UPS蓄电池组2__未知组__134节电池电压.png
咸阳秦都西咸数据中心2号楼D203电力电池机房|9#UPS蓄电池组2|未知组|136节电池电压|2-203电池室（7、9）.xlsx|Sheet1|Sheet1,陕西省,咸阳,中国移动西咸数据中心,咸阳秦都西咸数据中心2号楼站点,咸阳秦都西咸数据中心2号楼D203电力电池机房,铅酸电池,9#UPS蓄电池组2,单体XX电压,136节电池电压,2026-01-07T01:13:24,2.131,V,2-203电池室（7、9）.xlsx,Sheet1,2.131,未知组,Sheet1,11,7645.0,False,2.099,2.373,0.274,-7,0.4666666666666667,0.9893927118313413,0.03665138051497856,0.9489239773045292,0.9527413313163627,0.9122725967895506,0.9575239006075007,0.25,1.0,0.02702702702702703,0.7155813828289243,0.049403345459447134,discharge_like,放电型异常,存在内部谷底，且谷底后有持续回升，形态接近放电曲线,/mnt/nvme/projects/battery/output_ups_型号1_原始三分类_v2/单体XX电压/放电型异常/单体XX电压__2-203电池室（7、9）.xlsx__Sheet1__咸阳秦都西咸数据中心2号楼D203电力电池机房__9#UPS蓄电池组2__未知组__136节电池电压.png
咸阳秦都西咸数据中心2号楼D203电力电池机房|9#UPS蓄电池组2|未知组|15节电池电压|2-203电池室（7、9）.xlsx|Sheet1|Sheet1,陕西省,咸阳,中国移动西咸数据中心,咸阳秦都西咸数据中心2号楼站点,咸阳秦都西咸数据中心2号楼D203电力电池机房,铅酸电池,9#UPS蓄电池组2,单体XX电压,15节电池电压,2026-01-07T04:03:57,2.436,V,2-203电池室（7、9）.xlsx,Sheet1,2.436,未知组,Sheet1,48,16378.0,False,2.002,2.525,0.5230000000000001,7,0.23333333333333334,0.5125739974130723,0.15934104131133767,0.8824366893593645,0.35323295610173466,0.7230956480480268,2.0470786587440877,0.5,0.9111111111111111,0.0392156862745098,0.5535492936528936,-0.0003836219705246613,discharge_like,放电型异常,存在内部谷底，且谷底后有持续回升，形态接近放电曲线,/mnt/nvme/projects/battery/output_ups_型号1_原始三分类_v2/单体XX电压/放电型异常/单体XX电压__2-203电池室（7、9）.xlsx__Sheet1__咸阳秦都西咸数据中心2号楼D203电力电池机房__9#UPS蓄电池组2__未知组__15节电池电压.png
咸阳秦都西咸数据中心2号楼D203电力电池机房|9#UPS蓄电池组2|未知组|193节电池电压|2-203电池室（7、9）.xlsx|Sheet1|Sheet1,陕西省,咸阳,中国移动西咸数据中心,咸阳秦都西咸数据中心2号楼站点,咸阳秦都西咸数据中心2号楼D203电力电池机房,铅酸电池,9#UPS蓄电池组2,单体XX电压,193节电池电压,2026-01-07T04:30:32,2.459,V,2-203电池室（7、9）.xlsx,Sheet1,2.459,未知组,Sheet1,54,16860.0,False,2.039,2.542,0.5029999999999997,7,0.23333333333333334,0.4697791018483704,0.12239330051377192,0.8285516469473794,0.3473858013345985,0.7061583464336074,2.032778374037989,0.5,0.8,0.0392156862745098,0.6575992879990482,0.15670904546735331,discharge_like,放电型异常,存在内部谷底，且谷底后有持续回升，形态接近放电曲线,/mnt/nvme/projects/battery/output_ups_型号1_原始三分类_v2/单体XX电压/放电型异常/单体XX电压__2-203电池室（7、9）.xlsx__Sheet1__咸阳秦都西咸数据中心2号楼D203电力电池机房__9#UPS蓄电池组2__未知组__193节电池电压.png
咸阳秦都西咸数据中心2号楼D203电力电池机房|9#UPS蓄电池组2|未知组|199节电池电压|2-203电池室（7、9）.xlsx|Sheet1|Sheet1,陕西省,咸阳,中国移动西咸数据中心,咸阳秦都西咸数据中心2号楼站点,咸阳秦都西咸数据中心2号楼D203电力电池机房,铅酸电池,9#UPS蓄电池组2,单体XX电压,199节电池电压,2026-01-07T04:09:50,2.475,V,2-203电池室（7、9）.xlsx,Sheet1,2.475,未知组,Sheet1,48,16243.0,False,2.03,2.498,0.4680000000000004,7,0.25,0.5100586927926186,0.1546329129897079,0.9006510252787739,0.3554257798029107,0.746018112289066,2.0989420367982397,0.4666666666666667,0.9090909090909091,0.04,0.5729948826527163,0.02960895300419064,discharge_like,放电型异常,存在内部谷底，且谷底后有持续回升，形态接近放电曲线,/mnt/nvme/projects/battery/output_ups_型号1_原始三分类_v2/单体XX电压/放电型异常/单体XX电压__2-203电池室（7、9）.xlsx__Sheet1__咸阳秦都西咸数据中心2号楼D203电力电池机房__9#UPS蓄电池组2__未知组__199节电池电压.png
咸阳秦都西咸数据中心2号楼D203电力电池机房|9#UPS蓄电池组2|未知组|204节电池电压|2-203电池室（7、9）.xlsx|Sheet1|Sheet1,陕西省,咸阳,中国移动西咸数据中心,咸阳秦都西咸数据中心2号楼站点,咸阳秦都西咸数据中心2号楼D203电力电池机房,铅酸电池,9#UPS蓄电池组2,单体XX电压,204节电池电压,2026-01-07T04:16:44,2.527,V,2-203电池室（7、9）.xlsx,Sheet1,2.527,未知组,Sheet1,48,16860.0,False,2.046,2.537,0.4910000000000001,7,0.23333333333333334,0.4801313769874453,0.12700032049125087,0.8502112887322677,0.3531310564961944,0.7232109682410168,2.0479959292416825,0.5714285714285714,0.8666666666666667,0.07547169811320754,0.6029165556256335,0.10741215136635085,discharge_like,放电型异常,存在内部谷底，且谷底后有持续回升，形态接近放电曲线,/mnt/nvme/projects/battery/output_ups_型号1_原始三分类_v2/单体XX电压/放电型异常/单体XX电压__2-203电池室（7、9）.xlsx__Sheet1__咸阳秦都西咸数据中心2号楼D203电力电池机房__9#UPS蓄电池组2__未知组__204节电池电压.png
咸阳秦都西咸数据中心2号楼D203电力电池机房|9#UPS蓄电池组2|未知组|27节电池电压|2-203电池室（7、9）.xlsx|Sheet1|Sheet1,陕西省,咸阳,中国移动西咸数据中心,咸阳秦都西咸数据中心2号楼站点,咸阳秦都西咸数据中心2号楼D203电力电池机房,铅酸电池,9#UPS蓄电池组2,单体XX电压,27节电池电压,2026-01-07T04:11:39,2.418,V,2-203电池室（7、9）.xlsx,Sheet1,2.418,未知组,Sheet1,33,16632.0,False,2.023,2.435,0.4119999999999999,7,0.23333333333333334,0.5837489868900253,0.17758160567414005,0.8841653791646558,0.40616738121588525,0.7065837734905157,1.739636919231869,0.5,0.8888888888888888,0.0392156862745098,0.5760389270241506,0.07939342629017188,discharge_like,放电型异常,存在内部谷底，且谷底后有持续回升，形态接近放电曲线,/mnt/nvme/projects/battery/output_ups_型号1_原始三分类_v2/单体XX电压/放电型异常/单体XX电压__2-203电池室（7、9）.xlsx__Sheet1__咸阳秦都西咸数据中心2号楼D203电力电池机房__9#UPS蓄电池组2__未知组__27节电池电压.png
咸阳秦都西咸数据中心2号楼D203电力电池机房|9#UPS蓄电池组2|未知组|44节电池电压|2-203电池室（7、9）.xlsx|Sheet1|Sheet1,陕西省,咸阳,中国移动西咸数据中心,咸阳秦都西咸数据中心2号楼站点,咸阳秦都西咸数据中心2号楼D203电力电池机房,铅酸电池,9#UPS蓄电池组2,单体XX电压,44节电池电压,2026-01-07T04:27:15,2.418,V,2-203电池室（7、9）.xlsx,Sheet1,2.418,未知组,Sheet1,44,16626.0,False,2.01,2.504,0.4940000000000002,7,0.23333333333333334,0.5125980122621991,0.14557759556734445,0.8273638794480511,0.3670204166948547,0.6817862838807067,1.8576249467612787,0.5,0.8888888888888888,0.0392156862745098,0.5781281294337766,0.13063895432517747,discharge_like,放电型异常,存在内部谷底，且谷底后有持续回升，形态接近放电曲线,/mnt/nvme/projects/battery/output_ups_型号1_原始三分类_v2/单体XX电压/放电型异常/单体XX电压__2-203电池室（7、9）.xlsx__Sheet1__咸阳秦都西咸数据中心2号楼D203电力电池机房__9#UPS蓄电池组2__未知组__44节电池电压.png
咸阳秦都西咸数据中心2号楼D203电力电池机房|9#UPS蓄电池组2|未知组|45节电池电压|2-203电池室（7、9）.xlsx|Sheet1|Sheet1,陕西省,咸阳,中国移动西咸数据中心,咸阳秦都西咸数据中心2号楼站点,咸阳秦都西咸数据中心2号楼D203电力电池机房,铅酸电池,9#UPS蓄电池组2,单体XX电压,45节电池电压,2026-01-07T04:23:14,2.514,V,2-203电池室（7、9）.xlsx,Sheet1,2.514,未知组,Sheet1,47,16500.0,False,1.99,2.514,0.5239999999999998,7,0.23333333333333334,0.5098844054944107,0.15649856088102485,0.8780185245670182,0.35338584461338585,0.7215199636859934,2.041734191231181,0.5,0.9111111111111111,0.0392156862745098,0.5833618089342858,0.07372912825633693,discharge_like,放电型异常,存在内部谷底，且谷底后有持续回升，形态接近放电曲线,/mnt/nvme/projects/battery/output_ups_型号1_原始三分类_v2/单体XX电压/放电型异常/单体XX电压__2-203电池室（7、9）.xlsx__Sheet1__咸阳秦都西咸数据中心2号楼D203电力电池机房__9#UPS蓄电池组2__未知组__45节电池电压.png
咸阳秦都西咸数据中心2号楼D203电力电池机房|9#UPS蓄电池组2|未知组|46节电池电压|2-203电池室（7、9）.xlsx|Sheet1|Sheet1,陕西省,咸阳,中国移动西咸数据中心,咸阳秦都西咸数据中心2号楼站点,咸阳秦都西咸数据中心2号楼D203电力电池机房,铅酸电池,9#UPS蓄电池组2,单体XX电压,46节电池电压,2026-01-07T02:06:06,2.26,V,2-203电池室（7、9）.xlsx,Sheet1,2.26,未知组,Sheet1,14,16287.0,False,2.026,2.333,0.3070000000000004,2,0.25,0.9324962758055959,0.2226487092847686,0.8854740601706509,0.7098475665208273,0.6628253508858823,0.9337573039812308,0.8,0.8636363636363636,0.06896551724137931,0.4445685744795188,0.05914859056698807,discharge_like,放电型异常,存在内部谷底，且谷底后有持续回升，形态接近放电曲线,/mnt/nvme/projects/battery/output_ups_型号1_原始三分类_v2/单体XX电压/放电型异常/单体XX电压__2-203电池室（7、9）.xlsx__Sheet1__咸阳秦都西咸数据中心2号楼D203电力电池机房__9#UPS蓄电池组2__未知组__46节电池电压.png
咸阳秦都西咸数据中心2号楼D203电力电池机房|9#UPS蓄电池组2|未知组|50节电池电压|2-203电池室（7、9）.xlsx|Sheet1|Sheet1,陕西省,咸阳,中国移动西咸数据中心,咸阳秦都西咸数据中心2号楼站点,咸阳秦都西咸数据中心2号楼D203电力电池机房,铅酸电池,9#UPS蓄电池组2,单体XX电压,50节电池电压,2026-01-07T04:27:52,2.5,V,2-203电池室（7、9）.xlsx,Sheet1,2.5,未知组,Sheet1,52,16527.0,False,1.992,2.514,0.5219999999999998,7,0.23333333333333334,0.5048104301522135,0.15838724113860853,0.8783017536203905,0.34642318901360497,0.7199145124817821,2.0781360290964037,0.5,0.8888888888888888,0.0392156862745098,0.6100837272431563,0.09382218837684175,discharge_like,放电型异常,存在内部谷底，且谷底后有持续回升，形态接近放电曲线,/mnt/nvme/projects/battery/output_ups_型号1_原始三分类_v2/单体XX电压/放电型异常/单体XX电压__2-203电池室（7、9）.xlsx__Sheet1__咸阳秦都西咸数据中心2号楼D203电力电池机房__9#UPS蓄电池组2__未知组__50节电池电压.png
咸阳秦都西咸数据中心2号楼D203电力电池机房|9#UPS蓄电池组2|未知组|68节电池电压|2-203电池室（7、9）.xlsx|Sheet1|Sheet1,陕西省,咸阳,中国移动西咸数据中心,咸阳秦都西咸数据中心2号楼站点,咸阳秦都西咸数据中心2号楼D203电力电池机房,铅酸电池,9#UPS蓄电池组2,单体XX电压,68节电池电压,2026-01-07T04:03:23,2.358,V,2-203电池室（7、9）.xlsx,Sheet1,2.358,未知组,Sheet1,30,17895.0,False,1.993,2.409,0.4159999999999997,7,0.21666666666666667,0.642552669808874,0.2072165659550662,0.6613020005036033,0.43533610385380783,0.4540854345485371,1.0430686301588183,0.5384615384615384,0.6304347826086957,0.0392156862745098,0.5149542198074635,0.266035558496556,discharge_like,放电型异常,存在内部谷底，且谷底后有持续回升，形态接近放电曲线,/mnt/nvme/projects/battery/output_ups_型号1_原始三分类_v2/单体XX电压/放电型异常/单体XX电压__2-203电池室（7、9）.xlsx__Sheet1__咸阳秦都西咸数据中心2号楼D203电力电池机房__9#UPS蓄电池组2__未知组__68节电池电压.png
咸阳秦都西咸数据中心2号楼D203电力电池机房|9#UPS蓄电池组2|未知组|85节电池电压|2-203电池室（7、9）.xlsx|Sheet1|Sheet1,陕西省,咸阳,中国移动西咸数据中心,咸阳秦都西咸数据中心2号楼站点,咸阳秦都西咸数据中心2号楼D203电力电池机房,铅酸电池,9#UPS蓄电池组2,单体XX电压,85节电池电压,2026-01-07T01:14:08,2.147,V,2-203电池室（7、9）.xlsx,Sheet1,2.147,未知组,Sheet1,13,16656.0,False,1.991,2.3,0.3089999999999997,2,0.25,0.9777559259931337,0.29149653114244667,0.8440402246378524,0.686259394850687,0.5525436934954058,0.8051528282690728,0.7333333333333333,0.4318181818181818,0.07272727272727272,0.4166971733778104,0.1404222102723185,discharge_like,放电型异常,存在内部谷底，且谷底后有持续回升，形态接近放电曲线,/mnt/nvme/projects/battery/output_ups_型号1_原始三分类_v2/单体XX电压/放电型异常/单体XX电压__2-203电池室（7、9）.xlsx__Sheet1__咸阳秦都西咸数据中心2号楼D203电力电池机房__9#UPS蓄电池组2__未知组__85节电池电压.png
咸阳秦都西咸数据中心2号楼D203电力电池机房|10#UPS蓄电池组1|未知组|109节电池电压|2-203电池室（8、10）.xlsx|Sheet1|Sheet1,陕西省,咸阳,中国移动西咸数据中心,咸阳秦都西咸数据中心2号楼站点,咸阳秦都西咸数据中心2号楼D203电力电池机房,铅酸电池,10#UPS蓄电池组1,单体XX电压,109节电池电压,2026-01-14T04:01:45,2.309,V,2-203电池室（8、10）.xlsx,Sheet1,2.309,未知组,Sheet1,24,17477.0,False,1.973,2.387,0.4139999999999999,7,0.16666666666666666,0.6953039930963174,0.22761059528808048,0.8217846574754752,0.46769339780823693,0.5941740621873948,1.270434998016761,0.7,0.6530612244897959,0.07692307692307693,0.49495575991506213,0.10004834028714538,discharge_like,放电型异常,存在内部谷底，且谷底后有持续回升，形态接近放电曲线,/mnt/nvme/projects/battery/output_ups_型号1_原始三分类_v2/单体XX电压/放电型异常/单体XX电压__2-203电池室（8、10）.xlsx__Sheet1__咸阳秦都西咸数据中心2号楼D203电力电池机房__10#UPS蓄电池组1__未知组__109节电池电压.png
咸阳秦都西咸数据中心2号楼D203电力电池机房|10#UPS蓄电池组1|未知组|113节电池电压|2-203电池室（8、10）.xlsx|Sheet1|Sheet1,陕西省,咸阳,中国移动西咸数据中心,咸阳秦都西咸数据中心2号楼站点,咸阳秦都西咸数据中心2号楼D203电力电池机房,铅酸电池,10#UPS蓄电池组1,单体XX电压,113节电池电压,2026-01-14T02:14:11,2.232,V,2-203电池室（8、10）.xlsx,Sheet1,2.232,未知组,Sheet1,14,6929.0,False,1.711,2.232,0.5210000000000001,-3,0.38333333333333336,0.9917774457375846,0.07356438601777551,0.9900955322696994,0.9182130597198092,0.9165311462519239,0.9981682742929329,0.43478260869565216,1.0,0.022222222222222223,0.6963888015683255,0.001977830270136427,discharge_like,放电型异常,存在内部谷底，且谷底后有持续回升，形态接近放电曲线,/mnt/nvme/projects/battery/output_ups_型号1_原始三分类_v2/单体XX电压/放电型异常/单体XX电压__2-203电池室（8、10）.xlsx__Sheet1__咸阳秦都西咸数据中心2号楼D203电力电池机房__10#UPS蓄电池组1__未知组__113节电池电压.png
咸阳秦都西咸数据中心2号楼D203电力电池机房|10#UPS蓄电池组1|未知组|183节电池电压|2-203电池室（8、10）.xlsx|Sheet1|Sheet1,陕西省,咸阳,中国移动西咸数据中心,咸阳秦都西咸数据中心2号楼站点,咸阳秦都西咸数据中心2号楼D203电力电池机房,铅酸电池,10#UPS蓄电池组1,单体XX电压,183节电池电压,2026-01-14T05:04:56,2.529,V,2-203电池室（8、10）.xlsx,Sheet1,2.529,未知组,Sheet1,59,17443.0,False,2.001,2.584,0.5830000000000002,7,0.16666666666666666,0.5192930163396667,0.14735219835748023,0.869105031702057,0.3719408179821865,0.7217528333445767,1.9405045010108017,0.7,0.6938775510204082,0.07547169811320754,0.6149626934917676,0.09441936767908721,discharge_like,放电型异常,存在内部谷底，且谷底后有持续回升，形态接近放电曲线,/mnt/nvme/projects/battery/output_ups_型号1_原始三分类_v2/单体XX电压/放电型异常/单体XX电压__2-203电池室（8、10）.xlsx__Sheet1__咸阳秦都西咸数据中心2号楼D203电力电池机房__10#UPS蓄电池组1__未知组__183节电池电压.png
咸阳秦都西咸数据中心2号楼D203电力电池机房|10#UPS蓄电池组1|未知组|229节电池电压|2-203电池室（8、10）.xlsx|Sheet1|Sheet1,陕西省,咸阳,中国移动西咸数据中心,咸阳秦都西咸数据中心2号楼站点,咸阳秦都西咸数据中心2号楼D203电力电池机房,铅酸电池,10#UPS蓄电池组1,单体XX电压,229节电池电压,2026-01-14T01:10:11,1.976,V,2-203电池室（8、10）.xlsx,Sheet1,1.976,未知组,Sheet1,37,17391.0,False,1.976,2.441,0.46499999999999986,7,0.16666666666666666,0.6244105024538886,0.20711252768192592,0.9878393091262037,0.41729797477196273,0.7807267814442778,1.8709095820558566,0.7,0.7959183673469388,0.0784313725490196,0.6244405772015378,0.00928820785554707,discharge_like,放电型异常,存在内部谷底，且谷底后有持续回升，形态接近放电曲线,/mnt/nvme/projects/battery/output_ups_型号1_原始三分类_v2/单体XX电压/放电型异常/单体XX电压__2-203电池室（8、10）.xlsx__Sheet1__咸阳秦都西咸数据中心2号楼D203电力电池机房__10#UPS蓄电池组1__未知组__229节电池电压.png
咸阳秦都西咸数据中心2号楼D203电力电池机房|10#UPS蓄电池组1|未知组|2节电池电压|2-203电池室（8、10）.xlsx|Sheet1|Sheet1,陕西省,咸阳,中国移动西咸数据中心,咸阳秦都西咸数据中心2号楼站点,咸阳秦都西咸数据中心2号楼D203电力电池机房,铅酸电池,10#UPS蓄电池组1,单体XX电压,2节电池电压,2026-01-14T01:10:15,1.99,V,2-203电池室（8、10）.xlsx,Sheet1,1.99,未知组,Sheet1,12,8058.0,False,1.939,2.295,0.35599999999999987,4,0.31666666666666665,0.8774954552824288,0.05079328170215877,0.9784622412202812,0.82670217358027,0.9276689595181224,1.1221319938938288,0.47368421052631576,1.0,0.020833333333333332,0.6655281171880405,-0.028717011706291373,discharge_like,放电型异常,存在内部谷底，且谷底后有持续回升，形态接近放电曲线,/mnt/nvme/projects/battery/output_ups_型号1_原始三分类_v2/单体XX电压/放电型异常/单体XX电压__2-203电池室（8、10）.xlsx__Sheet1__咸阳秦都西咸数据中心2号楼D203电力电池机房__10#UPS蓄电池组1__未知组__2节电池电压.png
咸阳秦都西咸数据中心2号楼D203电力电池机房|10#UPS蓄电池组1|未知组|83节电池电压|2-203电池室（8、10）.xlsx|Sheet1|Sheet1,陕西省,咸阳,中国移动西咸数据中心,咸阳秦都西咸数据中心2号楼站点,咸阳秦都西咸数据中心2号楼D203电力电池机房,铅酸电池,10#UPS蓄电池组1,单体XX电压,83节电池电压,2026-01-14T02:01:18,2.252,V,2-203电池室（8、10）.xlsx,Sheet1,2.252,未知组,Sheet1,13,6156.0,False,1.969,2.335,0.3659999999999999,-5,0.38333333333333336,0.9554994341829657,0.01973580500507276,0.7611070452948734,0.9357636291778929,0.7413712402898006,0.7922633626494573,0.43478260869565216,1.0,0.03508771929824561,0.8148871959404843,0.22925881159009887,discharge_like,放电型异常,存在内部谷底，且谷底后有持续回升，形态接近放电曲线,/mnt/nvme/projects/battery/output_ups_型号1_原始三分类_v2/单体XX电压/放电型异常/单体XX电压__2-203电池室（8、10）.xlsx__Sheet1__咸阳秦都西咸数据中心2号楼D203电力电池机房__10#UPS蓄电池组1__未知组__83节电池电压.png
咸阳秦都西咸数据中心2号楼D203电力电池机房|10#UPS蓄电池组2|未知组|111节电池电压|2-203电池室（8、10）.xlsx|Sheet1|Sheet1,陕西省,咸阳,中国移动西咸数据中心,咸阳秦都西咸数据中心2号楼站点,咸阳秦都西咸数据中心2号楼D203电力电池机房,铅酸电池,10#UPS蓄电池组2,单体XX电压,111节电池电压,2026-01-14T05:06:00,2.508,V,2-203电池室（8、10）.xlsx,Sheet1,2.508,未知组,Sheet1,46,18502.0,False,2.014,2.508,0.4940000000000002,7,0.21666666666666667,0.66985562009733,0.19412796388970555,0.8936157671815026,0.47572765620762447,0.699487803291797,1.4703534526404793,0.7692307692307693,0.9782608695652174,0.05454545454545454,0.4435331838967334,-0.06573333237714929,discharge_like,放电型异常,存在内部谷底，且谷底后有持续回升，形态接近放电曲线,/mnt/nvme/projects/battery/output_ups_型号1_原始三分类_v2/单体XX电压/放电型异常/单体XX电压__2-203电池室（8、10）.xlsx__Sheet1__咸阳秦都西咸数据中心2号楼D203电力电池机房__10#UPS蓄电池组2__未知组__111节电池电压.png
咸阳秦都西咸数据中心2号楼D203电力电池机房|10#UPS蓄电池组2|未知组|227节电池电压|2-203电池室（8、10）.xlsx|Sheet1|Sheet1,陕西省,咸阳,中国移动西咸数据中心,咸阳秦都西咸数据中心2号楼站点,咸阳秦都西咸数据中心2号楼D203电力电池机房,铅酸电池,10#UPS蓄电池组2,单体XX电压,227节电池电压,2026-01-14T02:15:54,2.262,V,2-203电池室（8、10）.xlsx,Sheet1,2.262,未知组,Sheet1,11,7032.0,False,1.931,2.262,0.33099999999999996,1,0.38333333333333336,0.9671593881874818,0.011860358002417484,0.9874870933430093,0.9552990301850643,0.9756267353405919,1.021278891207825,0.43478260869565216,1.0,0.022222222222222223,0.7743188701100561,-0.016683875542654714,discharge_like,放电型异常,存在内部谷底，且谷底后有持续回升，形态接近放电曲线,/mnt/nvme/projects/battery/output_ups_型号1_原始三分类_v2/单体XX电压/放电型异常/单体XX电压__2-203电池室（8、10）.xlsx__Sheet1__咸阳秦都西咸数据中心2号楼D203电力电池机房__10#UPS蓄电池组2__未知组__227节电池电压.png
咸阳秦都西咸数据中心2号楼D203电力电池机房|10#UPS蓄电池组2|未知组|86节电池电压|2-203电池室（8、10）.xlsx|Sheet1|Sheet1,陕西省,咸阳,中国移动西咸数据中心,咸阳秦都西咸数据中心2号楼站点,咸阳秦都西咸数据中心2号楼D203电力电池机房,铅酸电池,10#UPS蓄电池组2,单体XX电压,86节电池电压,2026-01-14T05:05:18,2.561,V,2-203电池室（8、10）.xlsx,Sheet1,2.561,未知组,Sheet1,53,17466.0,True,2.059,2.635,0.5759999999999996,7,0.16666666666666666,0.39613537272399524,0.12728664608019344,0.8235522915809756,0.26884872664380177,0.6962656455007822,2.5898045030857126,0.7,0.673469387755102,0.03636363636363636,0.705810570876963,0.15794043912599598,discharge_like,放电型异常,存在内部谷底，且谷底后有持续回升，形态接近放电曲线,/mnt/nvme/projects/battery/output_ups_型号1_原始三分类_v2/单体XX电压/放电型异常/单体XX电压__2-203电池室（8、10）.xlsx__Sheet1__咸阳秦都西咸数据中心2号楼D203电力电池机房__10#UPS蓄电池组2__未知组__86节电池电压.png
咸阳秦都西咸数据中心2号楼D203电力电池机房|8#UPS蓄电池组1|未知组|105节电池电压|2-203电池室（8、10）.xlsx|Sheet1|Sheet1,陕西省,咸阳,中国移动西咸数据中心,咸阳秦都西咸数据中心2号楼站点,咸阳秦都西咸数据中心2号楼D203电力电池机房,铅酸电池,8#UPS蓄电池组1,单体XX电压,105节电池电压,2026-01-14T05:09:37,2.492,V,2-203电池室（8、10）.xlsx,Sheet1,2.492,未知组,Sheet1,45,17455.0,False,1.997,2.496,0.4989999999999999,7,0.16666666666666666,0.6864293810234718,0.1746177881818276,0.9332350414010593,0.5118115928416442,0.7586172532192317,1.4822197510710353,0.7,0.9795918367346939,0.06896551724137931,0.4621653541325615,-0.08479855940033554,discharge_like,放电型异常,存在内部谷底，且谷底后有持续回升，形态接近放电曲线,/mnt/nvme/projects/battery/output_ups_型号1_原始三分类_v2/单体XX电压/放电型异常/单体XX电压__2-203电池室（8、10）.xlsx__Sheet1__咸阳秦都西咸数据中心2号楼D203电力电池机房__8#UPS蓄电池组1__未知组__105节电池电压.png
咸阳秦都西咸数据中心2号楼D203电力电池机房|8#UPS蓄电池组1|未知组|127节电池电压|2-203电池室（8、10）.xlsx|Sheet1|Sheet1,陕西省,咸阳,中国移动西咸数据中心,咸阳秦都西咸数据中心2号楼站点,咸阳秦都西咸数据中心2号楼D203电力电池机房,铅酸电池,8#UPS蓄电池组1,单体XX电压,127节电池电压,2026-01-14T01:25:42,2.209,V,2-203电池室（8、10）.xlsx,Sheet1,2.209,未知组,Sheet1,11,7272.0,False,1.953,2.26,0.3069999999999997,1,0.36666666666666664,0.9603408616560988,0.010335508925746707,0.9864772097239307,0.950005352730352,0.976141700798184,1.027511789239085,0.5,1.0,0.02127659574468085,0.7789179779095172,-0.018030387034758566,discharge_like,放电型异常,存在内部谷底，且谷底后有持续回升，形态接近放电曲线,/mnt/nvme/projects/battery/output_ups_型号1_原始三分类_v2/单体XX电压/放电型异常/单体XX电压__2-203电池室（8、10）.xlsx__Sheet1__咸阳秦都西咸数据中心2号楼D203电力电池机房__8#UPS蓄电池组1__未知组__127节电池电压.png
咸阳秦都西咸数据中心2号楼D203电力电池机房|8#UPS蓄电池组1|未知组|154节电池电压|2-203电池室（8、10）.xlsx|Sheet1|Sheet1,陕西省,咸阳,中国移动西咸数据中心,咸阳秦都西咸数据中心2号楼站点,咸阳秦都西咸数据中心2号楼D203电力电池机房,铅酸电池,8#UPS蓄电池组1,单体XX电压,154节电池电压,2026-01-14T01:11:28,2.069,V,2-203电池室（8、10）.xlsx,Sheet1,2.069,未知组,Sheet1,11,7781.0,False,2.001,2.28,0.2789999999999999,-1,0.3333333333333333,0.9651047868866506,0.0073020945621717365,0.9858672811109566,0.9578026923244788,0.9785651865487848,1.0216772132392327,0.45,1.0,0.02127659574468085,0.7656905572874888,-0.016493181948843638,discharge_like,放电型异常,存在内部谷底，且谷底后有持续回升，形态接近放电曲线,/mnt/nvme/projects/battery/output_ups_型号1_原始三分类_v2/单体XX电压/放电型异常/单体XX电压__2-203电池室（8、10）.xlsx__Sheet1__咸阳秦都西咸数据中心2号楼D203电力电池机房__8#UPS蓄电池组1__未知组__154节电池电压.png
咸阳秦都西咸数据中心2号楼D203电力电池机房|8#UPS蓄电池组1|未知组|164节电池电压|2-203电池室（8、10）.xlsx|Sheet1|Sheet1,陕西省,咸阳,中国移动西咸数据中心,咸阳秦都西咸数据中心2号楼站点,咸阳秦都西咸数据中心2号楼D203电力电池机房,铅酸电池,8#UPS蓄电池组1,单体XX电压,164节电池电压,2026-01-14T02:28:08,2.29,V,2-203电池室（8、10）.xlsx,Sheet1,2.29,未知组,Sheet1,56,17311.0,False,2.027,2.587,0.56,7,0.16666666666666666,0.5414896688499258,0.1278257290214903,0.9166518684256009,0.41366393982843547,0.7888261394041105,1.906925070201541,0.8,0.7755102040816326,0.07142857142857142,0.6673001205503375,0.07234071408466247,discharge_like,放电型异常,存在内部谷底，且谷底后有持续回升，形态接近放电曲线,/mnt/nvme/projects/battery/output_ups_型号1_原始三分类_v2/单体XX电压/放电型异常/单体XX电压__2-203电池室（8、10）.xlsx__Sheet1__咸阳秦都西咸数据中心2号楼D203电力电池机房__8#UPS蓄电池组1__未知组__164节电池电压.png
咸阳秦都西咸数据中心2号楼D203电力电池机房|8#UPS蓄电池组1|未知组|202节电池电压|2-203电池室（8、10）.xlsx|Sheet1|Sheet1,陕西省,咸阳,中国移动西咸数据中心,咸阳秦都西咸数据中心2号楼站点,咸阳秦都西咸数据中心2号楼D203电力电池机房,铅酸电池,8#UPS蓄电池组1,单体XX电压,202节电池电压,2026-01-14T04:10:09,2.385,V,2-203电池室（8、10）.xlsx,Sheet1,2.385,未知组,Sheet1,59,17329.0,False,2.013,2.534,0.5209999999999999,7,0.16666666666666666,0.5739738522056079,0.14492800303825285,0.9412019248799881,0.4290458491673551,0.7962739218417353,1.8559180132639388,0.7,1.0,0.01818181818181818,0.490938770582765,-0.10905498905714694,discharge_like,放电型异常,存在内部谷底，且谷底后有持续回升，形态接近放电曲线,/mnt/nvme/projects/battery/output_ups_型号1_原始三分类_v2/单体XX电压/放电型异常/单体XX电压__2-203电池室（8、10）.xlsx__Sheet1__咸阳秦都西咸数据中心2号楼D203电力电池机房__8#UPS蓄电池组1__未知组__202节电池电压.png
咸阳秦都西咸数据中心2号楼D203电力电池机房|8#UPS蓄电池组1|未知组|84节电池电压|2-203电池室（8、10）.xlsx|Sheet1|Sheet1,陕西省,咸阳,中国移动西咸数据中心,咸阳秦都西咸数据中心2号楼站点,咸阳秦都西咸数据中心2号楼D203电力电池机房,铅酸电池,8#UPS蓄电池组1,单体XX电压,84节电池电压,2026-01-14T05:08:39,2.466,V,2-203电池室（8、10）.xlsx,Sheet1,2.466,未知组,Sheet1,54,17458.0,True,2.011,2.556,0.5449999999999999,7,0.16666666666666666,0.516425882974569,0.15009917766893646,0.9937842973977458,0.3663267053056326,0.8436851197288093,2.3030947654275264,0.7,0.9183673469387755,0.057692307692307696,0.6787374435571424,-0.018001879312810387,discharge_like,放电型异常,存在内部谷底，且谷底后有持续回升，形态接近放电曲线,/mnt/nvme/projects/battery/output_ups_型号1_原始三分类_v2/单体XX电压/放电型异常/单体XX电压__2-203电池室（8、10）.xlsx__Sheet1__咸阳秦都西咸数据中心2号楼D203电力电池机房__8#UPS蓄电池组1__未知组__84节电池电压.png
咸阳秦都西咸数据中心2号楼D203电力电池机房|8#UPS蓄电池组2|未知组|137节电池电压|2-203电池室（8、10）.xlsx|Sheet1|Sheet1,陕西省,咸阳,中国移动西咸数据中心,咸阳秦都西咸数据中心2号楼站点,咸阳秦都西咸数据中心2号楼D203电力电池机房,铅酸电池,8#UPS蓄电池组2,单体XX电压,137节电池电压,2026-01-14T01:11:34,2.117,V,2-203电池室（8、10）.xlsx,Sheet1,2.117,未知组,Sheet1,43,16546.0,False,2.005,2.561,0.556,7,0.13333333333333333,0.5019749616500656,0.12624489475896739,0.955332198020147,0.3757300668910982,0.8290873032611796,2.206603554287496,0.875,0.8627450980392157,0.07272727272727272,0.6713191514376928,0.018393423064477332,discharge_like,放电型异常,存在内部谷底，且谷底后有持续回升，形态接近放电曲线,/mnt/nvme/projects/battery/output_ups_型号1_原始三分类_v2/单体XX电压/放电型异常/单体XX电压__2-203电池室（8、10）.xlsx__Sheet1__咸阳秦都西咸数据中心2号楼D203电力电池机房__8#UPS蓄电池组2__未知组__137节电池电压.png
咸阳秦都西咸数据中心2号楼D203电力电池机房|8#UPS蓄电池组2|未知组|140节电池电压|2-203电池室（8、10）.xlsx|Sheet1|Sheet1,陕西省,咸阳,中国移动西咸数据中心,咸阳秦都西咸数据中心2号楼站点,咸阳秦都西咸数据中心2号楼D203电力电池机房,铅酸电池,8#UPS蓄电池组2,单体XX电压,140节电池电压,2026-01-14T01:11:23,2.063,V,2-203电池室（8、10）.xlsx,Sheet1,2.063,未知组,Sheet1,22,8301.0,False,2.005,2.382,0.3770000000000002,-7,0.45,0.8789071212573938,0.006757043314878798,0.7141531812889286,0.872150077942515,0.7073961379740498,0.8110945066149281,0.5925925925925926,1.0,0.05357142857142857,0.7179584063762179,0.25645173020669954,discharge_like,放电型异常,存在内部谷底，且谷底后有持续回升，形态接近放电曲线,/mnt/nvme/projects/battery/output_ups_型号1_原始三分类_v2/单体XX电压/放电型异常/单体XX电压__2-203电池室（8、10）.xlsx__Sheet1__咸阳秦都西咸数据中心2号楼D203电力电池机房__8#UPS蓄电池组2__未知组__140节电池电压.png
咸阳秦都西咸数据中心2号楼D203电力电池机房|12#UPS蓄电池组1|未知组|179节电池电压|2-D203电池室（2、4、6、12#UPS）.xlsx|Sheet1|Sheet1,陕西省,咸阳,中国移动西咸数据中心,咸阳秦都西咸数据中心2号楼站点,咸阳秦都西咸数据中心2号楼D203电力电池机房,铅酸电池,12#UPS蓄电池组1,单体XX电压,179节电池电压,2026-01-14T00:51:13,2.026,V,2-D203电池室（2、4、6、12#UPS）.xlsx,Sheet1,2.026,未知组,Sheet1,9,1863.0,False,2.026,2.34,0.31400000000000006,4,0.6833333333333333,0.8561497368520372,0.004400560749256308,0.7908514170163061,0.8517491761027809,0.7864508562670498,0.923336209072907,0.2682926829268293,1.0,0.03571428571428571,0.7785722415845,0.1516084777245088,discharge_like,放电型异常,存在内部谷底，且谷底后有持续回升，形态接近放电曲线,/mnt/nvme/projects/battery/output_ups_型号1_原始三分类_v2/单体XX电压/放电型异常/单体XX电压__2-D203电池室（2、4、6、12#UPS）.xlsx__Sheet1__咸阳秦都西咸数据中心2号楼D203电力电池机房__12#UPS蓄电池组1__未知组__179节电池电压.png
咸阳秦都西咸数据中心2号楼D203电力电池机房|12#UPS蓄电池组1|未知组|19节电池电压|2-D203电池室（2、4、6、12#UPS）.xlsx|Sheet1|Sheet1,陕西省,咸阳,中国移动西咸数据中心,咸阳秦都西咸数据中心2号楼站点,咸阳秦都西咸数据中心2号楼D203电力电池机房,铅酸电池,12#UPS蓄电池组1,单体XX电压,19节电池电压,2026-01-14T00:31:26,2.122,V,2-D203电池室（2、4、6、12#UPS）.xlsx,Sheet1,2.122,未知组,Sheet1,9,3219.0,False,2.024,2.346,0.32200000000000006,-7,0.8,0.8886042103944145,0.0030319422985934934,0.5093528296475733,0.885572268095821,0.5063208873489798,0.5717442889962431,0.22916666666666666,1.0,0.047619047619047616,0.8528776757506137,0.4234476137857387,discharge_like,放电型异常,存在内部谷底，且谷底后有持续回升，形态接近放电曲线,/mnt/nvme/projects/battery/output_ups_型号1_原始三分类_v2/单体XX电压/放电型异常/单体XX电压__2-D203电池室（2、4、6、12#UPS）.xlsx__Sheet1__咸阳秦都西咸数据中心2号楼D203电力电池机房__12#UPS蓄电池组1__未知组__19节电池电压.png
咸阳秦都西咸数据中心2号楼D203电力电池机房|12#UPS蓄电池组1|未知组|3节电池电压|2-D203电池室（2、4、6、12#UPS）.xlsx|Sheet1|Sheet1,陕西省,咸阳,中国移动西咸数据中心,咸阳秦都西咸数据中心2号楼站点,咸阳秦都西咸数据中心2号楼D203电力电池机房,铅酸电池,12#UPS蓄电池组1,单体XX电压,3节电池电压,2026-01-14T00:10:04,2.306,V,2-D203电池室（2、4、6、12#UPS）.xlsx,Sheet1,2.306,未知组,Sheet1,14,3227.0,False,1.997,2.385,0.3879999999999997,-7,0.55,0.9364757406143468,0.009328555601949413,0.5144084449484079,0.9271471850123973,0.5050798893464584,0.5447677531318148,0.48484848484848486,1.0,0.05172413793103448,0.8455714678880335,0.4357140057963311,discharge_like,放电型异常,存在内部谷底，且谷底后有持续回升，形态接近放电曲线,/mnt/nvme/projects/battery/output_ups_型号1_原始三分类_v2/单体XX电压/放电型异常/单体XX电压__2-D203电池室（2、4、6、12#UPS）.xlsx__Sheet1__咸阳秦都西咸数据中心2号楼D203电力电池机房__12#UPS蓄电池组1__未知组__3节电池电压.png
咸阳秦都西咸数据中心2号楼D203电力电池机房|12#UPS蓄电池组1|未知组|79节电池电压|2-D203电池室（2、4、6、12#UPS）.xlsx|Sheet1|Sheet1,陕西省,咸阳,中国移动西咸数据中心,咸阳秦都西咸数据中心2号楼站点,咸阳秦都西咸数据中心2号楼D203电力电池机房,铅酸电池,12#UPS蓄电池组1,单体XX电压,79节电池电压,2026-01-14T01:02:46,2.156,V,2-D203电池室（2、4、6、12#UPS）.xlsx,Sheet1,2.156,未知组,Sheet1,9,2162.0,False,1.866,2.219,0.35299999999999976,5,0.6166666666666667,0.8476286859695531,0.008811405104553539,0.8002484846847029,0.8388172808649995,0.7914370795801493,0.9435154671831432,1.0,1.0,0.017241379310344827,0.7664839995792032,0.13880298970311833,discharge_like,放电型异常,存在内部谷底，且谷底后有持续回升，形态接近放电曲线,/mnt/nvme/projects/battery/output_ups_型号1_原始三分类_v2/单体XX电压/放电型异常/单体XX电压__2-D203电池室（2、4、6、12#UPS）.xlsx__Sheet1__咸阳秦都西咸数据中心2号楼D203电力电池机房__12#UPS蓄电池组1__未知组__79节电池电压.png
咸阳秦都西咸数据中心2号楼D203电力电池机房|12#UPS蓄电池组2|未知组|24节电池电压|2-D203电池室（2、4、6、12#UPS）.xlsx|Sheet1|Sheet1,陕西省,咸阳,中国移动西咸数据中心,咸阳秦都西咸数据中心2号楼站点,咸阳秦都西咸数据中心2号楼D203电力电池机房,铅酸电池,12#UPS蓄电池组2,单体XX电压,24节电池电压,2026-01-14T00:05:34,2.29,V,2-D203电池室（2、4、6、12#UPS）.xlsx,Sheet1,2.29,未知组,Sheet1,9,3230.0,False,2.037,2.342,0.30500000000000016,-7,0.7833333333333333,0.8833153779281578,0.006423117237371712,0.5285826755537394,0.8768922606907861,0.5221595583163676,0.595466035142746,0.5531914893617021,1.0,0.05172413793103448,0.8639300229289446,0.4003620309838356,discharge_like,放电型异常,存在内部谷底，且谷底后有持续回升，形态接近放电曲线,/mnt/nvme/projects/battery/output_ups_型号1_原始三分类_v2/单体XX电压/放电型异常/单体XX电压__2-D203电池室（2、4、6、12#UPS）.xlsx__Sheet1__咸阳秦都西咸数据中心2号楼D203电力电池机房__12#UPS蓄电池组2__未知组__24节电池电压.png
咸阳秦都西咸数据中心2号楼D203电力电池机房|12#UPS蓄电池组2|未知组|43节电池电压|2-D203电池室（2、4、6、12#UPS）.xlsx|Sheet1|Sheet1,陕西省,咸阳,中国移动西咸数据中心,咸阳秦都西咸数据中心2号楼站点,咸阳秦都西咸数据中心2号楼D203电力电池机房,铅酸电池,12#UPS蓄电池组2,单体XX电压,43节电池电压,2026-01-14T00:54:49,2.173,V,2-D203电池室（2、4、6、12#UPS）.xlsx,Sheet1,2.173,未知组,Sheet1,8,1418.0,False,1.955,2.254,0.29899999999999993,-7,0.7833333333333333,0.31462136693569154,0.0008265609754120174,0.6791766519763728,0.31379480596027953,0.6783500910009608,2.1617632795523827,0.10638297872340426,1.0,0.0625,0.5949252103416133,-0.07618823543174724,discharge_like,放电型异常,存在内部谷底，且谷底后有持续回升，形态接近放电曲线,/mnt/nvme/projects/battery/output_ups_型号1_原始三分类_v2/单体XX电压/放电型异常/单体XX电压__2-D203电池室（2、4、6、12#UPS）.xlsx__Sheet1__咸阳秦都西咸数据中心2号楼D203电力电池机房__12#UPS蓄电池组2__未知组__43节电池电压.png
咸阳秦都西咸数据中心2号楼D203电力电池机房|12#UPS蓄电池组2|未知组|44节电池电压|2-D203电池室（2、4、6、12#UPS）.xlsx|Sheet1|Sheet1,陕西省,咸阳,中国移动西咸数据中心,咸阳秦都西咸数据中心2号楼站点,咸阳秦都西咸数据中心2号楼D203电力电池机房,铅酸电池,12#UPS蓄电池组2,单体XX电压,44节电池电压,2026-01-14T00:31:38,2.031,V,2-D203电池室（2、4、6、12#UPS）.xlsx,Sheet1,2.031,未知组,Sheet1,7,1452.0,False,2.003,2.322,0.31899999999999995,-7,0.75,0.3447618335850245,0.005511104467935247,0.561316634131937,0.33925072911708926,0.5558055296640018,1.6383325968736178,0.08888888888888889,1.0,0.058823529411764705,0.49326042548665294,0.04632776665735405,discharge_like,放电型异常,存在内部谷底，且谷底后有持续回升，形态接近放电曲线,/mnt/nvme/projects/battery/output_ups_型号1_原始三分类_v2/单体XX电压/放电型异常/单体XX电压__2-D203电池室（2、4、6、12#UPS）.xlsx__Sheet1__咸阳秦都西咸数据中心2号楼D203电力电池机房__12#UPS蓄电池组2__未知组__44节电池电压.png
咸阳秦都西咸数据中心2号楼D203电力电池机房|2#UPS蓄电池组1|未知组|10节电池电压|2-D203电池室（2、4、6、12#UPS）.xlsx|Sheet1|Sheet1,陕西省,咸阳,中国移动西咸数据中心,咸阳秦都西咸数据中心2号楼站点,咸阳秦都西咸数据中心2号楼D203电力电池机房,铅酸电池,2#UPS蓄电池组1,单体XX电压,10节电池电压,2026-01-14T00:18:35,1.999,V,2-D203电池室（2、4、6、12#UPS）.xlsx,Sheet1,1.999,未知组,Sheet1,15,2661.0,False,1.972,2.348,0.3759999999999999,3,0.23333333333333334,0.8602361577055526,0.016946259520138566,0.6814376127651861,0.843289898185414,0.6644913532450475,0.7879749939930751,1.0,0.7777777777777778,0.020833333333333332,0.7837994557077456,0.22326710012438944,discharge_like,放电型异常,存在内部谷底，且谷底后有持续回升，形态接近放电曲线,/mnt/nvme/projects/battery/output_ups_型号1_原始三分类_v2/单体XX电压/放电型异常/单体XX电压__2-D203电池室（2、4、6、12#UPS）.xlsx__Sheet1__咸阳秦都西咸数据中心2号楼D203电力电池机房__2#UPS蓄电池组1__未知组__10节电池电压.png
咸阳秦都西咸数据中心2号楼D203电力电池机房|2#UPS蓄电池组1|未知组|112节电池电压|2-D203电池室（2、4、6、12#UPS）.xlsx|Sheet1|Sheet1,陕西省,咸阳,中国移动西咸数据中心,咸阳秦都西咸数据中心2号楼站点,咸阳秦都西咸数据中心2号楼D203电力电池机房,铅酸电池,2#UPS蓄电池组1,单体XX电压,112节电池电压,2026-01-14T00:08:37,2.297,V,2-D203电池室（2、4、6、12#UPS）.xlsx,Sheet1,2.297,未知组,Sheet1,13,2141.0,False,1.97,2.3,0.32999999999999985,0,0.26666666666666666,0.9628289357529861,0.009730344589228572,0.7265256766835988,0.9530985911637575,0.7167953320943702,0.7520683987866109,0.875,0.6046511627906976,0.075,0.8939928664479817,0.26503473872370353,discharge_like,放电型异常,存在内部谷底，且谷底后有持续回升，形态接近放电曲线,/mnt/nvme/projects/battery/output_ups_型号1_原始三分类_v2/单体XX电压/放电型异常/单体XX电压__2-D203电池室（2、4、6、12#UPS）.xlsx__Sheet1__咸阳秦都西咸数据中心2号楼D203电力电池机房__2#UPS蓄电池组1__未知组__112节电池电压.png
咸阳秦都西咸数据中心2号楼D203电力电池机房|2#UPS蓄电池组1|未知组|126节电池电压|2-D203电池室（2、4、6、12#UPS）.xlsx|Sheet1|Sheet1,陕西省,咸阳,中国移动西咸数据中心,咸阳秦都西咸数据中心2号楼站点,咸阳秦都西咸数据中心2号楼D203电力电池机房,铅酸电池,2#UPS蓄电池组1,单体XX电压,126节电池电压,2026-01-14T00:37:29,2.221,V,2-D203电池室（2、4、6、12#UPS）.xlsx,Sheet1,2.221,未知组,Sheet1,9,1732.0,False,1.991,2.403,0.4119999999999999,5,0.6666666666666666,0.32322150608018146,0.0021823643456434054,0.5348961236886396,0.32103914173453807,0.5327137593429961,1.6593420814840893,0.425,1.0,0.02857142857142857,0.49867556727150325,0.05992616816882401,discharge_like,放电型异常,存在内部谷底，且谷底后有持续回升，形态接近放电曲线,/mnt/nvme/projects/battery/output_ups_型号1_原始三分类_v2/单体XX电压/放电型异常/单体XX电压__2-D203电池室（2、4、6、12#UPS）.xlsx__Sheet1__咸阳秦都西咸数据中心2号楼D203电力电池机房__2#UPS蓄电池组1__未知组__126节电池电压.png
咸阳秦都西咸数据中心2号楼D203电力电池机房|2#UPS蓄电池组1|未知组|12节电池电压|2-D203电池室（2、4、6、12#UPS）.xlsx|Sheet1|Sheet1,陕西省,咸阳,中国移动西咸数据中心,咸阳秦都西咸数据中心2号楼站点,咸阳秦都西咸数据中心2号楼D203电力电池机房,铅酸电池,2#UPS蓄电池组1,单体XX电压,12节电池电压,2026-01-14T00:09:01,1.98,V,2-D203电池室（2、4、6、12#UPS）.xlsx,Sheet1,1.98,未知组,Sheet1,15,4071.0,False,1.98,2.313,0.3330000000000002,7,0.16666666666666666,0.8936765830585462,0.02819158966622625,0.7966614811748232,0.86548499339232,0.7684698915085969,0.8879066609908818,1.0,0.9387755102040817,0.01818181818181818,0.7230032714341976,0.13734487641252613,discharge_like,放电型异常,存在内部谷底，且谷底后有持续回升，形态接近放电曲线,/mnt/nvme/projects/battery/output_ups_型号1_原始三分类_v2/单体XX电压/放电型异常/单体XX电压__2-D203电池室（2、4、6、12#UPS）.xlsx__Sheet1__咸阳秦都西咸数据中心2号楼D203电力电池机房__2#UPS蓄电池组1__未知组__12节电池电压.png
咸阳秦都西咸数据中心2号楼D203电力电池机房|2#UPS蓄电池组1|未知组|136节电池电压|2-D203电池室（2、4、6、12#UPS）.xlsx|Sheet1|Sheet1,陕西省,咸阳,中国移动西咸数据中心,咸阳秦都西咸数据中心2号楼站点,咸阳秦都西咸数据中心2号楼D203电力电池机房,铅酸电池,2#UPS蓄电池组1,单体XX电压,136节电池电压,2026-01-14T00:03:11,2.303,V,2-D203电池室（2、4、6、12#UPS）.xlsx,Sheet1,2.303,未知组,Sheet1,14,2047.0,False,1.961,2.307,0.34599999999999986,2,0.7166666666666667,0.8932400737754723,0.006660670869798558,0.7259797033317776,0.8865794029056737,0.719319032461979,0.8113419162380068,0.6744186046511628,1.0,0.06521739130434782,0.8526216732821025,0.20100508560667885,discharge_like,放电型异常,存在内部谷底，且谷底后有持续回升，形态接近放电曲线,/mnt/nvme/projects/battery/output_ups_型号1_原始三分类_v2/单体XX电压/放电型异常/单体XX电压__2-D203电池室（2、4、6、12#UPS）.xlsx__Sheet1__咸阳秦都西咸数据中心2号楼D203电力电池机房__2#UPS蓄电池组1__未知组__136节电池电压.png
咸阳秦都西咸数据中心2号楼D203电力电池机房|2#UPS蓄电池组1|未知组|173节电池电压|2-D203电池室（2、4、6、12#UPS）.xlsx|Sheet1|Sheet1,陕西省,咸阳,中国移动西咸数据中心,咸阳秦都西咸数据中心2号楼站点,咸阳秦都西咸数据中心2号楼D203电力电池机房,铅酸电池,2#UPS蓄电池组1,单体XX电压,173节电池电压,2026-01-14T00:08:40,2.082,V,2-D203电池室（2、4、6、12#UPS）.xlsx,Sheet1,2.082,未知组,Sheet1,8,1681.0,False,2.0,2.401,0.4009999999999998,6,0.35,0.3245079125821135,0.005021599555552867,0.5323556161083092,0.3194863130265606,0.5273340165527564,1.6505684074746194,0.9047619047619048,0.9473684210526315,0.018518518518518517,0.4896352460379033,0.06364383791157824,discharge_like,放电型异常,存在内部谷底，且谷底后有持续回升，形态接近放电曲线,/mnt/nvme/projects/battery/output_ups_型号1_原始三分类_v2/单体XX电压/放电型异常/单体XX电压__2-D203电池室（2、4、6、12#UPS）.xlsx__Sheet1__咸阳秦都西咸数据中心2号楼D203电力电池机房__2#UPS蓄电池组1__未知组__173节电池电压.png
咸阳秦都西咸数据中心2号楼D203电力电池机房|2#UPS蓄电池组1|未知组|21节电池电压|2-D203电池室（2、4、6、12#UPS）.xlsx|Sheet1|Sheet1,陕西省,咸阳,中国移动西咸数据中心,咸阳秦都西咸数据中心2号楼站点,咸阳秦都西咸数据中心2号楼D203电力电池机房,铅酸电池,2#UPS蓄电池组1,单体XX电压,21节电池电压,2026-01-14T00:04:49,2.282,V,2-D203电池室（2、4、6、12#UPS）.xlsx,Sheet1,2.282,未知组,Sheet1,14,2423.0,False,1.982,2.318,0.3360000000000001,1,0.65,0.8695611690984484,0.0005322607962208344,0.7398532217558964,0.8690289083022276,0.7393209609596756,0.850743805005637,0.6923076923076923,1.0,0.021739130434782608,0.839092926001342,0.1707040940974316,discharge_like,放电型异常,存在内部谷底，且谷底后有持续回升，形态接近放电曲线,/mnt/nvme/projects/battery/output_ups_型号1_原始三分类_v2/单体XX电压/放电型异常/单体XX电压__2-D203电池室（2、4、6、12#UPS）.xlsx__Sheet1__咸阳秦都西咸数据中心2号楼D203电力电池机房__2#UPS蓄电池组1__未知组__21节电池电压.png
咸阳秦都西咸数据中心2号楼D203电力电池机房|2#UPS蓄电池组1|未知组|23节电池电压|2-D203电池室（2、4、6、12#UPS）.xlsx|Sheet1|Sheet1,陕西省,咸阳,中国移动西咸数据中心,咸阳秦都西咸数据中心2号楼站点,咸阳秦都西咸数据中心2号楼D203电力电池机房,铅酸电池,2#UPS蓄电池组1,单体XX电压,23节电池电压,2026-01-14T00:00:47,2.328,V,2-D203电池室（2、4、6、12#UPS）.xlsx,Sheet1,2.328,未知组,Sheet1,14,2793.0,False,1.984,2.328,0.34399999999999986,4,0.5666666666666667,0.8717663667330351,0.004194986442983436,0.7382843615887211,0.8675713802900517,0.7340893751457377,0.846142912245641,0.6764705882352942,1.0,0.02127659574468085,0.812088173348442,0.17127418806468664,discharge_like,放电型异常,存在内部谷底，且谷底后有持续回升，形态接近放电曲线,/mnt/nvme/projects/battery/output_ups_型号1_原始三分类_v2/单体XX电压/放电型异常/单体XX电压__2-D203电池室（2、4、6、12#UPS）.xlsx__Sheet1__咸阳秦都西咸数据中心2号楼D203电力电池机房__2#UPS蓄电池组1__未知组__23节电池电压.png
咸阳秦都西咸数据中心2号楼D203电力电池机房|2#UPS蓄电池组1|未知组|25节电池电压|2-D203电池室（2、4、6、12#UPS）.xlsx|Sheet1|Sheet1,陕西省,咸阳,中国移动西咸数据中心,咸阳秦都西咸数据中心2号楼站点,咸阳秦都西咸数据中心2号楼D203电力电池机房,铅酸电池,2#UPS蓄电池组1,单体XX电压,25节电池电压,2026-01-14T00:06:13,2.394,V,2-D203电池室（2、4、6、12#UPS）.xlsx,Sheet1,2.394,未知组,Sheet1,11,2171.0,False,1.979,2.394,0.41500000000000004,7,0.13333333333333333,0.7248412206102465,0.008351537063516701,0.6166224617343589,0.7164896835467298,0.6082709246708422,0.8489597795893605,1.0,0.6862745098039216,0.023809523809523808,0.585845182191695,0.3594947161359091,discharge_like,放电型异常,存在内部谷底，且谷底后有持续回升，形态接近放电曲线,/mnt/nvme/projects/battery/output_ups_型号1_原始三分类_v2/单体XX电压/放电型异常/单体XX电压__2-D203电池室（2、4、6、12#UPS）.xlsx__Sheet1__咸阳秦都西咸数据中心2号楼D203电力电池机房__2#UPS蓄电池组1__未知组__25节电池电压.png
咸阳秦都西咸数据中心2号楼D203电力电池机房|2#UPS蓄电池组1|未知组|26节电池电压|2-D203电池室（2、4、6、12#UPS）.xlsx|Sheet1|Sheet1,陕西省,咸阳,中国移动西咸数据中心,咸阳秦都西咸数据中心2号楼站点,咸阳秦都西咸数据中心2号楼D203电力电池机房,铅酸电池,2#UPS蓄电池组1,单体XX电压,26节电池电压,2026-01-14T00:30:04,1.988,V,2-D203电池室（2、4、6、12#UPS）.xlsx,Sheet1,1.988,未知组,Sheet1,11,2260.0,False,1.977,2.392,0.4149999999999998,7,0.13333333333333333,0.7479166478230059,0.008208333573686659,0.632580665801343,0.7397083142493193,0.6243723322276563,0.8440791043659028,1.0,0.6862745098039216,0.023809523809523808,0.6027222305836053,0.3502979770465472,discharge_like,放电型异常,存在内部谷底，且谷底后有持续回升，形态接近放电曲线,/mnt/nvme/projects/battery/output_ups_型号1_原始三分类_v2/单体XX电压/放电型异常/单体XX电压__2-D203电池室（2、4、6、12#UPS）.xlsx__Sheet1__咸阳秦都西咸数据中心2号楼D203电力电池机房__2#UPS蓄电池组1__未知组__26节电池电压.png
咸阳秦都西咸数据中心2号楼D203电力电池机房|2#UPS蓄电池组1|未知组|27节电池电压|2-D203电池室（2、4、6、12#UPS）.xlsx|Sheet1|Sheet1,陕西省,咸阳,中国移动西咸数据中心,咸阳秦都西咸数据中心2号楼站点,咸阳秦都西咸数据中心2号楼D203电力电池机房,铅酸电池,2#UPS蓄电池组1,单体XX电压,27节电池电压,2026-01-14T00:08:34,2.216,V,2-D203电池室（2、4、6、12#UPS）.xlsx,Sheet1,2.216,未知组,Sheet1,11,2572.0,False,1.976,2.392,0.4159999999999999,7,0.13333333333333333,0.6989816566729176,0.009887466777305783,0.626244848570056,0.6890941898956118,0.6163573817927502,0.8944457665383511,1.0,0.7254901960784313,0.022727272727272728,0.5958461031384787,0.35305976301017805,discharge_like,放电型异常,存在内部谷底，且谷底后有持续回升，形态接近放电曲线,/mnt/nvme/projects/battery/output_ups_型号1_原始三分类_v2/单体XX电压/放电型异常/单体XX电压__2-D203电池室（2、4、6、12#UPS）.xlsx__Sheet1__咸阳秦都西咸数据中心2号楼D203电力电池机房__2#UPS蓄电池组1__未知组__27节电池电压.png
咸阳秦都西咸数据中心2号楼D203电力电池机房|2#UPS蓄电池组1|未知组|28节电池电压|2-D203电池室（2、4、6、12#UPS）.xlsx|Sheet1|Sheet1,陕西省,咸阳,中国移动西咸数据中心,咸阳秦都西咸数据中心2号楼站点,咸阳秦都西咸数据中心2号楼D203电力电池机房,铅酸电池,2#UPS蓄电池组1,单体XX电压,28节电池电压,2026-01-14T00:08:44,2.031,V,2-D203电池室（2、4、6、12#UPS）.xlsx,Sheet1,2.031,未知组,Sheet1,10,2148.0,False,1.969,2.394,0.42500000000000004,7,0.13333333333333333,0.8188043004053623,0.008964636013380337,0.6138626701740433,0.809839664391982,0.6048980341606629,0.7469355478752423,1.0,0.6666666666666666,0.024390243902439025,0.5878109182301161,0.36313419578345985,discharge_like,放电型异常,存在内部谷底，且谷底后有持续回升，形态接近放电曲线,/mnt/nvme/projects/battery/output_ups_型号1_原始三分类_v2/单体XX电压/放电型异常/单体XX电压__2-D203电池室（2、4、6、12#UPS）.xlsx__Sheet1__咸阳秦都西咸数据中心2号楼D203电力电池机房__2#UPS蓄电池组1__未知组__28节电池电压.png
咸阳秦都西咸数据中心2号楼D203电力电池机房|2#UPS蓄电池组1|未知组|31节电池电压|2-D203电池室（2、4、6、12#UPS）.xlsx|Sheet1|Sheet1,陕西省,咸阳,中国移动西咸数据中心,咸阳秦都西咸数据中心2号楼站点,咸阳秦都西咸数据中心2号楼D203电力电池机房,铅酸电池,2#UPS蓄电池组1,单体XX电压,31节电池电压,2026-01-14T00:18:35,1.986,V,2-D203电池室（2、4、6、12#UPS）.xlsx,Sheet1,1.986,未知组,Sheet1,14,2252.0,False,1.972,2.33,0.3580000000000001,-1,0.7166666666666667,0.8675414926543961,0.006505974471630132,0.6935740000550675,0.8610355181827659,0.6870680255834374,0.797955496929504,0.9767441860465116,1.0,0.05172413793103448,0.839434547564525,0.21714925615501923,discharge_like,放电型异常,存在内部谷底，且谷底后有持续回升，形态接近放电曲线,/mnt/nvme/projects/battery/output_ups_型号1_原始三分类_v2/单体XX电压/放电型异常/单体XX电压__2-D203电池室（2、4、6、12#UPS）.xlsx__Sheet1__咸阳秦都西咸数据中心2号楼D203电力电池机房__2#UPS蓄电池组1__未知组__31节电池电压.png
咸阳秦都西咸数据中心2号楼D203电力电池机房|2#UPS蓄电池组1|未知组|32节电池电压|2-D203电池室（2、4、6、12#UPS）.xlsx|Sheet1|Sheet1,陕西省,咸阳,中国移动西咸数据中心,咸阳秦都西咸数据中心2号楼站点,咸阳秦都西咸数据中心2号楼D203电力电池机房,铅酸电池,2#UPS蓄电池组1,单体XX电压,32节电池电压,2026-01-14T00:32:02,2.186,V,2-D203电池室（2、4、6、12#UPS）.xlsx,Sheet1,2.186,未知组,Sheet1,14,2252.0,False,1.972,2.342,0.3700000000000001,-1,0.2833333333333333,0.8665495455291965,0.0091830343975205,0.6843089261297913,0.857366511131676,0.6751258917322708,0.787441405955664,0.9411764705882353,0.6190476190476191,0.07142857142857142,0.8349243851758701,0.2251985337746235,discharge_like,放电型异常,存在内部谷底，且谷底后有持续回升，形态接近放电曲线,/mnt/nvme/projects/battery/output_ups_型号1_原始三分类_v2/单体XX电压/放电型异常/单体XX电压__2-D203电池室（2、4、6、12#UPS）.xlsx__Sheet1__咸阳秦都西咸数据中心2号楼D203电力电池机房__2#UPS蓄电池组1__未知组__32节电池电压.png
咸阳秦都西咸数据中心2号楼D203电力电池机房|2#UPS蓄电池组1|未知组|33节电池电压|2-D203电池室（2、4、6、12#UPS）.xlsx|Sheet1|Sheet1,陕西省,咸阳,中国移动西咸数据中心,咸阳秦都西咸数据中心2号楼站点,咸阳秦都西咸数据中心2号楼D203电力电池机房,铅酸电池,2#UPS蓄电池组1,单体XX电压,33节电池电压,2026-01-14T00:18:35,2.007,V,2-D203电池室（2、4、6、12#UPS）.xlsx,Sheet1,2.007,未知组,Sheet1,15,3038.0,False,1.985,2.293,0.30800000000000005,3,0.23333333333333334,0.9272196559524717,0.02007662716537407,0.849698215235745,0.9071430287870976,0.8296215880703709,0.9145433088595515,0.7857142857142857,0.8222222222222222,0.02127659574468085,0.846055230906823,0.08744207413520066,discharge_like,放电型异常,存在内部谷底，且谷底后有持续回升，形态接近放电曲线,/mnt/nvme/projects/battery/output_ups_型号1_原始三分类_v2/单体XX电压/放电型异常/单体XX电压__2-D203电池室（2、4、6、12#UPS）.xlsx__Sheet1__咸阳秦都西咸数据中心2号楼D203电力电池机房__2#UPS蓄电池组1__未知组__33节电池电压.png
咸阳秦都西咸数据中心2号楼D203电力电池机房|2#UPS蓄电池组1|未知组|34节电池电压|2-D203电池室（2、4、6、12#UPS）.xlsx|Sheet1|Sheet1,陕西省,咸阳,中国移动西咸数据中心,咸阳秦都西咸数据中心2号楼站点,咸阳秦都西咸数据中心2号楼D203电力电池机房,铅酸电池,2#UPS蓄电池组1,单体XX电压,34节电池电压,2026-01-14T00:00:03,2.281,V,2-D203电池室（2、4、6、12#UPS）.xlsx,Sheet1,2.281,未知组,Sheet1,15,2635.0,False,1.978,2.297,0.3190000000000002,2,0.25,0.9018752826823943,0.01454557574010159,0.7993574928488848,0.8873297069422926,0.7848119171087832,0.8844648275428003,0.8666666666666667,0.7272727272727273,0.022727272727272728,0.8515284007087861,0.12444271792391215,discharge_like,放电型异常,存在内部谷底，且谷底后有持续回升，形态接近放电曲线,/mnt/nvme/projects/battery/output_ups_型号1_原始三分类_v2/单体XX电压/放电型异常/单体XX电压__2-D203电池室（2、4、6、12#UPS）.xlsx__Sheet1__咸阳秦都西咸数据中心2号楼D203电力电池机房__2#UPS蓄电池组1__未知组__34节电池电压.png
咸阳秦都西咸数据中心2号楼D203电力电池机房|2#UPS蓄电池组1|未知组|36节电池电压|2-D203电池室（2、4、6、12#UPS）.xlsx|Sheet1|Sheet1,陕西省,咸阳,中国移动西咸数据中心,咸阳秦都西咸数据中心2号楼站点,咸阳秦都西咸数据中心2号楼D203电力电池机房,铅酸电池,2#UPS蓄电池组1,单体XX电压,36节电池电压,2026-01-14T00:18:35,1.995,V,2-D203电池室（2、4、6、12#UPS）.xlsx,Sheet1,1.995,未知组,Sheet1,15,2524.0,False,1.972,2.313,0.3410000000000002,2,0.25,0.8812629150374153,0.01508482942863506,0.7394643259017442,0.8661780856087802,0.7243794964731091,0.8362939534861309,1.0,0.7045454545454546,0.022222222222222223,0.8167316443165419,0.17790456980271763,discharge_like,放电型异常,存在内部谷底，且谷底后有持续回升，形态接近放电曲线,/mnt/nvme/projects/battery/output_ups_型号1_原始三分类_v2/单体XX电压/放电型异常/单体XX电压__2-D203电池室（2、4、6、12#UPS）.xlsx__Sheet1__咸阳秦都西咸数据中心2号楼D203电力电池机房__2#UPS蓄电池组1__未知组__36节电池电压.png
咸阳秦都西咸数据中心2号楼D203电力电池机房|2#UPS蓄电池组1|未知组|38节电池电压|2-D203电池室（2、4、6、12#UPS）.xlsx|Sheet1|Sheet1,陕西省,咸阳,中国移动西咸数据中心,咸阳秦都西咸数据中心2号楼站点,咸阳秦都西咸数据中心2号楼D203电力电池机房,铅酸电池,2#UPS蓄电池组1,单体XX电压,38节电池电压,2026-01-14T00:00:27,2.224,V,2-D203电池室（2、4、6、12#UPS）.xlsx,Sheet1,2.224,未知组,Sheet1,13,2276.0,False,1.98,2.305,0.3250000000000002,-1,0.7166666666666667,0.8735901402750071,0.0046525896781134495,0.7409455341134229,0.8689375505968937,0.7362929444353095,0.8473485155316213,0.7209302325581395,1.0,0.021739130434782608,0.8298955942181653,0.17250694906420005,discharge_like,放电型异常,存在内部谷底，且谷底后有持续回升，形态接近放电曲线,/mnt/nvme/projects/battery/output_ups_型号1_原始三分类_v2/单体XX电压/放电型异常/单体XX电压__2-D203电池室（2、4、6、12#UPS）.xlsx__Sheet1__咸阳秦都西咸数据中心2号楼D203电力电池机房__2#UPS蓄电池组1__未知组__38节电池电压.png
咸阳秦都西咸数据中心2号楼D203电力电池机房|2#UPS蓄电池组1|未知组|39节电池电压|2-D203电池室（2、4、6、12#UPS）.xlsx|Sheet1|Sheet1,陕西省,咸阳,中国移动西咸数据中心,咸阳秦都西咸数据中心2号楼站点,咸阳秦都西咸数据中心2号楼D203电力电池机房,铅酸电池,2#UPS蓄电池组1,单体XX电压,39节电池电压,2026-01-14T00:05:05,2.271,V,2-D203电池室（2、4、6、12#UPS）.xlsx,Sheet1,2.271,未知组,Sheet1,15,2477.0,False,1.969,2.284,0.3149999999999997,1,0.26666666666666666,0.9151977591101534,0.014354127985276313,0.821461710054203,0.9008436311248771,0.8071075820689266,0.8959463699212157,0.9375,0.6976744186046512,0.022727272727272728,0.8600099143984521,0.1168603692905894,discharge_like,放电型异常,存在内部谷底，且谷底后有持续回升，形态接近放电曲线,/mnt/nvme/projects/battery/output_ups_型号1_原始三分类_v2/单体XX电压/放电型异常/单体XX电压__2-D203电池室（2、4、6、12#UPS）.xlsx__Sheet1__咸阳秦都西咸数据中心2号楼D203电力电池机房__2#UPS蓄电池组1__未知组__39节电池电压.png
咸阳秦都西咸数据中心2号楼D203电力电池机房|2#UPS蓄电池组1|未知组|41节电池电压|2-D203电池室（2、4、6、12#UPS）.xlsx|Sheet1|Sheet1,陕西省,咸阳,中国移动西咸数据中心,咸阳秦都西咸数据中心2号楼站点,咸阳秦都西咸数据中心2号楼D203电力电池机房,铅酸电池,2#UPS蓄电池组1,单体XX电压,41节电池电压,2026-01-14T00:04:32,2.272,V,2-D203电池室（2、4、6、12#UPS）.xlsx,Sheet1,2.272,未知组,Sheet1,15,2299.0,False,1.968,2.306,0.3380000000000001,0,0.2833333333333333,0.8696666966161593,0.012084917175300844,0.7364245291855074,0.8575817794408584,0.7243396120102066,0.8446303647424088,1.0,0.6428571428571429,0.023255813953488372,0.807841534030644,0.175061381921513,discharge_like,放电型异常,存在内部谷底，且谷底后有持续回升，形态接近放电曲线,/mnt/nvme/projects/battery/output_ups_型号1_原始三分类_v2/单体XX电压/放电型异常/单体XX电压__2-D203电池室（2、4、6、12#UPS）.xlsx__Sheet1__咸阳秦都西咸数据中心2号楼D203电力电池机房__2#UPS蓄电池组1__未知组__41节电池电压.png
咸阳秦都西咸数据中心2号楼D203电力电池机房|2#UPS蓄电池组1|未知组|44节电池电压|2-D203电池室（2、4、6、12#UPS）.xlsx|Sheet1|Sheet1,陕西省,咸阳,中国移动西咸数据中心,咸阳秦都西咸数据中心2号楼站点,咸阳秦都西咸数据中心2号楼D203电力电池机房,铅酸电池,2#UPS蓄电池组1,单体XX电压,44节电池电压,2026-01-14T00:05:22,2.238,V,2-D203电池室（2、4、6、12#UPS）.xlsx,Sheet1,2.238,未知组,Sheet1,14,2558.0,False,1.985,2.319,0.33399999999999985,1,0.26666666666666666,0.8833937000277283,0.015671099924726154,0.7364346235280885,0.8677226001030022,0.7207635236033624,0.8306381817036536,0.9375,0.6976744186046512,0.022727272727272728,0.8247559379743628,0.18220831940772442,discharge_like,放电型异常,存在内部谷底，且谷底后有持续回升，形态接近放电曲线,/mnt/nvme/projects/battery/output_ups_型号1_原始三分类_v2/单体XX电压/放电型异常/单体XX电压__2-D203电池室（2、4、6、12#UPS）.xlsx__Sheet1__咸阳秦都西咸数据中心2号楼D203电力电池机房__2#UPS蓄电池组1__未知组__44节电池电压.png
咸阳秦都西咸数据中心2号楼D203电力电池机房|2#UPS蓄电池组1|未知组|46节电池电压|2-D203电池室（2、4、6、12#UPS）.xlsx|Sheet1|Sheet1,陕西省,咸阳,中国移动西咸数据中心,咸阳秦都西咸数据中心2号楼站点,咸阳秦都西咸数据中心2号楼D203电力电池机房,铅酸电池,2#UPS蓄电池组1,单体XX电压,46节电池电压,2026-01-14T00:32:02,2.172,V,2-D203电池室（2、4、6、12#UPS）.xlsx,Sheet1,2.172,未知组,Sheet1,14,2269.0,False,1.966,2.311,0.345,-1,0.2833333333333333,0.8729093643921975,0.0123697450195478,0.7109515057249515,0.8605396193726497,0.6985817607054037,0.8117949995177312,0.9411764705882353,0.6428571428571429,0.06976744186046512,0.8210984037436362,0.2022179719667465,discharge_like,放电型异常,存在内部谷底，且谷底后有持续回升，形态接近放电曲线,/mnt/nvme/projects/battery/output_ups_型号1_原始三分类_v2/单体XX电压/放电型异常/单体XX电压__2-D203电池室（2、4、6、12#UPS）.xlsx__Sheet1__咸阳秦都西咸数据中心2号楼D203电力电池机房__2#UPS蓄电池组1__未知组__46节电池电压.png
咸阳秦都西咸数据中心2号楼D203电力电池机房|2#UPS蓄电池组1|未知组|5节电池电压|2-D203电池室（2、4、6、12#UPS）.xlsx|Sheet1|Sheet1,陕西省,咸阳,中国移动西咸数据中心,咸阳秦都西咸数据中心2号楼站点,咸阳秦都西咸数据中心2号楼D203电力电池机房,铅酸电池,2#UPS蓄电池组1,单体XX电压,5节电池电压,2026-01-14T00:06:16,2.342,V,2-D203电池室（2、4、6、12#UPS）.xlsx,Sheet1,2.342,未知组,Sheet1,14,2403.0,False,1.966,2.343,0.377,1,0.65,0.8692982244543469,0.0009410313763929673,0.7091902135453719,0.8683571930779539,0.7082491821689789,0.8156196401654942,0.6666666666666666,1.0,0.022222222222222223,0.8342401234505186,0.2020545967499976,discharge_like,放电型异常,存在内部谷底，且谷底后有持续回升，形态接近放电曲线,/mnt/nvme/projects/battery/output_ups_型号1_原始三分类_v2/单体XX电压/放电型异常/单体XX电压__2-D203电池室（2、4、6、12#UPS）.xlsx__Sheet1__咸阳秦都西咸数据中心2号楼D203电力电池机房__2#UPS蓄电池组1__未知组__5节电池电压.png
咸阳秦都西咸数据中心2号楼D203电力电池机房|2#UPS蓄电池组1|未知组|6节电池电压|2-D203电池室（2、4、6、12#UPS）.xlsx|Sheet1|Sheet1,陕西省,咸阳,中国移动西咸数据中心,咸阳秦都西咸数据中心2号楼站点,咸阳秦都西咸数据中心2号楼D203电力电池机房,铅酸电池,2#UPS蓄电池组1,单体XX电压,6节电池电压,2026-01-14T00:01:07,2.302,V,2-D203电池室（2、4、6、12#UPS）.xlsx,Sheet1,2.302,未知组,Sheet1,14,3264.0,False,2.002,2.302,0.30000000000000027,5,0.36666666666666664,0.9009223450402142,0.0016059130137017071,0.8082316465153236,0.8993164320265125,0.8066257335016219,0.8969320518107803,0.8636363636363636,0.8378378378378378,0.02040816326530612,0.815130629854339,0.11573849933964198,discharge_like,放电型异常,存在内部谷底，且谷底后有持续回升，形态接近放电曲线,/mnt/nvme/projects/battery/output_ups_型号1_原始三分类_v2/单体XX电压/放电型异常/单体XX电压__2-D203电池室（2、4、6、12#UPS）.xlsx__Sheet1__咸阳秦都西咸数据中心2号楼D203电力电池机房__2#UPS蓄电池组1__未知组__6节电池电压.png
咸阳秦都西咸数据中心2号楼D203电力电池机房|2#UPS蓄电池组1|未知组|82节电池电压|2-D203电池室（2、4、6、12#UPS）.xlsx|Sheet1|Sheet1,陕西省,咸阳,中国移动西咸数据中心,咸阳秦都西咸数据中心2号楼站点,咸阳秦都西咸数据中心2号楼D203电力电池机房,铅酸电池,2#UPS蓄电池组1,单体XX电压,82节电池电压,2026-01-14T00:03:55,2.282,V,2-D203电池室（2、4、6、12#UPS）.xlsx,Sheet1,2.282,未知组,Sheet1,13,2047.0,False,1.973,2.292,0.31899999999999973,4,0.2,0.9301214316426754,0.013710799566397872,0.7545102300053523,0.9164106320762775,0.7407994304389545,0.8083706186954446,1.0,0.6382978723404256,0.024390243902439025,0.7708151813827804,0.18625774649956328,discharge_like,放电型异常,存在内部谷底，且谷底后有持续回升，形态接近放电曲线,/mnt/nvme/projects/battery/output_ups_型号1_原始三分类_v2/单体XX电压/放电型异常/单体XX电压__2-D203电池室（2、4、6、12#UPS）.xlsx__Sheet1__咸阳秦都西咸数据中心2号楼D203电力电池机房__2#UPS蓄电池组1__未知组__82节电池电压.png
咸阳秦都西咸数据中心2号楼D203电力电池机房|2#UPS蓄电池组1|未知组|8节电池电压|2-D203电池室（2、4、6、12#UPS）.xlsx|Sheet1|Sheet1,陕西省,咸阳,中国移动西咸数据中心,咸阳秦都西咸数据中心2号楼站点,咸阳秦都西咸数据中心2号楼D203电力电池机房,铅酸电池,2#UPS蓄电池组1,单体XX电压,8节电池电压,2026-01-14T00:30:04,1.988,V,2-D203电池室（2、4、6、12#UPS）.xlsx,Sheet1,1.988,未知组,Sheet1,15,3119.0,False,1.971,2.342,0.371,5,0.2,0.8971422677740851,0.016387071588100266,0.7226346609771273,0.8807551961859849,0.706247589389027,0.8018659346495938,1.0,0.8085106382978723,0.02040816326530612,0.6925869873285982,0.20035555966968777,discharge_like,放电型异常,存在内部谷底，且谷底后有持续回升，形态接近放电曲线,/mnt/nvme/projects/battery/output_ups_型号1_原始三分类_v2/单体XX电压/放电型异常/单体XX电压__2-D203电池室（2、4、6、12#UPS）.xlsx__Sheet1__咸阳秦都西咸数据中心2号楼D203电力电池机房__2#UPS蓄电池组1__未知组__8节电池电压.png
咸阳秦都西咸数据中心2号楼D203电力电池机房|2#UPS蓄电池组1|未知组|9节电池电压|2-D203电池室（2、4、6、12#UPS）.xlsx|Sheet1|Sheet1,陕西省,咸阳,中国移动西咸数据中心,咸阳秦都西咸数据中心2号楼站点,咸阳秦都西咸数据中心2号楼D203电力电池机房,铅酸电池,2#UPS蓄电池组1,单体XX电压,9节电池电压,2026-01-14T00:01:07,2.341,V,2-D203电池室（2、4、6、12#UPS）.xlsx,Sheet1,2.341,未知组,Sheet1,15,2958.0,False,1.974,2.341,0.3670000000000002,4,0.21666666666666667,0.8884972074287671,0.01647086356190071,0.7068737155940195,0.8720263438668664,0.6904028520321187,0.7917224704232113,0.9230769230769231,0.782608695652174,0.02127659574468085,0.7516580381735731,0.21243423026710306,discharge_like,放电型异常,存在内部谷底，且谷底后有持续回升，形态接近放电曲线,/mnt/nvme/projects/battery/output_ups_型号1_原始三分类_v2/单体XX电压/放电型异常/单体XX电压__2-D203电池室（2、4、6、12#UPS）.xlsx__Sheet1__咸阳秦都西咸数据中心2号楼D203电力电池机房__2#UPS蓄电池组1__未知组__9节电池电压.png
咸阳秦都西咸数据中心2号楼D203电力电池机房|2#UPS蓄电池组2|未知组|103节电池电压|2-D203电池室（2、4、6、12#UPS）.xlsx|Sheet1|Sheet1,陕西省,咸阳,中国移动西咸数据中心,咸阳秦都西咸数据中心2号楼站点,咸阳秦都西咸数据中心2号楼D203电力电池机房,铅酸电池,2#UPS蓄电池组2,单体XX电压,103节电池电压,2026-01-14T00:04:40,2.227,V,2-D203电池室（2、4、6、12#UPS）.xlsx,Sheet1,2.227,未知组,Sheet1,13,2353.0,False,1.951,2.285,0.3340000000000001,1,0.65,0.9746003404890196,0.008524442203211921,0.8376711009932963,0.9660758982858076,0.8291466587900844,0.8582624402524159,0.8974358974358975,1.0,0.018518518518518517,0.9195065323603003,0.1565369465128128,discharge_like,放电型异常,存在内部谷底，且谷底后有持续回升，形态接近放电曲线,/mnt/nvme/projects/battery/output_ups_型号1_原始三分类_v2/单体XX电压/放电型异常/单体XX电压__2-D203电池室（2、4、6、12#UPS）.xlsx__Sheet1__咸阳秦都西咸数据中心2号楼D203电力电池机房__2#UPS蓄电池组2__未知组__103节电池电压.png
咸阳秦都西咸数据中心2号楼D203电力电池机房|2#UPS蓄电池组2|未知组|10节电池电压|2-D203电池室（2、4、6、12#UPS）.xlsx|Sheet1|Sheet1,陕西省,咸阳,中国移动西咸数据中心,咸阳秦都西咸数据中心2号楼站点,咸阳秦都西咸数据中心2号楼D203电力电池机房,铅酸电池,2#UPS蓄电池组2,单体XX电压,10节电池电压,2026-01-14T00:30:03,2.035,V,2-D203电池室（2、4、6、12#UPS）.xlsx,Sheet1,2.035,未知组,Sheet1,9,2198.0,False,1.976,2.372,0.3959999999999999,-1,0.26666666666666666,0.9652399854131082,0.01322935138852656,0.5897888839155389,0.9520106340245816,0.5765595325270123,0.6056229954953446,0.4375,1.0,0.034482758620689655,0.9293681574203659,0.39963198121019017,discharge_like,放电型异常,存在内部谷底，且谷底后有持续回升，形态接近放电曲线,/mnt/nvme/projects/battery/output_ups_型号1_原始三分类_v2/单体XX电压/放电型异常/单体XX电压__2-D203电池室（2、4、6、12#UPS）.xlsx__Sheet1__咸阳秦都西咸数据中心2号楼D203电力电池机房__2#UPS蓄电池组2__未知组__10节电池电压.png
咸阳秦都西咸数据中心2号楼D203电力电池机房|2#UPS蓄电池组2|未知组|123节电池电压|2-D203电池室（2、4、6、12#UPS）.xlsx|Sheet1|Sheet1,陕西省,咸阳,中国移动西咸数据中心,咸阳秦都西咸数据中心2号楼站点,咸阳秦都西咸数据中心2号楼D203电力电池机房,铅酸电池,2#UPS蓄电池组2,单体XX电压,123节电池电压,2026-01-14T00:03:16,2.292,V,2-D203电池室（2、4、6、12#UPS）.xlsx,Sheet1,2.292,未知组,Sheet1,12,2333.0,False,1.982,2.308,0.32599999999999985,4,0.2,0.9061088418241786,0.0029181088713771974,0.7541017592941307,0.9031907329528014,0.7511836504227535,0.8316999080971623,1.0,0.46808510638297873,0.030303030303030304,0.7778772175520744,0.17611992586346703,discharge_like,放电型异常,存在内部谷底，且谷底后有持续回升，形态接近放电曲线,/mnt/nvme/projects/battery/output_ups_型号1_原始三分类_v2/单体XX电压/放电型异常/单体XX电压__2-D203电池室（2、4、6、12#UPS）.xlsx__Sheet1__咸阳秦都西咸数据中心2号楼D203电力电池机房__2#UPS蓄电池组2__未知组__123节电池电压.png
咸阳秦都西咸数据中心2号楼D203电力电池机房|2#UPS蓄电池组2|未知组|126节电池电压|2-D203电池室（2、4、6、12#UPS）.xlsx|Sheet1|Sheet1,陕西省,咸阳,中国移动西咸数据中心,咸阳秦都西咸数据中心2号楼站点,咸阳秦都西咸数据中心2号楼D203电力电池机房,铅酸电池,2#UPS蓄电池组2,单体XX电压,126节电池电压,2026-01-14T00:04:10,2.338,V,2-D203电池室（2、4、6、12#UPS）.xlsx,Sheet1,2.338,未知组,Sheet1,12,2376.0,False,1.985,2.338,0.353,4,0.2,0.8867492496702013,0.003928201617649394,0.7090290044218275,0.8828210480525519,0.7051008028041781,0.7986905200786681,1.0,0.46808510638297873,0.030303030303030304,0.756594494764322,0.20564382276311777,discharge_like,放电型异常,存在内部谷底，且谷底后有持续回升，形态接近放电曲线,/mnt/nvme/projects/battery/output_ups_型号1_原始三分类_v2/单体XX电压/放电型异常/单体XX电压__2-D203电池室（2、4、6、12#UPS）.xlsx__Sheet1__咸阳秦都西咸数据中心2号楼D203电力电池机房__2#UPS蓄电池组2__未知组__126节电池电压.png
咸阳秦都西咸数据中心2号楼D203电力电池机房|2#UPS蓄电池组2|未知组|12节电池电压|2-D203电池室（2、4、6、12#UPS）.xlsx|Sheet1|Sheet1,陕西省,咸阳,中国移动西咸数据中心,咸阳秦都西咸数据中心2号楼站点,咸阳秦都西咸数据中心2号楼D203电力电池机房,铅酸电池,2#UPS蓄电池组2,单体XX电压,12节电池电压,2026-01-14T00:01:12,2.354,V,2-D203电池室（2、4、6、12#UPS）.xlsx,Sheet1,2.354,未知组,Sheet1,9,2165.0,False,1.988,2.37,0.3820000000000001,-1,0.26666666666666666,0.9658472898108548,0.01027702770976174,0.5702372409407759,0.9555702621010931,0.5599602132310142,0.5859958548875166,0.4375,1.0,0.03508771929824561,0.9386750519279428,0.4193684559581803,discharge_like,放电型异常,存在内部谷底，且谷底后有持续回升，形态接近放电曲线,/mnt/nvme/projects/battery/output_ups_型号1_原始三分类_v2/单体XX电压/放电型异常/单体XX电压__2-D203电池室（2、4、6、12#UPS）.xlsx__Sheet1__咸阳秦都西咸数据中心2号楼D203电力电池机房__2#UPS蓄电池组2__未知组__12节电池电压.png
咸阳秦都西咸数据中心2号楼D203电力电池机房|2#UPS蓄电池组2|未知组|139节电池电压|2-D203电池室（2、4、6、12#UPS）.xlsx|Sheet1|Sheet1,陕西省,咸阳,中国移动西咸数据中心,咸阳秦都西咸数据中心2号楼站点,咸阳秦都西咸数据中心2号楼D203电力电池机房,铅酸电池,2#UPS蓄电池组2,单体XX电压,139节电池电压,2026-01-14T00:08:59,1.994,V,2-D203电池室（2、4、6、12#UPS）.xlsx,Sheet1,1.994,未知组,Sheet1,12,2390.0,False,1.994,2.31,0.31600000000000006,4,0.2,0.9152150293462804,0.003185361093332917,0.7842576612182237,0.9120296682529475,0.7810723001248908,0.8564110647460349,1.0,0.48936170212765956,0.029411764705882353,0.7982183421285839,0.1542429341576277,discharge_like,放电型异常,存在内部谷底，且谷底后有持续回升，形态接近放电曲线,/mnt/nvme/projects/battery/output_ups_型号1_原始三分类_v2/单体XX电压/放电型异常/单体XX电压__2-D203电池室（2、4、6、12#UPS）.xlsx__Sheet1__咸阳秦都西咸数据中心2号楼D203电力电池机房__2#UPS蓄电池组2__未知组__139节电池电压.png
咸阳秦都西咸数据中心2号楼D203电力电池机房|2#UPS蓄电池组2|未知组|204节电池电压|2-D203电池室（2、4、6、12#UPS）.xlsx|Sheet1|Sheet1,陕西省,咸阳,中国移动西咸数据中心,咸阳秦都西咸数据中心2号楼站点,咸阳秦都西咸数据中心2号楼D203电力电池机房,铅酸电池,2#UPS蓄电池组2,单体XX电压,204节电池电压,2026-01-14T00:08:59,1.986,V,2-D203电池室（2、4、6、12#UPS）.xlsx,Sheet1,1.986,未知组,Sheet1,12,2064.0,False,1.986,2.278,0.29200000000000004,2,0.25,0.9111628733161253,0.0179044536153098,0.7712359751285587,0.8932584197008155,0.7533315215132489,0.8433522752824592,0.8666666666666667,1.0,0.05172413793103448,0.8561290929734573,0.1664558633269556,discharge_like,放电型异常,存在内部谷底，且谷底后有持续回升，形态接近放电曲线,/mnt/nvme/projects/battery/output_ups_型号1_原始三分类_v2/单体XX电压/放电型异常/单体XX电压__2-D203电池室（2、4、6、12#UPS）.xlsx__Sheet1__咸阳秦都西咸数据中心2号楼D203电力电池机房__2#UPS蓄电池组2__未知组__204节电池电压.png
咸阳秦都西咸数据中心2号楼D203电力电池机房|2#UPS蓄电池组2|未知组|213节电池电压|2-D203电池室（2、4、6、12#UPS）.xlsx|Sheet1|Sheet1,陕西省,咸阳,中国移动西咸数据中心,咸阳秦都西咸数据中心2号楼站点,咸阳秦都西咸数据中心2号楼D203电力电池机房,铅酸电池,2#UPS蓄电池组2,单体XX电压,213节电池电压,2026-01-14T00:02:19,2.302,V,2-D203电池室（2、4、6、12#UPS）.xlsx,Sheet1,2.302,未知组,Sheet1,14,2158.0,False,1.968,2.302,0.3340000000000001,-1,0.7333333333333333,0.9260514265181481,0.006253827572755922,0.7416777362178744,0.9197975989453921,0.7354239086451184,0.7995497147293927,0.9090909090909091,1.0,0.05454545454545454,0.903430547610648,0.20911696848950712,discharge_like,放电型异常,存在内部谷底，且谷底后有持续回升，形态接近放电曲线,/mnt/nvme/projects/battery/output_ups_型号1_原始三分类_v2/单体XX电压/放电型异常/单体XX电压__2-D203电池室（2、4、6、12#UPS）.xlsx__Sheet1__咸阳秦都西咸数据中心2号楼D203电力电池机房__2#UPS蓄电池组2__未知组__213节电池电压.png
咸阳秦都西咸数据中心2号楼D203电力电池机房|2#UPS蓄电池组2|未知组|219节电池电压|2-D203电池室（2、4、6、12#UPS）.xlsx|Sheet1|Sheet1,陕西省,咸阳,中国移动西咸数据中心,咸阳秦都西咸数据中心2号楼站点,咸阳秦都西咸数据中心2号楼D203电力电池机房,铅酸电池,2#UPS蓄电池组2,单体XX电压,219节电池电压,2026-01-14T00:30:13,2.123,V,2-D203电池室（2、4、6、12#UPS）.xlsx,Sheet1,2.123,未知组,Sheet1,13,2226.0,False,2.018,2.3,0.28200000000000003,-1,0.2833333333333333,0.9160006036190402,0.00662256547134926,0.6902233585763323,0.909378038147691,0.6836007931049831,0.7517234457802432,0.9411764705882353,1.0,0.05172413793103448,0.8804722368441494,0.26822477349486273,discharge_like,放电型异常,存在内部谷底，且谷底后有持续回升，形态接近放电曲线,/mnt/nvme/projects/battery/output_ups_型号1_原始三分类_v2/单体XX电压/放电型异常/单体XX电压__2-D203电池室（2、4、6、12#UPS）.xlsx__Sheet1__咸阳秦都西咸数据中心2号楼D203电力电池机房__2#UPS蓄电池组2__未知组__219节电池电压.png
咸阳秦都西咸数据中心2号楼D203电力电池机房|2#UPS蓄电池组2|未知组|222节电池电压|2-D203电池室（2、4、6、12#UPS）.xlsx|Sheet1|Sheet1,陕西省,咸阳,中国移动西咸数据中心,咸阳秦都西咸数据中心2号楼站点,咸阳秦都西咸数据中心2号楼D203电力电池机房,铅酸电池,2#UPS蓄电池组2,单体XX电压,222节电池电压,2026-01-14T00:08:49,2.009,V,2-D203电池室（2、4、6、12#UPS）.xlsx,Sheet1,2.009,未知组,Sheet1,14,2165.0,False,1.984,2.281,0.29700000000000015,0,0.7166666666666667,0.9101176338632503,0.0074264537531911435,0.7760617073246813,0.9026911801100591,0.7686352535714901,0.8514930351111689,0.9534883720930233,1.0,0.05263157894736842,0.8881792379400067,0.15998991174805421,discharge_like,放电型异常,存在内部谷底，且谷底后有持续回升，形态接近放电曲线,/mnt/nvme/projects/battery/output_ups_型号1_原始三分类_v2/单体XX电压/放电型异常/单体XX电压__2-D203电池室（2、4、6、12#UPS）.xlsx__Sheet1__咸阳秦都西咸数据中心2号楼D203电力电池机房__2#UPS蓄电池组2__未知组__222节电池电压.png
咸阳秦都西咸数据中心2号楼D203电力电池机房|2#UPS蓄电池组2|未知组|64节电池电压|2-D203电池室（2、4、6、12#UPS）.xlsx|Sheet1|Sheet1,陕西省,咸阳,中国移动西咸数据中心,咸阳秦都西咸数据中心2号楼站点,咸阳秦都西咸数据中心2号楼D203电力电池机房,铅酸电池,2#UPS蓄电池组2,单体XX电压,64节电池电压,2026-01-14T00:31:07,2.152,V,2-D203电池室（2、4、6、12#UPS）.xlsx,Sheet1,2.152,未知组,Sheet1,14,4145.0,False,1.995,2.28,0.2849999999999997,6,0.36666666666666664,0.9209181145593041,0.005824369612106817,0.9019735308265755,0.9150937449471972,0.8961491612144686,0.9792976568612439,0.5,1.0,0.02127659574468085,0.8834291769108156,0.04830679454034237,discharge_like,放电型异常,存在内部谷底，且谷底后有持续回升，形态接近放电曲线,/mnt/nvme/projects/battery/output_ups_型号1_原始三分类_v2/单体XX电压/放电型异常/单体XX电压__2-D203电池室（2、4、6、12#UPS）.xlsx__Sheet1__咸阳秦都西咸数据中心2号楼D203电力电池机房__2#UPS蓄电池组2__未知组__64节电池电压.png
咸阳秦都西咸数据中心2号楼D203电力电池机房|2#UPS蓄电池组2|未知组|85节电池电压|2-D203电池室（2、4、6、12#UPS）.xlsx|Sheet1|Sheet1,陕西省,咸阳,中国移动西咸数据中心,咸阳秦都西咸数据中心2号楼站点,咸阳秦都西咸数据中心2号楼D203电力电池机房,铅酸电池,2#UPS蓄电池组2,单体XX电压,85节电池电压,2026-01-14T00:30:06,2.001,V,2-D203电池室（2、4、6、12#UPS）.xlsx,Sheet1,2.001,未知组,Sheet1,10,3419.0,False,1.969,2.344,0.3749999999999998,6,0.2,0.9748123808226539,0.011824842872136924,0.7534802820260675,0.962987537950517,0.7416554391539306,0.7701609929056834,0.6666666666666666,1.0,0.034482758620689655,0.7380923172179424,0.23096265907027735,discharge_like,放电型异常,存在内部谷底，且谷底后有持续回升，形态接近放电曲线,/mnt/nvme/projects/battery/output_ups_型号1_原始三分类_v2/单体XX电压/放电型异常/单体XX电压__2-D203电池室（2、4、6、12#UPS）.xlsx__Sheet1__咸阳秦都西咸数据中心2号楼D203电力电池机房__2#UPS蓄电池组2__未知组__85节电池电压.png
咸阳秦都西咸数据中心2号楼D203电力电池机房|2#UPS蓄电池组2|未知组|88节电池电压|2-D203电池室（2、4、6、12#UPS）.xlsx|Sheet1|Sheet1,陕西省,咸阳,中国移动西咸数据中心,咸阳秦都西咸数据中心2号楼站点,咸阳秦都西咸数据中心2号楼D203电力电池机房,铅酸电池,2#UPS蓄电池组2,单体XX电压,88节电池电压,2026-01-14T00:09:03,1.971,V,2-D203电池室（2、4、6、12#UPS）.xlsx,Sheet1,1.971,未知组,Sheet1,10,3724.0,False,1.971,2.351,0.3799999999999999,6,0.18333333333333332,0.9799332125642497,0.009880204351471309,0.7208347545012098,0.9700530082127784,0.7109545501497385,0.7329027830414087,0.6363636363636364,1.0,0.034482758620689655,0.7098670270342169,0.26677105325906203,discharge_like,放电型异常,存在内部谷底，且谷底后有持续回升，形态接近放电曲线,/mnt/nvme/projects/battery/output_ups_型号1_原始三分类_v2/单体XX电压/放电型异常/单体XX电压__2-D203电池室（2、4、6、12#UPS）.xlsx__Sheet1__咸阳秦都西咸数据中心2号楼D203电力电池机房__2#UPS蓄电池组2__未知组__88节电池电压.png
咸阳秦都西咸数据中心2号楼D203电力电池机房|2#UPS蓄电池组2|未知组|90节电池电压|2-D203电池室（2、4、6、12#UPS）.xlsx|Sheet1|Sheet1,陕西省,咸阳,中国移动西咸数据中心,咸阳秦都西咸数据中心2号楼站点,咸阳秦都西咸数据中心2号楼D203电力电池机房,铅酸电池,2#UPS蓄电池组2,单体XX电压,90节电池电压,2026-01-14T00:30:06,2.011,V,2-D203电池室（2、4、6、12#UPS）.xlsx,Sheet1,2.011,未知组,Sheet1,10,3469.0,False,1.983,2.364,0.3809999999999998,6,0.2,0.9782214627431716,0.01032269099672386,0.677609817102009,0.9678987717464477,0.6672871261052851,0.6894182996139502,0.6666666666666666,1.0,0.034482758620689655,0.7093472663443896,0.30893873341583233,discharge_like,放电型异常,存在内部谷底，且谷底后有持续回升，形态接近放电曲线,/mnt/nvme/projects/battery/output_ups_型号1_原始三分类_v2/单体XX电压/放电型异常/单体XX电压__2-D203电池室（2、4、6、12#UPS）.xlsx__Sheet1__咸阳秦都西咸数据中心2号楼D203电力电池机房__2#UPS蓄电池组2__未知组__90节电池电压.png
咸阳秦都西咸数据中心2号楼D203电力电池机房|2#UPS蓄电池组2|未知组|9节电池电压|2-D203电池室（2、4、6、12#UPS）.xlsx|Sheet1|Sheet1,陕西省,咸阳,中国移动西咸数据中心,咸阳秦都西咸数据中心2号楼站点,咸阳秦都西咸数据中心2号楼D203电力电池机房,铅酸电池,2#UPS蓄电池组2,单体XX电压,9节电池电压,2026-01-14T00:30:03,2.035,V,2-D203电池室（2、4、6、12#UPS）.xlsx,Sheet1,2.035,未知组,Sheet1,9,2182.0,False,1.977,2.343,0.3659999999999999,0,0.26666666666666666,0.9758027686095117,0.012263083201261172,0.6287648118207597,0.9635396854082505,0.6165017286194986,0.6398301360244,0.4375,1.0,0.03571428571428571,0.9386611755522423,0.3638708134082219,discharge_like,放电型异常,存在内部谷底，且谷底后有持续回升，形态接近放电曲线,/mnt/nvme/projects/battery/output_ups_型号1_原始三分类_v2/单体XX电压/放电型异常/单体XX电压__2-D203电池室（2、4、6、12#UPS）.xlsx__Sheet1__咸阳秦都西咸数据中心2号楼D203电力电池机房__2#UPS蓄电池组2__未知组__9节电池电压.png
咸阳秦都西咸数据中心2号楼D203电力电池机房|4#UPS蓄电池组2|未知组|107节电池电压|2-D203电池室（2、4、6、12#UPS）.xlsx|Sheet1|Sheet1,陕西省,咸阳,中国移动西咸数据中心,咸阳秦都西咸数据中心2号楼站点,咸阳秦都西咸数据中心2号楼D203电力电池机房,铅酸电池,4#UPS蓄电池组2,单体XX电压,107节电池电压,2026-01-14T00:03:12,2.353,V,2-D203电池室（2、4、6、12#UPS）.xlsx,Sheet1,2.353,未知组,Sheet1,15,4101.0,False,1.99,2.354,0.3640000000000001,6,0.38333333333333336,0.9441556712023336,0.013163400561316868,0.6962104887250972,0.9309922706410168,0.6830470881637803,0.7336764320930452,0.8260869565217391,1.0,0.03508771929824561,0.6762583456747959,0.2619447664889244,discharge_like,放电型异常,存在内部谷底，且谷底后有持续回升，形态接近放电曲线,/mnt/nvme/projects/battery/output_ups_型号1_原始三分类_v2/单体XX电压/放电型异常/单体XX电压__2-D203电池室（2、4、6、12#UPS）.xlsx__Sheet1__咸阳秦都西咸数据中心2号楼D203电力电池机房__4#UPS蓄电池组2__未知组__107节电池电压.png
咸阳秦都西咸数据中心2号楼D203电力电池机房|1#UPS蓄电池组1|未知组|123节电池电压|2-D203（1、3、5、11#UPS）.xlsx|Sheet1|Sheet1,陕西省,咸阳,中国移动西咸数据中心,咸阳秦都西咸数据中心2号楼站点,咸阳秦都西咸数据中心2号楼D203电力电池机房,铅酸电池,1#UPS蓄电池组1,单体XX电压,123节电池电压,2026-01-07T00:33:36,2.221,V,2-D203（1、3、5、11#UPS）.xlsx,Sheet1,2.221,未知组,Sheet1,10,1877.0,False,2.023,2.388,0.36499999999999977,5,0.16666666666666666,0.8866203298965014,0.0038675421746951592,0.5178438600324977,0.8827527877218062,0.5139763178578025,0.5822426441745049,1.0,0.3673469387755102,0.037037037037037035,0.5161485691189065,0.41512345368449455,discharge_like,放电型异常,存在内部谷底，且谷底后有持续回升，形态接近放电曲线,/mnt/nvme/projects/battery/output_ups_型号1_原始三分类_v2/单体XX电压/放电型异常/单体XX电压__2-D203（1、3、5、11#UPS）.xlsx__Sheet1__咸阳秦都西咸数据中心2号楼D203电力电池机房__1#UPS蓄电池组1__未知组__123节电池电压.png
咸阳秦都西咸数据中心2号楼D203电力电池机房|1#UPS蓄电池组1|未知组|145节电池电压|2-D203（1、3、5、11#UPS）.xlsx|Sheet1|Sheet1,陕西省,咸阳,中国移动西咸数据中心,咸阳秦都西咸数据中心2号楼站点,咸阳秦都西咸数据中心2号楼D203电力电池机房,铅酸电池,1#UPS蓄电池组1,单体XX电压,145节电池电压,2026-01-07T00:02:30,2.299,V,2-D203（1、3、5、11#UPS）.xlsx,Sheet1,2.299,未知组,Sheet1,10,1884.0,False,1.996,2.376,0.3799999999999999,6,0.16666666666666666,0.8775267375944749,0.009123864249720155,0.5610177132577795,0.8684028733447547,0.5518938490080594,0.6355274323849811,1.0,1.0,0.017241379310344827,0.5458937216815994,0.3604071825159465,discharge_like,放电型异常,存在内部谷底，且谷底后有持续回升，形态接近放电曲线,/mnt/nvme/projects/battery/output_ups_型号1_原始三分类_v2/单体XX电压/放电型异常/单体XX电压__2-D203（1、3、5、11#UPS）.xlsx__Sheet1__咸阳秦都西咸数据中心2号楼D203电力电池机房__1#UPS蓄电池组1__未知组__145节电池电压.png
咸阳秦都西咸数据中心2号楼D203电力电池机房|1#UPS蓄电池组1|未知组|178节电池电压|2-D203（1、3、5、11#UPS）.xlsx|Sheet1|Sheet1,陕西省,咸阳,中国移动西咸数据中心,咸阳秦都西咸数据中心2号楼站点,咸阳秦都西咸数据中心2号楼D203电力电池机房,铅酸电池,1#UPS蓄电池组1,单体XX电压,178节电池电压,2026-01-07T00:26:01,2.046,V,2-D203（1、3、5、11#UPS）.xlsx,Sheet1,2.046,未知组,Sheet1,7,1870.0,False,2.046,2.248,0.2020000000000004,7,0.6666666666666666,0.7018670441323253,0.0011503502279893495,0.7969227751792,0.7007166939043359,0.7957724249512106,1.1356550097038176,0.225,1.0,0.037037037037037035,0.7569319254591431,0.09894989342051885,discharge_like,放电型异常,存在内部谷底，且谷底后有持续回升，形态接近放电曲线,/mnt/nvme/projects/battery/output_ups_型号1_原始三分类_v2/单体XX电压/放电型异常/单体XX电压__2-D203（1、3、5、11#UPS）.xlsx__Sheet1__咸阳秦都西咸数据中心2号楼D203电力电池机房__1#UPS蓄电池组1__未知组__178节电池电压.png
咸阳秦都西咸数据中心2号楼D203电力电池机房|1#UPS蓄电池组1|未知组|189节电池电压|2-D203（1、3、5、11#UPS）.xlsx|Sheet1|Sheet1,陕西省,咸阳,中国移动西咸数据中心,咸阳秦都西咸数据中心2号楼站点,咸阳秦都西咸数据中心2号楼D203电力电池机房,铅酸电池,1#UPS蓄电池组1,单体XX电压,189节电池电压,2026-01-07T00:05:26,2.071,V,2-D203（1、3、5、11#UPS）.xlsx,Sheet1,2.071,未知组,Sheet1,10,1812.0,False,2.003,2.35,0.347,4,0.2,0.8999967751492097,0.0037101895957791058,0.5633639574263646,0.8962865855534307,0.5596537678305855,0.6244138607302729,1.0,0.3191489361702128,0.038461538461538464,0.6438585993537324,0.3695359989257717,discharge_like,放电型异常,存在内部谷底，且谷底后有持续回升，形态接近放电曲线,/mnt/nvme/projects/battery/output_ups_型号1_原始三分类_v2/单体XX电压/放电型异常/单体XX电压__2-D203（1、3、5、11#UPS）.xlsx__Sheet1__咸阳秦都西咸数据中心2号楼D203电力电池机房__1#UPS蓄电池组1__未知组__189节电池电压.png
咸阳秦都西咸数据中心2号楼D203电力电池机房|1#UPS蓄电池组2|未知组|117节电池电压|2-D203（1、3、5、11#UPS）.xlsx|Sheet1|Sheet1,陕西省,咸阳,中国移动西咸数据中心,咸阳秦都西咸数据中心2号楼站点,咸阳秦都西咸数据中心2号楼D203电力电池机房,铅酸电池,1#UPS蓄电池组2,单体XX电压,117节电池电压,2026-01-07T00:05:07,2.409,V,2-D203（1、3、5、11#UPS）.xlsx,Sheet1,2.409,未知组,Sheet1,10,1954.0,False,2.101,2.41,0.30900000000000016,0,0.48333333333333334,0.9992457505669868,0.004434896113624149,0.5979585990193008,0.9948108544533627,0.5935237029056767,0.5966196485011129,0.7586206896551724,0.9333333333333333,0.02040816326530612,0.9880381802386813,0.4017397012074939,discharge_like,放电型异常,存在内部谷底，且谷底后有持续回升，形态接近放电曲线,/mnt/nvme/projects/battery/output_ups_型号1_原始三分类_v2/单体XX电压/放电型异常/单体XX电压__2-D203（1、3、5、11#UPS）.xlsx__Sheet1__咸阳秦都西咸数据中心2号楼D203电力电池机房__1#UPS蓄电池组2__未知组__117节电池电压.png
咸阳秦都西咸数据中心2号楼D203电力电池机房|11#UPS蓄电池组1|未知组|142节电池电压|2-D203（1、3、5、11#UPS）.xlsx|Sheet1|Sheet1,陕西省,咸阳,中国移动西咸数据中心,咸阳秦都西咸数据中心2号楼站点,咸阳秦都西咸数据中心2号楼D203电力电池机房,铅酸电池,11#UPS蓄电池组1,单体XX电压,142节电池电压,2026-01-07T01:09:23,2.176,V,2-D203（1、3、5、11#UPS）.xlsx,Sheet1,2.176,未知组,Sheet1,14,4161.0,False,1.778,2.232,0.4540000000000002,-7,0.6333333333333333,0.9977121558320037,0.04579501333795426,0.8575073468549703,0.9519171424940495,0.8117123335170161,0.8527132209612215,0.5526315789473685,1.0,0.024390243902439025,0.8765617579211649,0.1404023553252891,discharge_like,放电型异常,存在内部谷底，且谷底后有持续回升，形态接近放电曲线,/mnt/nvme/projects/battery/output_ups_型号1_原始三分类_v2/单体XX电压/放电型异常/单体XX电压__2-D203（1、3、5、11#UPS）.xlsx__Sheet1__咸阳秦都西咸数据中心2号楼D203电力电池机房__11#UPS蓄电池组1__未知组__142节电池电压.png
咸阳秦都西咸数据中心2号楼D203电力电池机房|11#UPS蓄电池组1|未知组|180节电池电压|2-D203（1、3、5、11#UPS）.xlsx|Sheet1|Sheet1,陕西省,咸阳,中国移动西咸数据中心,咸阳秦都西咸数据中心2号楼站点,咸阳秦都西咸数据中心2号楼D203电力电池机房,铅酸电池,11#UPS蓄电池组1,单体XX电压,180节电池电压,2026-01-07T00:46:39,1.794,V,2-D203（1、3、5、11#UPS）.xlsx,Sheet1,1.794,未知组,Sheet1,13,3261.0,False,1.78,2.231,0.45099999999999985,-7,0.8166666666666667,0.9997393058671784,0.03626561588621797,0.7122294574760126,0.9634736899809604,0.6759638415897946,0.7015903474246009,0.42857142857142855,1.0,0.03333333333333333,0.9070635257756985,0.28766626487085856,discharge_like,放电型异常,存在内部谷底，且谷底后有持续回升，形态接近放电曲线,/mnt/nvme/projects/battery/output_ups_型号1_原始三分类_v2/单体XX电压/放电型异常/单体XX电压__2-D203（1、3、5、11#UPS）.xlsx__Sheet1__咸阳秦都西咸数据中心2号楼D203电力电池机房__11#UPS蓄电池组1__未知组__180节电池电压.png
咸阳秦都西咸数据中心2号楼D203电力电池机房|11#UPS蓄电池组2|未知组|124节电池电压|2-D203（1、3、5、11#UPS）.xlsx|Sheet1|Sheet1,陕西省,咸阳,中国移动西咸数据中心,咸阳秦都西咸数据中心2号楼站点,咸阳秦都西咸数据中心2号楼D203电力电池机房,铅酸电池,11#UPS蓄电池组2,单体XX电压,124节电池电压,2026-01-07T00:43:04,1.888,V,2-D203（1、3、5、11#UPS）.xlsx,Sheet1,1.888,未知组,Sheet1,11,3696.0,False,1.875,2.245,0.3700000000000001,-7,0.7166666666666667,0.9975735832324049,0.0202172740512939,0.8012138877887096,0.9773563091811109,0.7809966137374157,0.7990909820725377,0.4418604651162791,1.0,0.029411764705882353,0.9246870776852294,0.1984932688083043,discharge_like,放电型异常,存在内部谷底，且谷底后有持续回升，形态接近放电曲线,/mnt/nvme/projects/battery/output_ups_型号1_原始三分类_v2/单体XX电压/放电型异常/单体XX电压__2-D203（1、3、5、11#UPS）.xlsx__Sheet1__咸阳秦都西咸数据中心2号楼D203电力电池机房__11#UPS蓄电池组2__未知组__124节电池电压.png
咸阳秦都西咸数据中心2号楼D203电力电池机房|11#UPS蓄电池组2|未知组|128节电池电压|2-D203（1、3、5、11#UPS）.xlsx|Sheet1|Sheet1,陕西省,咸阳,中国移动西咸数据中心,咸阳秦都西咸数据中心2号楼站点,咸阳秦都西咸数据中心2号楼D203电力电池机房,铅酸电池,11#UPS蓄电池组2,单体XX电压,128节电池电压,2026-01-07T00:48:50,2.03,V,2-D203（1、3、5、11#UPS）.xlsx,Sheet1,2.03,未知组,Sheet1,11,3673.0,False,1.884,2.247,0.363,-7,0.7166666666666667,0.999787098370014,0.02262325866056128,0.8070872414508031,0.9771638397094528,0.7844639827902419,0.802796777888031,0.4418604651162791,1.0,0.029411764705882353,0.9354735251717317,0.19282759789720239,discharge_like,放电型异常,存在内部谷底，且谷底后有持续回升，形态接近放电曲线,/mnt/nvme/projects/battery/output_ups_型号1_原始三分类_v2/单体XX电压/放电型异常/单体XX电压__2-D203（1、3、5、11#UPS）.xlsx__Sheet1__咸阳秦都西咸数据中心2号楼D203电力电池机房__11#UPS蓄电池组2__未知组__128节电池电压.png
咸阳秦都西咸数据中心2号楼D203电力电池机房|11#UPS蓄电池组2|未知组|12节电池电压|2-D203（1、3、5、11#UPS）.xlsx|Sheet1|Sheet1,陕西省,咸阳,中国移动西咸数据中心,咸阳秦都西咸数据中心2号楼站点,咸阳秦都西咸数据中心2号楼D203电力电池机房,铅酸电池,11#UPS蓄电池组2,单体XX电压,12节电池电压,2026-01-07T00:00:03,2.212,V,2-D203（1、3、5、11#UPS）.xlsx,Sheet1,2.212,未知组,Sheet1,12,3249.0,False,1.777,2.212,0.4350000000000003,-7,0.8166666666666667,0.9998422109749932,0.041026503274549216,0.6952612656723958,0.9588157077004439,0.6542347623978465,0.6823362993130149,0.42857142857142855,0.9,0.034482758620689655,0.9054824602416797,0.3046756187176015,discharge_like,放电型异常,存在内部谷底，且谷底后有持续回升，形态接近放电曲线,/mnt/nvme/projects/battery/output_ups_型号1_原始三分类_v2/单体XX电压/放电型异常/单体XX电压__2-D203（1、3、5、11#UPS）.xlsx__Sheet1__咸阳秦都西咸数据中心2号楼D203电力电池机房__11#UPS蓄电池组2__未知组__12节电池电压.png
咸阳秦都西咸数据中心2号楼D203电力电池机房|3#UPS蓄电池组1|未知组|186节电池电压|2-D203（1、3、5、11#UPS）.xlsx|Sheet1|Sheet1,陕西省,咸阳,中国移动西咸数据中心,咸阳秦都西咸数据中心2号楼站点,咸阳秦都西咸数据中心2号楼D203电力电池机房,铅酸电池,3#UPS蓄电池组1,单体XX电压,186节电池电压,2026-01-07T00:05:19,2.362,V,2-D203（1、3、5、11#UPS）.xlsx,Sheet1,2.362,未知组,Sheet1,13,2859.0,False,1.999,2.38,0.3809999999999998,7,0.48333333333333334,0.8784736244643028,0.006369894326787709,0.6162076307910233,0.8721037301375151,0.6098377364642356,0.6992720185577043,0.896551724137931,1.0,0.034482758620689655,0.6085153585401325,0.28167532010520535,discharge_like,放电型异常,存在内部谷底，且谷底后有持续回升，形态接近放电曲线,/mnt/nvme/projects/battery/output_ups_型号1_原始三分类_v2/单体XX电压/放电型异常/单体XX电压__2-D203（1、3、5、11#UPS）.xlsx__Sheet1__咸阳秦都西咸数据中心2号楼D203电力电池机房__3#UPS蓄电池组1__未知组__186节电池电压.png
咸阳秦都西咸数据中心2号楼D203电力电池机房|3#UPS蓄电池组2|未知组|228节电池电压|2-D203（1、3、5、11#UPS）.xlsx|Sheet1|Sheet1,陕西省,咸阳,中国移动西咸数据中心,咸阳秦都西咸数据中心2号楼站点,咸阳秦都西咸数据中心2号楼D203电力电池机房,铅酸电池,3#UPS蓄电池组2,单体XX电压,228节电池电压,2026-01-07T00:17:03,2.016,V,2-D203（1、3、5、11#UPS）.xlsx,Sheet1,2.016,未知组,Sheet1,12,2849.0,False,2.007,2.364,0.35699999999999976,6,0.48333333333333334,0.9159741504908846,0.006859036211714275,0.6367412441264002,0.9091151142791704,0.629882207914686,0.6928519802701358,0.9310344827586207,1.0,0.05263157894736842,0.6293438621640716,0.28435171433036266,discharge_like,放电型异常,存在内部谷底，且谷底后有持续回升，形态接近放电曲线,/mnt/nvme/projects/battery/output_ups_型号1_原始三分类_v2/单体XX电压/放电型异常/单体XX电压__2-D203（1、3、5、11#UPS）.xlsx__Sheet1__咸阳秦都西咸数据中心2号楼D203电力电池机房__3#UPS蓄电池组2__未知组__228节电池电压.png
咸阳秦都西咸数据中心2号楼D203电力电池机房|3#UPS蓄电池组2|未知组|236节电池电压|2-D203（1、3、5、11#UPS）.xlsx|Sheet1|Sheet1,陕西省,咸阳,中国移动西咸数据中心,咸阳秦都西咸数据中心2号楼站点,咸阳秦都西咸数据中心2号楼D203电力电池机房,铅酸电池,3#UPS蓄电池组2,单体XX电压,236节电池电压,2026-01-07T00:17:03,2.021,V,2-D203（1、3、5、11#UPS）.xlsx,Sheet1,2.021,未知组,Sheet1,14,2675.0,False,2.013,2.369,0.3560000000000003,6,0.5166666666666667,0.9543013742816643,0.005750163503095027,0.6380863668648138,0.9485512107785693,0.6323362033617188,0.6666336993825189,0.22580645161290322,1.0,0.05263157894736842,0.6909086705693291,0.32946541680081454,discharge_like,放电型异常,存在内部谷底，且谷底后有持续回升，形态接近放电曲线,/mnt/nvme/projects/battery/output_ups_型号1_原始三分类_v2/单体XX电压/放电型异常/单体XX电压__2-D203（1、3、5、11#UPS）.xlsx__Sheet1__咸阳秦都西咸数据中心2号楼D203电力电池机房__3#UPS蓄电池组2__未知组__236节电池电压.png
咸阳秦都西咸数据中心2号楼D203电力电池机房|5#UPS蓄电池组2|未知组|54节电池电压|2-D203（1、3、5、11#UPS）.xlsx|Sheet1|Sheet1,陕西省,咸阳,中国移动西咸数据中心,咸阳秦都西咸数据中心2号楼站点,咸阳秦都西咸数据中心2号楼D203电力电池机房,铅酸电池,5#UPS蓄电池组2,单体XX电压,54节电池电压,2026-01-07T00:50:17,2.101,V,2-D203（1、3、5、11#UPS）.xlsx,Sheet1,2.101,未知组,Sheet1,8,1489.0,False,1.923,2.227,0.3039999999999998,-7,0.55,0.3928193574521776,0.0015535669321752146,0.7137107009558834,0.3912657905200024,0.7121571340237082,1.8201364633925607,0.9090909090909091,0.5384615384615384,0.023255813953488372,0.6363761188209018,-0.05711025295057526,discharge_like,放电型异常,存在内部谷底，且谷底后有持续回升，形态接近放电曲线,/mnt/nvme/projects/battery/output_ups_型号1_原始三分类_v2/单体XX电压/放电型异常/单体XX电压__2-D203（1、3、5、11#UPS）.xlsx__Sheet1__咸阳秦都西咸数据中心2号楼D203电力电池机房__5#UPS蓄电池组2__未知组__54节电池电压.png
咸阳秦都西咸数据中心2号楼D203电力电池机房|5#UPS蓄电池组2|未知组|60节电池电压|2-D203（1、3、5、11#UPS）.xlsx|Sheet1|Sheet1,陕西省,咸阳,中国移动西咸数据中心,咸阳秦都西咸数据中心2号楼站点,咸阳秦都西咸数据中心2号楼D203电力电池机房,铅酸电池,5#UPS蓄电池组2,单体XX电压,60节电池电压,2026-01-07T00:29:15,2.012,V,2-D203（1、3、5、11#UPS）.xlsx,Sheet1,2.012,未知组,Sheet1,8,1455.0,False,1.962,2.241,0.27900000000000014,-7,0.08333333333333333,0.29101392404946835,0.0011024791358662316,0.7307439306532626,0.2899114449136021,0.7296414515173963,2.5167735244742295,1.0,0.24074074074074073,0.058823529411764705,0.5806619498715754,-0.08065678417172228,discharge_like,放电型异常,存在内部谷底，且谷底后有持续回升，形态接近放电曲线,/mnt/nvme/projects/battery/output_ups_型号1_原始三分类_v2/单体XX电压/放电型异常/单体XX电压__2-D203（1、3、5、11#UPS）.xlsx__Sheet1__咸阳秦都西咸数据中心2号楼D203电力电池机房__5#UPS蓄电池组2__未知组__60节电池电压.png
咸阳秦都西咸数据中心2号楼D203电力电池机房|7#UPS蓄电池组2|未知组|239节电池电压|2-203电池室（7、9）.xlsx|Sheet1|Sheet1,陕西省,咸阳,中国移动西咸数据中心,咸阳秦都西咸数据中心2号楼站点,咸阳秦都西咸数据中心2号楼D203电力电池机房,铅酸电池,7#UPS蓄电池组2,单体XX电压,239节电池电压,2026-01-07T02:11:19,2.285,V,2-203电池室（7、9）.xlsx,Sheet1,2.285,未知组,Sheet1,9,3157.0,True,2.001,2.381,0.3799999999999999,1,0.9833333333333333,0.9039896814265688,0.34582504965178407,0.5773676782483946,0.5581646317747847,0.23154262859661057,0.4148285559505099,0.4067796610169492,0.0,0.07894736842105263,0.15235242323635534,0.4053426512300662,invalid_or_bad_collection,疑似操作或采集异常,最低点贴近尾部，缺少谷底后的回升段,/mnt/nvme/projects/battery/output_ups_型号1_原始三分类_v2/单体XX电压/疑似操作或采集异常/单体XX电压__2-203电池室（7、9）.xlsx__Sheet1__咸阳秦都西咸数据中心2号楼D203电力电池机房__7#UPS蓄电池组2__未知组__239节电池电压.png
咸阳秦都西咸数据中心2号楼D203电力电池机房|7#UPS蓄电池组2|未知组|40节电池电压|2-203电池室（7、9）.xlsx|Sheet1|Sheet1,陕西省,咸阳,中国移动西咸数据中心,咸阳秦都西咸数据中心2号楼站点,咸阳秦都西咸数据中心2号楼D203电力电池机房,铅酸电池,7#UPS蓄电池组2,单体XX电压,40节电池电压,2026-01-07T01:20:44,2.218,V,2-203电池室（7、9）.xlsx,Sheet1,2.218,未知组,Sheet1,14,3130.0,True,2.077,2.332,0.2549999999999999,3,0.9833333333333333,0.9192880557443455,0.39095583142201107,0.6492099299310095,0.5283322243223344,0.2582540985089984,0.48881004438341447,0.2711864406779661,0.0,0.16363636363636364,0.09707199252995224,0.28503943570611745,invalid_or_bad_collection,疑似操作或采集异常,整体动态范围过小，更像平线或轻微波动,/mnt/nvme/projects/battery/output_ups_型号1_原始三分类_v2/单体XX电压/疑似操作或采集异常/单体XX电压__2-203电池室（7、9）.xlsx__Sheet1__咸阳秦都西咸数据中心2号楼D203电力电池机房__7#UPS蓄电池组2__未知组__40节电池电压.png
咸阳秦都西咸数据中心2号楼D203电力电池机房|7#UPS蓄电池组2|未知组|6节电池电压|2-203电池室（7、9）.xlsx|Sheet1|Sheet1,陕西省,咸阳,中国移动西咸数据中心,咸阳秦都西咸数据中心2号楼站点,咸阳秦都西咸数据中心2号楼D203电力电池机房,铅酸电池,7#UPS蓄电池组2,单体XX电压,6节电池电压,2026-01-07T04:03:37,2.232,V,2-203电池室（7、9）.xlsx,Sheet1,2.232,未知组,Sheet1,6,2874.0,True,2.008,2.334,0.32600000000000007,1,0.9833333333333333,0.889908929027554,0.3808717369330905,0.6342197173901777,0.5090371920944635,0.2533479804570872,0.49770033289114235,0.13559322033898305,0.0,0.0,0.03664192059046201,0.29938573352737086,invalid_or_bad_collection,疑似操作或采集异常,整体动态范围过小，更像平线或轻微波动,/mnt/nvme/projects/battery/output_ups_型号1_原始三分类_v2/单体XX电压/疑似操作或采集异常/单体XX电压__2-203电池室（7、9）.xlsx__Sheet1__咸阳秦都西咸数据中心2号楼D203电力电池机房__7#UPS蓄电池组2__未知组__6节电池电压.png
咸阳秦都西咸数据中心2号楼D203电力电池机房|9#UPS蓄电池组1|未知组|1节电池电压|2-203电池室（7、9）.xlsx|Sheet1|Sheet1,陕西省,咸阳,中国移动西咸数据中心,咸阳秦都西咸数据中心2号楼站点,咸阳秦都西咸数据中心2号楼D203电力电池机房,铅酸电池,9#UPS蓄电池组1,单体XX电压,1节电池电压,2026-01-07T04:12:52,2.355,V,2-203电池室（7、9）.xlsx,Sheet1,2.355,未知组,Sheet1,6,1957.0,True,2.019,2.386,0.367,1,0.9833333333333333,0.9284049800440441,0.32641924460281124,0.5527570132754719,0.6019857354412329,0.22633776867266064,0.3759852683731423,0.2033898305084746,0.0,0.0,0.06885709644079285,0.41563577954109576,invalid_or_bad_collection,疑似操作或采集异常,整体动态范围过小，更像平线或轻微波动,/mnt/nvme/projects/battery/output_ups_型号1_原始三分类_v2/单体XX电压/疑似操作或采集异常/单体XX电压__2-203电池室（7、9）.xlsx__Sheet1__咸阳秦都西咸数据中心2号楼D203电力电池机房__9#UPS蓄电池组1__未知组__1节电池电压.png
咸阳秦都西咸数据中心2号楼D203电力电池机房|9#UPS蓄电池组1|未知组|6节电池电压|2-203电池室（7、9）.xlsx|Sheet1|Sheet1,陕西省,咸阳,中国移动西咸数据中心,咸阳秦都西咸数据中心2号楼站点,咸阳秦都西咸数据中心2号楼D203电力电池机房,铅酸电池,9#UPS蓄电池组1,单体XX电压,6节电池电压,2026-01-07T01:47:05,2.252,V,2-203电池室（7、9）.xlsx,Sheet1,2.252,未知组,Sheet1,6,1957.0,True,2.015,2.407,0.3919999999999999,1,0.9833333333333333,0.9263271975972378,0.3158249692478924,0.5354838063826838,0.6105022283493454,0.2196588371347914,0.3598002211538147,0.2033898305084746,0.0,0.0,0.0870721399771992,0.4320236304903704,invalid_or_bad_collection,疑似操作或采集异常,整体动态范围过小，更像平线或轻微波动,/mnt/nvme/projects/battery/output_ups_型号1_原始三分类_v2/单体XX电压/疑似操作或采集异常/单体XX电压__2-203电池室（7、9）.xlsx__Sheet1__咸阳秦都西咸数据中心2号楼D203电力电池机房__9#UPS蓄电池组1__未知组__6节电池电压.png
咸阳秦都西咸数据中心2号楼D203电力电池机房|9#UPS蓄电池组2|未知组|121节电池电压|2-203电池室（7、9）.xlsx|Sheet1|Sheet1,陕西省,咸阳,中国移动西咸数据中心,咸阳秦都西咸数据中心2号楼站点,咸阳秦都西咸数据中心2号楼D203电力电池机房,铅酸电池,9#UPS蓄电池组2,单体XX电压,121节电池电压,2026-01-07T00:12:34,2.416,V,2-203电池室（7、9）.xlsx,Sheet1,2.416,未知组,Sheet1,19,3036.0,True,2.065,2.422,0.3570000000000002,-7,0.9833333333333333,0.894279144134417,0.3757460412449606,0.62384245327798,0.5185331028894564,0.24809641203301946,0.4784581932610998,0.2711864406779661,0.0,0.14035087719298245,0.09900808210019685,0.29598630928226544,invalid_or_bad_collection,疑似操作或采集异常,整体动态范围过小，更像平线或轻微波动,/mnt/nvme/projects/battery/output_ups_型号1_原始三分类_v2/单体XX电压/疑似操作或采集异常/单体XX电压__2-203电池室（7、9）.xlsx__Sheet1__咸阳秦都西咸数据中心2号楼D203电力电池机房__9#UPS蓄电池组2__未知组__121节电池电压.png
咸阳秦都西咸数据中心2号楼D203电力电池机房|10#UPS蓄电池组1|未知组|227节电池电压|2-203电池室（8、10）.xlsx|Sheet1|Sheet1,陕西省,咸阳,中国移动西咸数据中心,咸阳秦都西咸数据中心2号楼站点,咸阳秦都西咸数据中心2号楼D203电力电池机房,铅酸电池,10#UPS蓄电池组1,单体XX电压,227节电池电压,2026-01-14T01:15:42,2.096,V,2-203电池室（8、10）.xlsx,Sheet1,2.096,未知组,Sheet1,6,882.0,True,1.74,1.998,0.258,7,0.9833333333333333,0.5889610511492375,0.007075175668266061,0.017687939170665152,0.5818858754809714,0.010612763502399092,0.01823856520900821,1.0,0.0,0.0,0.33468287807640834,0.7448907082269474,invalid_or_bad_collection,疑似操作或采集异常,最低点贴近尾部，缺少谷底后的回升段,/mnt/nvme/projects/battery/output_ups_型号1_原始三分类_v2/单体XX电压/疑似操作或采集异常/单体XX电压__2-203电池室（8、10）.xlsx__Sheet1__咸阳秦都西咸数据中心2号楼D203电力电池机房__10#UPS蓄电池组1__未知组__227节电池电压.png
咸阳秦都西咸数据中心2号楼D203电力电池机房|10#UPS蓄电池组2|未知组|101节电池电压|2-203电池室（8、10）.xlsx|Sheet1|Sheet1,陕西省,咸阳,中国移动西咸数据中心,咸阳秦都西咸数据中心2号楼站点,咸阳秦都西咸数据中心2号楼D203电力电池机房,铅酸电池,10#UPS蓄电池组2,单体XX电压,101节电池电压,2026-01-14T04:02:06,2.38,V,2-203电池室（8、10）.xlsx,Sheet1,2.38,未知组,Sheet1,7,2221.0,True,2.155,2.34,0.18500000000000005,-7,0.9833333333333333,0.8649399292470086,0.36249405939506024,0.6471321838439847,0.5024458698519483,0.2846381244489245,0.5665050525070323,0.1694915254237288,0.0,0.13333333333333333,0.12250716753557012,0.3465200917160559,invalid_or_bad_collection,疑似操作或采集异常,最低点贴近尾部，缺少谷底后的回升段,/mnt/nvme/projects/battery/output_ups_型号1_原始三分类_v2/单体XX电压/疑似操作或采集异常/单体XX电压__2-203电池室（8、10）.xlsx__Sheet1__咸阳秦都西咸数据中心2号楼D203电力电池机房__10#UPS蓄电池组2__未知组__101节电池电压.png
咸阳秦都西咸数据中心2号楼D203电力电池机房|10#UPS蓄电池组2|未知组|121节电池电压|2-203电池室（8、10）.xlsx|Sheet1|Sheet1,陕西省,咸阳,中国移动西咸数据中心,咸阳秦都西咸数据中心2号楼站点,咸阳秦都西咸数据中心2号楼D203电力电池机房,铅酸电池,10#UPS蓄电池组2,单体XX电压,121节电池电压,2026-01-14T01:10:29,2.122,V,2-203电池室（8、10）.xlsx,Sheet1,2.122,未知组,Sheet1,6,1986.0,True,2.107,2.362,0.2549999999999999,-7,0.9833333333333333,0.9900650222012183,0.41984658270087716,0.7002118361468883,0.5702184395003411,0.28036525344601115,0.4916804395171844,0.7796610169491526,0.0,0.03508771929824561,0.1629120332523838,0.2958141727335991,invalid_or_bad_collection,疑似操作或采集异常,最低点贴近尾部，缺少谷底后的回升段,/mnt/nvme/projects/battery/output_ups_型号1_原始三分类_v2/单体XX电压/疑似操作或采集异常/单体XX电压__2-203电池室（8、10）.xlsx__Sheet1__咸阳秦都西咸数据中心2号楼D203电力电池机房__10#UPS蓄电池组2__未知组__121节电池电压.png
咸阳秦都西咸数据中心2号楼D203电力电池机房|10#UPS蓄电池组2|未知组|122节电池电压|2-203电池室（8、10）.xlsx|Sheet1|Sheet1,陕西省,咸阳,中国移动西咸数据中心,咸阳秦都西咸数据中心2号楼站点,咸阳秦都西咸数据中心2号楼D203电力电池机房,铅酸电池,10#UPS蓄电池组2,单体XX电压,122节电池电压,2026-01-14T05:05:00,2.402,V,2-203电池室（8、10）.xlsx,Sheet1,2.402,未知组,Sheet1,6,1986.0,True,2.084,2.37,0.28600000000000003,-7,0.9833333333333333,0.9882205974853802,0.41375065612353745,0.6938939371802458,0.5744699413618427,0.2801432810567084,0.48765524599066645,0.6440677966101694,0.0,0.03636363636363636,0.14981543608635606,0.30139430181390614,invalid_or_bad_collection,疑似操作或采集异常,最低点贴近尾部，缺少谷底后的回升段,/mnt/nvme/projects/battery/output_ups_型号1_原始三分类_v2/单体XX电压/疑似操作或采集异常/单体XX电压__2-203电池室（8、10）.xlsx__Sheet1__咸阳秦都西咸数据中心2号楼D203电力电池机房__10#UPS蓄电池组2__未知组__122节电池电压.png
咸阳秦都西咸数据中心2号楼D203电力电池机房|10#UPS蓄电池组2|未知组|123节电池电压|2-203电池室（8、10）.xlsx|Sheet1|Sheet1,陕西省,咸阳,中国移动西咸数据中心,咸阳秦都西咸数据中心2号楼站点,咸阳秦都西咸数据中心2号楼D203电力电池机房,铅酸电池,10#UPS蓄电池组2,单体XX电压,123节电池电压,2026-01-14T01:17:29,2.222,V,2-203电池室（8、10）.xlsx,Sheet1,2.222,未知组,Sheet1,6,1986.0,True,2.09,2.378,0.28800000000000026,-7,0.9833333333333333,0.9754054154951486,0.41879501462930424,0.7036189573987853,0.5566104008658443,0.2848239427694811,0.5117114984102114,0.5084745762711864,0.0,0.037037037037037035,0.14089878582909987,0.2833521890233063,invalid_or_bad_collection,疑似操作或采集异常,最低点贴近尾部，缺少谷底后的回升段,/mnt/nvme/projects/battery/output_ups_型号1_原始三分类_v2/单体XX电压/疑似操作或采集异常/单体XX电压__2-203电池室（8、10）.xlsx__Sheet1__咸阳秦都西咸数据中心2号楼D203电力电池机房__10#UPS蓄电池组2__未知组__123节电池电压.png
咸阳秦都西咸数据中心2号楼D203电力电池机房|10#UPS蓄电池组2|未知组|130节电池电压|2-203电池室（8、10）.xlsx|Sheet1|Sheet1,陕西省,咸阳,中国移动西咸数据中心,咸阳秦都西咸数据中心2号楼站点,咸阳秦都西咸数据中心2号楼D203电力电池机房,铅酸电池,10#UPS蓄电池组2,单体XX电压,130节电池电压,2026-01-14T05:08:52,2.422,V,2-203电池室（8、10）.xlsx,Sheet1,2.422,未知组,Sheet1,7,1986.0,True,2.095,2.362,0.2669999999999999,7,0.9833333333333333,0.8299356860805271,0.3477906646283376,0.63274247716879,0.48214502145218957,0.2849518125404524,0.5910085125242763,0.11864406779661017,0.0,0.017543859649122806,0.13985912375965115,0.3558757828914063,invalid_or_bad_collection,疑似操作或采集异常,最低点贴近尾部，缺少谷底后的回升段,/mnt/nvme/projects/battery/output_ups_型号1_原始三分类_v2/单体XX电压/疑似操作或采集异常/单体XX电压__2-203电池室（8、10）.xlsx__Sheet1__咸阳秦都西咸数据中心2号楼D203电力电池机房__10#UPS蓄电池组2__未知组__130节电池电压.png
咸阳秦都西咸数据中心2号楼D203电力电池机房|10#UPS蓄电池组2|未知组|144节电池电压|2-203电池室（8、10）.xlsx|Sheet1|Sheet1,陕西省,咸阳,中国移动西咸数据中心,咸阳秦都西咸数据中心2号楼站点,咸阳秦都西咸数据中心2号楼D203电力电池机房,铅酸电池,10#UPS蓄电池组2,单体XX电压,144节电池电压,2026-01-14T02:10:09,2.264,V,2-203电池室（8、10）.xlsx,Sheet1,2.264,未知组,Sheet1,7,1986.0,True,2.101,2.36,0.2589999999999999,7,0.9833333333333333,0.8515338623713306,0.35383223857917656,0.608729912870339,0.497701623792154,0.2548976742911624,0.5121495723418839,0.13559322033898305,0.0,0.017857142857142856,0.1027210089797097,0.36296348748787555,invalid_or_bad_collection,疑似操作或采集异常,整体动态范围过小，更像平线或轻微波动,/mnt/nvme/projects/battery/output_ups_型号1_原始三分类_v2/单体XX电压/疑似操作或采集异常/单体XX电压__2-203电池室（8、10）.xlsx__Sheet1__咸阳秦都西咸数据中心2号楼D203电力电池机房__10#UPS蓄电池组2__未知组__144节电池电压.png
咸阳秦都西咸数据中心2号楼D203电力电池机房|10#UPS蓄电池组2|未知组|171节电池电压|2-203电池室（8、10）.xlsx|Sheet1|Sheet1,陕西省,咸阳,中国移动西咸数据中心,咸阳秦都西咸数据中心2号楼站点,咸阳秦都西咸数据中心2号楼D203电力电池机房,铅酸电池,10#UPS蓄电池组2,单体XX电压,171节电池电压,2026-01-14T03:16:06,2.398,V,2-203电池室（8、10）.xlsx,Sheet1,2.398,未知组,Sheet1,6,3005.0,True,1.96,2.266,0.30600000000000005,-7,0.9833333333333333,0.9969733225988158,0.0071901878555013414,0.017975469638753558,0.9897831347433145,0.010785281783252217,0.010896610978477229,0.4067796610169492,0.0,0.0,0.9497562972250684,0.981771302371506,invalid_or_bad_collection,疑似操作或采集异常,最低点贴近尾部，缺少谷底后的回升段,/mnt/nvme/projects/battery/output_ups_型号1_原始三分类_v2/单体XX电压/疑似操作或采集异常/单体XX电压__2-203电池室（8、10）.xlsx__Sheet1__咸阳秦都西咸数据中心2号楼D203电力电池机房__10#UPS蓄电池组2__未知组__171节电池电压.png
咸阳秦都西咸数据中心2号楼D203电力电池机房|10#UPS蓄电池组2|未知组|184节电池电压|2-203电池室（8、10）.xlsx|Sheet1|Sheet1,陕西省,咸阳,中国移动西咸数据中心,咸阳秦都西咸数据中心2号楼站点,咸阳秦都西咸数据中心2号楼D203电力电池机房,铅酸电池,10#UPS蓄电池组2,单体XX电压,184节电池电压,2026-01-14T01:10:01,1.956,V,2-203电池室（8、10）.xlsx,Sheet1,1.956,未知组,Sheet1,6,3079.0,True,1.956,2.256,0.2999999999999998,-7,0.9833333333333333,0.9969448900565092,0.006865374374577396,0.01716343593644349,0.9900795156819319,0.010298061561866094,0.010401246958808057,0.4576271186440678,0.0,0.0,0.9519158034195747,0.9825576192426294,invalid_or_bad_collection,疑似操作或采集异常,最低点贴近尾部，缺少谷底后的回升段,/mnt/nvme/projects/battery/output_ups_型号1_原始三分类_v2/单体XX电压/疑似操作或采集异常/单体XX电压__2-203电池室（8、10）.xlsx__Sheet1__咸阳秦都西咸数据中心2号楼D203电力电池机房__10#UPS蓄电池组2__未知组__184节电池电压.png
咸阳秦都西咸数据中心2号楼D203电力电池机房|10#UPS蓄电池组2|未知组|187节电池电压|2-203电池室（8、10）.xlsx|Sheet1|Sheet1,陕西省,咸阳,中国移动西咸数据中心,咸阳秦都西咸数据中心2号楼站点,咸阳秦都西咸数据中心2号楼D203电力电池机房,铅酸电池,10#UPS蓄电池组2,单体XX电压,187节电池电压,2026-01-14T01:10:25,2.103,V,2-203电池室（8、10）.xlsx,Sheet1,2.103,未知组,Sheet1,6,2995.0,True,1.952,2.259,0.30699999999999994,-7,0.9833333333333333,0.9998072234731323,0.007072320486677665,0.017680801216694114,0.9927349029864546,0.010608480730016448,0.010686116391613442,0.4406779661016949,0.0,0.0,0.9507880826127273,0.9822420881725588,invalid_or_bad_collection,疑似操作或采集异常,最低点贴近尾部，缺少谷底后的回升段,/mnt/nvme/projects/battery/output_ups_型号1_原始三分类_v2/单体XX电压/疑似操作或采集异常/单体XX电压__2-203电池室（8、10）.xlsx__Sheet1__咸阳秦都西咸数据中心2号楼D203电力电池机房__10#UPS蓄电池组2__未知组__187节电池电压.png
咸阳秦都西咸数据中心2号楼D203电力电池机房|10#UPS蓄电池组2|未知组|188节电池电压|2-203电池室（8、10）.xlsx|Sheet1|Sheet1,陕西省,咸阳,中国移动西咸数据中心,咸阳秦都西咸数据中心2号楼站点,咸阳秦都西咸数据中心2号楼D203电力电池机房,铅酸电池,10#UPS蓄电池组2,单体XX电压,188节电池电压,2026-01-14T01:16:19,2.199,V,2-203电池室（8、10）.xlsx,Sheet1,2.199,未知组,Sheet1,6,2852.0,True,1.943,2.253,0.31000000000000005,-7,0.9833333333333333,0.999818894072718,0.007935349116462393,0.019838372791155877,0.9918835449562555,0.011903023674693484,0.01200042456921494,0.4067796610169492,0.0,0.0,0.9448797019285675,0.9800891848379313,invalid_or_bad_collection,疑似操作或采集异常,最低点贴近尾部，缺少谷底后的回升段,/mnt/nvme/projects/battery/output_ups_型号1_原始三分类_v2/单体XX电压/疑似操作或采集异常/单体XX电压__2-203电池室（8、10）.xlsx__Sheet1__咸阳秦都西咸数据中心2号楼D203电力电池机房__10#UPS蓄电池组2__未知组__188节电池电压.png
咸阳秦都西咸数据中心2号楼D203电力电池机房|10#UPS蓄电池组2|未知组|50节电池电压|2-203电池室（8、10）.xlsx|Sheet1|Sheet1,陕西省,咸阳,中国移动西咸数据中心,咸阳秦都西咸数据中心2号楼站点,咸阳秦都西咸数据中心2号楼D203电力电池机房,铅酸电池,10#UPS蓄电池组2,单体XX电压,50节电池电压,2026-01-14T00:05:10,2.341,V,2-203电池室（8、10）.xlsx,Sheet1,2.341,未知组,Sheet1,9,2207.0,True,1.998,2.346,0.3480000000000001,7,0.9833333333333333,0.8991638847206989,0.40539748071479753,0.68842567174353,0.4937664040059013,0.28302819102873245,0.5732026078715294,0.15254237288135594,0.0,0.034482758620689655,0.10313126866224376,0.30097988842013335,invalid_or_bad_collection,疑似操作或采集异常,整体动态范围过小，更像平线或轻微波动,/mnt/nvme/projects/battery/output_ups_型号1_原始三分类_v2/单体XX电压/疑似操作或采集异常/单体XX电压__2-203电池室（8、10）.xlsx__Sheet1__咸阳秦都西咸数据中心2号楼D203电力电池机房__10#UPS蓄电池组2__未知组__50节电池电压.png
咸阳秦都西咸数据中心2号楼D203电力电池机房|10#UPS蓄电池组2|未知组|51节电池电压|2-203电池室（8、10）.xlsx|Sheet1|Sheet1,陕西省,咸阳,中国移动西咸数据中心,咸阳秦都西咸数据中心2号楼站点,咸阳秦都西咸数据中心2号楼D203电力电池机房,铅酸电池,10#UPS蓄电池组2,单体XX电压,51节电池电压,2026-01-14T04:04:26,2.395,V,2-203电池室（8、10）.xlsx,Sheet1,2.395,未知组,Sheet1,6,2487.0,True,2.149,2.352,0.20299999999999985,-7,0.9833333333333333,0.8302442087383903,0.3204397214342314,0.5346760581262155,0.509804487304159,0.21423633669198416,0.4202323471192485,0.13559322033898305,0.0,0.15384615384615385,0.0325208643629169,0.36234699850346896,invalid_or_bad_collection,疑似操作或采集异常,整体动态范围过小，更像平线或轻微波动,/mnt/nvme/projects/battery/output_ups_型号1_原始三分类_v2/单体XX电压/疑似操作或采集异常/单体XX电压__2-203电池室（8、10）.xlsx__Sheet1__咸阳秦都西咸数据中心2号楼D203电力电池机房__10#UPS蓄电池组2__未知组__51节电池电压.png
咸阳秦都西咸数据中心2号楼D203电力电池机房|10#UPS蓄电池组2|未知组|73节电池电压|2-203电池室（8、10）.xlsx|Sheet1|Sheet1,陕西省,咸阳,中国移动西咸数据中心,咸阳秦都西咸数据中心2号楼站点,咸阳秦都西咸数据中心2号楼D203电力电池机房,铅酸电池,10#UPS蓄电池组2,单体XX电压,73节电池电压,2026-01-14T05:05:00,2.303,V,2-203电池室（8、10）.xlsx,Sheet1,2.303,未知组,Sheet1,6,91.0,True,2.091,2.365,0.274,-7,0.9833333333333333,0.9306587419514607,0.037943111865845584,0.11261763249133215,0.8927156300856152,0.07467452062548657,0.08364872085265972,0.3050847457627119,0.0,0.05357142857142857,0.45249516044464055,0.8782813273897978,invalid_or_bad_collection,疑似操作或采集异常,最低点贴近尾部，缺少谷底后的回升段,/mnt/nvme/projects/battery/output_ups_型号1_原始三分类_v2/单体XX电压/疑似操作或采集异常/单体XX电压__2-203电池室（8、10）.xlsx__Sheet1__咸阳秦都西咸数据中心2号楼D203电力电池机房__10#UPS蓄电池组2__未知组__73节电池电压.png
咸阳秦都西咸数据中心2号楼D203电力电池机房|10#UPS蓄电池组2|未知组|75节电池电压|2-203电池室（8、10）.xlsx|Sheet1|Sheet1,陕西省,咸阳,中国移动西咸数据中心,咸阳秦都西咸数据中心2号楼站点,咸阳秦都西咸数据中心2号楼D203电力电池机房,铅酸电池,10#UPS蓄电池组2,单体XX电压,75节电池电压,2026-01-14T04:13:54,2.318,V,2-203电池室（8、10）.xlsx,Sheet1,2.318,未知组,Sheet1,17,3098.0,True,2.141,2.36,0.21899999999999986,7,0.9833333333333333,0.8862898725832324,0.4141028587349725,0.6830447548044236,0.47218701384825995,0.2689418960694511,0.5695664802554495,0.23728813559322035,0.0,0.14035087719298245,0.1123156533908628,0.2562069200110637,invalid_or_bad_collection,疑似操作或采集异常,整体动态范围过小，更像平线或轻微波动,/mnt/nvme/projects/battery/output_ups_型号1_原始三分类_v2/单体XX电压/疑似操作或采集异常/单体XX电压__2-203电池室（8、10）.xlsx__Sheet1__咸阳秦都西咸数据中心2号楼D203电力电池机房__10#UPS蓄电池组2__未知组__75节电池电压.png
咸阳秦都西咸数据中心2号楼D203电力电池机房|10#UPS蓄电池组2|未知组|89节电池电压|2-203电池室（8、10）.xlsx|Sheet1|Sheet1,陕西省,咸阳,中国移动西咸数据中心,咸阳秦都西咸数据中心2号楼站点,咸阳秦都西咸数据中心2号楼D203电力电池机房,铅酸电池,10#UPS蓄电池组2,单体XX电压,89节电池电压,2026-01-14T04:08:51,2.443,V,2-203电池室（8、10）.xlsx,Sheet1,2.443,未知组,Sheet1,15,2832.0,True,2.153,2.362,0.20900000000000007,7,0.9833333333333333,0.8615005277741127,0.3768437950542217,0.6508575171811515,0.48465673271989096,0.27401372212692976,0.5653769009331394,0.1694915254237288,0.0,0.12,0.11276285920609941,0.3069339782913443,invalid_or_bad_collection,疑似操作或采集异常,整体动态范围过小，更像平线或轻微波动,/mnt/nvme/projects/battery/output_ups_型号1_原始三分类_v2/单体XX电压/疑似操作或采集异常/单体XX电压__2-203电池室（8、10）.xlsx__Sheet1__咸阳秦都西咸数据中心2号楼D203电力电池机房__10#UPS蓄电池组2__未知组__89节电池电压.png
咸阳秦都西咸数据中心2号楼D203电力电池机房|10#UPS蓄电池组2|未知组|90节电池电压|2-203电池室（8、10）.xlsx|Sheet1|Sheet1,陕西省,咸阳,中国移动西咸数据中心,咸阳秦都西咸数据中心2号楼站点,咸阳秦都西咸数据中心2号楼D203电力电池机房,铅酸电池,10#UPS蓄电池组2,单体XX电压,90节电池电压,2026-01-14T04:07:10,2.441,V,2-203电池室（8、10）.xlsx,Sheet1,2.441,未知组,Sheet1,13,2825.0,True,2.153,2.35,0.19700000000000006,7,0.9833333333333333,0.8780496030992392,0.39168838399024697,0.6748572211077878,0.4863612191089922,0.2831688371175408,0.5822191930805738,0.22033898305084745,0.0,0.10714285714285714,0.14458745272433837,0.31445189478588287,invalid_or_bad_collection,疑似操作或采集异常,最低点贴近尾部，缺少谷底后的回升段,/mnt/nvme/projects/battery/output_ups_型号1_原始三分类_v2/单体XX电压/疑似操作或采集异常/单体XX电压__2-203电池室（8、10）.xlsx__Sheet1__咸阳秦都西咸数据中心2号楼D203电力电池机房__10#UPS蓄电池组2__未知组__90节电池电压.png
咸阳秦都西咸数据中心2号楼D203电力电池机房|10#UPS蓄电池组2|未知组|98节电池电压|2-203电池室（8、10）.xlsx|Sheet1|Sheet1,陕西省,咸阳,中国移动西咸数据中心,咸阳秦都西咸数据中心2号楼站点,咸阳秦都西咸数据中心2号楼D203电力电池机房,铅酸电池,10#UPS蓄电池组2,单体XX电压,98节电池电压,2026-01-14T05:09:48,2.526,V,2-203电池室（8、10）.xlsx,Sheet1,2.526,未知组,Sheet1,14,3018.0,True,2.169,2.372,0.20299999999999985,-7,0.9833333333333333,0.9145748172866308,0.38764055326609836,0.6642672806267305,0.5269342640205325,0.2766267273606321,0.5249738833170264,0.22033898305084745,0.0,0.34782608695652173,0.11348731297102777,0.30338010088038314,invalid_or_bad_collection,疑似操作或采集异常,整体动态范围过小，更像平线或轻微波动,/mnt/nvme/projects/battery/output_ups_型号1_原始三分类_v2/单体XX电压/疑似操作或采集异常/单体XX电压__2-203电池室（8、10）.xlsx__Sheet1__咸阳秦都西咸数据中心2号楼D203电力电池机房__10#UPS蓄电池组2__未知组__98节电池电压.png
咸阳秦都西咸数据中心2号楼D203电力电池机房|8#UPS蓄电池组1|未知组|101节电池电压|2-203电池室（8、10）.xlsx|Sheet1|Sheet1,陕西省,咸阳,中国移动西咸数据中心,咸阳秦都西咸数据中心2号楼站点,咸阳秦都西咸数据中心2号楼D203电力电池机房,铅酸电池,8#UPS蓄电池组1,单体XX电压,101节电池电压,2026-01-14T05:09:30,2.365,V,2-203电池室（8、10）.xlsx,Sheet1,2.365,未知组,Sheet1,7,2934.0,True,2.059,2.383,0.32399999999999984,-7,0.9833333333333333,0.9351312775377079,0.36482170284708626,0.6078497097084805,0.5703095746906216,0.24302800686139425,0.42613348472554974,0.4067796610169492,0.0,0.03571428571428571,0.11682673141370858,0.376528198239771,invalid_or_bad_collection,疑似操作或采集异常,整体动态范围过小，更像平线或轻微波动,/mnt/nvme/projects/battery/output_ups_型号1_原始三分类_v2/单体XX电压/疑似操作或采集异常/单体XX电压__2-203电池室（8、10）.xlsx__Sheet1__咸阳秦都西咸数据中心2号楼D203电力电池机房__8#UPS蓄电池组1__未知组__101节电池电压.png
咸阳秦都西咸数据中心2号楼D203电力电池机房|8#UPS蓄电池组1|未知组|112节电池电压|2-203电池室（8、10）.xlsx|Sheet1|Sheet1,陕西省,咸阳,中国移动西咸数据中心,咸阳秦都西咸数据中心2号楼站点,咸阳秦都西咸数据中心2号楼D203电力电池机房,铅酸电池,8#UPS蓄电池组1,单体XX电压,112节电池电压,2026-01-14T05:08:07,2.346,V,2-203电池室（8、10）.xlsx,Sheet1,2.346,未知组,Sheet1,9,2916.0,True,2.118,2.341,0.2230000000000003,-7,0.9833333333333333,0.8965950416463266,0.37025647596739636,0.5916669344027532,0.5263385656789303,0.22141045843535684,0.42066166618266937,0.7288135593220338,0.0,0.08928571428571429,0.1690985217746651,0.3924253274606626,invalid_or_bad_collection,疑似操作或采集异常,最低点贴近尾部，缺少谷底后的回升段,/mnt/nvme/projects/battery/output_ups_型号1_原始三分类_v2/单体XX电压/疑似操作或采集异常/单体XX电压__2-203电池室（8、10）.xlsx__Sheet1__咸阳秦都西咸数据中心2号楼D203电力电池机房__8#UPS蓄电池组1__未知组__112节电池电压.png
咸阳秦都西咸数据中心2号楼D203电力电池机房|8#UPS蓄电池组1|未知组|119节电池电压|2-203电池室（8、10）.xlsx|Sheet1|Sheet1,陕西省,咸阳,中国移动西咸数据中心,咸阳秦都西咸数据中心2号楼站点,咸阳秦都西咸数据中心2号楼D203电力电池机房,铅酸电池,8#UPS蓄电池组1,单体XX电压,119节电池电压,2026-01-14T05:07:53,2.457,V,2-203电池室（8、10）.xlsx,Sheet1,2.457,未知组,Sheet1,6,3100.0,True,2.075,2.336,0.2609999999999997,-7,0.9833333333333333,0.9973014507574829,0.36564838836472224,0.5968921684275622,0.6316530623927606,0.23124378006283997,0.36609302394699705,0.6440677966101694,0.0,0.05128205128205128,0.1711425301484495,0.4020284118754309,invalid_or_bad_collection,疑似操作或采集异常,最低点贴近尾部，缺少谷底后的回升段,/mnt/nvme/projects/battery/output_ups_型号1_原始三分类_v2/单体XX电压/疑似操作或采集异常/单体XX电压__2-203电池室（8、10）.xlsx__Sheet1__咸阳秦都西咸数据中心2号楼D203电力电池机房__8#UPS蓄电池组1__未知组__119节电池电压.png
咸阳秦都西咸数据中心2号楼D203电力电池机房|8#UPS蓄电池组1|未知组|160节电池电压|2-203电池室（8、10）.xlsx|Sheet1|Sheet1,陕西省,咸阳,中国移动西咸数据中心,咸阳秦都西咸数据中心2号楼站点,咸阳秦都西咸数据中心2号楼D203电力电池机房,铅酸电池,8#UPS蓄电池组1,单体XX电压,160节电池电压,2026-01-14T02:35:06,2.29,V,2-203电池室（8、10）.xlsx,Sheet1,2.29,未知组,Sheet1,13,2977.0,True,2.147,2.358,0.2110000000000003,-7,0.9833333333333333,0.9014221124360602,0.3417625361072968,0.5887829034190281,0.5596595763287634,0.24702036731173127,0.4413761102610828,0.288135593220339,0.0,0.07142857142857142,0.13861118885674995,0.38708943187456224,invalid_or_bad_collection,疑似操作或采集异常,最低点贴近尾部，缺少谷底后的回升段,/mnt/nvme/projects/battery/output_ups_型号1_原始三分类_v2/单体XX电压/疑似操作或采集异常/单体XX电压__2-203电池室（8、10）.xlsx__Sheet1__咸阳秦都西咸数据中心2号楼D203电力电池机房__8#UPS蓄电池组1__未知组__160节电池电压.png
咸阳秦都西咸数据中心2号楼D203电力电池机房|8#UPS蓄电池组1|未知组|201节电池电压|2-203电池室（8、10）.xlsx|Sheet1|Sheet1,陕西省,咸阳,中国移动西咸数据中心,咸阳秦都西咸数据中心2号楼站点,咸阳秦都西咸数据中心2号楼D203电力电池机房,铅酸电池,8#UPS蓄电池组1,单体XX电压,201节电池电压,2026-01-14T04:10:09,2.471,V,2-203电池室（8、10）.xlsx,Sheet1,2.471,未知组,Sheet1,13,3027.0,True,2.154,2.361,0.2070000000000003,-7,0.9833333333333333,0.931122953709649,0.3663137282625534,0.5783975411270537,0.5648092254470957,0.2120838128645003,0.3754963675055434,0.3220338983050847,0.0,0.10714285714285714,0.13577379762283492,0.38484663201761227,invalid_or_bad_collection,疑似操作或采集异常,最低点贴近尾部，缺少谷底后的回升段,/mnt/nvme/projects/battery/output_ups_型号1_原始三分类_v2/单体XX电压/疑似操作或采集异常/单体XX电压__2-203电池室（8、10）.xlsx__Sheet1__咸阳秦都西咸数据中心2号楼D203电力电池机房__8#UPS蓄电池组1__未知组__201节电池电压.png
咸阳秦都西咸数据中心2号楼D203电力电池机房|8#UPS蓄电池组1|未知组|21节电池电压|2-203电池室（8、10）.xlsx|Sheet1|Sheet1,陕西省,咸阳,中国移动西咸数据中心,咸阳秦都西咸数据中心2号楼站点,咸阳秦都西咸数据中心2号楼D203电力电池机房,铅酸电池,8#UPS蓄电池组1,单体XX电压,21节电池电压,2026-01-14T05:09:55,2.495,V,2-203电池室（8、10）.xlsx,Sheet1,2.495,未知组,Sheet1,15,2840.0,True,2.189,2.393,0.20399999999999974,-7,0.9833333333333333,0.7636054369966607,0.39156351009309653,0.6175570028395003,0.3720419269035642,0.2259934927464038,0.6074409247900221,0.23728813559322035,0.0,0.10526315789473684,0.13519358755651634,0.1916394729650197,invalid_or_bad_collection,疑似操作或采集异常,最低点贴近尾部，缺少谷底后的回升段,/mnt/nvme/projects/battery/output_ups_型号1_原始三分类_v2/单体XX电压/疑似操作或采集异常/单体XX电压__2-203电池室（8、10）.xlsx__Sheet1__咸阳秦都西咸数据中心2号楼D203电力电池机房__8#UPS蓄电池组1__未知组__21节电池电压.png
咸阳秦都西咸数据中心2号楼D203电力电池机房|8#UPS蓄电池组1|未知组|27节电池电压|2-203电池室（8、10）.xlsx|Sheet1|Sheet1,陕西省,咸阳,中国移动西咸数据中心,咸阳秦都西咸数据中心2号楼站点,咸阳秦都西咸数据中心2号楼D203电力电池机房,铅酸电池,8#UPS蓄电池组1,单体XX电压,27节电池电压,2026-01-14T01:09:33,1.933,V,2-203电池室（8、10）.xlsx,Sheet1,1.933,未知组,Sheet1,6,3051.0,True,1.933,2.251,0.31799999999999984,-7,0.9833333333333333,0.9998184144355605,0.006643587890132203,0.016608969725330408,0.9931748265454283,0.009965381835198205,0.010033864692107677,0.423728813559322,0.0,0.0,0.9537700044355011,0.9833183960488936,invalid_or_bad_collection,疑似操作或采集异常,最低点贴近尾部，缺少谷底后的回升段,/mnt/nvme/projects/battery/output_ups_型号1_原始三分类_v2/单体XX电压/疑似操作或采集异常/单体XX电压__2-203电池室（8、10）.xlsx__Sheet1__咸阳秦都西咸数据中心2号楼D203电力电池机房__8#UPS蓄电池组1__未知组__27节电池电压.png
咸阳秦都西咸数据中心2号楼D203电力电池机房|8#UPS蓄电池组1|未知组|28节电池电压|2-203电池室（8、10）.xlsx|Sheet1|Sheet1,陕西省,咸阳,中国移动西咸数据中心,咸阳秦都西咸数据中心2号楼站点,咸阳秦都西咸数据中心2号楼D203电力电池机房,铅酸电池,8#UPS蓄电池组1,单体XX电压,28节电池电压,2026-01-14T05:09:44,2.574,V,2-203电池室（8、10）.xlsx,Sheet1,2.574,未知组,Sheet1,15,2840.0,True,2.179,2.39,0.2110000000000003,6,0.9833333333333333,0.7992148458591151,0.37099020864802157,0.6497409172460744,0.4282246372110935,0.27875070859805284,0.6509450501552939,0.23728813559322035,0.0,0.07017543859649122,0.2105453331136259,0.3229609285184364,invalid_or_bad_collection,疑似操作或采集异常,最低点贴近尾部，缺少谷底后的回升段,/mnt/nvme/projects/battery/output_ups_型号1_原始三分类_v2/单体XX电压/疑似操作或采集异常/单体XX电压__2-203电池室（8、10）.xlsx__Sheet1__咸阳秦都西咸数据中心2号楼D203电力电池机房__8#UPS蓄电池组1__未知组__28节电池电压.png
咸阳秦都西咸数据中心2号楼D203电力电池机房|8#UPS蓄电池组1|未知组|38节电池电压|2-203电池室（8、10）.xlsx|Sheet1|Sheet1,陕西省,咸阳,中国移动西咸数据中心,咸阳秦都西咸数据中心2号楼站点,咸阳秦都西咸数据中心2号楼D203电力电池机房,铅酸电池,8#UPS蓄电池组1,单体XX电压,38节电池电压,2026-01-14T04:06:54,2.318,V,2-203电池室（8、10）.xlsx,Sheet1,2.318,未知组,Sheet1,6,1973.0,True,2.089,2.343,0.254,7,0.9833333333333333,0.8650102800172195,0.37991372027110926,0.6645538172322162,0.4850965597461102,0.2846400969611069,0.5867699752876249,0.1016949152542373,0.0,0.017857142857142856,0.11286143166730067,0.32792686149553296,invalid_or_bad_collection,疑似操作或采集异常,整体动态范围过小，更像平线或轻微波动,/mnt/nvme/projects/battery/output_ups_型号1_原始三分类_v2/单体XX电压/疑似操作或采集异常/单体XX电压__2-203电池室（8、10）.xlsx__Sheet1__咸阳秦都西咸数据中心2号楼D203电力电池机房__8#UPS蓄电池组1__未知组__38节电池电压.png
咸阳秦都西咸数据中心2号楼D203电力电池机房|8#UPS蓄电池组1|未知组|5节电池电压|2-203电池室（8、10）.xlsx|Sheet1|Sheet1,陕西省,咸阳,中国移动西咸数据中心,咸阳秦都西咸数据中心2号楼站点,咸阳秦都西咸数据中心2号楼D203电力电池机房,铅酸电池,8#UPS蓄电池组1,单体XX电压,5节电池电压,2026-01-14T01:11:32,2.099,V,2-203电池室（8、10）.xlsx,Sheet1,2.099,未知组,Sheet1,6,3069.0,True,1.965,2.256,0.2909999999999997,-7,0.9833333333333333,0.9968256665214983,0.007041665356382442,0.017604163390955992,0.9897840011651159,0.01056249803457355,0.010671518241826982,0.423728813559322,0.0,0.0,0.9507193743281414,0.9821226357768774,invalid_or_bad_collection,疑似操作或采集异常,最低点贴近尾部，缺少谷底后的回升段,/mnt/nvme/projects/battery/output_ups_型号1_原始三分类_v2/单体XX电压/疑似操作或采集异常/单体XX电压__2-203电池室（8、10）.xlsx__Sheet1__咸阳秦都西咸数据中心2号楼D203电力电池机房__8#UPS蓄电池组1__未知组__5节电池电压.png
咸阳秦都西咸数据中心2号楼D203电力电池机房|8#UPS蓄电池组2|未知组|181节电池电压|2-203电池室（8、10）.xlsx|Sheet1|Sheet1,陕西省,咸阳,中国移动西咸数据中心,咸阳秦都西咸数据中心2号楼站点,咸阳秦都西咸数据中心2号楼D203电力电池机房,铅酸电池,8#UPS蓄电池组2,单体XX电压,181节电池电压,2026-01-14T05:05:13,2.452,V,2-203电池室（8、10）.xlsx,Sheet1,2.452,未知组,Sheet1,16,3081.0,True,2.177,2.373,0.19600000000000017,7,0.9833333333333333,0.8509754301278347,0.403388509379953,0.6381429372734635,0.4475869207478817,0.23475442789351048,0.5244890243369169,0.2711864406779661,0.0,0.10344827586206896,0.20569958217777295,0.3534282905477768,invalid_or_bad_collection,疑似操作或采集异常,最低点贴近尾部，缺少谷底后的回升段,/mnt/nvme/projects/battery/output_ups_型号1_原始三分类_v2/单体XX电压/疑似操作或采集异常/单体XX电压__2-203电池室（8、10）.xlsx__Sheet1__咸阳秦都西咸数据中心2号楼D203电力电池机房__8#UPS蓄电池组2__未知组__181节电池电压.png
咸阳秦都西咸数据中心2号楼D203电力电池机房|8#UPS蓄电池组2|未知组|60节电池电压|2-203电池室（8、10）.xlsx|Sheet1|Sheet1,陕西省,咸阳,中国移动西咸数据中心,咸阳秦都西咸数据中心2号楼站点,咸阳秦都西咸数据中心2号楼D203电力电池机房,铅酸电池,8#UPS蓄电池组2,单体XX电压,60节电池电压,2026-01-14T02:35:50,2.301,V,2-203电池室（8、10）.xlsx,Sheet1,2.301,未知组,Sheet1,14,2977.0,True,2.153,2.359,0.20599999999999996,7,0.9833333333333333,0.8410205289083688,0.338809965896398,0.6210687799316659,0.5022105630119708,0.28225881403526787,0.5620328090679907,0.3050847457627119,0.0,0.07017543859649122,0.17324407890789362,0.34477190506599253,invalid_or_bad_collection,疑似操作或采集异常,最低点贴近尾部，缺少谷底后的回升段,/mnt/nvme/projects/battery/output_ups_型号1_原始三分类_v2/单体XX电压/疑似操作或采集异常/单体XX电压__2-203电池室（8、10）.xlsx__Sheet1__咸阳秦都西咸数据中心2号楼D203电力电池机房__8#UPS蓄电池组2__未知组__60节电池电压.png
咸阳秦都西咸数据中心2号楼D203电力电池机房|12#UPS蓄电池组1|未知组|123节电池电压|2-D203电池室（2、4、6、12#UPS）.xlsx|Sheet1|Sheet1,陕西省,咸阳,中国移动西咸数据中心,咸阳秦都西咸数据中心2号楼站点,咸阳秦都西咸数据中心2号楼D203电力电池机房,铅酸电池,12#UPS蓄电池组1,单体XX电压,123节电池电压,2026-01-14T00:07:28,2.382,V,2-D203电池室（2、4、6、12#UPS）.xlsx,Sheet1,2.382,未知组,Sheet1,8,1765.0,True,1.998,2.382,0.3840000000000001,4,0.9833333333333333,0.8528230995323443,0.3124505830925086,0.5756998670982227,0.5403725164398356,0.2632492840057141,0.48716260636815967,0.2033898305084746,0.0,0.05172413793103448,0.08878718109718664,0.3539731475105783,invalid_or_bad_collection,疑似操作或采集异常,整体动态范围过小，更像平线或轻微波动,/mnt/nvme/projects/battery/output_ups_型号1_原始三分类_v2/单体XX电压/疑似操作或采集异常/单体XX电压__2-D203电池室（2、4、6、12#UPS）.xlsx__Sheet1__咸阳秦都西咸数据中心2号楼D203电力电池机房__12#UPS蓄电池组1__未知组__123节电池电压.png
咸阳秦都西咸数据中心2号楼D203电力电池机房|12#UPS蓄电池组1|未知组|214节电池电压|2-D203电池室（2、4、6、12#UPS）.xlsx|Sheet1|Sheet1,陕西省,咸阳,中国移动西咸数据中心,咸阳秦都西咸数据中心2号楼站点,咸阳秦都西咸数据中心2号楼D203电力电池机房,铅酸电池,12#UPS蓄电池组1,单体XX电压,214节电池电压,2026-01-14T00:05:16,2.349,V,2-D203电池室（2、4、6、12#UPS）.xlsx,Sheet1,2.349,未知组,Sheet1,9,1876.0,True,2.005,2.364,0.359,4,0.9833333333333333,0.8975331880424463,0.40232458930566606,0.6686839103681325,0.49520859873678025,0.2663593210624664,0.537872971519568,0.2542372881355932,0.0,0.06896551724137931,0.09151649869713885,0.26256734437657836,invalid_or_bad_collection,疑似操作或采集异常,整体动态范围过小，更像平线或轻微波动,/mnt/nvme/projects/battery/output_ups_型号1_原始三分类_v2/单体XX电压/疑似操作或采集异常/单体XX电压__2-D203电池室（2、4、6、12#UPS）.xlsx__Sheet1__咸阳秦都西咸数据中心2号楼D203电力电池机房__12#UPS蓄电池组1__未知组__214节电池电压.png
咸阳秦都西咸数据中心2号楼D203电力电池机房|12#UPS蓄电池组1|未知组|228节电池电压|2-D203电池室（2、4、6、12#UPS）.xlsx|Sheet1|Sheet1,陕西省,咸阳,中国移动西咸数据中心,咸阳秦都西咸数据中心2号楼站点,咸阳秦都西咸数据中心2号楼D203电力电池机房,铅酸电池,12#UPS蓄电池组1,单体XX电压,228节电池电压,2026-01-14T00:05:23,2.361,V,2-D203电池室（2、4、6、12#UPS）.xlsx,Sheet1,2.361,未知组,Sheet1,10,1893.0,True,2.028,2.362,0.3340000000000001,4,0.9833333333333333,0.940740870191729,0.419435875436138,0.698819541010355,0.521304994755591,0.27938366557421707,0.5359313028820532,0.2542372881355932,0.0,0.2,0.052495698325635165,0.2788551125311587,invalid_or_bad_collection,疑似操作或采集异常,整体动态范围过小，更像平线或轻微波动,/mnt/nvme/projects/battery/output_ups_型号1_原始三分类_v2/单体XX电压/疑似操作或采集异常/单体XX电压__2-D203电池室（2、4、6、12#UPS）.xlsx__Sheet1__咸阳秦都西咸数据中心2号楼D203电力电池机房__12#UPS蓄电池组1__未知组__228节电池电压.png
咸阳秦都西咸数据中心2号楼D203电力电池机房|12#UPS蓄电池组1|未知组|24节电池电压|2-D203电池室（2、4、6、12#UPS）.xlsx|Sheet1|Sheet1,陕西省,咸阳,中国移动西咸数据中心,咸阳秦都西咸数据中心2号楼站点,咸阳秦都西咸数据中心2号楼D203电力电池机房,铅酸电池,12#UPS蓄电池组1,单体XX电压,24节电池电压,2026-01-14T00:31:12,2.341,V,2-D203电池室（2、4、6、12#UPS）.xlsx,Sheet1,2.341,未知组,Sheet1,9,1635.0,True,2.004,2.36,0.35599999999999987,1,0.9833333333333333,0.9192764159299994,0.32780655705744793,0.596176424987944,0.5914698588725515,0.26836986793049605,0.4537338013949244,0.2711864406779661,0.0,0.06896551724137931,0.08236325392712096,0.3500742833978219,invalid_or_bad_collection,疑似操作或采集异常,整体动态范围过小，更像平线或轻微波动,/mnt/nvme/projects/battery/output_ups_型号1_原始三分类_v2/单体XX电压/疑似操作或采集异常/单体XX电压__2-D203电池室（2、4、6、12#UPS）.xlsx__Sheet1__咸阳秦都西咸数据中心2号楼D203电力电池机房__12#UPS蓄电池组1__未知组__24节电池电压.png
咸阳秦都西咸数据中心2号楼D203电力电池机房|12#UPS蓄电池组2|未知组|100节电池电压|2-D203电池室（2、4、6、12#UPS）.xlsx|Sheet1|Sheet1,陕西省,咸阳,中国移动西咸数据中心,咸阳秦都西咸数据中心2号楼站点,咸阳秦都西咸数据中心2号楼D203电力电池机房,铅酸电池,12#UPS蓄电池组2,单体XX电压,100节电池电压,2026-01-14T00:31:18,2.307,V,2-D203电池室（2、4、6、12#UPS）.xlsx,Sheet1,2.307,未知组,Sheet1,6,943.0,True,1.992,2.358,0.3660000000000001,1,0.9833333333333333,0.9918434755006721,0.1936774616891641,0.43918255028399966,0.798166013811508,0.24550508859483555,0.30758649709335617,0.7627118644067796,0.0,0.0,0.13237922467368513,0.5575548399162691,invalid_or_bad_collection,疑似操作或采集异常,最低点贴近尾部，缺少谷底后的回升段,/mnt/nvme/projects/battery/output_ups_型号1_原始三分类_v2/单体XX电压/疑似操作或采集异常/单体XX电压__2-D203电池室（2、4、6、12#UPS）.xlsx__Sheet1__咸阳秦都西咸数据中心2号楼D203电力电池机房__12#UPS蓄电池组2__未知组__100节电池电压.png
咸阳秦都西咸数据中心2号楼D203电力电池机房|12#UPS蓄电池组2|未知组|151节电池电压|2-D203电池室（2、4、6、12#UPS）.xlsx|Sheet1|Sheet1,陕西省,咸阳,中国移动西咸数据中心,咸阳秦都西咸数据中心2号楼站点,咸阳秦都西咸数据中心2号楼D203电力电池机房,铅酸电池,12#UPS蓄电池组2,单体XX电压,151节电池电压,2026-01-14T00:07:53,2.313,V,2-D203电池室（2、4、6、12#UPS）.xlsx,Sheet1,2.313,未知组,Sheet1,6,1432.0,True,2.0,2.366,0.3660000000000001,7,0.9833333333333333,0.8681851954954253,0.345478648672895,0.6310804064101875,0.5227065468225303,0.28560175773729246,0.5463902431049328,0.0847457627118644,0.0,0.03571428571428571,0.13084185123877345,0.3684469760864405,invalid_or_bad_collection,疑似操作或采集异常,最低点贴近尾部，缺少谷底后的回升段,/mnt/nvme/projects/battery/output_ups_型号1_原始三分类_v2/单体XX电压/疑似操作或采集异常/单体XX电压__2-D203电池室（2、4、6、12#UPS）.xlsx__Sheet1__咸阳秦都西咸数据中心2号楼D203电力电池机房__12#UPS蓄电池组2__未知组__151节电池电压.png
咸阳秦都西咸数据中心2号楼D203电力电池机房|12#UPS蓄电池组2|未知组|207节电池电压|2-D203电池室（2、4、6、12#UPS）.xlsx|Sheet1|Sheet1,陕西省,咸阳,中国移动西咸数据中心,咸阳秦都西咸数据中心2号楼站点,咸阳秦都西咸数据中心2号楼D203电力电池机房,铅酸电池,12#UPS蓄电池组2,单体XX电压,207节电池电压,2026-01-14T00:01:44,2.291,V,2-D203电池室（2、4、6、12#UPS）.xlsx,Sheet1,2.291,未知组,Sheet1,10,1819.0,True,1.99,2.346,0.3560000000000001,1,0.9833333333333333,0.9194795930981519,0.3318033415160957,0.5972882977607505,0.5876762515820562,0.26548495624465485,0.451753759111758,0.2711864406779661,0.0,0.1111111111111111,0.06976632029304508,0.3530465306379049,invalid_or_bad_collection,疑似操作或采集异常,整体动态范围过小，更像平线或轻微波动,/mnt/nvme/projects/battery/output_ups_型号1_原始三分类_v2/单体XX电压/疑似操作或采集异常/单体XX电压__2-D203电池室（2、4、6、12#UPS）.xlsx__Sheet1__咸阳秦都西咸数据中心2号楼D203电力电池机房__12#UPS蓄电池组2__未知组__207节电池电压.png
咸阳秦都西咸数据中心2号楼D203电力电池机房|12#UPS蓄电池组2|未知组|38节电池电压|2-D203电池室（2、4、6、12#UPS）.xlsx|Sheet1|Sheet1,陕西省,咸阳,中国移动西咸数据中心,咸阳秦都西咸数据中心2号楼站点,咸阳秦都西咸数据中心2号楼D203电力电池机房,铅酸电池,12#UPS蓄电池组2,单体XX电压,38节电池电压,2026-01-14T00:51:15,2.022,V,2-D203电池室（2、4、6、12#UPS）.xlsx,Sheet1,2.022,未知组,Sheet1,10,1923.0,True,1.995,2.348,0.35299999999999976,4,0.9833333333333333,0.9165345442815233,0.3113113240457537,0.5838475658653108,0.6052232202357696,0.27253624181955716,0.4503069813862751,0.2711864406779661,0.0,0.16,0.07536593717987983,0.3911964847918815,invalid_or_bad_collection,疑似操作或采集异常,整体动态范围过小，更像平线或轻微波动,/mnt/nvme/projects/battery/output_ups_型号1_原始三分类_v2/单体XX电压/疑似操作或采集异常/单体XX电压__2-D203电池室（2、4、6、12#UPS）.xlsx__Sheet1__咸阳秦都西咸数据中心2号楼D203电力电池机房__12#UPS蓄电池组2__未知组__38节电池电压.png
咸阳秦都西咸数据中心2号楼D203电力电池机房|2#UPS蓄电池组1|未知组|11节电池电压|2-D203电池室（2、4、6、12#UPS）.xlsx|Sheet1|Sheet1,陕西省,咸阳,中国移动西咸数据中心,咸阳秦都西咸数据中心2号楼站点,咸阳秦都西咸数据中心2号楼D203电力电池机房,铅酸电池,2#UPS蓄电池组1,单体XX电压,11节电池电压,2026-01-14T00:01:10,2.225,V,2-D203电池室（2、4、6、12#UPS）.xlsx,Sheet1,2.225,未知组,Sheet1,9,1048.0,True,2.001,2.284,0.2829999999999999,-7,0.9833333333333333,0.8746065876388692,0.0019116477047308573,0.004779119261826694,0.8726949399341384,0.002867471557095837,0.0032857662197817677,0.7627118644067796,0.0,0.07272727272727272,0.9004180670018058,0.9479132144570396,invalid_or_bad_collection,疑似操作或采集异常,最低点贴近尾部，缺少谷底后的回升段,/mnt/nvme/projects/battery/output_ups_型号1_原始三分类_v2/单体XX电压/疑似操作或采集异常/单体XX电压__2-D203电池室（2、4、6、12#UPS）.xlsx__Sheet1__咸阳秦都西咸数据中心2号楼D203电力电池机房__2#UPS蓄电池组1__未知组__11节电池电压.png
咸阳秦都西咸数据中心2号楼D203电力电池机房|2#UPS蓄电池组1|未知组|135节电池电压|2-D203电池室（2、4、6、12#UPS）.xlsx|Sheet1|Sheet1,陕西省,咸阳,中国移动西咸数据中心,咸阳秦都西咸数据中心2号楼站点,咸阳秦都西咸数据中心2号楼D203电力电池机房,铅酸电池,2#UPS蓄电池组1,单体XX电压,135节电池电压,2026-01-14T00:30:04,2.037,V,2-D203电池室（2、4、6、12#UPS）.xlsx,Sheet1,2.037,未知组,Sheet1,6,323.0,True,1.999,2.333,0.3340000000000001,7,0.9833333333333333,0.7367763180540852,0.13142833986556862,0.4158235002593185,0.6053479781885165,0.2843951603937499,0.46980442682734064,0.11864406779661017,0.0,0.017241379310344827,0.19320251461627092,0.556474868009432,invalid_or_bad_collection,疑似操作或采集异常,最低点贴近尾部，缺少谷底后的回升段,/mnt/nvme/projects/battery/output_ups_型号1_原始三分类_v2/单体XX电压/疑似操作或采集异常/单体XX电压__2-D203电池室（2、4、6、12#UPS）.xlsx__Sheet1__咸阳秦都西咸数据中心2号楼D203电力电池机房__2#UPS蓄电池组1__未知组__135节电池电压.png
咸阳秦都西咸数据中心2号楼D203电力电池机房|2#UPS蓄电池组1|未知组|17节电池电压|2-D203电池室（2、4、6、12#UPS）.xlsx|Sheet1|Sheet1,陕西省,咸阳,中国移动西咸数据中心,咸阳秦都西咸数据中心2号楼站点,咸阳秦都西咸数据中心2号楼D203电力电池机房,铅酸电池,2#UPS蓄电池组1,单体XX电压,17节电池电压,2026-01-14T00:01:00,2.244,V,2-D203电池室（2、4、6、12#UPS）.xlsx,Sheet1,2.244,未知组,Sheet1,9,484.0,True,1.972,2.34,0.3679999999999999,7,0.9833333333333333,0.8234815590890872,0.07173378931528376,0.294777715702983,0.7517477697738034,0.22304392638769924,0.2967004826074993,0.3220338983050847,0.0,0.06896551724137931,0.19636731051576528,0.6424214713825003,invalid_or_bad_collection,疑似操作或采集异常,最低点贴近尾部，缺少谷底后的回升段,/mnt/nvme/projects/battery/output_ups_型号1_原始三分类_v2/单体XX电压/疑似操作或采集异常/单体XX电压__2-D203电池室（2、4、6、12#UPS）.xlsx__Sheet1__咸阳秦都西咸数据中心2号楼D203电力电池机房__2#UPS蓄电池组1__未知组__17节电池电压.png
咸阳秦都西咸数据中心2号楼D203电力电池机房|2#UPS蓄电池组1|未知组|193节电池电压|2-D203电池室（2、4、6、12#UPS）.xlsx|Sheet1|Sheet1,陕西省,咸阳,中国移动西咸数据中心,咸阳秦都西咸数据中心2号楼站点,咸阳秦都西咸数据中心2号楼D203电力电池机房,铅酸电池,2#UPS蓄电池组1,单体XX电压,193节电池电压,2026-01-14T00:18:35,1.994,V,2-D203电池室（2、4、6、12#UPS）.xlsx,Sheet1,1.994,未知组,Sheet1,9,977.0,True,1.994,2.297,0.30300000000000016,-7,0.9833333333333333,0.8790660914095783,0.0017526632833269734,0.00438165820831733,0.8773134281262512,0.002628994924990356,0.0029966427478588455,0.7627118644067796,0.0,0.03636363636363636,0.909435132411415,0.9490235315647408,invalid_or_bad_collection,疑似操作或采集异常,最低点贴近尾部，缺少谷底后的回升段,/mnt/nvme/projects/battery/output_ups_型号1_原始三分类_v2/单体XX电压/疑似操作或采集异常/单体XX电压__2-D203电池室（2、4、6、12#UPS）.xlsx__Sheet1__咸阳秦都西咸数据中心2号楼D203电力电池机房__2#UPS蓄电池组1__未知组__193节电池电压.png
咸阳秦都西咸数据中心2号楼D203电力电池机房|2#UPS蓄电池组1|未知组|1节电池电压|2-D203电池室（2、4、6、12#UPS）.xlsx|Sheet1|Sheet1,陕西省,咸阳,中国移动西咸数据中心,咸阳秦都西咸数据中心2号楼站点,咸阳秦都西咸数据中心2号楼D203电力电池机房,铅酸电池,2#UPS蓄电池组1,单体XX电压,1节电池电压,2026-01-14T00:06:19,2.262,V,2-D203电池室（2、4、6、12#UPS）.xlsx,Sheet1,2.262,未知组,Sheet1,8,464.0,True,1.976,2.359,0.383,7,0.9833333333333333,0.7622635345322397,0.07622021598832614,0.2959261642795456,0.6860433185439135,0.21970594829121948,0.32025083844163305,0.23728813559322035,0.0,0.020833333333333332,0.21351961963150545,0.6646005610335775,invalid_or_bad_collection,疑似操作或采集异常,最低点贴近尾部，缺少谷底后的回升段,/mnt/nvme/projects/battery/output_ups_型号1_原始三分类_v2/单体XX电压/疑似操作或采集异常/单体XX电压__2-D203电池室（2、4、6、12#UPS）.xlsx__Sheet1__咸阳秦都西咸数据中心2号楼D203电力电池机房__2#UPS蓄电池组1__未知组__1节电池电压.png
咸阳秦都西咸数据中心2号楼D203电力电池机房|2#UPS蓄电池组1|未知组|20节电池电压|2-D203电池室（2、4、6、12#UPS）.xlsx|Sheet1|Sheet1,陕西省,咸阳,中国移动西咸数据中心,咸阳秦都西咸数据中心2号楼站点,咸阳秦都西咸数据中心2号楼D203电力电池机房,铅酸电池,2#UPS蓄电池组1,单体XX电压,20节电池电压,2026-01-14T00:00:03,2.285,V,2-D203电池室（2、4、6、12#UPS）.xlsx,Sheet1,2.285,未知组,Sheet1,8,1065.0,True,1.997,2.303,0.3059999999999998,-7,0.9833333333333333,0.8000856040725942,0.0020955736303035163,0.0052389340757587905,0.7979900304422907,0.0031433604454552742,0.003939097384179037,0.711864406779661,0.0,0.05357142857142857,0.8710732977647241,0.9343787410912319,invalid_or_bad_collection,疑似操作或采集异常,最低点贴近尾部，缺少谷底后的回升段,/mnt/nvme/projects/battery/output_ups_型号1_原始三分类_v2/单体XX电压/疑似操作或采集异常/单体XX电压__2-D203电池室（2、4、6、12#UPS）.xlsx__Sheet1__咸阳秦都西咸数据中心2号楼D203电力电池机房__2#UPS蓄电池组1__未知组__20节电池电压.png
咸阳秦都西咸数据中心2号楼D203电力电池机房|2#UPS蓄电池组1|未知组|24节电池电压|2-D203电池室（2、4、6、12#UPS）.xlsx|Sheet1|Sheet1,陕西省,咸阳,中国移动西咸数据中心,咸阳秦都西咸数据中心2号楼站点,咸阳秦都西咸数据中心2号楼D203电力电池机房,铅酸电池,2#UPS蓄电池组1,单体XX电压,24节电池电压,2026-01-14T00:05:39,2.348,V,2-D203电池室（2、4、6、12#UPS）.xlsx,Sheet1,2.348,未知组,Sheet1,9,494.0,True,1.98,2.351,0.371,3,0.9833333333333333,0.8057014057059743,0.1417155269917212,0.36193050777136926,0.6639858787142531,0.22021498077964805,0.3316561202693313,0.288135593220339,0.0,0.06896551724137931,0.18336715237453538,0.5937094012322884,invalid_or_bad_collection,疑似操作或采集异常,最低点贴近尾部，缺少谷底后的回升段,/mnt/nvme/projects/battery/output_ups_型号1_原始三分类_v2/单体XX电压/疑似操作或采集异常/单体XX电压__2-D203电池室（2、4、6、12#UPS）.xlsx__Sheet1__咸阳秦都西咸数据中心2号楼D203电力电池机房__2#UPS蓄电池组1__未知组__24节电池电压.png
咸阳秦都西咸数据中心2号楼D203电力电池机房|2#UPS蓄电池组1|未知组|3节电池电压|2-D203电池室（2、4、6、12#UPS）.xlsx|Sheet1|Sheet1,陕西省,咸阳,中国移动西咸数据中心,咸阳秦都西咸数据中心2号楼站点,咸阳秦都西咸数据中心2号楼D203电力电池机房,铅酸电池,2#UPS蓄电池组1,单体XX电压,3节电池电压,2026-01-14T00:18:35,1.994,V,2-D203电池室（2、4、6、12#UPS）.xlsx,Sheet1,1.994,未知组,Sheet1,9,1048.0,True,1.994,2.306,0.31200000000000006,-7,0.9833333333333333,0.859709538880668,0.002229380358951,0.005573450897377602,0.857480158521717,0.0033440705384266017,0.003899880949189365,0.7796610169491526,0.0,0.07142857142857142,0.8763998589764721,0.9247400676824754,invalid_or_bad_collection,疑似操作或采集异常,最低点贴近尾部，缺少谷底后的回升段,/mnt/nvme/projects/battery/output_ups_型号1_原始三分类_v2/单体XX电压/疑似操作或采集异常/单体XX电压__2-D203电池室（2、4、6、12#UPS）.xlsx__Sheet1__咸阳秦都西咸数据中心2号楼D203电力电池机房__2#UPS蓄电池组1__未知组__3节电池电压.png
咸阳秦都西咸数据中心2号楼D203电力电池机房|2#UPS蓄电池组1|未知组|4节电池电压|2-D203电池室（2、4、6、12#UPS）.xlsx|Sheet1|Sheet1,陕西省,咸阳,中国移动西咸数据中心,咸阳秦都西咸数据中心2号楼站点,咸阳秦都西咸数据中心2号楼D203电力电池机房,铅酸电池,2#UPS蓄电池组1,单体XX电压,4节电池电压,2026-01-14T00:01:07,2.357,V,2-D203电池室（2、4、6、12#UPS）.xlsx,Sheet1,2.357,未知组,Sheet1,8,471.0,True,1.971,2.356,0.3849999999999998,7,0.9833333333333333,0.7590553203896746,0.07688064127224538,0.2926481070282394,0.6821746791174292,0.21576746575599404,0.31629357119917134,0.23728813559322035,0.0,0.020833333333333332,0.21831511130322823,0.6653637681497087,invalid_or_bad_collection,疑似操作或采集异常,最低点贴近尾部，缺少谷底后的回升段,/mnt/nvme/projects/battery/output_ups_型号1_原始三分类_v2/单体XX电压/疑似操作或采集异常/单体XX电压__2-D203电池室（2、4、6、12#UPS）.xlsx__Sheet1__咸阳秦都西咸数据中心2号楼D203电力电池机房__2#UPS蓄电池组1__未知组__4节电池电压.png
咸阳秦都西咸数据中心2号楼D203电力电池机房|2#UPS蓄电池组1|未知组|54节电池电压|2-D203电池室（2、4、6、12#UPS）.xlsx|Sheet1|Sheet1,陕西省,咸阳,中国移动西咸数据中心,咸阳秦都西咸数据中心2号楼站点,咸阳秦都西咸数据中心2号楼D203电力电池机房,铅酸电池,2#UPS蓄电池组1,单体XX电压,54节电池电压,2026-01-14T00:05:09,2.29,V,2-D203电池室（2、4、6、12#UPS）.xlsx,Sheet1,2.29,未知组,Sheet1,7,1105.0,True,1.985,2.29,0.30499999999999994,-7,0.9833333333333333,0.8251208427483092,0.0029296147024291423,0.007324036756072855,0.8221912280458801,0.004394422053643713,0.0053447688304134105,0.6949152542372882,0.0,0.05263157894736842,0.8904412511125526,0.9509790492033358,invalid_or_bad_collection,疑似操作或采集异常,最低点贴近尾部，缺少谷底后的回升段,/mnt/nvme/projects/battery/output_ups_型号1_原始三分类_v2/单体XX电压/疑似操作或采集异常/单体XX电压__2-D203电池室（2、4、6、12#UPS）.xlsx__Sheet1__咸阳秦都西咸数据中心2号楼D203电力电池机房__2#UPS蓄电池组1__未知组__54节电池电压.png
咸阳秦都西咸数据中心2号楼D203电力电池机房|2#UPS蓄电池组1|未知组|7节电池电压|2-D203电池室（2、4、6、12#UPS）.xlsx|Sheet1|Sheet1,陕西省,咸阳,中国移动西咸数据中心,咸阳秦都西咸数据中心2号楼站点,咸阳秦都西咸数据中心2号楼D203电力电池机房,铅酸电池,2#UPS蓄电池组1,单体XX电压,7节电池电压,2026-01-14T00:08:37,2.098,V,2-D203电池室（2、4、6、12#UPS）.xlsx,Sheet1,2.098,未知组,Sheet1,8,1048.0,True,1.983,2.285,0.30200000000000005,-7,0.9833333333333333,0.8910960771215979,0.002388504637698829,0.005971261594247073,0.8887075724838991,0.0035827569565482437,0.0040314239052821055,0.7966101694915254,0.0,0.07142857142857142,0.9053448093947308,0.9463057185874065,invalid_or_bad_collection,疑似操作或采集异常,最低点贴近尾部，缺少谷底后的回升段,/mnt/nvme/projects/battery/output_ups_型号1_原始三分类_v2/单体XX电压/疑似操作或采集异常/单体XX电压__2-D203电池室（2、4、6、12#UPS）.xlsx__Sheet1__咸阳秦都西咸数据中心2号楼D203电力电池机房__2#UPS蓄电池组1__未知组__7节电池电压.png
咸阳秦都西咸数据中心2号楼D203电力电池机房|2#UPS蓄电池组2|未知组|15节电池电压|2-D203电池室（2、4、6、12#UPS）.xlsx|Sheet1|Sheet1,陕西省,咸阳,中国移动西咸数据中心,咸阳秦都西咸数据中心2号楼站点,咸阳秦都西咸数据中心2号楼D203电力电池机房,铅酸电池,2#UPS蓄电池组2,单体XX电压,15节电池电压,2026-01-14T00:05:17,2.296,V,2-D203电池室（2、4、6、12#UPS）.xlsx,Sheet1,2.296,未知组,Sheet1,10,524.0,True,2.002,2.346,0.3440000000000003,4,0.9833333333333333,0.8782246337921387,0.2922957766234951,0.5045024035873853,0.5859288571686436,0.2122066269638902,0.36217131825040155,0.3220338983050847,0.0,0.08620689655172414,0.18763949284337578,0.4453526604117113,invalid_or_bad_collection,疑似操作或采集异常,最低点贴近尾部，缺少谷底后的回升段,/mnt/nvme/projects/battery/output_ups_型号1_原始三分类_v2/单体XX电压/疑似操作或采集异常/单体XX电压__2-D203电池室（2、4、6、12#UPS）.xlsx__Sheet1__咸阳秦都西咸数据中心2号楼D203电力电池机房__2#UPS蓄电池组2__未知组__15节电池电压.png
咸阳秦都西咸数据中心2号楼D203电力电池机房|2#UPS蓄电池组2|未知组|166节电池电压|2-D203电池室（2、4、6、12#UPS）.xlsx|Sheet1|Sheet1,陕西省,咸阳,中国移动西咸数据中心,咸阳秦都西咸数据中心2号楼站点,咸阳秦都西咸数据中心2号楼D203电力电池机房,铅酸电池,2#UPS蓄电池组2,单体XX电压,166节电池电压,2026-01-14T00:02:23,2.291,V,2-D203电池室（2、4、6、12#UPS）.xlsx,Sheet1,2.291,未知组,Sheet1,7,336.0,True,1.978,2.318,0.3400000000000001,7,0.9833333333333333,0.7668708225075962,0.062307069031364466,0.2786133652087149,0.7045637534762317,0.21630629617735042,0.307007413882866,0.1694915254237288,0.0,0.017241379310344827,0.1775348963226142,0.6949489295879123,invalid_or_bad_collection,疑似操作或采集异常,最低点贴近尾部，缺少谷底后的回升段,/mnt/nvme/projects/battery/output_ups_型号1_原始三分类_v2/单体XX电压/疑似操作或采集异常/单体XX电压__2-D203电池室（2、4、6、12#UPS）.xlsx__Sheet1__咸阳秦都西咸数据中心2号楼D203电力电池机房__2#UPS蓄电池组2__未知组__166节电池电压.png
咸阳秦都西咸数据中心2号楼D203电力电池机房|2#UPS蓄电池组2|未知组|167节电池电压|2-D203电池室（2、4、6、12#UPS）.xlsx|Sheet1|Sheet1,陕西省,咸阳,中国移动西咸数据中心,咸阳秦都西咸数据中心2号楼站点,咸阳秦都西咸数据中心2号楼D203电力电池机房,铅酸电池,2#UPS蓄电池组2,单体XX电压,167节电池电压,2026-01-14T00:03:23,2.235,V,2-D203电池室（2、4、6、12#UPS）.xlsx,Sheet1,2.235,未知组,Sheet1,7,336.0,True,1.978,2.312,0.33399999999999985,7,0.9833333333333333,0.7802468705986538,0.06085098413543752,0.2817576831832192,0.7193958864632163,0.22090669904778168,0.30707250749897697,0.1694915254237288,0.0,0.017241379310344827,0.1761355028632613,0.6957225517015051,invalid_or_bad_collection,疑似操作或采集异常,最低点贴近尾部，缺少谷底后的回升段,/mnt/nvme/projects/battery/output_ups_型号1_原始三分类_v2/单体XX电压/疑似操作或采集异常/单体XX电压__2-D203电池室（2、4、6、12#UPS）.xlsx__Sheet1__咸阳秦都西咸数据中心2号楼D203电力电池机房__2#UPS蓄电池组2__未知组__167节电池电压.png
咸阳秦都西咸数据中心2号楼D203电力电池机房|2#UPS蓄电池组2|未知组|77节电池电压|2-D203电池室（2、4、6、12#UPS）.xlsx|Sheet1|Sheet1,陕西省,咸阳,中国移动西咸数据中心,咸阳秦都西咸数据中心2号楼站点,咸阳秦都西咸数据中心2号楼D203电力电池机房,铅酸电池,2#UPS蓄电池组2,单体XX电压,77节电池电压,2026-01-14T00:05:11,2.298,V,2-D203电池室（2、4、6、12#UPS）.xlsx,Sheet1,2.298,未知组,Sheet1,8,518.0,True,2.017,2.301,0.28400000000000025,2,0.9833333333333333,0.8332682307233881,0.30133869472613783,0.5540576277386968,0.5319295359972502,0.252718933012559,0.47509851481299753,0.2711864406779661,0.0,0.06896551724137931,0.1416993857542176,0.400300525652205,invalid_or_bad_collection,疑似操作或采集异常,最低点贴近尾部，缺少谷底后的回升段,/mnt/nvme/projects/battery/output_ups_型号1_原始三分类_v2/单体XX电压/疑似操作或采集异常/单体XX电压__2-D203电池室（2、4、6、12#UPS）.xlsx__Sheet1__咸阳秦都西咸数据中心2号楼D203电力电池机房__2#UPS蓄电池组2__未知组__77节电池电压.png
咸阳秦都西咸数据中心2号楼D203电力电池机房|4#UPS蓄电池组1|未知组|28节电池电压|2-D203电池室（2、4、6、12#UPS）.xlsx|Sheet1|Sheet1,陕西省,咸阳,中国移动西咸数据中心,咸阳秦都西咸数据中心2号楼站点,咸阳秦都西咸数据中心2号楼D203电力电池机房,铅酸电池,4#UPS蓄电池组1,单体XX电压,28节电池电压,2026-01-14T00:00:18,2.3,V,2-D203电池室（2、4、6、12#UPS）.xlsx,Sheet1,2.3,未知组,Sheet1,8,543.0,True,1.983,2.384,0.4009999999999998,7,0.9833333333333333,0.8079043867058538,0.08877565136490559,0.3474256224303103,0.7191287353409482,0.25864997106540466,0.3596713050036918,0.2542372881355932,0.0,0.05172413793103448,0.14821859086507627,0.6265722280160944,invalid_or_bad_collection,疑似操作或采集异常,最低点贴近尾部，缺少谷底后的回升段,/mnt/nvme/projects/battery/output_ups_型号1_原始三分类_v2/单体XX电压/疑似操作或采集异常/单体XX电压__2-D203电池室（2、4、6、12#UPS）.xlsx__Sheet1__咸阳秦都西咸数据中心2号楼D203电力电池机房__4#UPS蓄电池组1__未知组__28节电池电压.png
咸阳秦都西咸数据中心2号楼D203电力电池机房|6#UPS蓄电池组1|未知组|10节电池电压|2-D203电池室（2、4、6、12#UPS）.xlsx|Sheet1|Sheet1,陕西省,咸阳,中国移动西咸数据中心,咸阳秦都西咸数据中心2号楼站点,咸阳秦都西咸数据中心2号楼D203电力电池机房,铅酸电池,6#UPS蓄电池组1,单体XX电压,10节电池电压,2026-01-14T00:03:18,2.279,V,2-D203电池室（2、4、6、12#UPS）.xlsx,Sheet1,2.279,未知组,Sheet1,8,1863.0,True,2.038,2.279,0.2410000000000001,1,0.9833333333333333,0.8806322229018153,0.37620529972156147,0.6257428767549089,0.5044269231802538,0.24953757703334745,0.4946951978006962,0.3050847457627119,0.0,0.12195121951219512,0.09973884665661281,0.28522328066255165,invalid_or_bad_collection,疑似操作或采集异常,整体动态范围过小，更像平线或轻微波动,/mnt/nvme/projects/battery/output_ups_型号1_原始三分类_v2/单体XX电压/疑似操作或采集异常/单体XX电压__2-D203电池室（2、4、6、12#UPS）.xlsx__Sheet1__咸阳秦都西咸数据中心2号楼D203电力电池机房__6#UPS蓄电池组1__未知组__10节电池电压.png
咸阳秦都西咸数据中心2号楼D203电力电池机房|6#UPS蓄电池组1|未知组|18节电池电压|2-D203电池室（2、4、6、12#UPS）.xlsx|Sheet1|Sheet1,陕西省,咸阳,中国移动西咸数据中心,咸阳秦都西咸数据中心2号楼站点,咸阳秦都西咸数据中心2号楼D203电力电池机房,铅酸电池,6#UPS蓄电池组1,单体XX电压,18节电池电压,2026-01-14T00:31:22,1.996,V,2-D203电池室（2、4、6、12#UPS）.xlsx,Sheet1,1.996,未知组,Sheet1,8,1863.0,True,2.063,2.288,0.22499999999999964,7,0.9833333333333333,0.8811435071755027,0.38429069242697206,0.639106076360835,0.49685281474853066,0.254815383933863,0.5128588907159002,0.3050847457627119,0.0,0.11904761904761904,0.1030034154485805,0.2823155545999879,invalid_or_bad_collection,疑似操作或采集异常,整体动态范围过小，更像平线或轻微波动,/mnt/nvme/projects/battery/output_ups_型号1_原始三分类_v2/单体XX电压/疑似操作或采集异常/单体XX电压__2-D203电池室（2、4、6、12#UPS）.xlsx__Sheet1__咸阳秦都西咸数据中心2号楼D203电力电池机房__6#UPS蓄电池组1__未知组__18节电池电压.png
咸阳秦都西咸数据中心2号楼D203电力电池机房|6#UPS蓄电池组1|未知组|1节电池电压|2-D203电池室（2、4、6、12#UPS）.xlsx|Sheet1|Sheet1,陕西省,咸阳,中国移动西咸数据中心,咸阳秦都西咸数据中心2号楼站点,咸阳秦都西咸数据中心2号楼D203电力电池机房,铅酸电池,6#UPS蓄电池组1,单体XX电压,1节电池电压,2026-01-14T00:18:37,2.257,V,2-D203电池室（2、4、6、12#UPS）.xlsx,Sheet1,2.257,未知组,Sheet1,11,1880.0,True,1.989,2.307,0.31799999999999984,1,0.9833333333333333,0.8854922675271,0.382107737443673,0.6356744089239442,0.503384530083427,0.25356667148027123,0.5037236065528742,0.288135593220339,0.0,0.1282051282051282,0.08817451985543256,0.27985390095437,invalid_or_bad_collection,疑似操作或采集异常,整体动态范围过小，更像平线或轻微波动,/mnt/nvme/projects/battery/output_ups_型号1_原始三分类_v2/单体XX电压/疑似操作或采集异常/单体XX电压__2-D203电池室（2、4、6、12#UPS）.xlsx__Sheet1__咸阳秦都西咸数据中心2号楼D203电力电池机房__6#UPS蓄电池组1__未知组__1节电池电压.png
咸阳秦都西咸数据中心2号楼D203电力电池机房|6#UPS蓄电池组1|未知组|23节电池电压|2-D203电池室（2、4、6、12#UPS）.xlsx|Sheet1|Sheet1,陕西省,咸阳,中国移动西咸数据中心,咸阳秦都西咸数据中心2号楼站点,咸阳秦都西咸数据中心2号楼D203电力电池机房,铅酸电池,6#UPS蓄电池组1,单体XX电压,23节电池电压,2026-01-14T00:00:02,2.244,V,2-D203电池室（2、4、6、12#UPS）.xlsx,Sheet1,2.244,未知组,Sheet1,8,1863.0,True,2.052,2.284,0.23199999999999976,7,0.9833333333333333,0.8835702637109686,0.3757037667167219,0.6256484667775024,0.5078664969942467,0.2499447000607805,0.49214646181211974,0.3050847457627119,0.0,0.125,0.09201954994194383,0.2993515704980807,invalid_or_bad_collection,疑似操作或采集异常,整体动态范围过小，更像平线或轻微波动,/mnt/nvme/projects/battery/output_ups_型号1_原始三分类_v2/单体XX电压/疑似操作或采集异常/单体XX电压__2-D203电池室（2、4、6、12#UPS）.xlsx__Sheet1__咸阳秦都西咸数据中心2号楼D203电力电池机房__6#UPS蓄电池组1__未知组__23节电池电压.png
咸阳秦都西咸数据中心2号楼D203电力电池机房|6#UPS蓄电池组1|未知组|25节电池电压|2-D203电池室（2、4、6、12#UPS）.xlsx|Sheet1|Sheet1,陕西省,咸阳,中国移动西咸数据中心,咸阳秦都西咸数据中心2号楼站点,咸阳秦都西咸数据中心2号楼D203电力电池机房,铅酸电池,6#UPS蓄电池组1,单体XX电压,25节电池电压,2026-01-14T00:00:02,1.923,V,2-D203电池室（2、4、6、12#UPS）.xlsx,Sheet1,1.923,未知组,Sheet1,7,173.0,True,1.682,1.751,0.06899999999999995,7,0.9833333333333333,0.7669878563068554,0.0486797447379121,0.12169936184478024,0.7183081115689433,0.07301961710686813,0.10165500824670097,0.4576271186440678,0.0,0.10526315789473684,0.45961113064859227,0.7850957806779618,invalid_or_bad_collection,疑似操作或采集异常,最低点贴近尾部，缺少谷底后的回升段,/mnt/nvme/projects/battery/output_ups_型号1_原始三分类_v2/单体XX电压/疑似操作或采集异常/单体XX电压__2-D203电池室（2、4、6、12#UPS）.xlsx__Sheet1__咸阳秦都西咸数据中心2号楼D203电力电池机房__6#UPS蓄电池组1__未知组__25节电池电压.png
咸阳秦都西咸数据中心2号楼D203电力电池机房|6#UPS蓄电池组1|未知组|39节电池电压|2-D203电池室（2、4、6、12#UPS）.xlsx|Sheet1|Sheet1,陕西省,咸阳,中国移动西咸数据中心,咸阳秦都西咸数据中心2号楼站点,咸阳秦都西咸数据中心2号楼D203电力电池机房,铅酸电池,6#UPS蓄电池组1,单体XX电压,39节电池电压,2026-01-14T00:31:22,2.0,V,2-D203电池室（2、4、6、12#UPS）.xlsx,Sheet1,2.0,未知组,Sheet1,7,1372.0,True,2.0,2.4,0.3999999999999999,-7,0.9833333333333333,0.9697291303659117,0.26729387155354245,0.447889776810123,0.7024352588123692,0.18059590525658054,0.2570997152176278,1.0,0.0,0.0,0.27986455506984176,0.5400018753362417,invalid_or_bad_collection,疑似操作或采集异常,最低点贴近尾部，缺少谷底后的回升段,/mnt/nvme/projects/battery/output_ups_型号1_原始三分类_v2/单体XX电压/疑似操作或采集异常/单体XX电压__2-D203电池室（2、4、6、12#UPS）.xlsx__Sheet1__咸阳秦都西咸数据中心2号楼D203电力电池机房__6#UPS蓄电池组1__未知组__39节电池电压.png
咸阳秦都西咸数据中心2号楼D203电力电池机房|6#UPS蓄电池组1|未知组|3节电池电压|2-D203电池室（2、4、6、12#UPS）.xlsx|Sheet1|Sheet1,陕西省,咸阳,中国移动西咸数据中心,咸阳秦都西咸数据中心2号楼站点,咸阳秦都西咸数据中心2号楼D203电力电池机房,铅酸电池,6#UPS蓄电池组1,单体XX电压,3节电池电压,2026-01-14T00:31:22,1.993,V,2-D203电池室（2、4、6、12#UPS）.xlsx,Sheet1,1.993,未知组,Sheet1,11,1863.0,True,2.06,2.347,0.2869999999999999,7,0.9833333333333333,0.803939476883086,0.36016843490474826,0.5987572401971454,0.4437710419783377,0.23858880529239712,0.5376394180456782,0.3050847457627119,0.0,0.08620689655172414,0.13229197103803048,0.26091069555586166,invalid_or_bad_collection,疑似操作或采集异常,最低点贴近尾部，缺少谷底后的回升段,/mnt/nvme/projects/battery/output_ups_型号1_原始三分类_v2/单体XX电压/疑似操作或采集异常/单体XX电压__2-D203电池室（2、4、6、12#UPS）.xlsx__Sheet1__咸阳秦都西咸数据中心2号楼D203电力电池机房__6#UPS蓄电池组1__未知组__3节电池电压.png
咸阳秦都西咸数据中心2号楼D203电力电池机房|6#UPS蓄电池组1|未知组|40节电池电压|2-D203电池室（2、4、6、12#UPS）.xlsx|Sheet1|Sheet1,陕西省,咸阳,中国移动西咸数据中心,咸阳秦都西咸数据中心2号楼站点,咸阳秦都西咸数据中心2号楼D203电力电池机房,铅酸电池,6#UPS蓄电池组1,单体XX电压,40节电池电压,2026-01-14T00:31:11,2.013,V,2-D203电池室（2、4、6、12#UPS）.xlsx,Sheet1,2.013,未知组,Sheet1,7,1361.0,True,2.013,2.403,0.3900000000000001,-7,0.9833333333333333,0.9697941453445966,0.26278796836478635,0.4404785270012171,0.7070061769798103,0.17769055863643074,0.25132815549669074,1.0,0.0,0.0,0.2900190420238652,0.5474391311366216,invalid_or_bad_collection,疑似操作或采集异常,最低点贴近尾部，缺少谷底后的回升段,/mnt/nvme/projects/battery/output_ups_型号1_原始三分类_v2/单体XX电压/疑似操作或采集异常/单体XX电压__2-D203电池室（2、4、6、12#UPS）.xlsx__Sheet1__咸阳秦都西咸数据中心2号楼D203电力电池机房__6#UPS蓄电池组1__未知组__40节电池电压.png
咸阳秦都西咸数据中心2号楼D203电力电池机房|6#UPS蓄电池组1|未知组|6节电池电压|2-D203电池室（2、4、6、12#UPS）.xlsx|Sheet1|Sheet1,陕西省,咸阳,中国移动西咸数据中心,咸阳秦都西咸数据中心2号楼站点,咸阳秦都西咸数据中心2号楼D203电力电池机房,铅酸电池,6#UPS蓄电池组1,单体XX电压,6节电池电压,2026-01-14T00:03:28,2.233,V,2-D203电池室（2、4、6、12#UPS）.xlsx,Sheet1,2.233,未知组,Sheet1,10,1880.0,True,1.995,2.293,0.29800000000000004,1,0.9833333333333333,0.8919359751604063,0.37896848948783257,0.6306830764206536,0.5129674856725738,0.251714586932821,0.49070280957882617,0.3050847457627119,0.0,0.13157894736842105,0.08791324254979016,0.2930318172232297,invalid_or_bad_collection,疑似操作或采集异常,整体动态范围过小，更像平线或轻微波动,/mnt/nvme/projects/battery/output_ups_型号1_原始三分类_v2/单体XX电压/疑似操作或采集异常/单体XX电压__2-D203电池室（2、4、6、12#UPS）.xlsx__Sheet1__咸阳秦都西咸数据中心2号楼D203电力电池机房__6#UPS蓄电池组1__未知组__6节电池电压.png
咸阳秦都西咸数据中心2号楼D203电力电池机房|6#UPS蓄电池组1|未知组|86节电池电压|2-D203电池室（2、4、6、12#UPS）.xlsx|Sheet1|Sheet1,陕西省,咸阳,中国移动西咸数据中心,咸阳秦都西咸数据中心2号楼站点,咸阳秦都西咸数据中心2号楼D203电力电池机房,铅酸电池,6#UPS蓄电池组1,单体XX电压,86节电池电压,2026-01-14T00:31:11,2.109,V,2-D203电池室（2、4、6、12#UPS）.xlsx,Sheet1,2.109,未知组,Sheet1,6,892.0,True,2.109,2.393,0.2839999999999998,-7,0.9833333333333333,0.9884272473455327,0.3434535427921467,0.5735409465767688,0.644973704553386,0.2300874037846221,0.3567392000689511,0.864406779661017,0.0,0.0,0.16063842560906827,0.4218299523614444,invalid_or_bad_collection,疑似操作或采集异常,最低点贴近尾部，缺少谷底后的回升段,/mnt/nvme/projects/battery/output_ups_型号1_原始三分类_v2/单体XX电压/疑似操作或采集异常/单体XX电压__2-D203电池室（2、4、6、12#UPS）.xlsx__Sheet1__咸阳秦都西咸数据中心2号楼D203电力电池机房__6#UPS蓄电池组1__未知组__86节电池电压.png
咸阳秦都西咸数据中心2号楼D203电力电池机房|6#UPS蓄电池组2|未知组|126节电池电压|2-D203电池室（2、4、6、12#UPS）.xlsx|Sheet1|Sheet1,陕西省,咸阳,中国移动西咸数据中心,咸阳秦都西咸数据中心2号楼站点,咸阳秦都西咸数据中心2号楼D203电力电池机房,铅酸电池,6#UPS蓄电池组2,单体XX电压,126节电池电压,2026-01-14T00:18:37,2.292,V,2-D203电池室（2、4、6、12#UPS）.xlsx,Sheet1,2.292,未知组,Sheet1,11,1693.0,True,2.002,2.366,0.3640000000000003,1,0.9833333333333333,0.8196945239910111,0.3320070251978573,0.5715415613069552,0.48768749879315376,0.23953453610909792,0.49116398556594815,0.2711864406779661,0.0,0.10256410256410256,0.1115796151432411,0.312535807069247,invalid_or_bad_collection,疑似操作或采集异常,整体动态范围过小，更像平线或轻微波动,/mnt/nvme/projects/battery/output_ups_型号1_原始三分类_v2/单体XX电压/疑似操作或采集异常/单体XX电压__2-D203电池室（2、4、6、12#UPS）.xlsx__Sheet1__咸阳秦都西咸数据中心2号楼D203电力电池机房__6#UPS蓄电池组2__未知组__126节电池电压.png
咸阳秦都西咸数据中心2号楼D203电力电池机房|6#UPS蓄电池组2|未知组|131节电池电压|2-D203电池室（2、4、6、12#UPS）.xlsx|Sheet1|Sheet1,陕西省,咸阳,中国移动西咸数据中心,咸阳秦都西咸数据中心2号楼站点,咸阳秦都西咸数据中心2号楼D203电力电池机房,铅酸电池,6#UPS蓄电池组2,单体XX电压,131节电池电压,2026-01-14T00:03:09,2.348,V,2-D203电池室（2、4、6、12#UPS）.xlsx,Sheet1,2.348,未知组,Sheet1,10,1697.0,True,1.997,2.348,0.35099999999999976,1,0.9833333333333333,0.8457698589679695,0.3403997500539616,0.5832857117995827,0.5053701089140079,0.24288596174562105,0.480610065733705,0.2711864406779661,0.0,0.10526315789473684,0.09538221534028879,0.3164038980873042,invalid_or_bad_collection,疑似操作或采集异常,整体动态范围过小，更像平线或轻微波动,/mnt/nvme/projects/battery/output_ups_型号1_原始三分类_v2/单体XX电压/疑似操作或采集异常/单体XX电压__2-D203电池室（2、4、6、12#UPS）.xlsx__Sheet1__咸阳秦都西咸数据中心2号楼D203电力电池机房__6#UPS蓄电池组2__未知组__131节电池电压.png
咸阳秦都西咸数据中心2号楼D203电力电池机房|6#UPS蓄电池组2|未知组|136节电池电压|2-D203电池室（2、4、6、12#UPS）.xlsx|Sheet1|Sheet1,陕西省,咸阳,中国移动西咸数据中心,咸阳秦都西咸数据中心2号楼站点,咸阳秦都西咸数据中心2号楼D203电力电池机房,铅酸电池,6#UPS蓄电池组2,单体XX电压,136节电池电压,2026-01-14T00:18:37,2.287,V,2-D203电池室（2、4、6、12#UPS）.xlsx,Sheet1,2.287,未知组,Sheet1,8,1222.0,True,1.984,2.36,0.3759999999999999,1,0.9833333333333333,0.9786525681314721,0.2611362546241469,0.4639101188382973,0.7175163135073251,0.2027738642141504,0.2826052315665922,0.8305084745762712,0.0,0.0,0.22935938945420908,0.5275509084142915,invalid_or_bad_collection,疑似操作或采集异常,最低点贴近尾部，缺少谷底后的回升段,/mnt/nvme/projects/battery/output_ups_型号1_原始三分类_v2/单体XX电压/疑似操作或采集异常/单体XX电压__2-D203电池室（2、4、6、12#UPS）.xlsx__Sheet1__咸阳秦都西咸数据中心2号楼D203电力电池机房__6#UPS蓄电池组2__未知组__136节电池电压.png
咸阳秦都西咸数据中心2号楼D203电力电池机房|6#UPS蓄电池组2|未知组|148节电池电压|2-D203电池室（2、4、6、12#UPS）.xlsx|Sheet1|Sheet1,陕西省,咸阳,中国移动西咸数据中心,咸阳秦都西咸数据中心2号楼站点,咸阳秦都西咸数据中心2号楼D203电力电池机房,铅酸电池,6#UPS蓄电池组2,单体XX电压,148节电池电压,2026-01-14T00:18:37,2.256,V,2-D203电池室（2、4、6、12#UPS）.xlsx,Sheet1,2.256,未知组,Sheet1,8,1724.0,True,1.999,2.29,0.2909999999999999,1,0.9833333333333333,0.9015430827810987,0.3618025568418042,0.6041533768257527,0.5397405259392946,0.24235081998394847,0.4490135683496786,0.2542372881355932,0.0,0.11764705882352941,0.07237486181657526,0.32936258087517734,invalid_or_bad_collection,疑似操作或采集异常,整体动态范围过小，更像平线或轻微波动,/mnt/nvme/projects/battery/output_ups_型号1_原始三分类_v2/单体XX电压/疑似操作或采集异常/单体XX电压__2-D203电池室（2、4、6、12#UPS）.xlsx__Sheet1__咸阳秦都西咸数据中心2号楼D203电力电池机房__6#UPS蓄电池组2__未知组__148节电池电压.png
咸阳秦都西咸数据中心2号楼D203电力电池机房|6#UPS蓄电池组2|未知组|190节电池电压|2-D203电池室（2、4、6、12#UPS）.xlsx|Sheet1|Sheet1,陕西省,咸阳,中国移动西咸数据中心,咸阳秦都西咸数据中心2号楼站点,咸阳秦都西咸数据中心2号楼D203电力电池机房,铅酸电池,6#UPS蓄电池组2,单体XX电压,190节电池电压,2026-01-14T00:01:44,2.283,V,2-D203电池室（2、4、6、12#UPS）.xlsx,Sheet1,2.283,未知组,Sheet1,7,1779.0,True,1.985,2.283,0.2979999999999998,1,0.9833333333333333,0.9082855760197185,0.41531719119615984,0.6918077927004925,0.49296838482355865,0.2764906015043327,0.5608688294329955,0.13559322033898305,0.0,0.13333333333333333,0.07929181344751302,0.2995319357842665,invalid_or_bad_collection,疑似操作或采集异常,整体动态范围过小，更像平线或轻微波动,/mnt/nvme/projects/battery/output_ups_型号1_原始三分类_v2/单体XX电压/疑似操作或采集异常/单体XX电压__2-D203电池室（2、4、6、12#UPS）.xlsx__Sheet1__咸阳秦都西咸数据中心2号楼D203电力电池机房__6#UPS蓄电池组2__未知组__190节电池电压.png
咸阳秦都西咸数据中心2号楼D203电力电池机房|6#UPS蓄电池组2|未知组|205节电池电压|2-D203电池室（2、4、6、12#UPS）.xlsx|Sheet1|Sheet1,陕西省,咸阳,中国移动西咸数据中心,咸阳秦都西咸数据中心2号楼站点,咸阳秦都西咸数据中心2号楼D203电力电池机房,铅酸电池,6#UPS蓄电池组2,单体XX电压,205节电池电压,2026-01-14T00:08:11,2.404,V,2-D203电池室（2、4、6、12#UPS）.xlsx,Sheet1,2.404,未知组,Sheet1,7,1188.0,True,1.99,2.353,0.3630000000000002,1,0.9833333333333333,0.9815742446209708,0.24292907624987878,0.4548457990371093,0.738645168371092,0.21191672278723053,0.2868992197805392,1.0,0.0,0.0,0.20360345762723986,0.5377838988112789,invalid_or_bad_collection,疑似操作或采集异常,最低点贴近尾部，缺少谷底后的回升段,/mnt/nvme/projects/battery/output_ups_型号1_原始三分类_v2/单体XX电压/疑似操作或采集异常/单体XX电压__2-D203电池室（2、4、6、12#UPS）.xlsx__Sheet1__咸阳秦都西咸数据中心2号楼D203电力电池机房__6#UPS蓄电池组2__未知组__205节电池电压.png
咸阳秦都西咸数据中心2号楼D203电力电池机房|6#UPS蓄电池组2|未知组|24节电池电压|2-D203电池室（2、4、6、12#UPS）.xlsx|Sheet1|Sheet1,陕西省,咸阳,中国移动西咸数据中心,咸阳秦都西咸数据中心2号楼站点,咸阳秦都西咸数据中心2号楼D203电力电池机房,铅酸电池,6#UPS蓄电池组2,单体XX电压,24节电池电压,2026-01-14T00:04:48,2.29,V,2-D203电池室（2、4、6、12#UPS）.xlsx,Sheet1,2.29,未知组,Sheet1,12,1846.0,True,2.028,2.313,0.28500000000000014,3,0.9833333333333333,0.8523172661891495,0.36381524417283784,0.604773503496967,0.48850202201631165,0.24095825932412918,0.4932594912019091,0.3728813559322034,0.0,0.10344827586206896,0.10363994494350615,0.29673998393489975,invalid_or_bad_collection,疑似操作或采集异常,整体动态范围过小，更像平线或轻微波动,/mnt/nvme/projects/battery/output_ups_型号1_原始三分类_v2/单体XX电压/疑似操作或采集异常/单体XX电压__2-D203电池室（2、4、6、12#UPS）.xlsx__Sheet1__咸阳秦都西咸数据中心2号楼D203电力电池机房__6#UPS蓄电池组2__未知组__24节电池电压.png
咸阳秦都西咸数据中心2号楼D203电力电池机房|6#UPS蓄电池组2|未知组|2节电池电压|2-D203电池室（2、4、6、12#UPS）.xlsx|Sheet1|Sheet1,陕西省,咸阳,中国移动西咸数据中心,咸阳秦都西咸数据中心2号楼站点,咸阳秦都西咸数据中心2号楼D203电力电池机房,铅酸电池,6#UPS蓄电池组2,单体XX电压,2节电池电压,2026-01-14T00:05:12,2.292,V,2-D203电池室（2、4、6、12#UPS）.xlsx,Sheet1,2.292,未知组,Sheet1,11,1830.0,True,2.005,2.308,0.30299999999999994,3,0.9833333333333333,0.8406403257751112,0.379585406143639,0.6313315635227744,0.46105491963147216,0.2517461573791354,0.5460220596590482,0.3050847457627119,0.0,0.125,0.09709238800076891,0.2945368979526405,invalid_or_bad_collection,疑似操作或采集异常,整体动态范围过小，更像平线或轻微波动,/mnt/nvme/projects/battery/output_ups_型号1_原始三分类_v2/单体XX电压/疑似操作或采集异常/单体XX电压__2-D203电池室（2、4、6、12#UPS）.xlsx__Sheet1__咸阳秦都西咸数据中心2号楼D203电力电池机房__6#UPS蓄电池组2__未知组__2节电池电压.png
咸阳秦都西咸数据中心2号楼D203电力电池机房|6#UPS蓄电池组2|未知组|30节电池电压|2-D203电池室（2、4、6、12#UPS）.xlsx|Sheet1|Sheet1,陕西省,咸阳,中国移动西咸数据中心,咸阳秦都西咸数据中心2号楼站点,咸阳秦都西咸数据中心2号楼D203电力电池机房,铅酸电池,6#UPS蓄电池组2,单体XX电压,30节电池电压,2026-01-14T00:00:09,2.281,V,2-D203电池室（2、4、6、12#UPS）.xlsx,Sheet1,2.281,未知组,Sheet1,8,1860.0,True,2.012,2.281,0.26900000000000013,4,0.9833333333333333,0.8924572029919319,0.3783847907174773,0.6298515949261397,0.5140724122744545,0.2514668042086624,0.4891661130129707,0.2542372881355932,0.0,0.10526315789473684,0.08582526484174657,0.29730710124814175,invalid_or_bad_collection,疑似操作或采集异常,整体动态范围过小，更像平线或轻微波动,/mnt/nvme/projects/battery/output_ups_型号1_原始三分类_v2/单体XX电压/疑似操作或采集异常/单体XX电压__2-D203电池室（2、4、6、12#UPS）.xlsx__Sheet1__咸阳秦都西咸数据中心2号楼D203电力电池机房__6#UPS蓄电池组2__未知组__30节电池电压.png
咸阳秦都西咸数据中心2号楼D203电力电池机房|6#UPS蓄电池组2|未知组|32节电池电压|2-D203电池室（2、4、6、12#UPS）.xlsx|Sheet1|Sheet1,陕西省,咸阳,中国移动西咸数据中心,咸阳秦都西咸数据中心2号楼站点,咸阳秦都西咸数据中心2号楼D203电力电池机房,铅酸电池,6#UPS蓄电池组2,单体XX电压,32节电池电压,2026-01-14T00:00:06,2.292,V,2-D203电池室（2、4、6、12#UPS）.xlsx,Sheet1,2.292,未知组,Sheet1,12,1863.0,True,2.015,2.292,0.2769999999999997,4,0.9833333333333333,0.8789323500402247,0.379721908355136,0.6319919592431896,0.49921044168508877,0.25227005088805365,0.5053380885447348,0.3728813559322034,0.0,0.14634146341463414,0.0898313444506188,0.2862866946368282,invalid_or_bad_collection,疑似操作或采集异常,整体动态范围过小，更像平线或轻微波动,/mnt/nvme/projects/battery/output_ups_型号1_原始三分类_v2/单体XX电压/疑似操作或采集异常/单体XX电压__2-D203电池室（2、4、6、12#UPS）.xlsx__Sheet1__咸阳秦都西咸数据中心2号楼D203电力电池机房__6#UPS蓄电池组2__未知组__32节电池电压.png
咸阳秦都西咸数据中心2号楼D203电力电池机房|6#UPS蓄电池组2|未知组|4节电池电压|2-D203电池室（2、4、6、12#UPS）.xlsx|Sheet1|Sheet1,陕西省,咸阳,中国移动西咸数据中心,咸阳秦都西咸数据中心2号楼站点,咸阳秦都西咸数据中心2号楼D203电力电池机房,铅酸电池,6#UPS蓄电池组2,单体XX电压,4节电池电压,2026-01-14T00:00:43,2.229,V,2-D203电池室（2、4、6、12#UPS）.xlsx,Sheet1,2.229,未知组,Sheet1,8,1541.0,True,1.988,2.28,0.2919999999999998,1,0.9833333333333333,0.8974773167986035,0.3782985431118886,0.629980932974493,0.519178773686715,0.2516823898626044,0.4847701834776964,0.2542372881355932,0.0,0.125,0.08334895024424915,0.31473408534280956,invalid_or_bad_collection,疑似操作或采集异常,整体动态范围过小，更像平线或轻微波动,/mnt/nvme/projects/battery/output_ups_型号1_原始三分类_v2/单体XX电压/疑似操作或采集异常/单体XX电压__2-D203电池室（2、4、6、12#UPS）.xlsx__Sheet1__咸阳秦都西咸数据中心2号楼D203电力电池机房__6#UPS蓄电池组2__未知组__4节电池电压.png
咸阳秦都西咸数据中心2号楼D203电力电池机房|6#UPS蓄电池组2|未知组|59节电池电压|2-D203电池室（2、4、6、12#UPS）.xlsx|Sheet1|Sheet1,陕西省,咸阳,中国移动西咸数据中心,咸阳秦都西咸数据中心2号楼站点,咸阳秦都西咸数据中心2号楼D203电力电池机房,铅酸电池,6#UPS蓄电池组2,单体XX电压,59节电池电压,2026-01-14T00:04:44,2.232,V,2-D203电池室（2、4、6、12#UPS）.xlsx,Sheet1,2.232,未知组,Sheet1,6,1289.0,True,2.028,2.284,0.2559999999999998,7,0.9833333333333333,0.8584464241204962,0.3932631330234364,0.6552742469309437,0.4651832910970598,0.2620111139075073,0.5632427440081813,0.13559322033898305,0.0,0.07142857142857142,0.09941345732008833,0.2616496360696503,invalid_or_bad_collection,疑似操作或采集异常,整体动态范围过小，更像平线或轻微波动,/mnt/nvme/projects/battery/output_ups_型号1_原始三分类_v2/单体XX电压/疑似操作或采集异常/单体XX电压__2-D203电池室（2、4、6、12#UPS）.xlsx__Sheet1__咸阳秦都西咸数据中心2号楼D203电力电池机房__6#UPS蓄电池组2__未知组__59节电池电压.png
咸阳秦都西咸数据中心2号楼D203电力电池机房|6#UPS蓄电池组2|未知组|66节电池电压|2-D203电池室（2、4、6、12#UPS）.xlsx|Sheet1|Sheet1,陕西省,咸阳,中国移动西咸数据中心,咸阳秦都西咸数据中心2号楼站点,咸阳秦都西咸数据中心2号楼D203电力电池机房,铅酸电池,6#UPS蓄电池组2,单体XX电压,66节电池电压,2026-01-14T00:04:38,2.227,V,2-D203电池室（2、4、6、12#UPS）.xlsx,Sheet1,2.227,未知组,Sheet1,6,1296.0,True,2.037,2.279,0.242,7,0.9833333333333333,0.8568765308313042,0.40329211736601944,0.6716292566179813,0.4535844134652848,0.2683371392519619,0.5915925033894637,0.13559322033898305,0.0,0.06896551724137931,0.11990337780890914,0.2671837401361157,invalid_or_bad_collection,疑似操作或采集异常,整体动态范围过小，更像平线或轻微波动,/mnt/nvme/projects/battery/output_ups_型号1_原始三分类_v2/单体XX电压/疑似操作或采集异常/单体XX电压__2-D203电池室（2、4、6、12#UPS）.xlsx__Sheet1__咸阳秦都西咸数据中心2号楼D203电力电池机房__6#UPS蓄电池组2__未知组__66节电池电压.png
咸阳秦都西咸数据中心2号楼D203电力电池机房|6#UPS蓄电池组2|未知组|90节电池电压|2-D203电池室（2、4、6、12#UPS）.xlsx|Sheet1|Sheet1,陕西省,咸阳,中国移动西咸数据中心,咸阳秦都西咸数据中心2号楼站点,咸阳秦都西咸数据中心2号楼D203电力电池机房,铅酸电池,6#UPS蓄电池组2,单体XX电压,90节电池电压,2026-01-14T00:31:09,2.036,V,2-D203电池室（2、4、6、12#UPS）.xlsx,Sheet1,2.036,未知组,Sheet1,6,1635.0,True,2.036,2.275,0.23899999999999988,7,0.9833333333333333,0.8556069961695209,0.41927617353840674,0.6984587672787035,0.4363308226311141,0.27918259374029675,0.6398415574149885,0.13559322033898305,0.0,0.05555555555555555,0.15396638374463711,0.27844591211261893,invalid_or_bad_collection,疑似操作或采集异常,最低点贴近尾部，缺少谷底后的回升段,/mnt/nvme/projects/battery/output_ups_型号1_原始三分类_v2/单体XX电压/疑似操作或采集异常/单体XX电压__2-D203电池室（2、4、6、12#UPS）.xlsx__Sheet1__咸阳秦都西咸数据中心2号楼D203电力电池机房__6#UPS蓄电池组2__未知组__90节电池电压.png
咸阳秦都西咸数据中心2号楼D203电力电池机房|1#UPS蓄电池组2|未知组|166节电池电压|2-D203（1、3、5、11#UPS）.xlsx|Sheet1|Sheet1,陕西省,咸阳,中国移动西咸数据中心,咸阳秦都西咸数据中心2号楼站点,咸阳秦都西咸数据中心2号楼D203电力电池机房,铅酸电池,1#UPS蓄电池组2,单体XX电压,166节电池电压,2026-01-07T00:05:18,2.074,V,2-D203（1、3、5、11#UPS）.xlsx,Sheet1,2.074,未知组,Sheet1,6,288.0,True,1.953,2.381,0.4279999999999997,7,0.9833333333333333,0.8057896043232401,0.03225308889862127,0.09127742814266833,0.7735365154246189,0.05902433924404706,0.07630452860437001,0.1694915254237288,0.0,0.017241379310344827,0.389746765298871,0.9014581952678379,invalid_or_bad_collection,疑似操作或采集异常,最低点贴近尾部，缺少谷底后的回升段,/mnt/nvme/projects/battery/output_ups_型号1_原始三分类_v2/单体XX电压/疑似操作或采集异常/单体XX电压__2-D203（1、3、5、11#UPS）.xlsx__Sheet1__咸阳秦都西咸数据中心2号楼D203电力电池机房__1#UPS蓄电池组2__未知组__166节电池电压.png
咸阳秦都西咸数据中心2号楼D203电力电池机房|11#UPS蓄电池组1|未知组|147节电池电压|2-D203（1、3、5、11#UPS）.xlsx|Sheet1|Sheet1,陕西省,咸阳,中国移动西咸数据中心,咸阳秦都西咸数据中心2号楼站点,咸阳秦都西咸数据中心2号楼D203电力电池机房,铅酸电池,11#UPS蓄电池组1,单体XX电压,147节电池电压,2026-01-07T00:01:36,2.395,V,2-D203（1、3、5、11#UPS）.xlsx,Sheet1,2.395,未知组,Sheet1,19,1758.0,True,2.066,2.395,0.3290000000000002,-7,0.9833333333333333,0.8976995518876429,0.36987782092353544,0.6115980511608647,0.5278217309641076,0.2417202302373293,0.45795808622326023,0.6610169491525424,0.0,0.1724137931034483,0.09266355050885733,0.30868426301080687,invalid_or_bad_collection,疑似操作或采集异常,整体动态范围过小，更像平线或轻微波动,/mnt/nvme/projects/battery/output_ups_型号1_原始三分类_v2/单体XX电压/疑似操作或采集异常/单体XX电压__2-D203（1、3、5、11#UPS）.xlsx__Sheet1__咸阳秦都西咸数据中心2号楼D203电力电池机房__11#UPS蓄电池组1__未知组__147节电池电压.png
咸阳秦都西咸数据中心2号楼D203电力电池机房|11#UPS蓄电池组1|未知组|165节电池电压|2-D203（1、3、5、11#UPS）.xlsx|Sheet1|Sheet1,陕西省,咸阳,中国移动西咸数据中心,咸阳秦都西咸数据中心2号楼站点,咸阳秦都西咸数据中心2号楼D203电力电池机房,铅酸电池,11#UPS蓄电池组1,单体XX电压,165节电池电压,2026-01-07T00:29:13,2.105,V,2-D203（1、3、5、11#UPS）.xlsx,Sheet1,2.105,未知组,Sheet1,8,1775.0,True,1.982,2.422,0.44000000000000017,7,0.9833333333333333,0.864678652793969,0.35853051257354585,0.6001436878343862,0.5061481402204232,0.24161317526084036,0.4773566384700401,0.4406779661016949,0.0,0.024390243902439025,0.1396261061222862,0.3961643499757245,invalid_or_bad_collection,疑似操作或采集异常,最低点贴近尾部，缺少谷底后的回升段,/mnt/nvme/projects/battery/output_ups_型号1_原始三分类_v2/单体XX电压/疑似操作或采集异常/单体XX电压__2-D203（1、3、5、11#UPS）.xlsx__Sheet1__咸阳秦都西咸数据中心2号楼D203电力电池机房__11#UPS蓄电池组1__未知组__165节电池电压.png
咸阳秦都西咸数据中心2号楼D203电力电池机房|11#UPS蓄电池组1|未知组|172节电池电压|2-D203（1、3、5、11#UPS）.xlsx|Sheet1|Sheet1,陕西省,咸阳,中国移动西咸数据中心,咸阳秦都西咸数据中心2号楼站点,咸阳秦都西咸数据中心2号楼D203电力电池机房,铅酸电池,11#UPS蓄电池组1,单体XX电压,172节电池电压,2026-01-07T00:11:23,2.305,V,2-D203（1、3、5、11#UPS）.xlsx,Sheet1,2.305,未知组,Sheet1,9,778.0,True,2.053,2.371,0.31800000000000006,-7,0.9833333333333333,0.8872088141945988,0.3888773522607868,0.6455003821260844,0.49833146193381206,0.2566230298652976,0.5149645345579595,0.2542372881355932,0.0,0.06896551724137931,0.1315217974249583,0.3217552529064984,invalid_or_bad_collection,疑似操作或采集异常,最低点贴近尾部，缺少谷底后的回升段,/mnt/nvme/projects/battery/output_ups_型号1_原始三分类_v2/单体XX电压/疑似操作或采集异常/单体XX电压__2-D203（1、3、5、11#UPS）.xlsx__Sheet1__咸阳秦都西咸数据中心2号楼D203电力电池机房__11#UPS蓄电池组1__未知组__172节电池电压.png
咸阳秦都西咸数据中心2号楼D203电力电池机房|11#UPS蓄电池组1|未知组|181节电池电压|2-D203（1、3、5、11#UPS）.xlsx|Sheet1|Sheet1,陕西省,咸阳,中国移动西咸数据中心,咸阳秦都西咸数据中心2号楼站点,咸阳秦都西咸数据中心2号楼D203电力电池机房,铅酸电池,11#UPS蓄电池组1,单体XX电压,181节电池电压,2026-01-07T00:16:08,2.304,V,2-D203（1、3、5、11#UPS）.xlsx,Sheet1,2.304,未知组,Sheet1,12,1094.0,True,2.121,2.373,0.2520000000000002,-3,0.9833333333333333,0.8225621622796995,0.3979043919201437,0.6638670741565738,0.42465777035955576,0.26596268223643005,0.6262988697579742,0.3728813559322034,0.0,0.11538461538461539,0.1375685764578034,0.2985942539656503,invalid_or_bad_collection,疑似操作或采集异常,最低点贴近尾部，缺少谷底后的回升段,/mnt/nvme/projects/battery/output_ups_型号1_原始三分类_v2/单体XX电压/疑似操作或采集异常/单体XX电压__2-D203（1、3、5、11#UPS）.xlsx__Sheet1__咸阳秦都西咸数据中心2号楼D203电力电池机房__11#UPS蓄电池组1__未知组__181节电池电压.png
咸阳秦都西咸数据中心2号楼D203电力电池机房|11#UPS蓄电池组1|未知组|20节电池电压|2-D203（1、3、5、11#UPS）.xlsx|Sheet1|Sheet1,陕西省,咸阳,中国移动西咸数据中心,咸阳秦都西咸数据中心2号楼站点,咸阳秦都西咸数据中心2号楼D203电力电池机房,铅酸电池,11#UPS蓄电池组1,单体XX电压,20节电池电压,2026-01-07T00:35:17,1.821,V,2-D203（1、3、5、11#UPS）.xlsx,Sheet1,1.821,未知组,Sheet1,7,1052.0,True,1.688,2.007,0.3190000000000002,7,0.9833333333333333,0.6839033333934679,0.012217052380699454,0.030542630951748587,0.6716862810127684,0.018325578571049134,0.027282943037238886,1.0,0.0,0.0,0.45041091584004517,0.7831924292356123,invalid_or_bad_collection,疑似操作或采集异常,最低点贴近尾部，缺少谷底后的回升段,/mnt/nvme/projects/battery/output_ups_型号1_原始三分类_v2/单体XX电压/疑似操作或采集异常/单体XX电压__2-D203（1、3、5、11#UPS）.xlsx__Sheet1__咸阳秦都西咸数据中心2号楼D203电力电池机房__11#UPS蓄电池组1__未知组__20节电池电压.png
咸阳秦都西咸数据中心2号楼D203电力电池机房|11#UPS蓄电池组1|未知组|28节电池电压|2-D203（1、3、5、11#UPS）.xlsx|Sheet1|Sheet1,陕西省,咸阳,中国移动西咸数据中心,咸阳秦都西咸数据中心2号楼站点,咸阳秦都西咸数据中心2号楼D203电力电池机房,铅酸电池,11#UPS蓄电池组1,单体XX电压,28节电池电压,2026-01-07T00:29:07,2.136,V,2-D203（1、3、5、11#UPS）.xlsx,Sheet1,2.136,未知组,Sheet1,19,1755.0,True,2.08,2.373,0.29300000000000015,-7,0.9833333333333333,0.864888657007538,0.3392358362385073,0.5606280774162662,0.5256528207690307,0.2213922411777589,0.42117578753346363,0.6440677966101694,0.0,0.1896551724137931,0.1158731139776904,0.37016855178271646,invalid_or_bad_collection,疑似操作或采集异常,整体动态范围过小，更像平线或轻微波动,/mnt/nvme/projects/battery/output_ups_型号1_原始三分类_v2/单体XX电压/疑似操作或采集异常/单体XX电压__2-D203（1、3、5、11#UPS）.xlsx__Sheet1__咸阳秦都西咸数据中心2号楼D203电力电池机房__11#UPS蓄电池组1__未知组__28节电池电压.png
咸阳秦都西咸数据中心2号楼D203电力电池机房|11#UPS蓄电池组1|未知组|31节电池电压|2-D203（1、3、5、11#UPS）.xlsx|Sheet1|Sheet1,陕西省,咸阳,中国移动西咸数据中心,咸阳秦都西咸数据中心2号楼站点,咸阳秦都西咸数据中心2号楼D203电力电池机房,铅酸电池,11#UPS蓄电池组1,单体XX电压,31节电池电压,2026-01-07T00:08:44,2.352,V,2-D203（1、3、5、11#UPS）.xlsx,Sheet1,2.352,未知组,Sheet1,19,1755.0,True,2.06,2.363,0.30299999999999994,1,0.9833333333333333,0.8958223063527533,0.3579456542828929,0.5923014116913548,0.5378766520698604,0.23435575740846187,0.4357053909495926,0.6610169491525424,0.0,0.1896551724137931,0.09277404604340822,0.35433928180639684,invalid_or_bad_collection,疑似操作或采集异常,整体动态范围过小，更像平线或轻微波动,/mnt/nvme/projects/battery/output_ups_型号1_原始三分类_v2/单体XX电压/疑似操作或采集异常/单体XX电压__2-D203（1、3、5、11#UPS）.xlsx__Sheet1__咸阳秦都西咸数据中心2号楼D203电力电池机房__11#UPS蓄电池组1__未知组__31节电池电压.png
咸阳秦都西咸数据中心2号楼D203电力电池机房|11#UPS蓄电池组1|未知组|52节电池电压|2-D203（1、3、5、11#UPS）.xlsx|Sheet1|Sheet1,陕西省,咸阳,中国移动西咸数据中心,咸阳秦都西咸数据中心2号楼站点,咸阳秦都西咸数据中心2号楼D203电力电池机房,铅酸电池,11#UPS蓄电池组1,单体XX电压,52节电池电压,2026-01-07T00:29:17,2.079,V,2-D203（1、3、5、11#UPS）.xlsx,Sheet1,2.079,未知组,Sheet1,17,1755.0,True,2.079,2.348,0.2689999999999997,1,0.9833333333333333,0.9344071288800466,0.37257875759431486,0.614862553982102,0.5618283712857317,0.24228379638778713,0.4312416537493192,0.6440677966101694,0.0,0.1896551724137931,0.08749085528926481,0.3417266276063402,invalid_or_bad_collection,疑似操作或采集异常,整体动态范围过小，更像平线或轻微波动,/mnt/nvme/projects/battery/output_ups_型号1_原始三分类_v2/单体XX电压/疑似操作或采集异常/单体XX电压__2-D203（1、3、5、11#UPS）.xlsx__Sheet1__咸阳秦都西咸数据中心2号楼D203电力电池机房__11#UPS蓄电池组1__未知组__52节电池电压.png
咸阳秦都西咸数据中心2号楼D203电力电池机房|11#UPS蓄电池组1|未知组|54节电池电压|2-D203（1、3、5、11#UPS）.xlsx|Sheet1|Sheet1,陕西省,咸阳,中国移动西咸数据中心,咸阳秦都西咸数据中心2号楼站点,咸阳秦都西咸数据中心2号楼D203电力电池机房,铅酸电池,11#UPS蓄电池组1,单体XX电压,54节电池电压,2026-01-07T00:03:38,2.347,V,2-D203（1、3、5、11#UPS）.xlsx,Sheet1,2.347,未知组,Sheet1,17,1762.0,True,2.047,2.35,0.30299999999999994,1,0.9833333333333333,0.9418846869228392,0.3776100293492139,0.6241672529867589,0.5642746575736253,0.246557223637545,0.4369454128257202,0.6440677966101694,0.0,0.19298245614035087,0.0778252727955876,0.33912700550139363,invalid_or_bad_collection,疑似操作或采集异常,整体动态范围过小，更像平线或轻微波动,/mnt/nvme/projects/battery/output_ups_型号1_原始三分类_v2/单体XX电压/疑似操作或采集异常/单体XX电压__2-D203（1、3、5、11#UPS）.xlsx__Sheet1__咸阳秦都西咸数据中心2号楼D203电力电池机房__11#UPS蓄电池组1__未知组__54节电池电压.png
咸阳秦都西咸数据中心2号楼D203电力电池机房|11#UPS蓄电池组1|未知组|72节电池电压|2-D203（1、3、5、11#UPS）.xlsx|Sheet1|Sheet1,陕西省,咸阳,中国移动西咸数据中心,咸阳秦都西咸数据中心2号楼站点,咸阳秦都西咸数据中心2号楼D203电力电池机房,铅酸电池,11#UPS蓄电池组1,单体XX电压,72节电池电压,2026-01-07T00:41:09,1.735,V,2-D203（1、3、5、11#UPS）.xlsx,Sheet1,1.735,未知组,Sheet1,11,1157.0,True,1.468,2.038,0.5699999999999998,7,0.9833333333333333,0.7862856684187334,0.02792853614422483,0.06731395132724717,0.7583571322745085,0.03938541518302234,0.051935181268698755,1.0,0.0,0.0,0.5123566475618861,0.8067641028077785,invalid_or_bad_collection,疑似操作或采集异常,最低点贴近尾部，缺少谷底后的回升段,/mnt/nvme/projects/battery/output_ups_型号1_原始三分类_v2/单体XX电压/疑似操作或采集异常/单体XX电压__2-D203（1、3、5、11#UPS）.xlsx__Sheet1__咸阳秦都西咸数据中心2号楼D203电力电池机房__11#UPS蓄电池组1__未知组__72节电池电压.png
咸阳秦都西咸数据中心2号楼D203电力电池机房|11#UPS蓄电池组2|未知组|138节电池电压|2-D203（1、3、5、11#UPS）.xlsx|Sheet1|Sheet1,陕西省,咸阳,中国移动西咸数据中心,咸阳秦都西咸数据中心2号楼站点,咸阳秦都西咸数据中心2号楼D203电力电池机房,铅酸电池,11#UPS蓄电池组2,单体XX电压,138节电池电压,2026-01-07T00:12:47,2.317,V,2-D203（1、3、5、11#UPS）.xlsx,Sheet1,2.317,未知组,Sheet1,18,1637.0,True,2.105,2.41,0.30500000000000016,-7,0.9833333333333333,0.8450952176250695,0.3268710422523578,0.5403431415806683,0.5182241753727117,0.21347209932831052,0.41193002770055903,0.6271186440677966,0.0,0.1724137931034483,0.141929939607766,0.3597522783275834,invalid_or_bad_collection,疑似操作或采集异常,最低点贴近尾部，缺少谷底后的回升段,/mnt/nvme/projects/battery/output_ups_型号1_原始三分类_v2/单体XX电压/疑似操作或采集异常/单体XX电压__2-D203（1、3、5、11#UPS）.xlsx__Sheet1__咸阳秦都西咸数据中心2号楼D203电力电池机房__11#UPS蓄电池组2__未知组__138节电池电压.png
咸阳秦都西咸数据中心2号楼D203电力电池机房|11#UPS蓄电池组2|未知组|156节电池电压|2-D203（1、3、5、11#UPS）.xlsx|Sheet1|Sheet1,陕西省,咸阳,中国移动西咸数据中心,咸阳秦都西咸数据中心2号楼站点,咸阳秦都西咸数据中心2号楼D203电力电池机房,铅酸电池,11#UPS蓄电池组2,单体XX电压,156节电池电压,2026-01-07T00:12:20,2.357,V,2-D203（1、3、5、11#UPS）.xlsx,Sheet1,2.357,未知组,Sheet1,18,1762.0,True,2.039,2.359,0.31999999999999984,1,0.9833333333333333,0.8989110468584067,0.3627808154371619,0.6027186576977814,0.5361302314212448,0.23993784226061954,0.44753648973874155,0.6440677966101694,0.0,0.19298245614035087,0.0823743247899239,0.3295990381563706,invalid_or_bad_collection,疑似操作或采集异常,整体动态范围过小，更像平线或轻微波动,/mnt/nvme/projects/battery/output_ups_型号1_原始三分类_v2/单体XX电压/疑似操作或采集异常/单体XX电压__2-D203（1、3、5、11#UPS）.xlsx__Sheet1__咸阳秦都西咸数据中心2号楼D203电力电池机房__11#UPS蓄电池组2__未知组__156节电池电压.png
咸阳秦都西咸数据中心2号楼D203电力电池机房|11#UPS蓄电池组2|未知组|159节电池电压|2-D203（1、3、5、11#UPS）.xlsx|Sheet1|Sheet1,陕西省,咸阳,中国移动西咸数据中心,咸阳秦都西咸数据中心2号楼站点,咸阳秦都西咸数据中心2号楼D203电力电池机房,铅酸电池,11#UPS蓄电池组2,单体XX电压,159节电池电压,2026-01-07T00:06:02,2.369,V,2-D203（1、3、5、11#UPS）.xlsx,Sheet1,2.369,未知组,Sheet1,19,1762.0,True,2.036,2.404,0.3679999999999999,1,0.9833333333333333,0.899377708249692,0.35990447778784135,0.5957413269426597,0.5394732304618506,0.23583684915481834,0.4371613555611532,0.6610169491525424,0.0,0.19298245614035087,0.08949869862864179,0.32193134344345187,invalid_or_bad_collection,疑似操作或采集异常,整体动态范围过小，更像平线或轻微波动,/mnt/nvme/projects/battery/output_ups_型号1_原始三分类_v2/单体XX电压/疑似操作或采集异常/单体XX电压__2-D203（1、3、5、11#UPS）.xlsx__Sheet1__咸阳秦都西咸数据中心2号楼D203电力电池机房__11#UPS蓄电池组2__未知组__159节电池电压.png
咸阳秦都西咸数据中心2号楼D203电力电池机房|11#UPS蓄电池组2|未知组|162节电池电压|2-D203（1、3、5、11#UPS）.xlsx|Sheet1|Sheet1,陕西省,咸阳,中国移动西咸数据中心,咸阳秦都西咸数据中心2号楼站点,咸阳秦都西咸数据中心2号楼D203电力电池机房,铅酸电池,11#UPS蓄电池组2,单体XX电压,162节电池电压,2026-01-07T00:07:07,2.383,V,2-D203（1、3、5、11#UPS）.xlsx,Sheet1,2.383,未知组,Sheet1,19,1769.0,True,2.022,2.384,0.3620000000000001,1,0.9833333333333333,0.9048159691518349,0.3683830848110502,0.6112837588358796,0.5364328843407847,0.2429006740248294,0.45280720228499716,0.6610169491525424,0.0,0.1896551724137931,0.076852165323813,0.3099916532198078,invalid_or_bad_collection,疑似操作或采集异常,整体动态范围过小，更像平线或轻微波动,/mnt/nvme/projects/battery/output_ups_型号1_原始三分类_v2/单体XX电压/疑似操作或采集异常/单体XX电压__2-D203（1、3、5、11#UPS）.xlsx__Sheet1__咸阳秦都西咸数据中心2号楼D203电力电池机房__11#UPS蓄电池组2__未知组__162节电池电压.png
咸阳秦都西咸数据中心2号楼D203电力电池机房|11#UPS蓄电池组2|未知组|173节电池电压|2-D203（1、3、5、11#UPS）.xlsx|Sheet1|Sheet1,陕西省,咸阳,中国移动西咸数据中心,咸阳秦都西咸数据中心2号楼站点,咸阳秦都西咸数据中心2号楼D203电力电池机房,铅酸电池,11#UPS蓄电池组2,单体XX电压,173节电池电压,2026-01-07T00:29:08,2.179,V,2-D203（1、3、5、11#UPS）.xlsx,Sheet1,2.179,未知组,Sheet1,8,1352.0,True,2.019,2.355,0.33599999999999985,1,0.9833333333333333,0.897337326883443,0.3175771541220725,0.5711445302960014,0.5797601727613706,0.25356737617392894,0.4373659793304418,0.2711864406779661,0.0,0.058823529411764705,0.09634837179191891,0.403538692077581,invalid_or_bad_collection,疑似操作或采集异常,整体动态范围过小，更像平线或轻微波动,/mnt/nvme/projects/battery/output_ups_型号1_原始三分类_v2/单体XX电压/疑似操作或采集异常/单体XX电压__2-D203（1、3、5、11#UPS）.xlsx__Sheet1__咸阳秦都西咸数据中心2号楼D203电力电池机房__11#UPS蓄电池组2__未知组__173节电池电压.png
咸阳秦都西咸数据中心2号楼D203电力电池机房|11#UPS蓄电池组2|未知组|189节电池电压|2-D203（1、3、5、11#UPS）.xlsx|Sheet1|Sheet1,陕西省,咸阳,中国移动西咸数据中心,咸阳秦都西咸数据中心2号楼站点,咸阳秦都西咸数据中心2号楼D203电力电池机房,铅酸电池,11#UPS蓄电池组2,单体XX电压,189节电池电压,2026-01-07T00:11:39,2.24,V,2-D203（1、3、5、11#UPS）.xlsx,Sheet1,2.24,未知组,Sheet1,8,1233.0,True,1.687,2.323,0.6359999999999999,7,0.9833333333333333,0.99212644482611,0.005929438242231768,0.01482359560557937,0.9861970065838782,0.008894157363347602,0.009018641605025489,1.0,0.0,0.0,0.9375071781871943,0.9820269823248646,invalid_or_bad_collection,疑似操作或采集异常,最低点贴近尾部，缺少谷底后的回升段,/mnt/nvme/projects/battery/output_ups_型号1_原始三分类_v2/单体XX电压/疑似操作或采集异常/单体XX电压__2-D203（1、3、5、11#UPS）.xlsx__Sheet1__咸阳秦都西咸数据中心2号楼D203电力电池机房__11#UPS蓄电池组2__未知组__189节电池电压.png
咸阳秦都西咸数据中心2号楼D203电力电池机房|11#UPS蓄电池组2|未知组|43节电池电压|2-D203（1、3、5、11#UPS）.xlsx|Sheet1|Sheet1,陕西省,咸阳,中国移动西咸数据中心,咸阳秦都西咸数据中心2号楼站点,咸阳秦都西咸数据中心2号楼D203电力电池机房,铅酸电池,11#UPS蓄电池组2,单体XX电压,43节电池电压,2026-01-07T00:09:33,2.357,V,2-D203（1、3、5、11#UPS）.xlsx,Sheet1,2.357,未知组,Sheet1,18,1756.0,True,2.059,2.361,0.30200000000000005,1,0.9833333333333333,0.8789540891123353,0.36156891976773825,0.5960660322764357,0.517385169344597,0.23449711250869748,0.4532350866425376,0.6610169491525424,0.0,0.1896551724137931,0.0908847225106938,0.35097638171021117,invalid_or_bad_collection,疑似操作或采集异常,整体动态范围过小，更像平线或轻微波动,/mnt/nvme/projects/battery/output_ups_型号1_原始三分类_v2/单体XX电压/疑似操作或采集异常/单体XX电压__2-D203（1、3、5、11#UPS）.xlsx__Sheet1__咸阳秦都西咸数据中心2号楼D203电力电池机房__11#UPS蓄电池组2__未知组__43节电池电压.png
咸阳秦都西咸数据中心2号楼D203电力电池机房|11#UPS蓄电池组2|未知组|80节电池电压|2-D203（1、3、5、11#UPS）.xlsx|Sheet1|Sheet1,陕西省,咸阳,中国移动西咸数据中心,咸阳秦都西咸数据中心2号楼站点,咸阳秦都西咸数据中心2号楼D203电力电池机房,铅酸电池,11#UPS蓄电池组2,单体XX电压,80节电池电压,2026-01-07T00:12:40,2.348,V,2-D203（1、3、5、11#UPS）.xlsx,Sheet1,2.348,未知组,Sheet1,19,1756.0,True,2.058,2.368,0.31000000000000005,6,0.9833333333333333,0.9368635667615123,0.39259924664207074,0.6561108609149965,0.5442643201194415,0.26351161427292574,0.48416110343396335,0.6101694915254238,0.0,0.19642857142857142,0.08580838881120945,0.30907548829344145,invalid_or_bad_collection,疑似操作或采集异常,整体动态范围过小，更像平线或轻微波动,/mnt/nvme/projects/battery/output_ups_型号1_原始三分类_v2/单体XX电压/疑似操作或采集异常/单体XX电压__2-D203（1、3、5、11#UPS）.xlsx__Sheet1__咸阳秦都西咸数据中心2号楼D203电力电池机房__11#UPS蓄电池组2__未知组__80节电池电压.png
咸阳秦都西咸数据中心2号楼D203电力电池机房|3#UPS蓄电池组1|未知组|229节电池电压|2-D203（1、3、5、11#UPS）.xlsx|Sheet1|Sheet1,陕西省,咸阳,中国移动西咸数据中心,咸阳秦都西咸数据中心2号楼站点,咸阳秦都西咸数据中心2号楼D203电力电池机房,铅酸电池,3#UPS蓄电池组1,单体XX电压,229节电池电压,2026-01-07T00:26:10,1.998,V,2-D203（1、3、5、11#UPS）.xlsx,Sheet1,1.998,未知组,Sheet1,9,351.0,True,1.999,2.385,0.3859999999999997,7,0.9833333333333333,0.8603182482257944,0.05404801462743678,0.21764486569924155,0.8062702335983576,0.16359685107180477,0.20290573067391024,0.2542372881355932,0.0,0.08333333333333333,0.28627698955078473,0.7771495445399017,invalid_or_bad_collection,疑似操作或采集异常,最低点贴近尾部，缺少谷底后的回升段,/mnt/nvme/projects/battery/output_ups_型号1_原始三分类_v2/单体XX电压/疑似操作或采集异常/单体XX电压__2-D203（1、3、5、11#UPS）.xlsx__Sheet1__咸阳秦都西咸数据中心2号楼D203电力电池机房__3#UPS蓄电池组1__未知组__229节电池电压.png
咸阳秦都西咸数据中心2号楼D203电力电池机房|3#UPS蓄电池组1|未知组|232节电池电压|2-D203（1、3、5、11#UPS）.xlsx|Sheet1|Sheet1,陕西省,咸阳,中国移动西咸数据中心,咸阳秦都西咸数据中心2号楼站点,咸阳秦都西咸数据中心2号楼D203电力电池机房,铅酸电池,3#UPS蓄电池组1,单体XX电压,232节电池电压,2026-01-07T00:01:15,2.35,V,2-D203（1、3、5、11#UPS）.xlsx,Sheet1,2.35,未知组,Sheet1,9,351.0,True,1.991,2.373,0.3820000000000001,7,0.9833333333333333,0.8602550274878819,0.05533107426953309,0.21756325853101935,0.8049239532183488,0.16223218426148625,0.20154970343630516,0.2542372881355932,0.0,0.08,0.29052627681044596,0.7778216954547673,invalid_or_bad_collection,疑似操作或采集异常,最低点贴近尾部，缺少谷底后的回升段,/mnt/nvme/projects/battery/output_ups_型号1_原始三分类_v2/单体XX电压/疑似操作或采集异常/单体XX电压__2-D203（1、3、5、11#UPS）.xlsx__Sheet1__咸阳秦都西咸数据中心2号楼D203电力电池机房__3#UPS蓄电池组1__未知组__232节电池电压.png
咸阳秦都西咸数据中心2号楼D203电力电池机房|3#UPS蓄电池组1|未知组|234节电池电压|2-D203（1、3、5、11#UPS）.xlsx|Sheet1|Sheet1,陕西省,咸阳,中国移动西咸数据中心,咸阳秦都西咸数据中心2号楼站点,咸阳秦都西咸数据中心2号楼D203电力电池机房,铅酸电池,3#UPS蓄电池组1,单体XX电压,234节电池电压,2026-01-07T00:36:59,2.222,V,2-D203（1、3、5、11#UPS）.xlsx,Sheet1,2.222,未知组,Sheet1,9,1020.0,True,2.014,2.379,0.3650000000000002,-7,0.9833333333333333,0.8954808798901022,0.001320885125770212,0.0033022128144257045,0.894159994764332,0.0019813276886554926,0.002215853648162648,0.2033898305084746,0.0,0.09523809523809523,0.9435743531169528,0.9788620854731144,invalid_or_bad_collection,疑似操作或采集异常,最低点贴近尾部，缺少谷底后的回升段,/mnt/nvme/projects/battery/output_ups_型号1_原始三分类_v2/单体XX电压/疑似操作或采集异常/单体XX电压__2-D203（1、3、5、11#UPS）.xlsx__Sheet1__咸阳秦都西咸数据中心2号楼D203电力电池机房__3#UPS蓄电池组1__未知组__234节电池电压.png
咸阳秦都西咸数据中心2号楼D203电力电池机房|3#UPS蓄电池组1|未知组|239节电池电压|2-D203（1、3、5、11#UPS）.xlsx|Sheet1|Sheet1,陕西省,咸阳,中国移动西咸数据中心,咸阳秦都西咸数据中心2号楼站点,咸阳秦都西咸数据中心2号楼D203电力电池机房,铅酸电池,3#UPS蓄电池组1,单体XX电压,239节电池电压,2026-01-07T00:26:10,2.007,V,2-D203（1、3、5、11#UPS）.xlsx,Sheet1,2.007,未知组,Sheet1,8,351.0,True,2.01,2.367,0.3570000000000002,7,0.9833333333333333,0.8768107085908092,0.059125833302740426,0.23166429772233735,0.8176848752880688,0.17253846441959692,0.21100850636108862,0.22033898305084745,0.0,0.05263157894736842,0.2997105104350355,0.764528251534071,invalid_or_bad_collection,疑似操作或采集异常,最低点贴近尾部，缺少谷底后的回升段,/mnt/nvme/projects/battery/output_ups_型号1_原始三分类_v2/单体XX电压/疑似操作或采集异常/单体XX电压__2-D203（1、3、5、11#UPS）.xlsx__Sheet1__咸阳秦都西咸数据中心2号楼D203电力电池机房__3#UPS蓄电池组1__未知组__239节电池电压.png
咸阳秦都西咸数据中心2号楼D203电力电池机房|3#UPS蓄电池组1|未知组|240节电池电压|2-D203（1、3、5、11#UPS）.xlsx|Sheet1|Sheet1,陕西省,咸阳,中国移动西咸数据中心,咸阳秦都西咸数据中心2号楼站点,咸阳秦都西咸数据中心2号楼D203电力电池机房,铅酸电池,3#UPS蓄电池组1,单体XX电压,240节电池电压,2026-01-07T00:26:24,2.119,V,2-D203（1、3、5、11#UPS）.xlsx,Sheet1,2.119,未知组,Sheet1,8,351.0,True,2.01,2.36,0.3500000000000001,7,0.9833333333333333,0.8480198697615319,0.06107896506799367,0.23503261849451318,0.7869409046935382,0.1739536534265195,0.22105046537543066,0.22033898305084745,0.0,0.043478260869565216,0.2985349973084013,0.762292575853399,invalid_or_bad_collection,疑似操作或采集异常,最低点贴近尾部，缺少谷底后的回升段,/mnt/nvme/projects/battery/output_ups_型号1_原始三分类_v2/单体XX电压/疑似操作或采集异常/单体XX电压__2-D203（1、3、5、11#UPS）.xlsx__Sheet1__咸阳秦都西咸数据中心2号楼D203电力电池机房__3#UPS蓄电池组1__未知组__240节电池电压.png
咸阳秦都西咸数据中心2号楼D203电力电池机房|3#UPS蓄电池组2|未知组|157节电池电压|2-D203（1、3、5、11#UPS）.xlsx|Sheet1|Sheet1,陕西省,咸阳,中国移动西咸数据中心,咸阳秦都西咸数据中心2号楼站点,咸阳秦都西咸数据中心2号楼D203电力电池机房,铅酸电池,3#UPS蓄电池组2,单体XX电压,157节电池电压,2026-01-07T00:01:53,2.353,V,2-D203（1、3、5、11#UPS）.xlsx,Sheet1,2.353,未知组,Sheet1,9,356.0,True,1.993,2.385,0.3919999999999997,5,0.9833333333333333,0.8020102401355189,0.042107883788016984,0.13328325140451666,0.7599023563475019,0.09117536761649968,0.11998300404640719,0.3050847457627119,0.0,0.020833333333333332,0.4463082943215887,0.8515771538773306,invalid_or_bad_collection,疑似操作或采集异常,最低点贴近尾部，缺少谷底后的回升段,/mnt/nvme/projects/battery/output_ups_型号1_原始三分类_v2/单体XX电压/疑似操作或采集异常/单体XX电压__2-D203（1、3、5、11#UPS）.xlsx__Sheet1__咸阳秦都西咸数据中心2号楼D203电力电池机房__3#UPS蓄电池组2__未知组__157节电池电压.png
咸阳秦都西咸数据中心2号楼D203电力电池机房|3#UPS蓄电池组2|未知组|206节电池电压|2-D203（1、3、5、11#UPS）.xlsx|Sheet1|Sheet1,陕西省,咸阳,中国移动西咸数据中心,咸阳秦都西咸数据中心2号楼站点,咸阳秦都西咸数据中心2号楼D203电力电池机房,铅酸电池,3#UPS蓄电池组2,单体XX电压,206节电池电压,2026-01-07T00:26:18,2.078,V,2-D203（1、3、5、11#UPS）.xlsx,Sheet1,2.078,未知组,Sheet1,8,356.0,True,1.991,2.371,0.3799999999999999,5,0.9833333333333333,0.843711149194095,0.04632883185165777,0.16876487267815815,0.7973823173424371,0.12243604082650038,0.15354747404107852,0.2711864406779661,0.0,0.05172413793103448,0.3048092473540559,0.8073289758041176,invalid_or_bad_collection,疑似操作或采集异常,最低点贴近尾部，缺少谷底后的回升段,/mnt/nvme/projects/battery/output_ups_型号1_原始三分类_v2/单体XX电压/疑似操作或采集异常/单体XX电压__2-D203（1、3、5、11#UPS）.xlsx__Sheet1__咸阳秦都西咸数据中心2号楼D203电力电池机房__3#UPS蓄电池组2__未知组__206节电池电压.png
咸阳秦都西咸数据中心2号楼D203电力电池机房|3#UPS蓄电池组2|未知组|211节电池电压|2-D203（1、3、5、11#UPS）.xlsx|Sheet1|Sheet1,陕西省,咸阳,中国移动西咸数据中心,咸阳秦都西咸数据中心2号楼站点,咸阳秦都西咸数据中心2号楼D203电力电池机房,铅酸电池,3#UPS蓄电池组2,单体XX电压,211节电池电压,2026-01-07T00:00:01,2.307,V,2-D203（1、3、5、11#UPS）.xlsx,Sheet1,2.307,未知组,Sheet1,8,1022.0,True,2.02,2.368,0.34799999999999986,-7,0.9833333333333333,0.8775055939657648,0.001207135969342327,0.003017839923355725,0.8762984579964225,0.0018107039540133979,0.0020663096407668,0.2542372881355932,0.0,0.13636363636363635,0.8853425066245743,0.9354380150941449,invalid_or_bad_collection,疑似操作或采集异常,最低点贴近尾部，缺少谷底后的回升段,/mnt/nvme/projects/battery/output_ups_型号1_原始三分类_v2/单体XX电压/疑似操作或采集异常/单体XX电压__2-D203（1、3、5、11#UPS）.xlsx__Sheet1__咸阳秦都西咸数据中心2号楼D203电力电池机房__3#UPS蓄电池组2__未知组__211节电池电压.png
咸阳秦都西咸数据中心2号楼D203电力电池机房|3#UPS蓄电池组2|未知组|230节电池电压|2-D203（1、3、5、11#UPS）.xlsx|Sheet1|Sheet1,陕西省,咸阳,中国移动西咸数据中心,咸阳秦都西咸数据中心2号楼站点,咸阳秦都西咸数据中心2号楼D203电力电池机房,铅酸电池,3#UPS蓄电池组2,单体XX电压,230节电池电压,2026-01-07T00:26:11,1.983,V,2-D203（1、3、5、11#UPS）.xlsx,Sheet1,1.983,未知组,Sheet1,7,229.0,True,1.987,2.394,0.40700000000000003,7,0.9833333333333333,0.8679584272804612,0.03736751436509316,0.0951915501552306,0.8305909129153681,0.057824035790137444,0.06961794888600159,0.2542372881355932,0.0,0.06060606060606061,0.45300437796933274,0.8419005345728933,invalid_or_bad_collection,疑似操作或采集异常,最低点贴近尾部，缺少谷底后的回升段,/mnt/nvme/projects/battery/output_ups_型号1_原始三分类_v2/单体XX电压/疑似操作或采集异常/单体XX电压__2-D203（1、3、5、11#UPS）.xlsx__Sheet1__咸阳秦都西咸数据中心2号楼D203电力电池机房__3#UPS蓄电池组2__未知组__230节电池电压.png
咸阳秦都西咸数据中心2号楼D203电力电池机房|5#UPS蓄电池组1|未知组|178节电池电压|2-D203（1、3、5、11#UPS）.xlsx|Sheet1|Sheet1,陕西省,咸阳,中国移动西咸数据中心,咸阳秦都西咸数据中心2号楼站点,咸阳秦都西咸数据中心2号楼D203电力电池机房,铅酸电池,5#UPS蓄电池组1,单体XX电压,178节电池电压,2026-01-07T00:06:23,2.326,V,2-D203（1、3、5、11#UPS）.xlsx,Sheet1,2.326,未知组,Sheet1,15,1072.0,True,2.044,2.408,0.3639999999999999,-3,0.9833333333333333,0.8571387841469792,0.2844818741803109,0.5203254201713367,0.5726569099666683,0.23584354599102575,0.4118409146462796,0.5084745762711864,0.0,0.10344827586206896,0.10311545507151265,0.4159555685524581,invalid_or_bad_collection,疑似操作或采集异常,整体动态范围过小，更像平线或轻微波动,/mnt/nvme/projects/battery/output_ups_型号1_原始三分类_v2/单体XX电压/疑似操作或采集异常/单体XX电压__2-D203（1、3、5、11#UPS）.xlsx__Sheet1__咸阳秦都西咸数据中心2号楼D203电力电池机房__5#UPS蓄电池组1__未知组__178节电池电压.png
咸阳秦都西咸数据中心2号楼D203电力电池机房|5#UPS蓄电池组1|未知组|182节电池电压|2-D203（1、3、5、11#UPS）.xlsx|Sheet1|Sheet1,陕西省,咸阳,中国移动西咸数据中心,咸阳秦都西咸数据中心2号楼站点,咸阳秦都西咸数据中心2号楼D203电力电池机房,铅酸电池,5#UPS蓄电池组1,单体XX电压,182节电池电压,2026-01-07T00:17:04,2.316,V,2-D203（1、3、5、11#UPS）.xlsx,Sheet1,2.316,未知组,Sheet1,12,778.0,True,2.074,2.364,0.29000000000000004,-7,0.9833333333333333,0.8701101958496767,0.27196004052717176,0.5078833193398252,0.598150155322505,0.23592327881265346,0.394421494868674,0.3898305084745763,0.0,0.10344827586206896,0.12751820678746129,0.44378433848913146,invalid_or_bad_collection,疑似操作或采集异常,最低点贴近尾部，缺少谷底后的回升段,/mnt/nvme/projects/battery/output_ups_型号1_原始三分类_v2/单体XX电压/疑似操作或采集异常/单体XX电压__2-D203（1、3、5、11#UPS）.xlsx__Sheet1__咸阳秦都西咸数据中心2号楼D203电力电池机房__5#UPS蓄电池组1__未知组__182节电池电压.png
咸阳秦都西咸数据中心2号楼D203电力电池机房|5#UPS蓄电池组1|未知组|185节电池电压|2-D203（1、3、5、11#UPS）.xlsx|Sheet1|Sheet1,陕西省,咸阳,中国移动西咸数据中心,咸阳秦都西咸数据中心2号楼站点,咸阳秦都西咸数据中心2号楼D203电力电池机房,铅酸电池,5#UPS蓄电池组1,单体XX电压,185节电池电压,2026-01-07T00:10:10,2.37,V,2-D203（1、3、5、11#UPS）.xlsx,Sheet1,2.37,未知组,Sheet1,21,1682.0,True,2.092,2.409,0.3169999999999997,-7,0.9833333333333333,0.8415593045751695,0.3410269692160518,0.5478398537789865,0.5005323353591177,0.20681288456293467,0.4131858614116638,0.6610169491525424,0.0,0.17857142857142858,0.08208518809284915,0.3488366588835027,invalid_or_bad_collection,疑似操作或采集异常,整体动态范围过小，更像平线或轻微波动,/mnt/nvme/projects/battery/output_ups_型号1_原始三分类_v2/单体XX电压/疑似操作或采集异常/单体XX电压__2-D203（1、3、5、11#UPS）.xlsx__Sheet1__咸阳秦都西咸数据中心2号楼D203电力电池机房__5#UPS蓄电池组1__未知组__185节电池电压.png
咸阳秦都西咸数据中心2号楼D203电力电池机房|5#UPS蓄电池组1|未知组|192节电池电压|2-D203（1、3、5、11#UPS）.xlsx|Sheet1|Sheet1,陕西省,咸阳,中国移动西咸数据中心,咸阳秦都西咸数据中心2号楼站点,咸阳秦都西咸数据中心2号楼D203电力电池机房,铅酸电池,5#UPS蓄电池组1,单体XX电压,192节电池电压,2026-01-07T00:06:02,2.398,V,2-D203（1、3、5、11#UPS）.xlsx,Sheet1,2.398,未知组,Sheet1,16,1099.0,True,2.013,2.396,0.383,1,0.9833333333333333,0.871889536339667,0.2873068461004022,0.534267978814005,0.5845826902392648,0.24696113271360282,0.42245714150391034,0.5084745762711864,0.0,0.13793103448275862,0.10483720476117786,0.4338718814314809,invalid_or_bad_collection,疑似操作或采集异常,整体动态范围过小，更像平线或轻微波动,/mnt/nvme/projects/battery/output_ups_型号1_原始三分类_v2/单体XX电压/疑似操作或采集异常/单体XX电压__2-D203（1、3、5、11#UPS）.xlsx__Sheet1__咸阳秦都西咸数据中心2号楼D203电力电池机房__5#UPS蓄电池组1__未知组__192节电池电压.png
咸阳秦都西咸数据中心2号楼D203电力电池机房|5#UPS蓄电池组1|未知组|198节电池电压|2-D203（1、3、5、11#UPS）.xlsx|Sheet1|Sheet1,陕西省,咸阳,中国移动西咸数据中心,咸阳秦都西咸数据中心2号楼站点,咸阳秦都西咸数据中心2号楼D203电力电池机房,铅酸电池,5#UPS蓄电池组1,单体XX电压,198节电池电压,2026-01-07T00:00:52,2.358,V,2-D203（1、3、5、11#UPS）.xlsx,Sheet1,2.358,未知组,Sheet1,12,796.0,True,2.082,2.351,0.26900000000000013,-7,0.9833333333333333,0.8821141542470057,0.2860221978451794,0.5325225418562096,0.5960919564018263,0.24650034401103021,0.4135273776976394,0.3898305084745763,0.0,0.10344827586206896,0.12889238395195612,0.41945158851140196,invalid_or_bad_collection,疑似操作或采集异常,最低点贴近尾部，缺少谷底后的回升段,/mnt/nvme/projects/battery/output_ups_型号1_原始三分类_v2/单体XX电压/疑似操作或采集异常/单体XX电压__2-D203（1、3、5、11#UPS）.xlsx__Sheet1__咸阳秦都西咸数据中心2号楼D203电力电池机房__5#UPS蓄电池组1__未知组__198节电池电压.png
咸阳秦都西咸数据中心2号楼D203电力电池机房|5#UPS蓄电池组1|未知组|199节电池电压|2-D203（1、3、5、11#UPS）.xlsx|Sheet1|Sheet1,陕西省,咸阳,中国移动西咸数据中心,咸阳秦都西咸数据中心2号楼站点,咸阳秦都西咸数据中心2号楼D203电力电池机房,铅酸电池,5#UPS蓄电池组1,单体XX电压,199节电池电压,2026-01-07T00:15:38,2.365,V,2-D203（1、3、5、11#UPS）.xlsx,Sheet1,2.365,未知组,Sheet1,12,803.0,True,2.082,2.373,0.29100000000000037,-7,0.9833333333333333,0.8975509040818259,0.292645864508796,0.5467001874263878,0.60490503957303,0.25405432291759183,0.4199904214336266,0.3898305084745763,0.0,0.125,0.12008942118624011,0.43001905836787546,invalid_or_bad_collection,疑似操作或采集异常,最低点贴近尾部，缺少谷底后的回升段,/mnt/nvme/projects/battery/output_ups_型号1_原始三分类_v2/单体XX电压/疑似操作或采集异常/单体XX电压__2-D203（1、3、5、11#UPS）.xlsx__Sheet1__咸阳秦都西咸数据中心2号楼D203电力电池机房__5#UPS蓄电池组1__未知组__199节电池电压.png
咸阳秦都西咸数据中心2号楼D203电力电池机房|5#UPS蓄电池组1|未知组|210节电池电压|2-D203（1、3、5、11#UPS）.xlsx|Sheet1|Sheet1,陕西省,咸阳,中国移动西咸数据中心,咸阳秦都西咸数据中心2号楼站点,咸阳秦都西咸数据中心2号楼D203电力电池机房,铅酸电池,5#UPS蓄电池组1,单体XX电压,210节电池电压,2026-01-07T00:10:41,2.299,V,2-D203（1、3、5、11#UPS）.xlsx,Sheet1,2.299,未知组,Sheet1,19,1417.0,True,2.084,2.381,0.2969999999999997,-7,0.9833333333333333,0.9213164811197604,0.3974310463338269,0.6601810673267761,0.5238854347859334,0.26275002099294914,0.501540991684129,0.6101694915254238,0.0,0.1724137931034483,0.07527652606167823,0.3178239589131535,invalid_or_bad_collection,疑似操作或采集异常,整体动态范围过小，更像平线或轻微波动,/mnt/nvme/projects/battery/output_ups_型号1_原始三分类_v2/单体XX电压/疑似操作或采集异常/单体XX电压__2-D203（1、3、5、11#UPS）.xlsx__Sheet1__咸阳秦都西咸数据中心2号楼D203电力电池机房__5#UPS蓄电池组1__未知组__210节电池电压.png
咸阳秦都西咸数据中心2号楼D203电力电池机房|5#UPS蓄电池组1|未知组|222节电池电压|2-D203（1、3、5、11#UPS）.xlsx|Sheet1|Sheet1,陕西省,咸阳,中国移动西咸数据中心,咸阳秦都西咸数据中心2号楼站点,咸阳秦都西咸数据中心2号楼D203电力电池机房,铅酸电池,5#UPS蓄电池组1,单体XX电压,222节电池电压,2026-01-07T00:21:31,2.345,V,2-D203（1、3、5、11#UPS）.xlsx,Sheet1,2.345,未知组,Sheet1,22,1731.0,True,2.122,2.361,0.23900000000000032,-7,0.9833333333333333,0.941949481809251,0.41280137114620774,0.6861220167876453,0.5291481106630432,0.27332064564143754,0.5165295682194283,0.423728813559322,0.0,0.25,0.0551037298490914,0.31043375314335664,invalid_or_bad_collection,疑似操作或采集异常,整体动态范围过小，更像平线或轻微波动,/mnt/nvme/projects/battery/output_ups_型号1_原始三分类_v2/单体XX电压/疑似操作或采集异常/单体XX电压__2-D203（1、3、5、11#UPS）.xlsx__Sheet1__咸阳秦都西咸数据中心2号楼D203电力电池机房__5#UPS蓄电池组1__未知组__222节电池电压.png
咸阳秦都西咸数据中心2号楼D203电力电池机房|5#UPS蓄电池组1|未知组|240节电池电压|2-D203（1、3、5、11#UPS）.xlsx|Sheet1|Sheet1,陕西省,咸阳,中国移动西咸数据中心,咸阳秦都西咸数据中心2号楼站点,咸阳秦都西咸数据中心2号楼D203电力电池机房,铅酸电池,5#UPS蓄电池组1,单体XX电压,240节电池电压,2026-01-07T00:10:10,2.286,V,2-D203（1、3、5、11#UPS）.xlsx,Sheet1,2.286,未知组,Sheet1,21,1693.0,True,2.061,2.355,0.29400000000000004,1,0.9833333333333333,0.9768043494703782,0.419561076850983,0.6967710845926623,0.5572432726193952,0.27721000774167937,0.4974667633781392,0.4406779661016949,0.0,0.25,0.06603932562156556,0.29357580799073957,invalid_or_bad_collection,疑似操作或采集异常,整体动态范围过小，更像平线或轻微波动,/mnt/nvme/projects/battery/output_ups_型号1_原始三分类_v2/单体XX电压/疑似操作或采集异常/单体XX电压__2-D203（1、3、5、11#UPS）.xlsx__Sheet1__咸阳秦都西咸数据中心2号楼D203电力电池机房__5#UPS蓄电池组1__未知组__240节电池电压.png
咸阳秦都西咸数据中心2号楼D203电力电池机房|5#UPS蓄电池组1|未知组|2节电池电压|2-D203（1、3、5、11#UPS）.xlsx|Sheet1|Sheet1,陕西省,咸阳,中国移动西咸数据中心,咸阳秦都西咸数据中心2号楼站点,咸阳秦都西咸数据中心2号楼D203电力电池机房,铅酸电池,5#UPS蓄电池组1,单体XX电压,2节电池电压,2026-01-07T00:17:04,2.334,V,2-D203（1、3、5、11#UPS）.xlsx,Sheet1,2.334,未知组,Sheet1,15,1152.0,True,2.126,2.408,0.28200000000000003,-7,0.9833333333333333,0.8220472666874912,0.33750649451457543,0.5567445962211959,0.48454077217291575,0.21923810170662045,0.45246574456672606,0.4915254237288136,0.0,0.13793103448275862,0.1580166451503866,0.36083420053371273,invalid_or_bad_collection,疑似操作或采集异常,最低点贴近尾部，缺少谷底后的回升段,/mnt/nvme/projects/battery/output_ups_型号1_原始三分类_v2/单体XX电压/疑似操作或采集异常/单体XX电压__2-D203（1、3、5、11#UPS）.xlsx__Sheet1__咸阳秦都西咸数据中心2号楼D203电力电池机房__5#UPS蓄电池组1__未知组__2节电池电压.png
咸阳秦都西咸数据中心2号楼D203电力电池机房|5#UPS蓄电池组1|未知组|49节电池电压|2-D203（1、3、5、11#UPS）.xlsx|Sheet1|Sheet1,陕西省,咸阳,中国移动西咸数据中心,咸阳秦都西咸数据中心2号楼站点,咸阳秦都西咸数据中心2号楼D203电力电池机房,铅酸电池,5#UPS蓄电池组1,单体XX电压,49节电池电压,2026-01-07T00:14:00,2.294,V,2-D203（1、3、5、11#UPS）.xlsx,Sheet1,2.294,未知组,Sheet1,11,1528.0,True,2.035,2.356,0.32099999999999973,2,0.9833333333333333,0.8966535248970157,0.4004244922514302,0.6663995798987844,0.4962290326455855,0.2659750876473542,0.5359925953815063,0.3728813559322034,0.0,0.16216216216216217,0.06403599632229695,0.2826588521273249,invalid_or_bad_collection,疑似操作或采集异常,整体动态范围过小，更像平线或轻微波动,/mnt/nvme/projects/battery/output_ups_型号1_原始三分类_v2/单体XX电压/疑似操作或采集异常/单体XX电压__2-D203（1、3、5、11#UPS）.xlsx__Sheet1__咸阳秦都西咸数据中心2号楼D203电力电池机房__5#UPS蓄电池组1__未知组__49节电池电压.png
咸阳秦都西咸数据中心2号楼D203电力电池机房|5#UPS蓄电池组1|未知组|54节电池电压|2-D203（1、3、5、11#UPS）.xlsx|Sheet1|Sheet1,陕西省,咸阳,中国移动西咸数据中心,咸阳秦都西咸数据中心2号楼站点,咸阳秦都西咸数据中心2号楼D203电力电池机房,铅酸电池,5#UPS蓄电池组1,单体XX电压,54节电池电压,2026-01-07T00:14:00,2.29,V,2-D203（1、3、5、11#UPS）.xlsx,Sheet1,2.29,未知组,Sheet1,14,1508.0,True,2.106,2.367,0.2610000000000001,2,0.9833333333333333,0.7989311377410749,0.39511812682642855,0.6439032849317384,0.4038130109146464,0.24878515810530988,0.6160899989966033,0.5423728813559322,0.0,0.15517241379310345,0.11062626477633286,0.2770908518617968,invalid_or_bad_collection,疑似操作或采集异常,整体动态范围过小，更像平线或轻微波动,/mnt/nvme/projects/battery/output_ups_型号1_原始三分类_v2/单体XX电压/疑似操作或采集异常/单体XX电压__2-D203（1、3、5、11#UPS）.xlsx__Sheet1__咸阳秦都西咸数据中心2号楼D203电力电池机房__5#UPS蓄电池组1__未知组__54节电池电压.png
咸阳秦都西咸数据中心2号楼D203电力电池机房|5#UPS蓄电池组1|未知组|55节电池电压|2-D203（1、3、5、11#UPS）.xlsx|Sheet1|Sheet1,陕西省,咸阳,中国移动西咸数据中心,咸阳秦都西咸数据中心2号楼站点,咸阳秦都西咸数据中心2号楼D203电力电池机房,铅酸电池,5#UPS蓄电池组1,单体XX电压,55节电池电压,2026-01-07T00:29:01,2.137,V,2-D203（1、3、5、11#UPS）.xlsx,Sheet1,2.137,未知组,Sheet1,13,1542.0,True,2.007,2.354,0.347,1,0.9833333333333333,0.9208057495556268,0.3835221513743827,0.6578315491068956,0.537283598181244,0.27430939773251284,0.5105486155738377,0.5423728813559322,0.0,0.1276595744680851,0.12558889329316192,0.317451659895329,invalid_or_bad_collection,疑似操作或采集异常,最低点贴近尾部，缺少谷底后的回升段,/mnt/nvme/projects/battery/output_ups_型号1_原始三分类_v2/单体XX电压/疑似操作或采集异常/单体XX电压__2-D203（1、3、5、11#UPS）.xlsx__Sheet1__咸阳秦都西咸数据中心2号楼D203电力电池机房__5#UPS蓄电池组1__未知组__55节电池电压.png
咸阳秦都西咸数据中心2号楼D203电力电池机房|5#UPS蓄电池组1|未知组|56节电池电压|2-D203（1、3、5、11#UPS）.xlsx|Sheet1|Sheet1,陕西省,咸阳,中国移动西咸数据中心,咸阳秦都西咸数据中心2号楼站点,咸阳秦都西咸数据中心2号楼D203电力电池机房,铅酸电池,5#UPS蓄电池组1,单体XX电压,56节电池电压,2026-01-07T00:29:01,2.142,V,2-D203（1、3、5、11#UPS）.xlsx,Sheet1,2.142,未知组,Sheet1,15,1542.0,True,2.016,2.364,0.34799999999999986,1,0.9833333333333333,0.9458872858881938,0.3819406257871902,0.6553675892401558,0.5639466601010037,0.27342696345296563,0.4848454336428715,0.6101694915254238,0.0,0.14545454545454545,0.12269031130597519,0.3261927399776412,invalid_or_bad_collection,疑似操作或采集异常,最低点贴近尾部，缺少谷底后的回升段,/mnt/nvme/projects/battery/output_ups_型号1_原始三分类_v2/单体XX电压/疑似操作或采集异常/单体XX电压__2-D203（1、3、5、11#UPS）.xlsx__Sheet1__咸阳秦都西咸数据中心2号楼D203电力电池机房__5#UPS蓄电池组1__未知组__56节电池电压.png
咸阳秦都西咸数据中心2号楼D203电力电池机房|5#UPS蓄电池组1|未知组|64节电池电压|2-D203（1、3、5、11#UPS）.xlsx|Sheet1|Sheet1,陕西省,咸阳,中国移动西咸数据中心,咸阳秦都西咸数据中心2号楼站点,咸阳秦都西咸数据中心2号楼D203电力电池机房,铅酸电池,5#UPS蓄电池组1,单体XX电压,64节电池电压,2026-01-07T00:17:04,2.362,V,2-D203（1、3、5、11#UPS）.xlsx,Sheet1,2.362,未知组,Sheet1,9,1465.0,True,2.012,2.394,0.3820000000000001,1,0.9833333333333333,0.9526816695547475,0.4027390091894833,0.6707729692486132,0.5499426603652642,0.2680339600591299,0.4873852837561651,0.3559322033898305,0.0,0.11764705882352941,0.05270687696780041,0.30303013262504863,invalid_or_bad_collection,疑似操作或采集异常,整体动态范围过小，更像平线或轻微波动,/mnt/nvme/projects/battery/output_ups_型号1_原始三分类_v2/单体XX电压/疑似操作或采集异常/单体XX电压__2-D203（1、3、5、11#UPS）.xlsx__Sheet1__咸阳秦都西咸数据中心2号楼D203电力电池机房__5#UPS蓄电池组1__未知组__64节电池电压.png
咸阳秦都西咸数据中心2号楼D203电力电池机房|5#UPS蓄电池组2|未知组|11节电池电压|2-D203（1、3、5、11#UPS）.xlsx|Sheet1|Sheet1,陕西省,咸阳,中国移动西咸数据中心,咸阳秦都西咸数据中心2号楼站点,咸阳秦都西咸数据中心2号楼D203电力电池机房,铅酸电池,5#UPS蓄电池组2,单体XX电压,11节电池电压,2026-01-07T00:14:20,2.35,V,2-D203（1、3、5、11#UPS）.xlsx,Sheet1,2.35,未知组,Sheet1,12,1208.0,True,2.033,2.352,0.31899999999999995,1,0.9833333333333333,0.8901388952481504,0.3255886600267677,0.598366204778495,0.5645502352213827,0.27277754475172733,0.48317674362775465,0.5084745762711864,0.0,0.10714285714285714,0.10788191832800464,0.37545797531919045,invalid_or_bad_collection,疑似操作或采集异常,整体动态范围过小，更像平线或轻微波动,/mnt/nvme/projects/battery/output_ups_型号1_原始三分类_v2/单体XX电压/疑似操作或采集异常/单体XX电压__2-D203（1、3、5、11#UPS）.xlsx__Sheet1__咸阳秦都西咸数据中心2号楼D203电力电池机房__5#UPS蓄电池组2__未知组__11节电池电压.png
咸阳秦都西咸数据中心2号楼D203电力电池机房|5#UPS蓄电池组2|未知组|12节电池电压|2-D203（1、3、5、11#UPS）.xlsx|Sheet1|Sheet1,陕西省,咸阳,中国移动西咸数据中心,咸阳秦都西咸数据中心2号楼站点,咸阳秦都西咸数据中心2号楼D203电力电池机房,铅酸电池,5#UPS蓄电池组2,单体XX电压,12节电池电压,2026-01-07T00:09:17,2.378,V,2-D203（1、3、5、11#UPS）.xlsx,Sheet1,2.378,未知组,Sheet1,14,1191.0,True,2.104,2.378,0.274,-7,0.9833333333333333,0.8892400024405462,0.39311608424719746,0.6468307971462735,0.4961239181933488,0.253714712899076,0.5113938334430488,0.4915254237288136,0.0,0.13793103448275862,0.10548665358361897,0.32001430103156037,invalid_or_bad_collection,疑似操作或采集异常,整体动态范围过小，更像平线或轻微波动,/mnt/nvme/projects/battery/output_ups_型号1_原始三分类_v2/单体XX电压/疑似操作或采集异常/单体XX电压__2-D203（1、3、5、11#UPS）.xlsx__Sheet1__咸阳秦都西咸数据中心2号楼D203电力电池机房__5#UPS蓄电池组2__未知组__12节电池电压.png
咸阳秦都西咸数据中心2号楼D203电力电池机房|5#UPS蓄电池组2|未知组|209节电池电压|2-D203（1、3、5、11#UPS）.xlsx|Sheet1|Sheet1,陕西省,咸阳,中国移动西咸数据中心,咸阳秦都西咸数据中心2号楼站点,咸阳秦都西咸数据中心2号楼D203电力电池机房,铅酸电池,5#UPS蓄电池组2,单体XX电压,209节电池电压,2026-01-07T00:29:01,2.311,V,2-D203（1、3、5、11#UPS）.xlsx,Sheet1,2.311,未知组,Sheet1,15,1744.0,True,2.111,2.359,0.24799999999999978,-7,0.9833333333333333,0.8110917505873989,0.3438366285427186,0.5681523606871585,0.4672551220446803,0.22431573214443984,0.4800712096697335,0.6610169491525424,0.0,0.15517241379310345,0.1149483522583239,0.3606716794942705,invalid_or_bad_collection,疑似操作或采集异常,整体动态范围过小，更像平线或轻微波动,/mnt/nvme/projects/battery/output_ups_型号1_原始三分类_v2/单体XX电压/疑似操作或采集异常/单体XX电压__2-D203（1、3、5、11#UPS）.xlsx__Sheet1__咸阳秦都西咸数据中心2号楼D203电力电池机房__5#UPS蓄电池组2__未知组__209节电池电压.png
咸阳秦都西咸数据中心2号楼D203电力电池机房|5#UPS蓄电池组2|未知组|211节电池电压|2-D203（1、3、5、11#UPS）.xlsx|Sheet1|Sheet1,陕西省,咸阳,中国移动西咸数据中心,咸阳秦都西咸数据中心2号楼站点,咸阳秦都西咸数据中心2号楼D203电力电池机房,铅酸电池,5#UPS蓄电池组2,单体XX电压,211节电池电压,2026-01-07T00:29:11,2.105,V,2-D203（1、3、5、11#UPS）.xlsx,Sheet1,2.105,未知组,Sheet1,14,1457.0,True,2.105,2.357,0.2520000000000002,0,0.9833333333333333,0.8809096176778755,0.36282506523625807,0.5991617121368744,0.5180845524416173,0.23633664690061634,0.45617389156005594,0.6101694915254238,0.0,0.1724137931034483,0.10180347079789298,0.34642008858555173,invalid_or_bad_collection,疑似操作或采集异常,整体动态范围过小，更像平线或轻微波动,/mnt/nvme/projects/battery/output_ups_型号1_原始三分类_v2/单体XX电压/疑似操作或采集异常/单体XX电压__2-D203（1、3、5、11#UPS）.xlsx__Sheet1__咸阳秦都西咸数据中心2号楼D203电力电池机房__5#UPS蓄电池组2__未知组__211节电池电压.png
咸阳秦都西咸数据中心2号楼D203电力电池机房|5#UPS蓄电池组2|未知组|213节电池电压|2-D203（1、3、5、11#UPS）.xlsx|Sheet1|Sheet1,陕西省,咸阳,中国移动西咸数据中心,咸阳秦都西咸数据中心2号楼站点,咸阳秦都西咸数据中心2号楼D203电力电池机房,铅酸电池,5#UPS蓄电池组2,单体XX电压,213节电池电压,2026-01-07T00:09:41,2.368,V,2-D203（1、3、5、11#UPS）.xlsx,Sheet1,2.368,未知组,Sheet1,19,1754.0,True,2.052,2.404,0.35199999999999987,7,0.9833333333333333,0.7885003243704766,0.3656064019270598,0.5981452150815367,0.4228939224434168,0.23253881315447694,0.5498750402016372,0.6440677966101694,0.0,0.15789473684210525,0.08791393737023856,0.3267122744842561,invalid_or_bad_collection,疑似操作或采集异常,整体动态范围过小，更像平线或轻微波动,/mnt/nvme/projects/battery/output_ups_型号1_原始三分类_v2/单体XX电压/疑似操作或采集异常/单体XX电压__2-D203（1、3、5、11#UPS）.xlsx__Sheet1__咸阳秦都西咸数据中心2号楼D203电力电池机房__5#UPS蓄电池组2__未知组__213节电池电压.png
咸阳秦都西咸数据中心2号楼D203电力电池机房|5#UPS蓄电池组2|未知组|220节电池电压|2-D203（1、3、5、11#UPS）.xlsx|Sheet1|Sheet1,陕西省,咸阳,中国移动西咸数据中心,咸阳秦都西咸数据中心2号楼站点,咸阳秦都西咸数据中心2号楼D203电力电池机房,铅酸电池,5#UPS蓄电池组2,单体XX电压,220节电池电压,2026-01-07T00:20:03,2.344,V,2-D203（1、3、5、11#UPS）.xlsx,Sheet1,2.344,未知组,Sheet1,10,1475.0,True,2.021,2.348,0.32699999999999996,1,0.9833333333333333,0.9711202406156537,0.31252730449978194,0.5619266055045878,0.6585929361158718,0.2493993010048059,0.37868505255610874,0.5423728813559322,0.0,0.10526315789473684,0.10557813656333737,0.42652149074167356,invalid_or_bad_collection,疑似操作或采集异常,整体动态范围过小，更像平线或轻微波动,/mnt/nvme/projects/battery/output_ups_型号1_原始三分类_v2/单体XX电压/疑似操作或采集异常/单体XX电压__2-D203（1、3、5、11#UPS）.xlsx__Sheet1__咸阳秦都西咸数据中心2号楼D203电力电池机房__5#UPS蓄电池组2__未知组__220节电池电压.png
咸阳秦都西咸数据中心2号楼D203电力电池机房|5#UPS蓄电池组2|未知组|221节电池电压|2-D203（1、3、5、11#UPS）.xlsx|Sheet1|Sheet1,陕西省,咸阳,中国移动西咸数据中心,咸阳秦都西咸数据中心2号楼站点,咸阳秦都西咸数据中心2号楼D203电力电池机房,铅酸电池,5#UPS蓄电池组2,单体XX电压,221节电池电压,2026-01-07T00:09:48,2.38,V,2-D203（1、3、5、11#UPS）.xlsx,Sheet1,2.38,未知组,Sheet1,9,541.0,True,2.098,2.393,0.29499999999999993,-1,0.9833333333333333,0.8223888332123268,0.3578533675926478,0.6157266541680878,0.464535465619679,0.25787328657544,0.5551207714061671,0.2711864406779661,0.0,0.0784313725490196,0.13503199885302364,0.31402909409160307,invalid_or_bad_collection,疑似操作或采集异常,最低点贴近尾部，缺少谷底后的回升段,/mnt/nvme/projects/battery/output_ups_型号1_原始三分类_v2/单体XX电压/疑似操作或采集异常/单体XX电压__2-D203（1、3、5、11#UPS）.xlsx__Sheet1__咸阳秦都西咸数据中心2号楼D203电力电池机房__5#UPS蓄电池组2__未知组__221节电池电压.png
咸阳秦都西咸数据中心2号楼D203电力电池机房|5#UPS蓄电池组2|未知组|223节电池电压|2-D203（1、3、5、11#UPS）.xlsx|Sheet1|Sheet1,陕西省,咸阳,中国移动西咸数据中心,咸阳秦都西咸数据中心2号楼站点,咸阳秦都西咸数据中心2号楼D203电力电池机房,铅酸电池,5#UPS蓄电池组2,单体XX电压,223节电池电压,2026-01-07T00:29:04,2.152,V,2-D203（1、3、5、11#UPS）.xlsx,Sheet1,2.152,未知组,Sheet1,15,1485.0,True,2.009,2.354,0.3450000000000002,1,0.9833333333333333,0.9157720146696426,0.313093827369014,0.5764032355568303,0.6026781873006286,0.2633094081878163,0.43689885132606127,0.576271186440678,0.0,0.18181818181818182,0.05895842825347053,0.3754868586332346,invalid_or_bad_collection,疑似操作或采集异常,整体动态范围过小，更像平线或轻微波动,/mnt/nvme/projects/battery/output_ups_型号1_原始三分类_v2/单体XX电压/疑似操作或采集异常/单体XX电压__2-D203（1、3、5、11#UPS）.xlsx__Sheet1__咸阳秦都西咸数据中心2号楼D203电力电池机房__5#UPS蓄电池组2__未知组__223节电池电压.png
咸阳秦都西咸数据中心2号楼D203电力电池机房|5#UPS蓄电池组2|未知组|224节电池电压|2-D203（1、3、5、11#UPS）.xlsx|Sheet1|Sheet1,陕西省,咸阳,中国移动西咸数据中心,咸阳秦都西咸数据中心2号楼站点,咸阳秦都西咸数据中心2号楼D203电力电池机房,铅酸电池,5#UPS蓄电池组2,单体XX电压,224节电池电压,2026-01-07T00:11:12,2.36,V,2-D203（1、3、5、11#UPS）.xlsx,Sheet1,2.36,未知组,Sheet1,6,248.0,True,2.106,2.372,0.266,-7,0.9833333333333333,0.8396321405114574,0.23288931692507286,0.5074415410849725,0.6067428235863845,0.27455222415989966,0.45250180642360527,0.1694915254237288,0.0,0.09523809523809523,0.15143829026841737,0.4524493390301981,invalid_or_bad_collection,疑似操作或采集异常,最低点贴近尾部，缺少谷底后的回升段,/mnt/nvme/projects/battery/output_ups_型号1_原始三分类_v2/单体XX电压/疑似操作或采集异常/单体XX电压__2-D203（1、3、5、11#UPS）.xlsx__Sheet1__咸阳秦都西咸数据中心2号楼D203电力电池机房__5#UPS蓄电池组2__未知组__224节电池电压.png
咸阳秦都西咸数据中心2号楼D203电力电池机房|5#UPS蓄电池组2|未知组|233节电池电压|2-D203（1、3、5、11#UPS）.xlsx|Sheet1|Sheet1,陕西省,咸阳,中国移动西咸数据中心,咸阳秦都西咸数据中心2号楼站点,咸阳秦都西咸数据中心2号楼D203电力电池机房,铅酸电池,5#UPS蓄电池组2,单体XX电压,233节电池电压,2026-01-07T00:29:18,2.083,V,2-D203（1、3、5、11#UPS）.xlsx,Sheet1,2.083,未知组,Sheet1,15,1191.0,True,2.025,2.344,0.31899999999999995,7,0.9833333333333333,0.8956780326303961,0.28011978181666297,0.5590857940408833,0.6155582508137332,0.27896601222422035,0.45319189760230033,0.4576271186440678,0.0,0.1568627450980392,0.10558600365208948,0.43361032527423315,invalid_or_bad_collection,疑似操作或采集异常,整体动态范围过小，更像平线或轻微波动,/mnt/nvme/projects/battery/output_ups_型号1_原始三分类_v2/单体XX电压/疑似操作或采集异常/单体XX电压__2-D203（1、3、5、11#UPS）.xlsx__Sheet1__咸阳秦都西咸数据中心2号楼D203电力电池机房__5#UPS蓄电池组2__未知组__233节电池电压.png
咸阳秦都西咸数据中心2号楼D203电力电池机房|5#UPS蓄电池组2|未知组|24节电池电压|2-D203（1、3、5、11#UPS）.xlsx|Sheet1|Sheet1,陕西省,咸阳,中国移动西咸数据中心,咸阳秦都西咸数据中心2号楼站点,咸阳秦都西咸数据中心2号楼D203电力电池机房,铅酸电池,5#UPS蓄电池组2,单体XX电压,24节电池电压,2026-01-07T00:13:41,2.335,V,2-D203（1、3、5、11#UPS）.xlsx,Sheet1,2.335,未知组,Sheet1,14,1499.0,True,2.04,2.414,0.3740000000000001,7,0.9833333333333333,0.8768195699836059,0.32593002548824285,0.5728318448249092,0.550889544495363,0.24690181933666638,0.44818752026715425,0.5254237288135594,0.0,0.14285714285714285,0.1159097535797472,0.3865981949695343,invalid_or_bad_collection,疑似操作或采集异常,整体动态范围过小，更像平线或轻微波动,/mnt/nvme/projects/battery/output_ups_型号1_原始三分类_v2/单体XX电压/疑似操作或采集异常/单体XX电压__2-D203（1、3、5、11#UPS）.xlsx__Sheet1__咸阳秦都西咸数据中心2号楼D203电力电池机房__5#UPS蓄电池组2__未知组__24节电池电压.png
咸阳秦都西咸数据中心2号楼D203电力电池机房|5#UPS蓄电池组2|未知组|25节电池电压|2-D203（1、3、5、11#UPS）.xlsx|Sheet1|Sheet1,陕西省,咸阳,中国移动西咸数据中心,咸阳秦都西咸数据中心2号楼站点,咸阳秦都西咸数据中心2号楼D203电力电池机房,铅酸电池,5#UPS蓄电池组2,单体XX电压,25节电池电压,2026-01-07T00:11:32,2.366,V,2-D203（1、3、5、11#UPS）.xlsx,Sheet1,2.366,未知组,Sheet1,14,1499.0,True,2.041,2.422,0.3810000000000002,-2,0.9833333333333333,0.908702972585304,0.3033948422702805,0.5492373138546852,0.6053081303150234,0.2458424715844047,0.406144340156666,0.5423728813559322,0.0,0.15384615384615385,0.0778161846119294,0.4099201401788086,invalid_or_bad_collection,疑似操作或采集异常,整体动态范围过小，更像平线或轻微波动,/mnt/nvme/projects/battery/output_ups_型号1_原始三分类_v2/单体XX电压/疑似操作或采集异常/单体XX电压__2-D203（1、3、5、11#UPS）.xlsx__Sheet1__咸阳秦都西咸数据中心2号楼D203电力电池机房__5#UPS蓄电池组2__未知组__25节电池电压.png
咸阳秦都西咸数据中心2号楼D203电力电池机房|5#UPS蓄电池组2|未知组|5节电池电压|2-D203（1、3、5、11#UPS）.xlsx|Sheet1|Sheet1,陕西省,咸阳,中国移动西咸数据中心,咸阳秦都西咸数据中心2号楼站点,咸阳秦都西咸数据中心2号楼D203电力电池机房,铅酸电池,5#UPS蓄电池组2,单体XX电压,5节电池电压,2026-01-07T00:14:24,2.373,V,2-D203（1、3、5、11#UPS）.xlsx,Sheet1,2.373,未知组,Sheet1,14,1503.0,True,2.026,2.384,0.3580000000000001,1,0.9833333333333333,0.8928617668339677,0.32498437857668616,0.5654050565071357,0.5678773882572815,0.24042067793044952,0.4233672311639176,0.6271186440677966,0.0,0.1724137931034483,0.08811270088005829,0.3647106422944678,invalid_or_bad_collection,疑似操作或采集异常,整体动态范围过小，更像平线或轻微波动,/mnt/nvme/projects/battery/output_ups_型号1_原始三分类_v2/单体XX电压/疑似操作或采集异常/单体XX电压__2-D203（1、3、5、11#UPS）.xlsx__Sheet1__咸阳秦都西咸数据中心2号楼D203电力电池机房__5#UPS蓄电池组2__未知组__5节电池电压.png
咸阳秦都西咸数据中心2号楼D203电力电池机房|5#UPS蓄电池组2|未知组|7节电池电压|2-D203（1、3、5、11#UPS）.xlsx|Sheet1|Sheet1,陕西省,咸阳,中国移动西咸数据中心,咸阳秦都西咸数据中心2号楼站点,咸阳秦都西咸数据中心2号楼D203电力电池机房,铅酸电池,5#UPS蓄电池组2,单体XX电压,7节电池电压,2026-01-07T00:09:20,2.29,V,2-D203（1、3、5、11#UPS）.xlsx,Sheet1,2.29,未知组,Sheet1,12,1513.0,True,2.037,2.35,0.31300000000000017,7,0.9833333333333333,0.9012657127172581,0.3678281511801703,0.6428126037281143,0.5334375615370878,0.274984452547944,0.515495105444183,0.6440677966101694,0.0,0.10526315789473684,0.11252940067080719,0.35135601991885546,invalid_or_bad_collection,疑似操作或采集异常,整体动态范围过小，更像平线或轻微波动,/mnt/nvme/projects/battery/output_ups_型号1_原始三分类_v2/单体XX电压/疑似操作或采集异常/单体XX电压__2-D203（1、3、5、11#UPS）.xlsx__Sheet1__咸阳秦都西咸数据中心2号楼D203电力电池机房__5#UPS蓄电池组2__未知组__7节电池电压.png
咸阳秦都西咸数据中心2号楼D203电力电池机房|5#UPS蓄电池组2|未知组|9节电池电压|2-D203（1、3、5、11#UPS）.xlsx|Sheet1|Sheet1,陕西省,咸阳,中国移动西咸数据中心,咸阳秦都西咸数据中心2号楼站点,咸阳秦都西咸数据中心2号楼D203电力电池机房,铅酸电池,5#UPS蓄电池组2,单体XX电压,9节电池电压,2026-01-07T00:14:24,2.291,V,2-D203（1、3、5、11#UPS）.xlsx,Sheet1,2.291,未知组,Sheet1,13,1513.0,True,2.029,2.353,0.3240000000000003,7,0.9833333333333333,0.9049482213595833,0.3687388233588039,0.6433757541723321,0.5362093980007794,0.27463693081352814,0.5121822394857517,0.3898305084745763,0.0,0.15,0.10064209165015459,0.3357549217621002,invalid_or_bad_collection,疑似操作或采集异常,整体动态范围过小，更像平线或轻微波动,/mnt/nvme/projects/battery/output_ups_型号1_原始三分类_v2/单体XX电压/疑似操作或采集异常/单体XX电压__2-D203（1、3、5、11#UPS）.xlsx__Sheet1__咸阳秦都西咸数据中心2号楼D203电力电池机房__5#UPS蓄电池组2__未知组__9节电池电压.png
咸阳秦都西咸数据中心2号楼D203电力电池机房|7#UPS蓄电池组2|未知组|210节电池电压|2-203电池室（7、9）.xlsx|Sheet1|Sheet1,陕西省,咸阳,中国移动西咸数据中心,咸阳秦都西咸数据中心2号楼站点,咸阳秦都西咸数据中心2号楼D203电力电池机房,铅酸电池,7#UPS蓄电池组2,单体XX电压,210节电池电压,2026-01-07T04:09:30,2.449,V,2-203电池室（7、9）.xlsx,Sheet1,2.449,未知组,Sheet1,51,15918.0,False,2.027,2.526,0.49899999999999967,7,0.25,0.4823631464632939,0.10134003852446183,0.8310808254104001,0.3810231079388321,0.7297407868859382,1.915213985100016,0.4666666666666667,0.75,0.08163265306122448,0.5780780413378639,0.08772165942863164,uncertain,不确定,形状介于两类之间，建议人工复核,/mnt/nvme/projects/battery/output_ups_型号1_原始三分类_v2/单体XX电压/不确定/单体XX电压__2-203电池室（7、9）.xlsx__Sheet1__咸阳秦都西咸数据中心2号楼D203电力电池机房__7#UPS蓄电池组2__未知组__210节电池电压.png
咸阳秦都西咸数据中心2号楼D203电力电池机房|7#UPS蓄电池组2|未知组|218节电池电压|2-203电池室（7、9）.xlsx|Sheet1|Sheet1,陕西省,咸阳,中国移动西咸数据中心,咸阳秦都西咸数据中心2号楼站点,咸阳秦都西咸数据中心2号楼D203电力电池机房,铅酸电池,7#UPS蓄电池组2,单体XX电压,218节电池电压,2026-01-07T04:04:10,2.46,V,2-203电池室（7、9）.xlsx,Sheet1,2.46,未知组,Sheet1,49,16291.0,False,2.029,2.543,0.5140000000000002,7,0.25,0.4908194829253772,0.12851200342763563,0.8262277806194056,0.36230747949774156,0.6977157771917699,1.9257559248659208,0.4666666666666667,0.75,0.10638297872340426,0.5780990846667711,0.11287508205499275,uncertain,不确定,形状介于两类之间，建议人工复核,/mnt/nvme/projects/battery/output_ups_型号1_原始三分类_v2/单体XX电压/不确定/单体XX电压__2-203电池室（7、9）.xlsx__Sheet1__咸阳秦都西咸数据中心2号楼D203电力电池机房__7#UPS蓄电池组2__未知组__218节电池电压.png
咸阳秦都西咸数据中心2号楼D203电力电池机房|7#UPS蓄电池组2|未知组|3节电池电压|2-203电池室（7、9）.xlsx|Sheet1|Sheet1,陕西省,咸阳,中国移动西咸数据中心,咸阳秦都西咸数据中心2号楼站点,咸阳秦都西咸数据中心2号楼D203电力电池机房,铅酸电池,7#UPS蓄电池组2,单体XX电压,3节电池电压,2026-01-07T04:28:58,2.479,V,2-203电池室（7、9）.xlsx,Sheet1,2.479,未知组,Sheet1,49,16214.0,False,2.034,2.542,0.508,7,0.25,0.4691449814878719,0.1501532368545044,0.8460655534978807,0.31899174463336755,0.6959123166433763,2.1815997629080393,0.4666666666666667,0.75,0.08333333333333333,0.5672549008858978,0.03176427705176921,uncertain,不确定,形状介于两类之间，建议人工复核,/mnt/nvme/projects/battery/output_ups_型号1_原始三分类_v2/单体XX电压/不确定/单体XX电压__2-203电池室（7、9）.xlsx__Sheet1__咸阳秦都西咸数据中心2号楼D203电力电池机房__7#UPS蓄电池组2__未知组__3节电池电压.png
咸阳秦都西咸数据中心2号楼D203电力电池机房|10#UPS蓄电池组2|未知组|196节电池电压|2-203电池室（8、10）.xlsx|Sheet1|Sheet1,陕西省,咸阳,中国移动西咸数据中心,咸阳秦都西咸数据中心2号楼站点,咸阳秦都西咸数据中心2号楼D203电力电池机房,铅酸电池,10#UPS蓄电池组2,单体XX电压,196节电池电压,2026-01-14T04:01:56,2.415,V,2-203电池室（8、10）.xlsx,Sheet1,2.415,未知组,Sheet1,45,17343.0,False,1.984,2.423,0.43900000000000006,7,0.16666666666666666,0.6351299319847117,0.21466478837738168,0.9379422584022797,0.42046514360733,0.7232774700248981,1.720184132504878,0.7,0.8367346938775511,0.1346153846153846,0.5708715598645488,0.019681416579255928,uncertain,不确定,形状介于两类之间，建议人工复核,/mnt/nvme/projects/battery/output_ups_型号1_原始三分类_v2/单体XX电压/不确定/单体XX电压__2-203电池室（8、10）.xlsx__Sheet1__咸阳秦都西咸数据中心2号楼D203电力电池机房__10#UPS蓄电池组2__未知组__196节电池电压.png
咸阳秦都西咸数据中心2号楼D203电力电池机房|10#UPS蓄电池组2|未知组|205节电池电压|2-203电池室（8、10）.xlsx|Sheet1|Sheet1,陕西省,咸阳,中国移动西咸数据中心,咸阳秦都西咸数据中心2号楼站点,咸阳秦都西咸数据中心2号楼D203电力电池机房,铅酸电池,10#UPS蓄电池组2,单体XX电压,205节电池电压,2026-01-14T04:06:35,2.395,V,2-203电池室（8、10）.xlsx,Sheet1,2.395,未知组,Sheet1,46,16730.0,False,1.981,2.406,0.42500000000000004,7,0.16666666666666666,0.6651022401241917,0.22963492217151757,0.9420150823721911,0.4354673179526741,0.7123801602006735,1.6358981011801113,0.7,0.8571428571428571,0.12962962962962962,0.5338671897846206,0.0380209943151415,uncertain,不确定,形状介于两类之间，建议人工复核,/mnt/nvme/projects/battery/output_ups_型号1_原始三分类_v2/单体XX电压/不确定/单体XX电压__2-203电池室（8、10）.xlsx__Sheet1__咸阳秦都西咸数据中心2号楼D203电力电池机房__10#UPS蓄电池组2__未知组__205节电池电压.png
咸阳秦都西咸数据中心2号楼D203电力电池机房|8#UPS蓄电池组1|未知组|146节电池电压|2-203电池室（8、10）.xlsx|Sheet1|Sheet1,陕西省,咸阳,中国移动西咸数据中心,咸阳秦都西咸数据中心2号楼站点,咸阳秦都西咸数据中心2号楼D203电力电池机房,铅酸电池,8#UPS蓄电池组1,单体XX电压,146节电池电压,2026-01-14T04:06:18,2.427,V,2-203电池室（8、10）.xlsx,Sheet1,2.427,未知组,Sheet1,55,17397.0,False,2.02,2.572,0.552,7,0.16666666666666666,0.48651263536989425,0.1278528385321798,0.8939825527676126,0.35865979683771443,0.7661297142354329,2.1360902974190865,0.7,0.8163265306122449,0.09259259259259259,0.6444522172271919,0.05540407733720942,uncertain,不确定,形状介于两类之间，建议人工复核,/mnt/nvme/projects/battery/output_ups_型号1_原始三分类_v2/单体XX电压/不确定/单体XX电压__2-203电池室（8、10）.xlsx__Sheet1__咸阳秦都西咸数据中心2号楼D203电力电池机房__8#UPS蓄电池组1__未知组__146节电池电压.png
咸阳秦都西咸数据中心2号楼D203电力电池机房|8#UPS蓄电池组1|未知组|212节电池电压|2-203电池室（8、10）.xlsx|Sheet1|Sheet1,陕西省,咸阳,中国移动西咸数据中心,咸阳秦都西咸数据中心2号楼站点,咸阳秦都西咸数据中心2号楼D203电力电池机房,铅酸电池,8#UPS蓄电池组1,单体XX电压,212节电池电压,2026-01-14T00:18:42,2.347,V,2-203电池室（8、10）.xlsx,Sheet1,2.347,未知组,Sheet1,24,8301.0,False,1.989,2.358,0.369,-7,0.4166666666666667,0.9781718339110714,0.006926440851903793,0.7715771984129466,0.9712453930591677,0.7646507575610428,0.7872889408157757,0.48,1.0,0.09615384615384616,0.7467714526288366,0.2215765579048975,uncertain,不确定,形状介于两类之间，建议人工复核,/mnt/nvme/projects/battery/output_ups_型号1_原始三分类_v2/单体XX电压/不确定/单体XX电压__2-203电池室（8、10）.xlsx__Sheet1__咸阳秦都西咸数据中心2号楼D203电力电池机房__8#UPS蓄电池组1__未知组__212节电池电压.png
咸阳秦都西咸数据中心2号楼D203电力电池机房|8#UPS蓄电池组2|未知组|101节电池电压|2-203电池室（8、10）.xlsx|Sheet1|Sheet1,陕西省,咸阳,中国移动西咸数据中心,咸阳秦都西咸数据中心2号楼站点,咸阳秦都西咸数据中心2号楼D203电力电池机房,铅酸电池,8#UPS蓄电池组2,单体XX电压,101节电池电压,2026-01-14T05:06:54,2.452,V,2-203电池室（8、10）.xlsx,Sheet1,2.452,未知组,Sheet1,64,15489.0,True,2.015,2.548,0.5329999999999999,7,0.06666666666666667,0.1815130360092841,0.14658217130619244,0.9542591183812993,0.034930864703091646,0.8076769470751068,23.122156603282274,1.0,0.8363636363636363,0.09259259259259259,0.6841536954400225,0.014080880445486721,uncertain,不确定,形状介于两类之间，建议人工复核,/mnt/nvme/projects/battery/output_ups_型号1_原始三分类_v2/单体XX电压/不确定/单体XX电压__2-203电池室（8、10）.xlsx__Sheet1__咸阳秦都西咸数据中心2号楼D203电力电池机房__8#UPS蓄电池组2__未知组__101节电池电压.png
咸阳秦都西咸数据中心2号楼D203电力电池机房|8#UPS蓄电池组2|未知组|103节电池电压|2-203电池室（8、10）.xlsx|Sheet1|Sheet1,陕西省,咸阳,中国移动西咸数据中心,咸阳秦都西咸数据中心2号楼站点,咸阳秦都西咸数据中心2号楼D203电力电池机房,铅酸电池,8#UPS蓄电池组2,单体XX电压,103节电池电压,2026-01-14T01:15:22,2.186,V,2-203电池室（8、10）.xlsx,Sheet1,2.186,未知组,Sheet1,67,15500.0,True,1.996,2.551,0.5550000000000002,7,0.06666666666666667,0.19899303369884466,0.14970505272409718,0.9473724516809124,0.049287980974747486,0.7976673989568153,16.183811286197457,1.0,0.8,0.09090909090909091,0.6686881322791898,0.04378626433038202,uncertain,不确定,形状介于两类之间，建议人工复核,/mnt/nvme/projects/battery/output_ups_型号1_原始三分类_v2/单体XX电压/不确定/单体XX电压__2-203电池室（8、10）.xlsx__Sheet1__咸阳秦都西咸数据中心2号楼D203电力电池机房__8#UPS蓄电池组2__未知组__103节电池电压.png
咸阳秦都西咸数据中心2号楼D203电力电池机房|8#UPS蓄电池组2|未知组|109节电池电压|2-203电池室（8、10）.xlsx|Sheet1|Sheet1,陕西省,咸阳,中国移动西咸数据中心,咸阳秦都西咸数据中心2号楼站点,咸阳秦都西咸数据中心2号楼D203电力电池机房,铅酸电池,8#UPS蓄电池组2,单体XX电压,109节电池电压,2026-01-14T02:51:15,2.3,V,2-203电池室（8、10）.xlsx,Sheet1,2.3,未知组,Sheet1,12,11663.0,False,1.948,2.3,0.35199999999999987,-7,0.06666666666666667,0.2567911706031956,0.09223898086590229,0.8695844885293172,0.16455218973729333,0.7773455076634149,4.724005825631594,1.0,0.6,0.03508771929824561,0.5897700819188565,0.11935447506622443,uncertain,不确定,形状介于两类之间，建议人工复核,/mnt/nvme/projects/battery/output_ups_型号1_原始三分类_v2/单体XX电压/不确定/单体XX电压__2-203电池室（8、10）.xlsx__Sheet1__咸阳秦都西咸数据中心2号楼D203电力电池机房__8#UPS蓄电池组2__未知组__109节电池电压.png
咸阳秦都西咸数据中心2号楼D203电力电池机房|8#UPS蓄电池组2|未知组|174节电池电压|2-203电池室（8、10）.xlsx|Sheet1|Sheet1,陕西省,咸阳,中国移动西咸数据中心,咸阳秦都西咸数据中心2号楼站点,咸阳秦都西咸数据中心2号楼D203电力电池机房,铅酸电池,8#UPS蓄电池组2,单体XX电压,174节电池电压,2026-01-14T05:05:27,2.297,V,2-203电池室（8、10）.xlsx,Sheet1,2.297,未知组,Sheet1,33,15243.0,False,2.028,2.382,0.3540000000000001,7,0.06666666666666667,0.2399512127051984,0.1956564048038141,0.8222130504552766,0.04429480790138429,0.6265566456514625,14.145148408843943,1.0,0.6909090909090909,0.07272727272727272,0.5803746255803248,0.16238820435626866,uncertain,不确定,形状介于两类之间，建议人工复核,/mnt/nvme/projects/battery/output_ups_型号1_原始三分类_v2/单体XX电压/不确定/单体XX电压__2-203电池室（8、10）.xlsx__Sheet1__咸阳秦都西咸数据中心2号楼D203电力电池机房__8#UPS蓄电池组2__未知组__174节电池电压.png
咸阳秦都西咸数据中心2号楼D203电力电池机房|8#UPS蓄电池组2|未知组|194节电池电压|2-203电池室（8、10）.xlsx|Sheet1|Sheet1,陕西省,咸阳,中国移动西咸数据中心,咸阳秦都西咸数据中心2号楼站点,咸阳秦都西咸数据中心2号楼D203电力电池机房,铅酸电池,8#UPS蓄电池组2,单体XX电压,194节电池电压,2026-01-14T05:04:51,2.549,V,2-203电池室（8、10）.xlsx,Sheet1,2.549,未知组,Sheet1,41,15225.0,True,2.036,2.568,0.532,7,0.06666666666666667,0.15829521296915272,0.13015105785555586,0.9369205248672301,0.028144155113596858,0.8067694670116743,28.665612276856013,1.0,0.7818181818181819,0.2,0.6956602238711725,0.016937734823396333,uncertain,不确定,形状介于两类之间，建议人工复核,/mnt/nvme/projects/battery/output_ups_型号1_原始三分类_v2/单体XX电压/不确定/单体XX电压__2-203电池室（8、10）.xlsx__Sheet1__咸阳秦都西咸数据中心2号楼D203电力电池机房__8#UPS蓄电池组2__未知组__194节电池电压.png
咸阳秦都西咸数据中心2号楼D203电力电池机房|8#UPS蓄电池组2|未知组|230节电池电压|2-203电池室（8、10）.xlsx|Sheet1|Sheet1,陕西省,咸阳,中国移动西咸数据中心,咸阳秦都西咸数据中心2号楼站点,咸阳秦都西咸数据中心2号楼D203电力电池机房,铅酸电池,8#UPS蓄电池组2,单体XX电压,230节电池电压,2026-01-14T01:57:34,2.244,V,2-203电池室（8、10）.xlsx,Sheet1,2.244,未知组,Sheet1,12,11696.0,False,1.935,2.295,0.3599999999999999,-7,0.06666666666666667,0.2872848334846185,0.13356461585400642,0.855047351783606,0.15372021763061205,0.7214827359295997,4.693479767052079,1.0,0.5272727272727272,0.03571428571428571,0.5642973144825163,0.13409158139262944,uncertain,不确定,形状介于两类之间，建议人工复核,/mnt/nvme/projects/battery/output_ups_型号1_原始三分类_v2/单体XX电压/不确定/单体XX电压__2-203电池室（8、10）.xlsx__Sheet1__咸阳秦都西咸数据中心2号楼D203电力电池机房__8#UPS蓄电池组2__未知组__230节电池电压.png
咸阳秦都西咸数据中心2号楼D203电力电池机房|8#UPS蓄电池组2|未知组|65节电池电压|2-203电池室（8、10）.xlsx|Sheet1|Sheet1,陕西省,咸阳,中国移动西咸数据中心,咸阳秦都西咸数据中心2号楼站点,咸阳秦都西咸数据中心2号楼D203电力电池机房,铅酸电池,8#UPS蓄电池组2,单体XX电压,65节电池电压,2026-01-14T05:09:22,2.649,V,2-203电池室（8、10）.xlsx,Sheet1,2.649,未知组,Sheet1,47,15488.0,True,2.1,2.661,0.5609999999999999,7,0.06666666666666667,0.2032675514485199,0.13876315845209303,0.9820373139754099,0.06450439299642688,0.843274155523317,13.07312732168337,1.0,0.9090909090909091,0.05555555555555555,0.6660733626914798,-0.008243458159724826,uncertain,不确定,形状介于两类之间，建议人工复核,/mnt/nvme/projects/battery/output_ups_型号1_原始三分类_v2/单体XX电压/不确定/单体XX电压__2-203电池室（8、10）.xlsx__Sheet1__咸阳秦都西咸数据中心2号楼D203电力电池机房__8#UPS蓄电池组2__未知组__65节电池电压.png
咸阳秦都西咸数据中心2号楼D203电力电池机房|8#UPS蓄电池组2|未知组|90节电池电压|2-203电池室（8、10）.xlsx|Sheet1|Sheet1,陕西省,咸阳,中国移动西咸数据中心,咸阳秦都西咸数据中心2号楼站点,咸阳秦都西咸数据中心2号楼D203电力电池机房,铅酸电池,8#UPS蓄电池组2,单体XX电压,90节电池电压,2026-01-14T02:32:34,2.295,V,2-203电池室（8、10）.xlsx,Sheet1,2.295,未知组,Sheet1,69,15489.0,True,2.005,2.576,0.5710000000000002,7,0.06666666666666667,0.2012849189718276,0.145675373673499,0.9404664826137398,0.055609545298328594,0.7947911089402407,14.292350178086762,1.0,0.8181818181818182,0.05555555555555555,0.665755448746935,0.043468744706147255,uncertain,不确定,形状介于两类之间，建议人工复核,/mnt/nvme/projects/battery/output_ups_型号1_原始三分类_v2/单体XX电压/不确定/单体XX电压__2-203电池室（8、10）.xlsx__Sheet1__咸阳秦都西咸数据中心2号楼D203电力电池机房__8#UPS蓄电池组2__未知组__90节电池电压.png
咸阳秦都西咸数据中心2号楼D203电力电池机房|8#UPS蓄电池组2|未知组|95节电池电压|2-203电池室（8、10）.xlsx|Sheet1|Sheet1,陕西省,咸阳,中国移动西咸数据中心,咸阳秦都西咸数据中心2号楼站点,咸阳秦都西咸数据中心2号楼D203电力电池机房,铅酸电池,8#UPS蓄电池组2,单体XX电压,95节电池电压,2026-01-14T03:45:54,2.446,V,2-203电池室（8、10）.xlsx,Sheet1,2.446,未知组,Sheet1,53,15355.0,True,2.012,2.549,0.5369999999999999,7,0.06666666666666667,0.18226202239198264,0.14616593614859613,0.9624757745583424,0.036096086243386505,0.8163098384097462,22.614912051424906,1.0,0.8545454545454545,0.07272727272727272,0.6851453018358182,0.011443907207673187,uncertain,不确定,形状介于两类之间，建议人工复核,/mnt/nvme/projects/battery/output_ups_型号1_原始三分类_v2/单体XX电压/不确定/单体XX电压__2-203电池室（8、10）.xlsx__Sheet1__咸阳秦都西咸数据中心2号楼D203电力电池机房__8#UPS蓄电池组2__未知组__95节电池电压.png
咸阳秦都西咸数据中心2号楼D203电力电池机房|8#UPS蓄电池组2|未知组|96节电池电压|2-203电池室（8、10）.xlsx|Sheet1|Sheet1,陕西省,咸阳,中国移动西咸数据中心,咸阳秦都西咸数据中心2号楼站点,咸阳秦都西咸数据中心2号楼D203电力电池机房,铅酸电池,8#UPS蓄电池组2,单体XX电压,96节电池电压,2026-01-14T05:09:26,2.469,V,2-203电池室（8、10）.xlsx,Sheet1,2.469,未知组,Sheet1,68,15489.0,True,2.016,2.542,0.5259999999999998,7,0.06666666666666667,0.19463568904554668,0.14763198372911412,0.9566243789972855,0.047003705316432554,0.8089923952681713,17.211246913636398,1.0,0.8545454545454545,0.09433962264150944,0.6599283768048667,0.013217644770866399,uncertain,不确定,形状介于两类之间，建议人工复核,/mnt/nvme/projects/battery/output_ups_型号1_原始三分类_v2/单体XX电压/不确定/单体XX电压__2-203电池室（8、10）.xlsx__Sheet1__咸阳秦都西咸数据中心2号楼D203电力电池机房__8#UPS蓄电池组2__未知组__96节电池电压.png
咸阳秦都西咸数据中心2号楼D203电力电池机房|12#UPS蓄电池组1|未知组|4节电池电压|2-D203电池室（2、4、6、12#UPS）.xlsx|Sheet1|Sheet1,陕西省,咸阳,中国移动西咸数据中心,咸阳秦都西咸数据中心2号楼站点,咸阳秦都西咸数据中心2号楼D203电力电池机房,铅酸电池,12#UPS蓄电池组1,单体XX电压,4节电池电压,2026-01-14T00:31:12,2.353,V,2-D203电池室（2、4、6、12#UPS）.xlsx,Sheet1,2.353,未知组,Sheet1,14,3264.0,False,2.026,2.394,0.3680000000000003,-7,0.7833333333333333,0.8990640981797762,0.0003895240197771404,0.45694338412787905,0.8986745741599991,0.4565538601081019,0.5080302400085343,0.3191489361702128,1.0,0.11627906976744186,0.8794035072090974,0.449188432648466,uncertain,不确定,形状介于两类之间，建议人工复核,/mnt/nvme/projects/battery/output_ups_型号1_原始三分类_v2/单体XX电压/不确定/单体XX电压__2-D203电池室（2、4、6、12#UPS）.xlsx__Sheet1__咸阳秦都西咸数据中心2号楼D203电力电池机房__12#UPS蓄电池组1__未知组__4节电池电压.png
咸阳秦都西咸数据中心2号楼D203电力电池机房|2#UPS蓄电池组1|未知组|130节电池电压|2-D203电池室（2、4、6、12#UPS）.xlsx|Sheet1|Sheet1,陕西省,咸阳,中国移动西咸数据中心,咸阳秦都西咸数据中心2号楼站点,咸阳秦都西咸数据中心2号楼D203电力电池机房,铅酸电池,2#UPS蓄电池组1,单体XX电压,130节电池电压,2026-01-14T00:30:14,2.121,V,2-D203电池室（2、4、6、12#UPS）.xlsx,Sheet1,2.121,未知组,Sheet1,13,2087.0,False,1.992,2.358,0.3660000000000001,2,0.7166666666666667,0.8652806731474039,0.003018242661244947,0.6122927723834645,0.8622624304861589,0.6092745297222195,0.7065998789627188,0.3023255813953488,1.0,0.10344827586206896,0.822185118199612,0.28772673399442605,uncertain,不确定,形状介于两类之间，建议人工复核,/mnt/nvme/projects/battery/output_ups_型号1_原始三分类_v2/单体XX电压/不确定/单体XX电压__2-D203电池室（2、4、6、12#UPS）.xlsx__Sheet1__咸阳秦都西咸数据中心2号楼D203电力电池机房__2#UPS蓄电池组1__未知组__130节电池电压.png
咸阳秦都西咸数据中心2号楼D203电力电池机房|2#UPS蓄电池组1|未知组|225节电池电压|2-D203电池室（2、4、6、12#UPS）.xlsx|Sheet1|Sheet1,陕西省,咸阳,中国移动西咸数据中心,咸阳秦都西咸数据中心2号楼站点,咸阳秦都西咸数据中心2号楼D203电力电池机房,铅酸电池,2#UPS蓄电池组1,单体XX电压,225节电池电压,2026-01-14T00:08:47,2.038,V,2-D203电池室（2、4、6、12#UPS）.xlsx,Sheet1,2.038,未知组,Sheet1,9,1591.0,False,1.98,2.392,0.4119999999999999,-7,0.06666666666666667,0.28915557940725073,0.007324074824126987,0.5347040700819381,0.2818315045831237,0.5273799952578111,1.8712599010768332,1.0,0.5818181818181818,0.02857142857142857,0.47302701724200785,0.037724436764889346,uncertain,不确定,形状介于两类之间，建议人工复核,/mnt/nvme/projects/battery/output_ups_型号1_原始三分类_v2/单体XX电压/不确定/单体XX电压__2-D203电池室（2、4、6、12#UPS）.xlsx__Sheet1__咸阳秦都西咸数据中心2号楼D203电力电池机房__2#UPS蓄电池组1__未知组__225节电池电压.png
咸阳秦都西咸数据中心2号楼D203电力电池机房|2#UPS蓄电池组1|未知组|227节电池电压|2-D203电池室（2、4、6、12#UPS）.xlsx|Sheet1|Sheet1,陕西省,咸阳,中国移动西咸数据中心,咸阳秦都西咸数据中心2号楼站点,咸阳秦都西咸数据中心2号楼D203电力电池机房,铅酸电池,2#UPS蓄电池组1,单体XX电压,227节电池电压,2026-01-14T00:31:08,2.153,V,2-D203电池室（2、4、6、12#UPS）.xlsx,Sheet1,2.153,未知组,Sheet1,9,1580.0,False,1.983,2.383,0.3999999999999999,-7,0.06666666666666667,0.28744003147226327,0.0042935490042124175,0.519600173138264,0.28314648246805085,0.5153066241340516,1.8199294507296848,1.0,0.2545454545454545,0.058823529411764705,0.4626318197599093,0.05212758668926576,uncertain,不确定,形状介于两类之间，建议人工复核,/mnt/nvme/projects/battery/output_ups_型号1_原始三分类_v2/单体XX电压/不确定/单体XX电压__2-D203电池室（2、4、6、12#UPS）.xlsx__Sheet1__咸阳秦都西咸数据中心2号楼D203电力电池机房__2#UPS蓄电池组1__未知组__227节电池电压.png
咸阳秦都西咸数据中心2号楼D203电力电池机房|2#UPS蓄电池组1|未知组|228节电池电压|2-D203电池室（2、4、6、12#UPS）.xlsx|Sheet1|Sheet1,陕西省,咸阳,中国移动西咸数据中心,咸阳秦都西咸数据中心2号楼站点,咸阳秦都西咸数据中心2号楼D203电力电池机房,铅酸电池,2#UPS蓄电池组1,单体XX电压,228节电池电压,2026-01-14T00:18:35,2.006,V,2-D203电池室（2、4、6、12#UPS）.xlsx,Sheet1,2.006,未知组,Sheet1,9,1574.0,False,1.992,2.389,0.3969999999999998,-7,0.06666666666666667,0.28734653908663826,0.003754061420619338,0.49773640159108967,0.2835924776660189,0.4939823401704703,1.7418739117980038,1.0,0.2545454545454545,0.058823529411764705,0.4422572227051913,0.07414564096079712,uncertain,不确定,形状介于两类之间，建议人工复核,/mnt/nvme/projects/battery/output_ups_型号1_原始三分类_v2/单体XX电压/不确定/单体XX电压__2-D203电池室（2、4、6、12#UPS）.xlsx__Sheet1__咸阳秦都西咸数据中心2号楼D203电力电池机房__2#UPS蓄电池组1__未知组__228节电池电压.png
咸阳秦都西咸数据中心2号楼D203电力电池机房|2#UPS蓄电池组2|未知组|142节电池电压|2-D203电池室（2、4、6、12#UPS）.xlsx|Sheet1|Sheet1,陕西省,咸阳,中国移动西咸数据中心,咸阳秦都西咸数据中心2号楼站点,咸阳秦都西咸数据中心2号楼D203电力电池机房,铅酸电池,2#UPS蓄电池组2,单体XX电压,142节电池电压,2026-01-14T00:03:16,2.281,V,2-D203电池室（2、4、6、12#UPS）.xlsx,Sheet1,2.281,未知组,Sheet1,11,2168.0,False,1.974,2.293,0.3190000000000002,4,0.21666666666666667,0.9136652003066169,0.0039806545504780435,0.7871922394128534,0.9096845457561389,0.7832115848623754,0.8609705283608964,0.9230769230769231,0.41304347826086957,0.0967741935483871,0.8162876536069427,0.15230178154654195,uncertain,不确定,形状介于两类之间，建议人工复核,/mnt/nvme/projects/battery/output_ups_型号1_原始三分类_v2/单体XX电压/不确定/单体XX电压__2-D203电池室（2、4、6、12#UPS）.xlsx__Sheet1__咸阳秦都西咸数据中心2号楼D203电力电池机房__2#UPS蓄电池组2__未知组__142节电池电压.png
咸阳秦都西咸数据中心2号楼D203电力电池机房|2#UPS蓄电池组2|未知组|155节电池电压|2-D203电池室（2、4、6、12#UPS）.xlsx|Sheet1|Sheet1,陕西省,咸阳,中国移动西咸数据中心,咸阳秦都西咸数据中心2号楼站点,咸阳秦都西咸数据中心2号楼D203电力电池机房,铅酸电池,2#UPS蓄电池组2,单体XX电压,155节电池电压,2026-01-14T00:03:36,2.339,V,2-D203电池室（2、4、6、12#UPS）.xlsx,Sheet1,2.339,未知组,Sheet1,12,2178.0,False,1.988,2.339,0.351,2,0.23333333333333334,0.8849858035728574,0.0028445012753945333,0.6780617317577149,0.8821413022974629,0.6752172304823204,0.765429787674995,0.9285714285714286,0.4,0.0967741935483871,0.853824638089015,0.23578389061127147,uncertain,不确定,形状介于两类之间，建议人工复核,/mnt/nvme/projects/battery/output_ups_型号1_原始三分类_v2/单体XX电压/不确定/单体XX电压__2-D203电池室（2、4、6、12#UPS）.xlsx__Sheet1__咸阳秦都西咸数据中心2号楼D203电力电池机房__2#UPS蓄电池组2__未知组__155节电池电压.png
咸阳秦都西咸数据中心2号楼D203电力电池机房|2#UPS蓄电池组2|未知组|192节电池电压|2-D203电池室（2、4、6、12#UPS）.xlsx|Sheet1|Sheet1,陕西省,咸阳,中国移动西咸数据中心,咸阳秦都西咸数据中心2号楼站点,咸阳秦都西咸数据中心2号楼D203电力电池机房,铅酸电池,2#UPS蓄电池组2,单体XX电压,192节电池电压,2026-01-14T00:07:52,2.224,V,2-D203电池室（2、4、6、12#UPS）.xlsx,Sheet1,2.224,未知组,Sheet1,14,2104.0,False,1.968,2.297,0.3290000000000002,1,0.25,0.8842698136272781,0.001060309254849929,0.7640726142065055,0.8832095043724282,0.7630123049516556,0.8639086199937485,0.8666666666666667,0.36363636363636365,0.1,0.8728554288838504,0.1537206247466747,uncertain,不确定,形状介于两类之间，建议人工复核,/mnt/nvme/projects/battery/output_ups_型号1_原始三分类_v2/单体XX电压/不确定/单体XX电压__2-D203电池室（2、4、6、12#UPS）.xlsx__Sheet1__咸阳秦都西咸数据中心2号楼D203电力电池机房__2#UPS蓄电池组2__未知组__192节电池电压.png
咸阳秦都西咸数据中心2号楼D203电力电池机房|2#UPS蓄电池组2|未知组|193节电池电压|2-D203电池室（2、4、6、12#UPS）.xlsx|Sheet1|Sheet1,陕西省,咸阳,中国移动西咸数据中心,咸阳秦都西咸数据中心2号楼站点,咸阳秦都西咸数据中心2号楼D203电力电池机房,铅酸电池,2#UPS蓄电池组2,单体XX电压,193节电池电压,2026-01-14T00:30:03,1.994,V,2-D203电池室（2、4、6、12#UPS）.xlsx,Sheet1,1.994,未知组,Sheet1,14,2124.0,False,1.984,2.307,0.32299999999999995,1,0.25,0.8941110809636371,0.0026597080822618976,0.7132785232432249,0.8914513728813752,0.710618815160963,0.7971481518581681,0.9333333333333333,0.36363636363636365,0.1,0.8730033444538278,0.20790090610834666,uncertain,不确定,形状介于两类之间，建议人工复核,/mnt/nvme/projects/battery/output_ups_型号1_原始三分类_v2/单体XX电压/不确定/单体XX电压__2-D203电池室（2、4、6、12#UPS）.xlsx__Sheet1__咸阳秦都西咸数据中心2号楼D203电力电池机房__2#UPS蓄电池组2__未知组__193节电池电压.png
咸阳秦都西咸数据中心2号楼D203电力电池机房|2#UPS蓄电池组2|未知组|194节电池电压|2-D203电池室（2、4、6、12#UPS）.xlsx|Sheet1|Sheet1,陕西省,咸阳,中国移动西咸数据中心,咸阳秦都西咸数据中心2号楼站点,咸阳秦都西咸数据中心2号楼D203电力电池机房,铅酸电池,2#UPS蓄电池组2,单体XX电压,194节电池电压,2026-01-14T00:30:13,2.124,V,2-D203电池室（2、4、6、12#UPS）.xlsx,Sheet1,2.124,未知组,Sheet1,14,2114.0,False,1.977,2.307,0.32999999999999985,1,0.25,0.8925619646250714,0.0010362026190144716,0.7247954349140995,0.8915257620060569,0.723759232295085,0.8118208831730283,0.9333333333333333,0.36363636363636365,0.1,0.873303200063245,0.19673112965970274,uncertain,不确定,形状介于两类之间，建议人工复核,/mnt/nvme/projects/battery/output_ups_型号1_原始三分类_v2/单体XX电压/不确定/单体XX电压__2-D203电池室（2、4、6、12#UPS）.xlsx__Sheet1__咸阳秦都西咸数据中心2号楼D203电力电池机房__2#UPS蓄电池组2__未知组__194节电池电压.png
咸阳秦都西咸数据中心2号楼D203电力电池机房|2#UPS蓄电池组2|未知组|211节电池电压|2-D203电池室（2、4、6、12#UPS）.xlsx|Sheet1|Sheet1,陕西省,咸阳,中国移动西咸数据中心,咸阳秦都西咸数据中心2号楼站点,咸阳秦都西咸数据中心2号楼D203电力电池机房,铅酸电池,2#UPS蓄电池组2,单体XX电压,211节电池电压,2026-01-14T00:02:19,2.299,V,2-D203电池室（2、4、6、12#UPS）.xlsx,Sheet1,2.299,未知组,Sheet1,14,2155.0,False,1.99,2.3,0.30999999999999983,1,0.25,0.9151585753148535,0.0014403811856850846,0.7630395014625694,0.9137181941291683,0.7615991202768843,0.8335164215146448,0.9333333333333333,0.36363636363636365,0.1,0.9045074457525895,0.17617402402419957,uncertain,不确定,形状介于两类之间，建议人工复核,/mnt/nvme/projects/battery/output_ups_型号1_原始三分类_v2/单体XX电压/不确定/单体XX电压__2-D203电池室（2、4、6、12#UPS）.xlsx__Sheet1__咸阳秦都西咸数据中心2号楼D203电力电池机房__2#UPS蓄电池组2__未知组__211节电池电压.png
咸阳秦都西咸数据中心2号楼D203电力电池机房|2#UPS蓄电池组2|未知组|221节电池电压|2-D203电池室（2、4、6、12#UPS）.xlsx|Sheet1|Sheet1,陕西省,咸阳,中国移动西咸数据中心,咸阳秦都西咸数据中心2号楼站点,咸阳秦都西咸数据中心2号楼D203电力电池机房,铅酸电池,2#UPS蓄电池组2,单体XX电压,221节电池电压,2026-01-14T00:02:13,2.291,V,2-D203电池室（2、4、6、12#UPS）.xlsx,Sheet1,2.291,未知组,Sheet1,14,2091.0,False,1.974,2.291,0.31699999999999995,0,0.7333333333333333,0.9019293117864761,0.005354486179417674,0.7489740094329557,0.8965748256070584,0.743619523253538,0.8294004038320428,0.29545454545454547,1.0,0.10344827586206896,0.8867658230635262,0.18250634505934704,uncertain,不确定,形状介于两类之间，建议人工复核,/mnt/nvme/projects/battery/output_ups_型号1_原始三分类_v2/单体XX电压/不确定/单体XX电压__2-D203电池室（2、4、6、12#UPS）.xlsx__Sheet1__咸阳秦都西咸数据中心2号楼D203电力电池机房__2#UPS蓄电池组2__未知组__221节电池电压.png
咸阳秦都西咸数据中心2号楼D203电力电池机房|2#UPS蓄电池组2|未知组|227节电池电压|2-D203电池室（2、4、6、12#UPS）.xlsx|Sheet1|Sheet1,陕西省,咸阳,中国移动西咸数据中心,咸阳秦都西咸数据中心2号楼站点,咸阳秦都西咸数据中心2号楼D203电力电池机房,铅酸电池,2#UPS蓄电池组2,单体XX电压,227节电池电压,2026-01-14T00:30:13,2.125,V,2-D203电池室（2、4、6、12#UPS）.xlsx,Sheet1,2.125,未知组,Sheet1,14,2148.0,False,1.995,2.279,0.2839999999999998,0,0.7166666666666667,0.9044392513056343,0.00580264742826814,0.7880419132810945,0.8986366038773661,0.7822392658528263,0.8704734056093518,0.3023255813953488,1.0,0.10344827586206896,0.8861332966859544,0.1447099383066316,uncertain,不确定,形状介于两类之间，建议人工复核,/mnt/nvme/projects/battery/output_ups_型号1_原始三分类_v2/单体XX电压/不确定/单体XX电压__2-D203电池室（2、4、6、12#UPS）.xlsx__Sheet1__咸阳秦都西咸数据中心2号楼D203电力电池机房__2#UPS蓄电池组2__未知组__227节电池电压.png
咸阳秦都西咸数据中心2号楼D203电力电池机房|2#UPS蓄电池组2|未知组|23节电池电压|2-D203电池室（2、4、6、12#UPS）.xlsx|Sheet1|Sheet1,陕西省,咸阳,中国移动西咸数据中心,咸阳秦都西咸数据中心2号楼站点,咸阳秦都西咸数据中心2号楼D203电力电池机房,铅酸电池,2#UPS蓄电池组2,单体XX电压,23节电池电压,2026-01-14T00:08:46,2.006,V,2-D203电池室（2、4、6、12#UPS）.xlsx,Sheet1,2.006,未知组,Sheet1,12,2118.0,False,2.006,2.277,0.27100000000000035,0,0.26666666666666666,0.8989048341264932,0.005630750162120628,0.7414947433719725,0.8932740839643726,0.7358639932098519,0.8237829862031665,0.9375,0.32558139534883723,0.10344827586206896,0.8723308336304103,0.18779928508572452,uncertain,不确定,形状介于两类之间，建议人工复核,/mnt/nvme/projects/battery/output_ups_型号1_原始三分类_v2/单体XX电压/不确定/单体XX电压__2-D203电池室（2、4、6、12#UPS）.xlsx__Sheet1__咸阳秦都西咸数据中心2号楼D203电力电池机房__2#UPS蓄电池组2__未知组__23节电池电压.png
咸阳秦都西咸数据中心2号楼D203电力电池机房|2#UPS蓄电池组2|未知组|36节电池电压|2-D203电池室（2、4、6、12#UPS）.xlsx|Sheet1|Sheet1,陕西省,咸阳,中国移动西咸数据中心,咸阳秦都西咸数据中心2号楼站点,咸阳秦都西咸数据中心2号楼D203电力电池机房,铅酸电池,2#UPS蓄电池组2,单体XX电压,36节电池电压,2026-01-14T00:00:59,2.299,V,2-D203电池室（2、4、6、12#UPS）.xlsx,Sheet1,2.299,未知组,Sheet1,13,2117.0,False,2.0,2.299,0.29899999999999993,-2,0.3,0.8763051394830464,0.0008602807820795163,0.6814905297654952,0.8754448587009669,0.6806302489834156,0.777467868411386,0.9444444444444444,0.2926829268292683,0.10344827586206896,0.8604294886499966,0.22294800936686354,uncertain,不确定,形状介于两类之间，建议人工复核,/mnt/nvme/projects/battery/output_ups_型号1_原始三分类_v2/单体XX电压/不确定/单体XX电压__2-D203电池室（2、4、6、12#UPS）.xlsx__Sheet1__咸阳秦都西咸数据中心2号楼D203电力电池机房__2#UPS蓄电池组2__未知组__36节电池电压.png
咸阳秦都西咸数据中心2号楼D203电力电池机房|6#UPS蓄电池组1|未知组|225节电池电压|2-D203电池室（2、4、6、12#UPS）.xlsx|Sheet1|Sheet1,陕西省,咸阳,中国移动西咸数据中心,咸阳秦都西咸数据中心2号楼站点,咸阳秦都西咸数据中心2号楼D203电力电池机房,铅酸电池,6#UPS蓄电池组1,单体XX电压,225节电池电压,2026-01-14T00:58:34,2.231,V,2-D203电池室（2、4、6、12#UPS）.xlsx,Sheet1,2.231,未知组,Sheet1,6,1646.0,True,1.989,2.231,0.24199999999999977,7,0.06666666666666667,0.08935492838673027,0.017551248900381053,0.9623059798402793,0.07180367948634922,0.9447547309398983,13.157469429711309,1.0,1.0,0.017241379310344827,0.8441470927557719,-0.05025869354629431,uncertain,不确定,形状介于两类之间，建议人工复核,/mnt/nvme/projects/battery/output_ups_型号1_原始三分类_v2/单体XX电压/不确定/单体XX电压__2-D203电池室（2、4、6、12#UPS）.xlsx__Sheet1__咸阳秦都西咸数据中心2号楼D203电力电池机房__6#UPS蓄电池组1__未知组__225节电池电压.png
咸阳秦都西咸数据中心2号楼D203电力电池机房|6#UPS蓄电池组2|未知组|13节电池电压|2-D203电池室（2、4、6、12#UPS）.xlsx|Sheet1|Sheet1,陕西省,咸阳,中国移动西咸数据中心,咸阳秦都西咸数据中心2号楼站点,咸阳秦都西咸数据中心2号楼D203电力电池机房,铅酸电池,6#UPS蓄电池组2,单体XX电压,13节电池电压,2026-01-14T00:00:33,2.246,V,2-D203电池室（2、4、6、12#UPS）.xlsx,Sheet1,2.246,未知组,Sheet1,17,3459.0,False,1.993,2.33,0.33699999999999997,-7,0.8,0.9044905498295277,0.01094839221008712,0.6484966668068164,0.8935421576194406,0.6375482745967292,0.7135066526483402,0.625,1.0,0.08771929824561403,0.8184436419911411,0.27581079334493086,uncertain,不确定,形状介于两类之间，建议人工复核,/mnt/nvme/projects/battery/output_ups_型号1_原始三分类_v2/单体XX电压/不确定/单体XX电压__2-D203电池室（2、4、6、12#UPS）.xlsx__Sheet1__咸阳秦都西咸数据中心2号楼D203电力电池机房__6#UPS蓄电池组2__未知组__13节电池电压.png
咸阳秦都西咸数据中心2号楼D203电力电池机房|6#UPS蓄电池组2|未知组|1节电池电压|2-D203电池室（2、4、6、12#UPS）.xlsx|Sheet1|Sheet1,陕西省,咸阳,中国移动西咸数据中心,咸阳秦都西咸数据中心2号楼站点,咸阳秦都西咸数据中心2号楼D203电力电池机房,铅酸电池,6#UPS蓄电池组2,单体XX电压,1节电池电压,2026-01-14T00:00:50,2.248,V,2-D203电池室（2、4、6、12#UPS）.xlsx,Sheet1,2.248,未知组,Sheet1,17,3459.0,False,1.985,2.341,0.3560000000000001,-7,0.5833333333333334,0.8950666982716893,0.0029229869652059996,0.6444803041261854,0.8921437113064833,0.6415573171609794,0.7191188015015473,0.5142857142857142,0.4583333333333333,0.11363636363636363,0.8305072042318496,0.2741330388143378,uncertain,不确定,形状介于两类之间，建议人工复核,/mnt/nvme/projects/battery/output_ups_型号1_原始三分类_v2/单体XX电压/不确定/单体XX电压__2-D203电池室（2、4、6、12#UPS）.xlsx__Sheet1__咸阳秦都西咸数据中心2号楼D203电力电池机房__6#UPS蓄电池组2__未知组__1节电池电压.png
咸阳秦都西咸数据中心2号楼D203电力电池机房|6#UPS蓄电池组2|未知组|6节电池电压|2-D203电池室（2、4、6、12#UPS）.xlsx|Sheet1|Sheet1,陕西省,咸阳,中国移动西咸数据中心,咸阳秦都西咸数据中心2号楼站点,咸阳秦都西咸数据中心2号楼D203电力电池机房,铅酸电池,6#UPS蓄电池组2,单体XX电压,6节电池电压,2026-01-14T00:31:20,1.988,V,2-D203电池室（2、4、6、12#UPS）.xlsx,Sheet1,1.988,未知组,Sheet1,17,3432.0,False,1.988,2.338,0.3500000000000001,-7,0.5833333333333334,0.8900293081901937,0.002527451090777335,0.6140231840194392,0.8875018570994163,0.6114957329286619,0.6890078340096988,0.4857142857142857,0.4583333333333333,0.11363636363636363,0.8218423561972811,0.3020955671170399,uncertain,不确定,形状介于两类之间，建议人工复核,/mnt/nvme/projects/battery/output_ups_型号1_原始三分类_v2/单体XX电压/不确定/单体XX电压__2-D203电池室（2、4、6、12#UPS）.xlsx__Sheet1__咸阳秦都西咸数据中心2号楼D203电力电池机房__6#UPS蓄电池组2__未知组__6节电池电压.png
咸阳秦都西咸数据中心2号楼D203电力电池机房|11#UPS蓄电池组2|未知组|117节电池电压|2-D203（1、3、5、11#UPS）.xlsx|Sheet1|Sheet1,陕西省,咸阳,中国移动西咸数据中心,咸阳秦都西咸数据中心2号楼站点,咸阳秦都西咸数据中心2号楼D203电力电池机房,铅酸电池,11#UPS蓄电池组2,单体XX电压,117节电池电压,2026-01-07T00:29:32,1.997,V,2-D203（1、3、5、11#UPS）.xlsx,Sheet1,1.997,未知组,Sheet1,24,3205.0,False,1.996,2.348,0.35199999999999987,-7,0.8333333333333334,0.9674844151742863,0.00040235029378717205,0.47709762549700363,0.9670820648804991,0.4766952752032165,0.49292122356668855,0.38,1.0,0.23684210526315788,0.9642173948315222,0.5161698076499444,uncertain,不确定,形状介于两类之间，建议人工复核,/mnt/nvme/projects/battery/output_ups_型号1_原始三分类_v2/单体XX电压/不确定/单体XX电压__2-D203（1、3、5、11#UPS）.xlsx__Sheet1__咸阳秦都西咸数据中心2号楼D203电力电池机房__11#UPS蓄电池组2__未知组__117节电池电压.png
咸阳秦都西咸数据中心2号楼D203电力电池机房|5#UPS蓄电池组1|未知组|119节电池电压|2-D203（1、3、5、11#UPS）.xlsx|Sheet1|Sheet1,陕西省,咸阳,中国移动西咸数据中心,咸阳秦都西咸数据中心2号楼站点,咸阳秦都西咸数据中心2号楼D203电力电池机房,铅酸电池,5#UPS蓄电池组1,单体XX电压,119节电池电压,2026-01-07T00:12:40,2.352,V,2-D203（1、3、5、11#UPS）.xlsx,Sheet1,2.352,未知组,Sheet1,27,3980.0,False,2.001,2.355,0.3540000000000001,-7,0.4666666666666667,0.9509595464126948,0.009656616211688038,0.6700457841329104,0.9413029302010067,0.6603891679212224,0.7015692249875745,0.6071428571428571,1.0,0.16363636363636364,0.941421343534686,0.3033867278157961,uncertain,不确定,形状介于两类之间，建议人工复核,/mnt/nvme/projects/battery/output_ups_型号1_原始三分类_v2/单体XX电压/不确定/单体XX电压__2-D203（1、3、5、11#UPS）.xlsx__Sheet1__咸阳秦都西咸数据中心2号楼D203电力电池机房__5#UPS蓄电池组1__未知组__119节电池电压.png
咸阳秦都西咸数据中心2号楼D203电力电池机房|5#UPS蓄电池组2|未知组|225节电池电压|2-D203（1、3、5、11#UPS）.xlsx|Sheet1|Sheet1,陕西省,咸阳,中国移动西咸数据中心,咸阳秦都西咸数据中心2号楼站点,咸阳秦都西咸数据中心2号楼D203电力电池机房,铅酸电池,5#UPS蓄电池组2,单体XX电压,225节电池电压,2026-01-07T00:19:59,2.369,V,2-D203（1、3、5、11#UPS）.xlsx,Sheet1,2.369,未知组,Sheet1,23,3086.0,False,2.028,2.371,0.34299999999999997,-7,0.5333333333333333,0.9785360438620224,0.012234902394919221,0.5126921594871172,0.9663011414671032,0.500457257092198,0.5179102405016929,0.40625,1.0,0.19148936170212766,0.9264577249509659,0.4680854039469804,uncertain,不确定,形状介于两类之间，建议人工复核,/mnt/nvme/projects/battery/output_ups_型号1_原始三分类_v2/单体XX电压/不确定/单体XX电压__2-D203（1、3、5、11#UPS）.xlsx__Sheet1__咸阳秦都西咸数据中心2号楼D203电力电池机房__5#UPS蓄电池组2__未知组__225节电池电压.png
咸阳秦都西咸数据中心2号楼D203电力电池机房|5#UPS蓄电池组2|未知组|228节电池电压|2-D203（1、3、5、11#UPS）.xlsx|Sheet1|Sheet1,陕西省,咸阳,中国移动西咸数据中心,咸阳秦都西咸数据中心2号楼站点,咸阳秦都西咸数据中心2号楼D203电力电池机房,铅酸电池,5#UPS蓄电池组2,单体XX电压,228节电池电压,2026-01-07T00:09:55,2.366,V,2-D203（1、3、5、11#UPS）.xlsx,Sheet1,2.366,未知组,Sheet1,23,3069.0,False,2.004,2.366,0.3620000000000001,-7,0.5333333333333333,0.9792308363893102,0.012961114427785716,0.5387257623942409,0.9662697219615245,0.5257646479664552,0.544117895317093,0.40625,1.0,0.1956521739130435,0.9190386413848304,0.44252287021219705,uncertain,不确定,形状介于两类之间，建议人工复核,/mnt/nvme/projects/battery/output_ups_型号1_原始三分类_v2/单体XX电压/不确定/单体XX电压__2-D203（1、3、5、11#UPS）.xlsx__Sheet1__咸阳秦都西咸数据中心2号楼D203电力电池机房__5#UPS蓄电池组2__未知组__228节电池电压.png
咸阳秦都西咸数据中心2号楼D203电力电池机房|5#UPS蓄电池组2|未知组|4节电池电压|2-D203（1、3、5、11#UPS）.xlsx|Sheet1|Sheet1,陕西省,咸阳,中国移动西咸数据中心,咸阳秦都西咸数据中心2号楼站点,咸阳秦都西咸数据中心2号楼D203电力电池机房,铅酸电池,5#UPS蓄电池组2,单体XX电压,4节电池电压,2026-01-07T00:09:10,2.374,V,2-D203（1、3、5、11#UPS）.xlsx,Sheet1,2.374,未知组,Sheet1,21,3112.0,False,2.03,2.398,0.3680000000000003,-7,0.5333333333333333,0.9063508976400743,0.00391159690440872,0.4671448626707657,0.9024393007356656,0.463233265766357,0.5133123799854664,0.46875,0.4074074074074074,0.225,0.8645878722034736,0.46519454414632644,uncertain,不确定,形状介于两类之间，建议人工复核,/mnt/nvme/projects/battery/output_ups_型号1_原始三分类_v2/单体XX电压/不确定/单体XX电压__2-D203（1、3、5、11#UPS）.xlsx__Sheet1__咸阳秦都西咸数据中心2号楼D203电力电池机房__5#UPS蓄电池组2__未知组__4节电池电压.png
